disk: 43 GiB free — below the 75 GiB mark; 'just worktree-gc' to reclaim
frame pointers: enforced
cargo fmt --all -- --check
    Checking carrick-vmm-hvf v0.1.0 (/Users/tjfontaine/.codex/worktrees/el1-completion/carrick/crates/carrick-vmm-hvf)
    Checking carrick-runtime v0.1.0 (/Users/tjfontaine/.codex/worktrees/el1-completion/carrick/crates/carrick-runtime)
    Checking carrick-engine v0.1.0 (/Users/tjfontaine/.codex/worktrees/el1-completion/carrick/crates/carrick-engine)
    Checking carrick-embed v0.1.0 (/Users/tjfontaine/.codex/worktrees/el1-completion/carrick/crates/carrick-embed)
    Checking carrick-cli v0.1.0 (/Users/tjfontaine/.codex/worktrees/el1-completion/carrick/crates/carrick-cli)
    Checking carrick-conformance-next v0.1.0 (/Users/tjfontaine/.codex/worktrees/el1-completion/carrick/crates/carrick-conformance-next)
    Finished `dev` profile [unoptimized + debuginfo] target(s) in 11.77s
python3 scripts/conformance/check-next-strategy.py
conformance-next strategy: enforced
python3 scripts/conformance/regen-next-shards.py --check
492 generic probes; shards [164, 164, 164]; cached [157, 150, 149]
./scripts/lint-domains.sh
# The self-tests run FIRST and in the same gate as --check: every one of
# these scanners keys at least one rule on an exact source PATH, so a crate
# move can leave a rule matching nothing while --check still exits 0. The
# self-test fixtures are the only thing that notices (Task 2.9 moved
# `kernel/crash_capture.rs` into carrick-kernel and the CrashQuorum rule
# went vacuous under a green `just ci`).
python3 scripts/migrate/check-task-participant-witnesses.py --self-test
task participant witness self-test: 14 negative and 14 positive fixtures passed
python3 scripts/migrate/check-mm-authority.py --self-test
mm authority self-test: 20 negative and 17 positive fixtures passed
python3 scripts/migrate/check-dispatch-lock-authority.py --self-test
Running check-dispatch-lock-authority self-tests...
All check-dispatch-lock-authority self-tests PASSED (22 fixtures).
python3 scripts/migrate/check-k1-burndown.py --self-test
check-k1-burndown self-test OK
python3 scripts/migrate/check-serial-host-tests.py --self-test
check-serial-host-tests: self-test ok (19/19 passed)
# The two inventory-maintenance tools carry their own unittest files
# rather than a `--self-test` flag, and until now no gate executed
# them -- a test no gate runs is not a test. They belong here for the
# same reason as the self-tests above: both tools REWRITE the
# line-pinned inventories (a rename map, a rehome of pinned positions),
# so a silent break in either corrupts the very files
# `check-host-authority-transitions.py --check` then validates below.
# NAMED, not `unittest discover`: `scripts/tests/` also holds
# `test_host_authority_transitions.py`, which is red at this branch's
# base, and a discover run would turn that pre-existing red into a
# blocked gate for every unrelated change.
python3 -m unittest scripts/migrate/tests/test_reconcile_rename.py scripts/tests/test_rehome_line_pinned_inventories.py
......................
----------------------------------------------------------------------
Ran 22 tests in 0.104s

OK
positions updated: 0
rationale site references rebound: 0
inventory rows: 1; capture rows: 0
positions updated: 0
rationale site references rebound: 0
inventory rows: 1; capture rows: 0
positions updated: 1
rationale site references rebound: 1
inventory rows: 1; capture rows: 0
positions updated: 1
rationale site references rebound: 1
inventory rows: 1; capture rows: 0
python3 -m unittest scripts/tests/test_conformance_contract_policy.py
...
----------------------------------------------------------------------
Ran 3 tests in 0.001s

OK
cargo run -p carrick-conformance-contract --bin check-contracts -- --root .
    Finished `dev` profile [unoptimized + debuginfo] target(s) in 0.11s
     Running `target/debug/check-contracts --root .`
conformance contracts checked: 58 contracts, 15 claims, 135 surfaces (inventory: 338 syscalls, 14 with claims)
cargo metadata --locked --offline --all-features --format-version 1 > target/cargo-metadata.json
cargo run -p carrick-conformance-contract --bin check-personality-boundary -- --root . --metadata-file target/cargo-metadata.json
    Finished `dev` profile [unoptimized + debuginfo] target(s) in 0.08s
     Running `target/debug/check-personality-boundary --root . --metadata-file target/cargo-metadata.json`
personality boundary checked: 2 substrate crate(s) clean
  [PASS] crate `carrick-sched-core` (shipped deps: [], dev deps: [], scanned files: 4)
  [PASS] crate `carrick-mmu-core` (shipped deps: ["foldhash", "hashbrown"], dev deps: ["carrick-mem"], scanned files: 2)
python3 -m unittest scripts/tests/test_check_contract_change.py
[main (root-commit) 4c5dc70] initial commit
 4 files changed, 611 insertions(+)
 create mode 100644 conformance-contracts/contracts/futex-contention.toml
 create mode 100644 conformance-contracts/surfaces.toml
 create mode 100644 crates/carrick-kernel-example/tests/semantics/futex_contention.rs
 create mode 100644 crates/carrick-kernel/src/dispatch/futex.rs
[main 1d2c672] modify guest file
 1 file changed, 1 insertion(+), 1 deletion(-)
.[main (root-commit) 4c5dc70] initial commit
 4 files changed, 611 insertions(+)
 create mode 100644 conformance-contracts/contracts/futex-contention.toml
 create mode 100644 conformance-contracts/surfaces.toml
 create mode 100644 crates/carrick-kernel-example/tests/semantics/futex_contention.rs
 create mode 100644 crates/carrick-kernel/src/dispatch/futex.rs
[main d26db6d] modify guest and binding
 2 files changed, 2 insertions(+), 2 deletions(-)
.[main (root-commit) 4c5dc70] initial commit
 4 files changed, 611 insertions(+)
 create mode 100644 conformance-contracts/contracts/futex-contention.toml
 create mode 100644 conformance-contracts/surfaces.toml
 create mode 100644 crates/carrick-kernel-example/tests/semantics/futex_contention.rs
 create mode 100644 crates/carrick-kernel/src/dispatch/futex.rs
[main fe564b0] rename guest file byte-identical
 1 file changed, 0 insertions(+), 0 deletions(-)
 rename crates/carrick-kernel/src/dispatch/{futex.rs => futex_renamed.rs} (100%)
.[main (root-commit) 3306248] initial commit
 4 files changed, 611 insertions(+)
 create mode 100644 conformance-contracts/contracts/futex-contention.toml
 create mode 100644 conformance-contracts/surfaces.toml
 create mode 100644 crates/carrick-kernel-example/tests/semantics/futex_contention.rs
 create mode 100644 crates/carrick-kernel/src/dispatch/futex.rs
[main 8f92b3b] rename and edit guest file
 2 files changed, 1 insertion(+), 1 deletion(-)
 delete mode 100644 crates/carrick-kernel/src/dispatch/futex.rs
 create mode 100644 crates/carrick-kernel/src/dispatch/futex_renamed.rs
.[main (root-commit) 3306248] initial commit
 4 files changed, 611 insertions(+)
 create mode 100644 conformance-contracts/contracts/futex-contention.toml
 create mode 100644 conformance-contracts/surfaces.toml
 create mode 100644 crates/carrick-kernel-example/tests/semantics/futex_contention.rs
 create mode 100644 crates/carrick-kernel/src/dispatch/futex.rs
[main 834983b] add unclassified file
 1 file changed, 1 insertion(+)
 create mode 100644 crates/unclassified/new_file.rs
.[main (root-commit) 3306248] initial commit
 4 files changed, 611 insertions(+)
 create mode 100644 conformance-contracts/contracts/futex-contention.toml
 create mode 100644 conformance-contracts/surfaces.toml
 create mode 100644 crates/carrick-kernel-example/tests/semantics/futex_contention.rs
 create mode 100644 crates/carrick-kernel/src/dispatch/futex.rs
[main 6fd5597] modify with glob exemption
 2 files changed, 7 insertions(+), 1 deletion(-)
 create mode 100644 docs/conformance-exemptions/exemption.toml
.[main (root-commit) 3306248] initial commit
 4 files changed, 611 insertions(+)
 create mode 100644 conformance-contracts/contracts/futex-contention.toml
 create mode 100644 conformance-contracts/surfaces.toml
 create mode 100644 crates/carrick-kernel-example/tests/semantics/futex_contention.rs
 create mode 100644 crates/carrick-kernel/src/dispatch/futex.rs
[main defd329] modify with bad exemption revisions
 2 files changed, 6 insertions(+), 1 deletion(-)
 create mode 100644 docs/conformance-exemptions/exemption.toml
.[main (root-commit) cbdf4d3] initial commit
 4 files changed, 611 insertions(+)
 create mode 100644 conformance-contracts/contracts/futex-contention.toml
 create mode 100644 conformance-contracts/surfaces.toml
 create mode 100644 crates/carrick-kernel-example/tests/semantics/futex_contention.rs
 create mode 100644 crates/carrick-kernel/src/dispatch/futex.rs
[main 3a7e13a] modify with bad rationale
 2 files changed, 7 insertions(+), 1 deletion(-)
 create mode 100644 docs/conformance-exemptions/exemption.toml
.[main (root-commit) cbdf4d3] initial commit
 4 files changed, 611 insertions(+)
 create mode 100644 conformance-contracts/contracts/futex-contention.toml
 create mode 100644 conformance-contracts/surfaces.toml
 create mode 100644 crates/carrick-kernel-example/tests/semantics/futex_contention.rs
 create mode 100644 crates/carrick-kernel/src/dispatch/futex.rs
[main 0857309] modify guest file
 1 file changed, 1 insertion(+), 1 deletion(-)
[main a0d71c5] modify guest with valid exemption
 Date: Sat Sep 26 17:18:28 2026 -0700
 2 files changed, 7 insertions(+), 1 deletion(-)
 create mode 100644 docs/conformance-exemptions/exemption.toml
[main 9e5efe3] update exemption with exact head sha
 1 file changed, 1 insertion(+), 1 deletion(-)
[main 849199a] final exemption head
 1 file changed, 1 insertion(+), 1 deletion(-)
[main c308685] final exemption head
 Date: Sat Sep 26 17:18:28 2026 -0700
 1 file changed, 1 insertion(+), 1 deletion(-)
[main c308685] final exemption head
 Date: Sat Sep 26 17:18:28 2026 -0700
 1 file changed, 1 insertion(+), 1 deletion(-)
.
----------------------------------------------------------------------
Ran 9 tests in 2.006s

OK
python3 scripts/migrate/check-runtime-global-state.py --check
python3 scripts/migrate/check-runtime-aborts.py --check
OK: shard runtime.json valid (226 aborts: 221 carrier_fault, 5 typed_error_debt)
OK: shard hvf.json valid (174 aborts: 174 carrier_fault, 0 typed_error_debt)
OK: shard vcpu-loop.json valid (157 aborts: 157 carrier_fault, 0 typed_error_debt)
OK: shard other.json valid (49 aborts: 49 carrier_fault, 0 typed_error_debt)
python3 scripts/migrate/check-task-participant-witnesses.py --check
task participant witness gate: ok (301 Rust leaves)
python3 scripts/migrate/check-mm-authority.py --check
mm authority gate: ok (431 Rust leaves)
python3 scripts/migrate/check-host-authority-transitions.py --check
host-authority census subset passed; result is partial; pending profiles: linux-cli, linux-runtime, freebsd-cli, freebsd-runtime, netbsd-cli, netbsd-runtime
python3 scripts/migrate/check-dispatch-lock-authority.py --check
OK: Verified exact match of 98 production raw lock sites and SysV authority rules against dispatch-lock-authority.json.
python3 scripts/migrate/check-k1-file-authority-inventory.py
python3 scripts/migrate/check-k1-file-authority-taxonomy.py
python3 scripts/migrate/check-k1-burndown.py
python3 scripts/migrate/check-serial-host-tests.py
cargo deny check licenses bans sources
warning[license-not-encountered]: license was not encountered
   ┌─ /Users/tjfontaine/.codex/worktrees/el1-completion/carrick/deny.toml:13:4
   │
13 │   "MPL-2.0",
   │    ━━━━━━━ unmatched license allowance

warning[duplicate]: found 2 duplicate entries for crate 'base64'
   ┌─ /Users/tjfontaine/.codex/worktrees/el1-completion/carrick/Cargo.lock:16:1
   │  
16 │ ╭ base64 0.13.1 registry+https://github.com/rust-lang/crates.io-index
17 │ │ base64 0.22.1 registry+https://github.com/rust-lang/crates.io-index
   │ ╰───────────────────────────────────────────────────────────────────┘ lock entries
   │  
   ├ base64 v0.13.1
     └── jwt v0.16.0
         └── oci-client v0.15.0
             ├── carrick-image v0.1.0
             │   ├── carrick-cli v0.1.0
             │   ├── carrick-embed v0.1.0
             │   │   └── carrick-conformance-next v0.1.0
             │   ├── carrick-engine v0.1.0
             │   │   ├── carrick-cli v0.1.0 (*)
             │   │   └── carrick-embed v0.1.0 (*)
             │   └── (dev) carrick-runtime v0.1.0
             │       ├── carrick-cli v0.1.0 (*)
             │       ├── carrick-embed v0.1.0 (*)
             │       ├── carrick-engine v0.1.0 (*)
             │       └── (dev) carrick-runtime v0.1.0 (*)
             ├── carrick-runtime v0.1.0 (*)
             └── carrick-spec v0.1.0
                 ├── carrick-cli v0.1.0 (*)
                 ├── carrick-conformance-next v0.1.0 (*)
                 ├── carrick-embed v0.1.0 (*)
                 ├── carrick-engine v0.1.0 (*)
                 ├── carrick-image v0.1.0 (*)
                 ├── carrick-kernel v0.1.0
                 │   ├── carrick-cli v0.1.0 (*)
                 │   ├── carrick-embed v0.1.0 (*)
                 │   ├── carrick-engine v0.1.0 (*)
                 │   ├── (dev) carrick-kernel v0.1.0 (*)
                 │   ├── carrick-kernel-example v0.1.0
                 │   │   └── native-syscall-slice v0.1.0
                 │   │       └── (dev) carrick-runtime v0.1.0 (*)
                 │   ├── carrick-runtime v0.1.0 (*)
                 │   └── native-syscall-slice v0.1.0 (*)
                 ├── carrick-runtime v0.1.0 (*)
                 └── carrick-vfs v0.1.0
                     ├── carrick-cli v0.1.0 (*)
                     ├── carrick-embed v0.1.0 (*)
                     ├── carrick-engine v0.1.0 (*)
                     ├── carrick-kernel v0.1.0 (*)
                     ├── carrick-kernel-example v0.1.0 (*)
                     ├── carrick-runtime v0.1.0 (*)
                     └── native-syscall-slice v0.1.0 (*)
   ├ base64 v0.22.1
     ├── bollard v0.18.1
     │   └── (dev) carrick-cli v0.1.0
     ├── carrick-cli v0.1.0 (*)
     ├── carrick-image v0.1.0
     │   ├── carrick-cli v0.1.0 (*)
     │   ├── carrick-embed v0.1.0
     │   │   └── carrick-conformance-next v0.1.0
     │   ├── carrick-engine v0.1.0
     │   │   ├── carrick-cli v0.1.0 (*)
     │   │   └── carrick-embed v0.1.0 (*)
     │   └── (dev) carrick-runtime v0.1.0
     │       ├── carrick-cli v0.1.0 (*)
     │       ├── carrick-embed v0.1.0 (*)
     │       ├── carrick-engine v0.1.0 (*)
     │       └── (dev) carrick-runtime v0.1.0 (*)
     ├── hyper-util v0.1.20
     │   ├── bollard v0.18.1 (*)
     │   ├── carrick-cli v0.1.0 (*)
     │   ├── hyper-named-pipe v0.1.0
     │   │   └── bollard v0.18.1 (*)
     │   ├── hyper-rustls v0.27.9
     │   │   └── reqwest v0.12.28
     │   │       └── oci-client v0.15.0
     │   │           ├── carrick-image v0.1.0 (*)
     │   │           ├── carrick-runtime v0.1.0 (*)
     │   │           └── carrick-spec v0.1.0
     │   │               ├── carrick-cli v0.1.0 (*)
     │   │               ├── carrick-conformance-next v0.1.0 (*)
     │   │               ├── carrick-embed v0.1.0 (*)
     │   │               ├── carrick-engine v0.1.0 (*)
     │   │               ├── carrick-image v0.1.0 (*)
     │   │               ├── carrick-kernel v0.1.0
     │   │               │   ├── carrick-cli v0.1.0 (*)
     │   │               │   ├── carrick-embed v0.1.0 (*)
     │   │               │   ├── carrick-engine v0.1.0 (*)
     │   │               │   ├── (dev) carrick-kernel v0.1.0 (*)
     │   │               │   ├── carrick-kernel-example v0.1.0
     │   │               │   │   └── native-syscall-slice v0.1.0
     │   │               │   │       └── (dev) carrick-runtime v0.1.0 (*)
     │   │               │   ├── carrick-runtime v0.1.0 (*)
     │   │               │   └── native-syscall-slice v0.1.0 (*)
     │   │               ├── carrick-runtime v0.1.0 (*)
     │   │               └── carrick-vfs v0.1.0
     │   │                   ├── carrick-cli v0.1.0 (*)
     │   │                   ├── carrick-embed v0.1.0 (*)
     │   │                   ├── carrick-engine v0.1.0 (*)
     │   │                   ├── carrick-kernel v0.1.0 (*)
     │   │                   ├── carrick-kernel-example v0.1.0 (*)
     │   │                   ├── carrick-runtime v0.1.0 (*)
     │   │                   └── native-syscall-slice v0.1.0 (*)
     │   ├── hyperlocal v0.9.1
     │   │   └── bollard v0.18.1 (*)
     │   └── reqwest v0.12.28 (*)
     └── reqwest v0.12.28 (*)

warning[duplicate]: found 2 duplicate entries for crate 'bitflags'
   ┌─ /Users/tjfontaine/.codex/worktrees/el1-completion/carrick/Cargo.lock:20:1
   │  
20 │ ╭ bitflags 1.3.2 registry+https://github.com/rust-lang/crates.io-index
21 │ │ bitflags 2.11.1 registry+https://github.com/rust-lang/crates.io-index
   │ ╰─────────────────────────────────────────────────────────────────────┘ lock entries
   │  
   ├ bitflags v1.3.2
     └── vmm-sys-util v0.14.0
         ├── carrick-vmm-kvm v0.1.0
         ├── kvm-bindings v0.12.1
         │   ├── carrick-vmm-kvm v0.1.0 (*)
         │   └── kvm-ioctls v0.22.1
         │       └── carrick-vmm-kvm v0.1.0 (*)
         └── kvm-ioctls v0.22.1 (*)
   ├ bitflags v2.11.1
     ├── carrick-aarch64 v0.1.0
     │   ├── carrick-runtime v0.1.0
     │   │   ├── carrick-cli v0.1.0
     │   │   ├── carrick-embed v0.1.0
     │   │   │   └── carrick-conformance-next v0.1.0
     │   │   ├── carrick-engine v0.1.0
     │   │   │   ├── carrick-cli v0.1.0 (*)
     │   │   │   └── carrick-embed v0.1.0 (*)
     │   │   └── (dev) carrick-runtime v0.1.0 (*)
     │   ├── carrick-vmm-hvf v0.1.0
     │   │   ├── carrick-cli v0.1.0 (*)
     │   │   └── carrick-runtime v0.1.0 (*)
     │   └── carrick-vmm-kvm v0.1.0
     ├── carrick-abi v0.1.0
     │   ├── carrick-aarch64 v0.1.0 (*)
     │   ├── carrick-conformance-contract v0.1.0
     │   │   ├── (dev) carrick-aarch64 v0.1.0 (*)
     │   │   ├── (dev) carrick-conformance-next v0.1.0 (*)
     │   │   ├── carrick-embed v0.1.0 (*)
     │   │   ├── carrick-investigation v0.1.0
     │   │   ├── (dev) carrick-kernel v0.1.0
     │   │   │   ├── carrick-cli v0.1.0 (*)
     │   │   │   ├── carrick-embed v0.1.0 (*)
     │   │   │   ├── carrick-engine v0.1.0 (*)
     │   │   │   ├── (dev) carrick-kernel v0.1.0 (*)
     │   │   │   ├── carrick-kernel-example v0.1.0
     │   │   │   │   └── native-syscall-slice v0.1.0
     │   │   │   │       └── (dev) carrick-runtime v0.1.0 (*)
     │   │   │   ├── carrick-runtime v0.1.0 (*)
     │   │   │   └── native-syscall-slice v0.1.0 (*)
     │   │   ├── carrick-kernel-example v0.1.0 (*)
     │   │   ├── (dev) carrick-runtime v0.1.0 (*)
     │   │   ├── (dev) carrick-vmm-hvf v0.1.0 (*)
     │   │   └── native-syscall-slice v0.1.0 (*)
     │   ├── carrick-conformance-next v0.1.0 (*)
     │   ├── carrick-embed v0.1.0 (*)
     │   ├── carrick-engine v0.1.0 (*)
     │   ├── carrick-hal v0.1.0
     │   │   ├── carrick-aarch64 v0.1.0 (*)
     │   │   ├── carrick-embed v0.1.0 (*)
     │   │   ├── carrick-host-bsd v0.1.0
     │   │   │   ├── carrick-cli v0.1.0 (*)
     │   │   │   ├── carrick-kernel v0.1.0 (*)
     │   │   │   ├── carrick-runtime v0.1.0 (*)
     │   │   │   ├── carrick-vfs v0.1.0
     │   │   │   │   ├── carrick-cli v0.1.0 (*)
     │   │   │   │   ├── carrick-embed v0.1.0 (*)
     │   │   │   │   ├── carrick-engine v0.1.0 (*)
     │   │   │   │   ├── carrick-kernel v0.1.0 (*)
     │   │   │   │   ├── carrick-kernel-example v0.1.0 (*)
     │   │   │   │   ├── carrick-runtime v0.1.0 (*)
     │   │   │   │   └── native-syscall-slice v0.1.0 (*)
     │   │   │   ├── carrick-vmm-bhyve v0.1.0
     │   │   │   ├── carrick-vmm-hvf v0.1.0 (*)
     │   │   │   └── carrick-vmm-nvmm v0.1.0
     │   │   ├── carrick-host-linux v0.1.0
     │   │   │   ├── carrick-kernel v0.1.0 (*)
     │   │   │   └── carrick-vfs v0.1.0 (*)
     │   │   ├── carrick-kernel v0.1.0 (*)
     │   │   ├── carrick-kernel-example v0.1.0 (*)
     │   │   ├── carrick-runtime v0.1.0 (*)
     │   │   ├── carrick-thread v0.1.0
     │   │   │   ├── carrick-embed v0.1.0 (*)
     │   │   │   ├── carrick-kernel v0.1.0 (*)
     │   │   │   ├── carrick-runtime v0.1.0 (*)
     │   │   │   ├── carrick-vmm-bhyve v0.1.0 (*)
     │   │   │   ├── carrick-vmm-hvf v0.1.0 (*)
     │   │   │   ├── carrick-vmm-kvm v0.1.0 (*)
     │   │   │   └── carrick-vmm-nvmm v0.1.0 (*)
     │   │   ├── carrick-vfs v0.1.0 (*)
     │   │   ├── carrick-vmm-bhyve v0.1.0 (*)
     │   │   ├── carrick-vmm-hvf v0.1.0 (*)
     │   │   ├── carrick-vmm-kvm v0.1.0 (*)
     │   │   ├── carrick-vmm-nvmm v0.1.0 (*)
     │   │   ├── carrick-x86 v0.1.0
     │   │   │   ├── carrick-vmm-bhyve v0.1.0 (*)
     │   │   │   ├── carrick-vmm-kvm v0.1.0 (*)
     │   │   │   └── carrick-vmm-nvmm v0.1.0 (*)
     │   │   └── native-syscall-slice v0.1.0 (*)
     │   ├── carrick-host-bsd v0.1.0 (*)
     │   ├── carrick-host-linux v0.1.0 (*)
     │   ├── carrick-kernel v0.1.0 (*)
     │   ├── carrick-kernel-example v0.1.0 (*)
     │   ├── carrick-mem v0.1.0
     │   │   ├── carrick-aarch64 v0.1.0 (*)
     │   │   ├── carrick-hal v0.1.0 (*)
     │   │   ├── carrick-kernel v0.1.0 (*)
     │   │   ├── (dev) carrick-mmu-core v0.1.0
     │   │   │   ├── carrick-aarch64 v0.1.0 (*)
     │   │   │   ├── carrick-hal v0.1.0 (*)
     │   │   │   ├── carrick-kernel v0.1.0 (*)
     │   │   │   ├── carrick-mem v0.1.0 (*)
     │   │   │   ├── carrick-runtime v0.1.0 (*)
     │   │   │   └── carrick-vmm-hvf v0.1.0 (*)
     │   │   ├── carrick-runtime v0.1.0 (*)
     │   │   ├── carrick-vmm-bhyve v0.1.0 (*)
     │   │   ├── carrick-vmm-hvf v0.1.0 (*)
     │   │   ├── carrick-vmm-kvm v0.1.0 (*)
     │   │   ├── carrick-vmm-nvmm v0.1.0 (*)
     │   │   └── carrick-x86 v0.1.0 (*)
     │   ├── carrick-observability v0.1.0
     │   │   ├── carrick-aarch64 v0.1.0 (*)
     │   │   ├── carrick-conformance-contract v0.1.0 (*)
     │   │   ├── carrick-embed v0.1.0 (*)
     │   │   ├── carrick-kernel v0.1.0 (*)
     │   │   ├── carrick-kernel-example v0.1.0 (*)
     │   │   ├── carrick-runtime v0.1.0 (*)
     │   │   ├── carrick-thread v0.1.0 (*)
     │   │   ├── carrick-vfs v0.1.0 (*)
     │   │   └── carrick-vmm-hvf v0.1.0 (*)
     │   ├── carrick-runtime v0.1.0 (*)
     │   ├── carrick-signal-core v0.1.0
     │   │   ├── carrick-hal v0.1.0 (*)
     │   │   ├── carrick-host-bsd v0.1.0 (*)
     │   │   ├── carrick-kernel v0.1.0 (*)
     │   │   ├── carrick-runtime v0.1.0 (*)
     │   │   ├── carrick-vmm-bhyve v0.1.0 (*)
     │   │   ├── carrick-vmm-hvf v0.1.0 (*)
     │   │   ├── carrick-vmm-kvm v0.1.0 (*)
     │   │   └── carrick-vmm-nvmm v0.1.0 (*)
     │   ├── carrick-spec v0.1.0
     │   │   ├── carrick-cli v0.1.0 (*)
     │   │   ├── carrick-conformance-next v0.1.0 (*)
     │   │   ├── carrick-embed v0.1.0 (*)
     │   │   ├── carrick-engine v0.1.0 (*)
     │   │   ├── carrick-image v0.1.0
     │   │   │   ├── carrick-cli v0.1.0 (*)
     │   │   │   ├── carrick-embed v0.1.0 (*)
     │   │   │   ├── carrick-engine v0.1.0 (*)
     │   │   │   └── (dev) carrick-runtime v0.1.0 (*)
     │   │   ├── carrick-kernel v0.1.0 (*)
     │   │   ├── carrick-runtime v0.1.0 (*)
     │   │   └── carrick-vfs v0.1.0 (*)
     │   ├── carrick-thread v0.1.0 (*)
     │   ├── carrick-timer-core v0.1.0
     │   │   ├── carrick-hal v0.1.0 (*)
     │   │   ├── carrick-kernel v0.1.0 (*)
     │   │   ├── carrick-runtime v0.1.0 (*)
     │   │   ├── carrick-vmm-bhyve v0.1.0 (*)
     │   │   ├── carrick-vmm-hvf v0.1.0 (*)
     │   │   ├── carrick-vmm-kvm v0.1.0 (*)
     │   │   └── carrick-vmm-nvmm v0.1.0 (*)
     │   ├── carrick-vfs v0.1.0 (*)
     │   ├── carrick-vmm-bhyve v0.1.0 (*)
     │   ├── carrick-vmm-hvf v0.1.0 (*)
     │   ├── carrick-vmm-kvm v0.1.0 (*)
     │   ├── carrick-vmm-nvmm v0.1.0 (*)
     │   ├── carrick-x86 v0.1.0 (*)
     │   └── native-syscall-slice v0.1.0 (*)
     ├── carrick-kernel v0.1.0 (*)
     ├── carrick-kernel-arena v0.1.0
     │   ├── carrick-host v0.1.0
     │   │   ├── carrick-aarch64 v0.1.0 (*)
     │   │   ├── carrick-embed v0.1.0 (*)
     │   │   ├── carrick-host-bsd v0.1.0 (*)
     │   │   ├── carrick-kernel v0.1.0 (*)
     │   │   ├── carrick-runtime v0.1.0 (*)
     │   │   ├── carrick-timer-core v0.1.0 (*)
     │   │   ├── carrick-vmm-bhyve v0.1.0 (*)
     │   │   ├── carrick-vmm-hvf v0.1.0 (*)
     │   │   ├── carrick-vmm-kvm v0.1.0 (*)
     │   │   ├── carrick-vmm-nvmm v0.1.0 (*)
     │   │   └── carrick-x86 v0.1.0 (*)
     │   ├── carrick-kernel v0.1.0 (*)
     │   ├── carrick-runtime v0.1.0 (*)
     │   └── carrick-vmm-hvf v0.1.0 (*)
     ├── carrick-runtime v0.1.0 (*)
     ├── carrick-vmm-bhyve v0.1.0 (*)
     ├── carrick-x86 v0.1.0 (*)
     ├── kvm-ioctls v0.22.1
     │   └── carrick-vmm-kvm v0.1.0 (*)
     ├── proptest v1.11.0
     │   ├── (dev) carrick-kernel v0.1.0 (*)
     │   └── (dev) carrick-runtime v0.1.0 (*)
     ├── redox_syscall v0.5.18
     │   └── parking_lot_core v0.9.12
     │       ├── carrick-kernel v0.1.0 (*)
     │       ├── carrick-runtime v0.1.0 (*)
     │       ├── carrick-thread v0.1.0 (*)
     │       ├── carrick-vmm-hvf v0.1.0 (*)
     │       └── parking_lot v0.12.5
     │           ├── carrick-aarch64 v0.1.0 (*)
     │           ├── carrick-conformance-next v0.1.0 (*)
     │           ├── carrick-embed v0.1.0 (*)
     │           ├── carrick-guest-mem v0.1.0
     │           │   ├── carrick-aarch64 v0.1.0 (*)
     │           │   ├── carrick-conformance-next v0.1.0 (*)
     │           │   ├── carrick-embed v0.1.0 (*)
     │           │   ├── carrick-hal v0.1.0 (*)
     │           │   ├── carrick-kernel v0.1.0 (*)
     │           │   ├── carrick-kernel-example v0.1.0 (*)
     │           │   ├── carrick-mem v0.1.0 (*)
     │           │   ├── carrick-observability v0.1.0 (*)
     │           │   ├── carrick-runtime v0.1.0 (*)
     │           │   ├── carrick-spec v0.1.0 (*)
     │           │   ├── carrick-vfs v0.1.0 (*)
     │           │   ├── carrick-vmm-bhyve v0.1.0 (*)
     │           │   ├── carrick-vmm-hvf v0.1.0 (*)
     │           │   ├── carrick-vmm-kvm v0.1.0 (*)
     │           │   ├── carrick-vmm-nvmm v0.1.0 (*)
     │           │   ├── carrick-x86 v0.1.0 (*)
     │           │   └── native-syscall-slice v0.1.0 (*)
     │           ├── carrick-kernel v0.1.0 (*)
     │           ├── carrick-kernel-example v0.1.0 (*)
     │           ├── carrick-mem v0.1.0 (*)
     │           ├── carrick-observability v0.1.0 (*)
     │           ├── carrick-runtime v0.1.0 (*)
     │           ├── carrick-thread v0.1.0 (*)
     │           ├── carrick-vfs v0.1.0 (*)
     │           └── carrick-vmm-hvf v0.1.0 (*)
     ├── rustix v1.1.4
     │   ├── fd-lock v4.0.4
     │   │   ├── carrick-runtime v0.1.0 (*)
     │   │   └── carrick-vfs v0.1.0 (*)
     │   └── tempfile v3.27.0
     │       ├── (dev) carrick-cli v0.1.0 (*)
     │       ├── (dev) carrick-conformance-contract v0.1.0 (*)
     │       ├── (dev) carrick-conformance-next v0.1.0 (*)
     │       ├── (dev) carrick-coordinator v0.1.0
     │       │   ├── carrick-conformance v0.1.0
     │       │   └── carrick-investigation v0.1.0 (*)
     │       ├── carrick-embed v0.1.0 (*)
     │       ├── (dev) carrick-engine v0.1.0 (*)
     │       ├── (dev) carrick-host v0.1.0 (*)
     │       ├── (dev) carrick-image v0.1.0 (*)
     │       ├── (dev) carrick-investigation v0.1.0 (*)
     │       ├── (dev) carrick-kernel v0.1.0 (*)
     │       ├── (dev) carrick-kernel-example v0.1.0 (*)
     │       ├── carrick-observability v0.1.0 (*)
     │       ├── (dev) carrick-portable v0.1.0
     │       │   ├── carrick-kernel v0.1.0 (*)
     │       │   ├── carrick-runtime v0.1.0 (*)
     │       │   ├── carrick-timer-core v0.1.0 (*)
     │       │   └── carrick-vfs v0.1.0 (*)
     │       ├── (dev) carrick-runtime v0.1.0 (*)
     │       ├── carrick-signal-core v0.1.0 (*)
     │       ├── carrick-vfs v0.1.0 (*)
     │       ├── native-syscall-slice v0.1.0 (*)
     │       ├── proptest v1.11.0 (*)
     │       └── rusty-fork v0.3.1
     │           └── proptest v1.11.0 (*)
     └── tower-http v0.6.10
         └── reqwest v0.12.28
             └── oci-client v0.15.0
                 ├── carrick-image v0.1.0 (*)
                 ├── carrick-runtime v0.1.0 (*)
                 └── carrick-spec v0.1.0 (*)

warning[duplicate]: found 2 duplicate entries for crate 'cpufeatures'
   ┌─ /Users/tjfontaine/.codex/worktrees/el1-completion/carrick/Cargo.lock:84:1
   │  
84 │ ╭ cpufeatures 0.2.17 registry+https://github.com/rust-lang/crates.io-index
85 │ │ cpufeatures 0.3.0 registry+https://github.com/rust-lang/crates.io-index
   │ ╰───────────────────────────────────────────────────────────────────────┘ lock entries
   │  
   ├ cpufeatures v0.2.17
     └── sha2 v0.10.9
         ├── (dev) carrick-aarch64 v0.1.0
         │   ├── carrick-runtime v0.1.0
         │   │   ├── carrick-cli v0.1.0
         │   │   ├── carrick-embed v0.1.0
         │   │   │   └── carrick-conformance-next v0.1.0
         │   │   ├── carrick-engine v0.1.0
         │   │   │   ├── carrick-cli v0.1.0 (*)
         │   │   │   └── carrick-embed v0.1.0 (*)
         │   │   └── (dev) carrick-runtime v0.1.0 (*)
         │   ├── carrick-vmm-hvf v0.1.0
         │   │   ├── carrick-cli v0.1.0 (*)
         │   │   └── carrick-runtime v0.1.0 (*)
         │   └── carrick-vmm-kvm v0.1.0
         ├── carrick-cli v0.1.0 (*)
         ├── carrick-conformance v0.1.0
         ├── (dev) carrick-embed v0.1.0 (*)
         ├── carrick-image v0.1.0
         │   ├── carrick-cli v0.1.0 (*)
         │   ├── carrick-embed v0.1.0 (*)
         │   ├── carrick-engine v0.1.0 (*)
         │   └── (dev) carrick-runtime v0.1.0 (*)
         ├── carrick-investigation v0.1.0
         ├── carrick-kernel v0.1.0
         │   ├── carrick-cli v0.1.0 (*)
         │   ├── carrick-embed v0.1.0 (*)
         │   ├── carrick-engine v0.1.0 (*)
         │   ├── (dev) carrick-kernel v0.1.0 (*)
         │   ├── carrick-kernel-example v0.1.0
         │   │   └── native-syscall-slice v0.1.0
         │   │       └── (dev) carrick-runtime v0.1.0 (*)
         │   ├── carrick-runtime v0.1.0 (*)
         │   └── native-syscall-slice v0.1.0 (*)
         ├── carrick-observability v0.1.0
         │   ├── carrick-aarch64 v0.1.0 (*)
         │   ├── carrick-conformance-contract v0.1.0
         │   │   ├── (dev) carrick-aarch64 v0.1.0 (*)
         │   │   ├── (dev) carrick-conformance-next v0.1.0 (*)
         │   │   ├── carrick-embed v0.1.0 (*)
         │   │   ├── carrick-investigation v0.1.0 (*)
         │   │   ├── (dev) carrick-kernel v0.1.0 (*)
         │   │   ├── carrick-kernel-example v0.1.0 (*)
         │   │   ├── (dev) carrick-runtime v0.1.0 (*)
         │   │   ├── (dev) carrick-vmm-hvf v0.1.0 (*)
         │   │   └── native-syscall-slice v0.1.0 (*)
         │   ├── carrick-embed v0.1.0 (*)
         │   ├── carrick-kernel v0.1.0 (*)
         │   ├── carrick-kernel-example v0.1.0 (*)
         │   ├── carrick-runtime v0.1.0 (*)
         │   ├── carrick-thread v0.1.0
         │   │   ├── carrick-embed v0.1.0 (*)
         │   │   ├── carrick-kernel v0.1.0 (*)
         │   │   ├── carrick-runtime v0.1.0 (*)
         │   │   ├── carrick-vmm-bhyve v0.1.0
         │   │   ├── carrick-vmm-hvf v0.1.0 (*)
         │   │   ├── carrick-vmm-kvm v0.1.0 (*)
         │   │   └── carrick-vmm-nvmm v0.1.0
         │   ├── carrick-vfs v0.1.0
         │   │   ├── carrick-cli v0.1.0 (*)
         │   │   ├── carrick-embed v0.1.0 (*)
         │   │   ├── carrick-engine v0.1.0 (*)
         │   │   ├── carrick-kernel v0.1.0 (*)
         │   │   ├── carrick-kernel-example v0.1.0 (*)
         │   │   ├── carrick-runtime v0.1.0 (*)
         │   │   └── native-syscall-slice v0.1.0 (*)
         │   └── carrick-vmm-hvf v0.1.0 (*)
         ├── carrick-runtime v0.1.0 (*)
         ├── carrick-vfs v0.1.0 (*)
         ├── (dev) carrick-vmm-hvf v0.1.0 (*)
         ├── jwt v0.16.0
         │   └── oci-client v0.15.0
         │       ├── carrick-image v0.1.0 (*)
         │       ├── carrick-runtime v0.1.0 (*)
         │       └── carrick-spec v0.1.0
         │           ├── carrick-cli v0.1.0 (*)
         │           ├── carrick-conformance-next v0.1.0 (*)
         │           ├── carrick-embed v0.1.0 (*)
         │           ├── carrick-engine v0.1.0 (*)
         │           ├── carrick-image v0.1.0 (*)
         │           ├── carrick-kernel v0.1.0 (*)
         │           ├── carrick-runtime v0.1.0 (*)
         │           └── carrick-vfs v0.1.0 (*)
         ├── oci-client v0.15.0 (*)
         └── (build) pest_meta v2.8.6
             └── pest_generator v2.8.6
                 └── pest_derive v2.8.6
                     └── dtrace-parser v0.3.0
                         ├── usdt-attr-macro v0.6.0
                         │   └── usdt v0.6.0
                         │       ├── carrick-observability v0.1.0 (*)
                         │       └── carrick-vmm-hvf v0.1.0 (*)
                         ├── usdt-impl v0.6.0
                         │   ├── usdt v0.6.0 (*)
                         │   ├── usdt-attr-macro v0.6.0 (*)
                         │   └── usdt-macro v0.6.0
                         │       └── usdt v0.6.0 (*)
                         └── usdt-macro v0.6.0 (*)
   ├ cpufeatures v0.3.0
     └── chacha20 v0.10.1
         └── rand v0.10.1
             ├── carrick-cli v0.1.0
             └── hickory-proto v0.26.1
                 ├── carrick-kernel v0.1.0
                 │   ├── carrick-cli v0.1.0 (*)
                 │   ├── carrick-embed v0.1.0
                 │   │   └── carrick-conformance-next v0.1.0
                 │   ├── carrick-engine v0.1.0
                 │   │   ├── carrick-cli v0.1.0 (*)
                 │   │   └── carrick-embed v0.1.0 (*)
                 │   ├── (dev) carrick-kernel v0.1.0 (*)
                 │   ├── carrick-kernel-example v0.1.0
                 │   │   └── native-syscall-slice v0.1.0
                 │   │       └── (dev) carrick-runtime v0.1.0
                 │   │           ├── carrick-cli v0.1.0 (*)
                 │   │           ├── carrick-embed v0.1.0 (*)
                 │   │           ├── carrick-engine v0.1.0 (*)
                 │   │           └── (dev) carrick-runtime v0.1.0 (*)
                 │   ├── carrick-runtime v0.1.0 (*)
                 │   └── native-syscall-slice v0.1.0 (*)
                 └── carrick-runtime v0.1.0 (*)

warning[duplicate]: found 3 duplicate entries for crate 'getrandom'
    ┌─ /Users/tjfontaine/.codex/worktrees/el1-completion/carrick/Cargo.lock:120:1
    │  
120 │ ╭ getrandom 0.2.17 registry+https://github.com/rust-lang/crates.io-index
121 │ │ getrandom 0.3.4 registry+https://github.com/rust-lang/crates.io-index
122 │ │ getrandom 0.4.2 registry+https://github.com/rust-lang/crates.io-index
    │ ╰─────────────────────────────────────────────────────────────────────┘ lock entries
    │  
    ├ getrandom v0.2.17
      └── ring v0.17.14
          ├── rustls v0.23.40
          │   ├── hyper-rustls v0.27.9
          │   │   └── reqwest v0.12.28
          │   │       └── oci-client v0.15.0
          │   │           ├── carrick-image v0.1.0
          │   │           │   ├── carrick-cli v0.1.0
          │   │           │   ├── carrick-embed v0.1.0
          │   │           │   │   └── carrick-conformance-next v0.1.0
          │   │           │   ├── carrick-engine v0.1.0
          │   │           │   │   ├── carrick-cli v0.1.0 (*)
          │   │           │   │   └── carrick-embed v0.1.0 (*)
          │   │           │   └── (dev) carrick-runtime v0.1.0
          │   │           │       ├── carrick-cli v0.1.0 (*)
          │   │           │       ├── carrick-embed v0.1.0 (*)
          │   │           │       ├── carrick-engine v0.1.0 (*)
          │   │           │       └── (dev) carrick-runtime v0.1.0 (*)
          │   │           ├── carrick-runtime v0.1.0 (*)
          │   │           └── carrick-spec v0.1.0
          │   │               ├── carrick-cli v0.1.0 (*)
          │   │               ├── carrick-conformance-next v0.1.0 (*)
          │   │               ├── carrick-embed v0.1.0 (*)
          │   │               ├── carrick-engine v0.1.0 (*)
          │   │               ├── carrick-image v0.1.0 (*)
          │   │               ├── carrick-kernel v0.1.0
          │   │               │   ├── carrick-cli v0.1.0 (*)
          │   │               │   ├── carrick-embed v0.1.0 (*)
          │   │               │   ├── carrick-engine v0.1.0 (*)
          │   │               │   ├── (dev) carrick-kernel v0.1.0 (*)
          │   │               │   ├── carrick-kernel-example v0.1.0
          │   │               │   │   └── native-syscall-slice v0.1.0
          │   │               │   │       └── (dev) carrick-runtime v0.1.0 (*)
          │   │               │   ├── carrick-runtime v0.1.0 (*)
          │   │               │   └── native-syscall-slice v0.1.0 (*)
          │   │               ├── carrick-runtime v0.1.0 (*)
          │   │               └── carrick-vfs v0.1.0
          │   │                   ├── carrick-cli v0.1.0 (*)
          │   │                   ├── carrick-embed v0.1.0 (*)
          │   │                   ├── carrick-engine v0.1.0 (*)
          │   │                   ├── carrick-kernel v0.1.0 (*)
          │   │                   ├── carrick-kernel-example v0.1.0 (*)
          │   │                   ├── carrick-runtime v0.1.0 (*)
          │   │                   └── native-syscall-slice v0.1.0 (*)
          │   ├── reqwest v0.12.28 (*)
          │   └── tokio-rustls v0.26.4
          │       ├── hyper-rustls v0.27.9 (*)
          │       └── reqwest v0.12.28 (*)
          └── rustls-webpki v0.103.13
              └── rustls v0.23.40 (*)
    ├ getrandom v0.3.4
      ├── carrick-kernel v0.1.0
      │   ├── carrick-cli v0.1.0
      │   ├── carrick-embed v0.1.0
      │   │   └── carrick-conformance-next v0.1.0
      │   ├── carrick-engine v0.1.0
      │   │   ├── carrick-cli v0.1.0 (*)
      │   │   └── carrick-embed v0.1.0 (*)
      │   ├── (dev) carrick-kernel v0.1.0 (*)
      │   ├── carrick-kernel-example v0.1.0
      │   │   └── native-syscall-slice v0.1.0
      │   │       └── (dev) carrick-runtime v0.1.0
      │   │           ├── carrick-cli v0.1.0 (*)
      │   │           ├── carrick-embed v0.1.0 (*)
      │   │           ├── carrick-engine v0.1.0 (*)
      │   │           └── (dev) carrick-runtime v0.1.0 (*)
      │   ├── carrick-runtime v0.1.0 (*)
      │   └── native-syscall-slice v0.1.0 (*)
      ├── carrick-runtime v0.1.0 (*)
      ├── rand_core v0.9.5
      │   ├── rand v0.9.4
      │   │   └── proptest v1.11.0
      │   │       ├── (dev) carrick-kernel v0.1.0 (*)
      │   │       └── (dev) carrick-runtime v0.1.0 (*)
      │   ├── rand_chacha v0.9.0
      │   │   └── proptest v1.11.0 (*)
      │   └── rand_xorshift v0.4.0
      │       └── proptest v1.11.0 (*)
      └── tempfile v3.27.0
          ├── (dev) carrick-cli v0.1.0 (*)
          ├── (dev) carrick-conformance-contract v0.1.0
          │   ├── (dev) carrick-aarch64 v0.1.0
          │   │   ├── carrick-runtime v0.1.0 (*)
          │   │   ├── carrick-vmm-hvf v0.1.0
          │   │   │   ├── carrick-cli v0.1.0 (*)
          │   │   │   └── carrick-runtime v0.1.0 (*)
          │   │   └── carrick-vmm-kvm v0.1.0
          │   ├── (dev) carrick-conformance-next v0.1.0 (*)
          │   ├── carrick-embed v0.1.0 (*)
          │   ├── carrick-investigation v0.1.0
          │   ├── (dev) carrick-kernel v0.1.0 (*)
          │   ├── carrick-kernel-example v0.1.0 (*)
          │   ├── (dev) carrick-runtime v0.1.0 (*)
          │   ├── (dev) carrick-vmm-hvf v0.1.0 (*)
          │   └── native-syscall-slice v0.1.0 (*)
          ├── (dev) carrick-conformance-next v0.1.0 (*)
          ├── (dev) carrick-coordinator v0.1.0
          │   ├── carrick-conformance v0.1.0
          │   └── carrick-investigation v0.1.0 (*)
          ├── carrick-embed v0.1.0 (*)
          ├── (dev) carrick-engine v0.1.0 (*)
          ├── (dev) carrick-host v0.1.0
          │   ├── carrick-aarch64 v0.1.0 (*)
          │   ├── carrick-embed v0.1.0 (*)
          │   ├── carrick-host-bsd v0.1.0
          │   │   ├── carrick-cli v0.1.0 (*)
          │   │   ├── carrick-kernel v0.1.0 (*)
          │   │   ├── carrick-runtime v0.1.0 (*)
          │   │   ├── carrick-vfs v0.1.0
          │   │   │   ├── carrick-cli v0.1.0 (*)
          │   │   │   ├── carrick-embed v0.1.0 (*)
          │   │   │   ├── carrick-engine v0.1.0 (*)
          │   │   │   ├── carrick-kernel v0.1.0 (*)
          │   │   │   ├── carrick-kernel-example v0.1.0 (*)
          │   │   │   ├── carrick-runtime v0.1.0 (*)
          │   │   │   └── native-syscall-slice v0.1.0 (*)
          │   │   ├── carrick-vmm-bhyve v0.1.0
          │   │   ├── carrick-vmm-hvf v0.1.0 (*)
          │   │   └── carrick-vmm-nvmm v0.1.0
          │   ├── carrick-kernel v0.1.0 (*)
          │   ├── carrick-runtime v0.1.0 (*)
          │   ├── carrick-timer-core v0.1.0
          │   │   ├── carrick-hal v0.1.0
          │   │   │   ├── carrick-aarch64 v0.1.0 (*)
          │   │   │   ├── carrick-embed v0.1.0 (*)
          │   │   │   ├── carrick-host-bsd v0.1.0 (*)
          │   │   │   ├── carrick-host-linux v0.1.0
          │   │   │   │   ├── carrick-kernel v0.1.0 (*)
          │   │   │   │   └── carrick-vfs v0.1.0 (*)
          │   │   │   ├── carrick-kernel v0.1.0 (*)
          │   │   │   ├── carrick-kernel-example v0.1.0 (*)
          │   │   │   ├── carrick-runtime v0.1.0 (*)
          │   │   │   ├── carrick-thread v0.1.0
          │   │   │   │   ├── carrick-embed v0.1.0 (*)
          │   │   │   │   ├── carrick-kernel v0.1.0 (*)
          │   │   │   │   ├── carrick-runtime v0.1.0 (*)
          │   │   │   │   ├── carrick-vmm-bhyve v0.1.0 (*)
          │   │   │   │   ├── carrick-vmm-hvf v0.1.0 (*)
          │   │   │   │   ├── carrick-vmm-kvm v0.1.0 (*)
          │   │   │   │   └── carrick-vmm-nvmm v0.1.0 (*)
          │   │   │   ├── carrick-vfs v0.1.0 (*)
          │   │   │   ├── carrick-vmm-bhyve v0.1.0 (*)
          │   │   │   ├── carrick-vmm-hvf v0.1.0 (*)
          │   │   │   ├── carrick-vmm-kvm v0.1.0 (*)
          │   │   │   ├── carrick-vmm-nvmm v0.1.0 (*)
          │   │   │   ├── carrick-x86 v0.1.0
          │   │   │   │   ├── carrick-vmm-bhyve v0.1.0 (*)
          │   │   │   │   ├── carrick-vmm-kvm v0.1.0 (*)
          │   │   │   │   └── carrick-vmm-nvmm v0.1.0 (*)
          │   │   │   └── native-syscall-slice v0.1.0 (*)
          │   │   ├── carrick-kernel v0.1.0 (*)
          │   │   ├── carrick-runtime v0.1.0 (*)
          │   │   ├── carrick-vmm-bhyve v0.1.0 (*)
          │   │   ├── carrick-vmm-hvf v0.1.0 (*)
          │   │   ├── carrick-vmm-kvm v0.1.0 (*)
          │   │   └── carrick-vmm-nvmm v0.1.0 (*)
          │   ├── carrick-vmm-bhyve v0.1.0 (*)
          │   ├── carrick-vmm-hvf v0.1.0 (*)
          │   ├── carrick-vmm-kvm v0.1.0 (*)
          │   ├── carrick-vmm-nvmm v0.1.0 (*)
          │   └── carrick-x86 v0.1.0 (*)
          ├── (dev) carrick-image v0.1.0
          │   ├── carrick-cli v0.1.0 (*)
          │   ├── carrick-embed v0.1.0 (*)
          │   ├── carrick-engine v0.1.0 (*)
          │   └── (dev) carrick-runtime v0.1.0 (*)
          ├── (dev) carrick-investigation v0.1.0 (*)
          ├── (dev) carrick-kernel v0.1.0 (*)
          ├── (dev) carrick-kernel-example v0.1.0 (*)
          ├── carrick-observability v0.1.0
          │   ├── carrick-aarch64 v0.1.0 (*)
          │   ├── carrick-conformance-contract v0.1.0 (*)
          │   ├── carrick-embed v0.1.0 (*)
          │   ├── carrick-kernel v0.1.0 (*)
          │   ├── carrick-kernel-example v0.1.0 (*)
          │   ├── carrick-runtime v0.1.0 (*)
          │   ├── carrick-thread v0.1.0 (*)
          │   ├── carrick-vfs v0.1.0 (*)
          │   └── carrick-vmm-hvf v0.1.0 (*)
          ├── (dev) carrick-portable v0.1.0
          │   ├── carrick-kernel v0.1.0 (*)
          │   ├── carrick-runtime v0.1.0 (*)
          │   ├── carrick-timer-core v0.1.0 (*)
          │   └── carrick-vfs v0.1.0 (*)
          ├── (dev) carrick-runtime v0.1.0 (*)
          ├── carrick-signal-core v0.1.0
          │   ├── carrick-hal v0.1.0 (*)
          │   ├── carrick-host-bsd v0.1.0 (*)
          │   ├── carrick-kernel v0.1.0 (*)
          │   ├── carrick-runtime v0.1.0 (*)
          │   ├── carrick-vmm-bhyve v0.1.0 (*)
          │   ├── carrick-vmm-hvf v0.1.0 (*)
          │   ├── carrick-vmm-kvm v0.1.0 (*)
          │   └── carrick-vmm-nvmm v0.1.0 (*)
          ├── carrick-vfs v0.1.0 (*)
          ├── native-syscall-slice v0.1.0 (*)
          ├── proptest v1.11.0 (*)
          └── rusty-fork v0.3.1
              └── proptest v1.11.0 (*)
    ├ getrandom v0.4.2
      └── rand v0.10.1
          ├── carrick-cli v0.1.0
          └── hickory-proto v0.26.1
              ├── carrick-kernel v0.1.0
              │   ├── carrick-cli v0.1.0 (*)
              │   ├── carrick-embed v0.1.0
              │   │   └── carrick-conformance-next v0.1.0
              │   ├── carrick-engine v0.1.0
              │   │   ├── carrick-cli v0.1.0 (*)
              │   │   └── carrick-embed v0.1.0 (*)
              │   ├── (dev) carrick-kernel v0.1.0 (*)
              │   ├── carrick-kernel-example v0.1.0
              │   │   └── native-syscall-slice v0.1.0
              │   │       └── (dev) carrick-runtime v0.1.0
              │   │           ├── carrick-cli v0.1.0 (*)
              │   │           ├── carrick-embed v0.1.0 (*)
              │   │           ├── carrick-engine v0.1.0 (*)
              │   │           └── (dev) carrick-runtime v0.1.0 (*)
              │   ├── carrick-runtime v0.1.0 (*)
              │   └── native-syscall-slice v0.1.0 (*)
              └── carrick-runtime v0.1.0 (*)

warning[duplicate]: found 2 duplicate entries for crate 'hashbrown'
    ┌─ /Users/tjfontaine/.codex/worktrees/el1-completion/carrick/Cargo.lock:125:1
    │  
125 │ ╭ hashbrown 0.15.5 registry+https://github.com/rust-lang/crates.io-index
126 │ │ hashbrown 0.17.1 registry+https://github.com/rust-lang/crates.io-index
    │ ╰──────────────────────────────────────────────────────────────────────┘ lock entries
    │  
    ├ hashbrown v0.15.5
      └── carrick-mmu-core v0.1.0
          ├── carrick-aarch64 v0.1.0
          │   ├── carrick-runtime v0.1.0
          │   │   ├── carrick-cli v0.1.0
          │   │   ├── carrick-embed v0.1.0
          │   │   │   └── carrick-conformance-next v0.1.0
          │   │   ├── carrick-engine v0.1.0
          │   │   │   ├── carrick-cli v0.1.0 (*)
          │   │   │   └── carrick-embed v0.1.0 (*)
          │   │   └── (dev) carrick-runtime v0.1.0 (*)
          │   ├── carrick-vmm-hvf v0.1.0
          │   │   ├── carrick-cli v0.1.0 (*)
          │   │   └── carrick-runtime v0.1.0 (*)
          │   └── carrick-vmm-kvm v0.1.0
          ├── carrick-hal v0.1.0
          │   ├── carrick-aarch64 v0.1.0 (*)
          │   ├── carrick-embed v0.1.0 (*)
          │   ├── carrick-host-bsd v0.1.0
          │   │   ├── carrick-cli v0.1.0 (*)
          │   │   ├── carrick-kernel v0.1.0
          │   │   │   ├── carrick-cli v0.1.0 (*)
          │   │   │   ├── carrick-embed v0.1.0 (*)
          │   │   │   ├── carrick-engine v0.1.0 (*)
          │   │   │   ├── (dev) carrick-kernel v0.1.0 (*)
          │   │   │   ├── carrick-kernel-example v0.1.0
          │   │   │   │   └── native-syscall-slice v0.1.0
          │   │   │   │       └── (dev) carrick-runtime v0.1.0 (*)
          │   │   │   ├── carrick-runtime v0.1.0 (*)
          │   │   │   └── native-syscall-slice v0.1.0 (*)
          │   │   ├── carrick-runtime v0.1.0 (*)
          │   │   ├── carrick-vfs v0.1.0
          │   │   │   ├── carrick-cli v0.1.0 (*)
          │   │   │   ├── carrick-embed v0.1.0 (*)
          │   │   │   ├── carrick-engine v0.1.0 (*)
          │   │   │   ├── carrick-kernel v0.1.0 (*)
          │   │   │   ├── carrick-kernel-example v0.1.0 (*)
          │   │   │   ├── carrick-runtime v0.1.0 (*)
          │   │   │   └── native-syscall-slice v0.1.0 (*)
          │   │   ├── carrick-vmm-bhyve v0.1.0
          │   │   ├── carrick-vmm-hvf v0.1.0 (*)
          │   │   └── carrick-vmm-nvmm v0.1.0
          │   ├── carrick-host-linux v0.1.0
          │   │   ├── carrick-kernel v0.1.0 (*)
          │   │   └── carrick-vfs v0.1.0 (*)
          │   ├── carrick-kernel v0.1.0 (*)
          │   ├── carrick-kernel-example v0.1.0 (*)
          │   ├── carrick-runtime v0.1.0 (*)
          │   ├── carrick-thread v0.1.0
          │   │   ├── carrick-embed v0.1.0 (*)
          │   │   ├── carrick-kernel v0.1.0 (*)
          │   │   ├── carrick-runtime v0.1.0 (*)
          │   │   ├── carrick-vmm-bhyve v0.1.0 (*)
          │   │   ├── carrick-vmm-hvf v0.1.0 (*)
          │   │   ├── carrick-vmm-kvm v0.1.0 (*)
          │   │   └── carrick-vmm-nvmm v0.1.0 (*)
          │   ├── carrick-vfs v0.1.0 (*)
          │   ├── carrick-vmm-bhyve v0.1.0 (*)
          │   ├── carrick-vmm-hvf v0.1.0 (*)
          │   ├── carrick-vmm-kvm v0.1.0 (*)
          │   ├── carrick-vmm-nvmm v0.1.0 (*)
          │   ├── carrick-x86 v0.1.0
          │   │   ├── carrick-vmm-bhyve v0.1.0 (*)
          │   │   ├── carrick-vmm-kvm v0.1.0 (*)
          │   │   └── carrick-vmm-nvmm v0.1.0 (*)
          │   └── native-syscall-slice v0.1.0 (*)
          ├── carrick-kernel v0.1.0 (*)
          ├── carrick-mem v0.1.0
          │   ├── carrick-aarch64 v0.1.0 (*)
          │   ├── carrick-hal v0.1.0 (*)
          │   ├── carrick-kernel v0.1.0 (*)
          │   ├── (dev) carrick-mmu-core v0.1.0 (*)
          │   ├── carrick-runtime v0.1.0 (*)
          │   ├── carrick-vmm-bhyve v0.1.0 (*)
          │   ├── carrick-vmm-hvf v0.1.0 (*)
          │   ├── carrick-vmm-kvm v0.1.0 (*)
          │   ├── carrick-vmm-nvmm v0.1.0 (*)
          │   └── carrick-x86 v0.1.0 (*)
          ├── carrick-runtime v0.1.0 (*)
          └── carrick-vmm-hvf v0.1.0 (*)
    ├ hashbrown v0.17.1
      └── indexmap v2.14.0
          └── toml_edit v0.22.27
              └── toml v0.8.23
                  ├── carrick-conformance v0.1.0
                  └── carrick-conformance-contract v0.1.0
                      ├── (dev) carrick-aarch64 v0.1.0
                      │   ├── carrick-runtime v0.1.0
                      │   │   ├── carrick-cli v0.1.0
                      │   │   ├── carrick-embed v0.1.0
                      │   │   │   └── carrick-conformance-next v0.1.0
                      │   │   ├── carrick-engine v0.1.0
                      │   │   │   ├── carrick-cli v0.1.0 (*)
                      │   │   │   └── carrick-embed v0.1.0 (*)
                      │   │   └── (dev) carrick-runtime v0.1.0 (*)
                      │   ├── carrick-vmm-hvf v0.1.0
                      │   │   ├── carrick-cli v0.1.0 (*)
                      │   │   └── carrick-runtime v0.1.0 (*)
                      │   └── carrick-vmm-kvm v0.1.0
                      ├── (dev) carrick-conformance-next v0.1.0 (*)
                      ├── carrick-embed v0.1.0 (*)
                      ├── carrick-investigation v0.1.0
                      ├── (dev) carrick-kernel v0.1.0
                      │   ├── carrick-cli v0.1.0 (*)
                      │   ├── carrick-embed v0.1.0 (*)
                      │   ├── carrick-engine v0.1.0 (*)
                      │   ├── (dev) carrick-kernel v0.1.0 (*)
                      │   ├── carrick-kernel-example v0.1.0
                      │   │   └── native-syscall-slice v0.1.0
                      │   │       └── (dev) carrick-runtime v0.1.0 (*)
                      │   ├── carrick-runtime v0.1.0 (*)
                      │   └── native-syscall-slice v0.1.0 (*)
                      ├── carrick-kernel-example v0.1.0 (*)
                      ├── (dev) carrick-runtime v0.1.0 (*)
                      ├── (dev) carrick-vmm-hvf v0.1.0 (*)
                      └── native-syscall-slice v0.1.0 (*)

warning[duplicate]: found 2 duplicate entries for crate 'r-efi'
    ┌─ /Users/tjfontaine/.codex/worktrees/el1-completion/carrick/Cargo.lock:211:1
    │  
211 │ ╭ r-efi 5.3.0 registry+https://github.com/rust-lang/crates.io-index
212 │ │ r-efi 6.0.0 registry+https://github.com/rust-lang/crates.io-index
    │ ╰─────────────────────────────────────────────────────────────────┘ lock entries
    │  
    ├ r-efi v5.3.0
      └── getrandom v0.3.4
          ├── carrick-kernel v0.1.0
          │   ├── carrick-cli v0.1.0
          │   ├── carrick-embed v0.1.0
          │   │   └── carrick-conformance-next v0.1.0
          │   ├── carrick-engine v0.1.0
          │   │   ├── carrick-cli v0.1.0 (*)
          │   │   └── carrick-embed v0.1.0 (*)
          │   ├── (dev) carrick-kernel v0.1.0 (*)
          │   ├── carrick-kernel-example v0.1.0
          │   │   └── native-syscall-slice v0.1.0
          │   │       └── (dev) carrick-runtime v0.1.0
          │   │           ├── carrick-cli v0.1.0 (*)
          │   │           ├── carrick-embed v0.1.0 (*)
          │   │           ├── carrick-engine v0.1.0 (*)
          │   │           └── (dev) carrick-runtime v0.1.0 (*)
          │   ├── carrick-runtime v0.1.0 (*)
          │   └── native-syscall-slice v0.1.0 (*)
          ├── carrick-runtime v0.1.0 (*)
          ├── rand_core v0.9.5
          │   ├── rand v0.9.4
          │   │   └── proptest v1.11.0
          │   │       ├── (dev) carrick-kernel v0.1.0 (*)
          │   │       └── (dev) carrick-runtime v0.1.0 (*)
          │   ├── rand_chacha v0.9.0
          │   │   └── proptest v1.11.0 (*)
          │   └── rand_xorshift v0.4.0
          │       └── proptest v1.11.0 (*)
          └── tempfile v3.27.0
              ├── (dev) carrick-cli v0.1.0 (*)
              ├── (dev) carrick-conformance-contract v0.1.0
              │   ├── (dev) carrick-aarch64 v0.1.0
              │   │   ├── carrick-runtime v0.1.0 (*)
              │   │   ├── carrick-vmm-hvf v0.1.0
              │   │   │   ├── carrick-cli v0.1.0 (*)
              │   │   │   └── carrick-runtime v0.1.0 (*)
              │   │   └── carrick-vmm-kvm v0.1.0
              │   ├── (dev) carrick-conformance-next v0.1.0 (*)
              │   ├── carrick-embed v0.1.0 (*)
              │   ├── carrick-investigation v0.1.0
              │   ├── (dev) carrick-kernel v0.1.0 (*)
              │   ├── carrick-kernel-example v0.1.0 (*)
              │   ├── (dev) carrick-runtime v0.1.0 (*)
              │   ├── (dev) carrick-vmm-hvf v0.1.0 (*)
              │   └── native-syscall-slice v0.1.0 (*)
              ├── (dev) carrick-conformance-next v0.1.0 (*)
              ├── (dev) carrick-coordinator v0.1.0
              │   ├── carrick-conformance v0.1.0
              │   └── carrick-investigation v0.1.0 (*)
              ├── carrick-embed v0.1.0 (*)
              ├── (dev) carrick-engine v0.1.0 (*)
              ├── (dev) carrick-host v0.1.0
              │   ├── carrick-aarch64 v0.1.0 (*)
              │   ├── carrick-embed v0.1.0 (*)
              │   ├── carrick-host-bsd v0.1.0
              │   │   ├── carrick-cli v0.1.0 (*)
              │   │   ├── carrick-kernel v0.1.0 (*)
              │   │   ├── carrick-runtime v0.1.0 (*)
              │   │   ├── carrick-vfs v0.1.0
              │   │   │   ├── carrick-cli v0.1.0 (*)
              │   │   │   ├── carrick-embed v0.1.0 (*)
              │   │   │   ├── carrick-engine v0.1.0 (*)
              │   │   │   ├── carrick-kernel v0.1.0 (*)
              │   │   │   ├── carrick-kernel-example v0.1.0 (*)
              │   │   │   ├── carrick-runtime v0.1.0 (*)
              │   │   │   └── native-syscall-slice v0.1.0 (*)
              │   │   ├── carrick-vmm-bhyve v0.1.0
              │   │   ├── carrick-vmm-hvf v0.1.0 (*)
              │   │   └── carrick-vmm-nvmm v0.1.0
              │   ├── carrick-kernel v0.1.0 (*)
              │   ├── carrick-runtime v0.1.0 (*)
              │   ├── carrick-timer-core v0.1.0
              │   │   ├── carrick-hal v0.1.0
              │   │   │   ├── carrick-aarch64 v0.1.0 (*)
              │   │   │   ├── carrick-embed v0.1.0 (*)
              │   │   │   ├── carrick-host-bsd v0.1.0 (*)
              │   │   │   ├── carrick-host-linux v0.1.0
              │   │   │   │   ├── carrick-kernel v0.1.0 (*)
              │   │   │   │   └── carrick-vfs v0.1.0 (*)
              │   │   │   ├── carrick-kernel v0.1.0 (*)
              │   │   │   ├── carrick-kernel-example v0.1.0 (*)
              │   │   │   ├── carrick-runtime v0.1.0 (*)
              │   │   │   ├── carrick-thread v0.1.0
              │   │   │   │   ├── carrick-embed v0.1.0 (*)
              │   │   │   │   ├── carrick-kernel v0.1.0 (*)
              │   │   │   │   ├── carrick-runtime v0.1.0 (*)
              │   │   │   │   ├── carrick-vmm-bhyve v0.1.0 (*)
              │   │   │   │   ├── carrick-vmm-hvf v0.1.0 (*)
              │   │   │   │   ├── carrick-vmm-kvm v0.1.0 (*)
              │   │   │   │   └── carrick-vmm-nvmm v0.1.0 (*)
              │   │   │   ├── carrick-vfs v0.1.0 (*)
              │   │   │   ├── carrick-vmm-bhyve v0.1.0 (*)
              │   │   │   ├── carrick-vmm-hvf v0.1.0 (*)
              │   │   │   ├── carrick-vmm-kvm v0.1.0 (*)
              │   │   │   ├── carrick-vmm-nvmm v0.1.0 (*)
              │   │   │   ├── carrick-x86 v0.1.0
              │   │   │   │   ├── carrick-vmm-bhyve v0.1.0 (*)
              │   │   │   │   ├── carrick-vmm-kvm v0.1.0 (*)
              │   │   │   │   └── carrick-vmm-nvmm v0.1.0 (*)
              │   │   │   └── native-syscall-slice v0.1.0 (*)
              │   │   ├── carrick-kernel v0.1.0 (*)
              │   │   ├── carrick-runtime v0.1.0 (*)
              │   │   ├── carrick-vmm-bhyve v0.1.0 (*)
              │   │   ├── carrick-vmm-hvf v0.1.0 (*)
              │   │   ├── carrick-vmm-kvm v0.1.0 (*)
              │   │   └── carrick-vmm-nvmm v0.1.0 (*)
              │   ├── carrick-vmm-bhyve v0.1.0 (*)
              │   ├── carrick-vmm-hvf v0.1.0 (*)
              │   ├── carrick-vmm-kvm v0.1.0 (*)
              │   ├── carrick-vmm-nvmm v0.1.0 (*)
              │   └── carrick-x86 v0.1.0 (*)
              ├── (dev) carrick-image v0.1.0
              │   ├── carrick-cli v0.1.0 (*)
              │   ├── carrick-embed v0.1.0 (*)
              │   ├── carrick-engine v0.1.0 (*)
              │   └── (dev) carrick-runtime v0.1.0 (*)
              ├── (dev) carrick-investigation v0.1.0 (*)
              ├── (dev) carrick-kernel v0.1.0 (*)
              ├── (dev) carrick-kernel-example v0.1.0 (*)
              ├── carrick-observability v0.1.0
              │   ├── carrick-aarch64 v0.1.0 (*)
              │   ├── carrick-conformance-contract v0.1.0 (*)
              │   ├── carrick-embed v0.1.0 (*)
              │   ├── carrick-kernel v0.1.0 (*)
              │   ├── carrick-kernel-example v0.1.0 (*)
              │   ├── carrick-runtime v0.1.0 (*)
              │   ├── carrick-thread v0.1.0 (*)
              │   ├── carrick-vfs v0.1.0 (*)
              │   └── carrick-vmm-hvf v0.1.0 (*)
              ├── (dev) carrick-portable v0.1.0
              │   ├── carrick-kernel v0.1.0 (*)
              │   ├── carrick-runtime v0.1.0 (*)
              │   ├── carrick-timer-core v0.1.0 (*)
              │   └── carrick-vfs v0.1.0 (*)
              ├── (dev) carrick-runtime v0.1.0 (*)
              ├── carrick-signal-core v0.1.0
              │   ├── carrick-hal v0.1.0 (*)
              │   ├── carrick-host-bsd v0.1.0 (*)
              │   ├── carrick-kernel v0.1.0 (*)
              │   ├── carrick-runtime v0.1.0 (*)
              │   ├── carrick-vmm-bhyve v0.1.0 (*)
              │   ├── carrick-vmm-hvf v0.1.0 (*)
              │   ├── carrick-vmm-kvm v0.1.0 (*)
              │   └── carrick-vmm-nvmm v0.1.0 (*)
              ├── carrick-vfs v0.1.0 (*)
              ├── native-syscall-slice v0.1.0 (*)
              ├── proptest v1.11.0 (*)
              └── rusty-fork v0.3.1
                  └── proptest v1.11.0 (*)
    ├ r-efi v6.0.0
      └── getrandom v0.4.2
          └── rand v0.10.1
              ├── carrick-cli v0.1.0
              └── hickory-proto v0.26.1
                  ├── carrick-kernel v0.1.0
                  │   ├── carrick-cli v0.1.0 (*)
                  │   ├── carrick-embed v0.1.0
                  │   │   └── carrick-conformance-next v0.1.0
                  │   ├── carrick-engine v0.1.0
                  │   │   ├── carrick-cli v0.1.0 (*)
                  │   │   └── carrick-embed v0.1.0 (*)
                  │   ├── (dev) carrick-kernel v0.1.0 (*)
                  │   ├── carrick-kernel-example v0.1.0
                  │   │   └── native-syscall-slice v0.1.0
                  │   │       └── (dev) carrick-runtime v0.1.0
                  │   │           ├── carrick-cli v0.1.0 (*)
                  │   │           ├── carrick-embed v0.1.0 (*)
                  │   │           ├── carrick-engine v0.1.0 (*)
                  │   │           └── (dev) carrick-runtime v0.1.0 (*)
                  │   ├── carrick-runtime v0.1.0 (*)
                  │   └── native-syscall-slice v0.1.0 (*)
                  └── carrick-runtime v0.1.0 (*)

warning[duplicate]: found 2 duplicate entries for crate 'syn'
    ┌─ /Users/tjfontaine/.codex/worktrees/el1-completion/carrick/Cargo.lock:264:1
    │  
264 │ ╭ syn 2.0.117 registry+https://github.com/rust-lang/crates.io-index
265 │ │ syn 3.0.3 registry+https://github.com/rust-lang/crates.io-index
    │ ╰───────────────────────────────────────────────────────────────┘ lock entries
    │  
    ├ syn v2.0.117
      ├── carrick-conformance-contract v0.1.0
      │   ├── (dev) carrick-aarch64 v0.1.0
      │   │   ├── carrick-runtime v0.1.0
      │   │   │   ├── carrick-cli v0.1.0
      │   │   │   ├── carrick-embed v0.1.0
      │   │   │   │   └── carrick-conformance-next v0.1.0
      │   │   │   ├── carrick-engine v0.1.0
      │   │   │   │   ├── carrick-cli v0.1.0 (*)
      │   │   │   │   └── carrick-embed v0.1.0 (*)
      │   │   │   └── (dev) carrick-runtime v0.1.0 (*)
      │   │   ├── carrick-vmm-hvf v0.1.0
      │   │   │   ├── carrick-cli v0.1.0 (*)
      │   │   │   └── carrick-runtime v0.1.0 (*)
      │   │   └── carrick-vmm-kvm v0.1.0
      │   ├── (dev) carrick-conformance-next v0.1.0 (*)
      │   ├── carrick-embed v0.1.0 (*)
      │   ├── carrick-investigation v0.1.0
      │   ├── (dev) carrick-kernel v0.1.0
      │   │   ├── carrick-cli v0.1.0 (*)
      │   │   ├── carrick-embed v0.1.0 (*)
      │   │   ├── carrick-engine v0.1.0 (*)
      │   │   ├── (dev) carrick-kernel v0.1.0 (*)
      │   │   ├── carrick-kernel-example v0.1.0
      │   │   │   └── native-syscall-slice v0.1.0
      │   │   │       └── (dev) carrick-runtime v0.1.0 (*)
      │   │   ├── carrick-runtime v0.1.0 (*)
      │   │   └── native-syscall-slice v0.1.0 (*)
      │   ├── carrick-kernel-example v0.1.0 (*)
      │   ├── (dev) carrick-runtime v0.1.0 (*)
      │   ├── (dev) carrick-vmm-hvf v0.1.0 (*)
      │   └── native-syscall-slice v0.1.0 (*)
      ├── clap_derive v4.6.1
      │   └── clap v4.6.1
      │       ├── carrick-cli v0.1.0 (*)
      │       ├── carrick-conformance v0.1.0
      │       ├── carrick-runtime v0.1.0 (*)
      │       ├── carrick-spec v0.1.0
      │       │   ├── carrick-cli v0.1.0 (*)
      │       │   ├── carrick-conformance-next v0.1.0 (*)
      │       │   ├── carrick-embed v0.1.0 (*)
      │       │   ├── carrick-engine v0.1.0 (*)
      │       │   ├── carrick-image v0.1.0
      │       │   │   ├── carrick-cli v0.1.0 (*)
      │       │   │   ├── carrick-embed v0.1.0 (*)
      │       │   │   ├── carrick-engine v0.1.0 (*)
      │       │   │   └── (dev) carrick-runtime v0.1.0 (*)
      │       │   ├── carrick-kernel v0.1.0 (*)
      │       │   ├── carrick-runtime v0.1.0 (*)
      │       │   └── carrick-vfs v0.1.0
      │       │       ├── carrick-cli v0.1.0 (*)
      │       │       ├── carrick-embed v0.1.0 (*)
      │       │       ├── carrick-engine v0.1.0 (*)
      │       │       ├── carrick-kernel v0.1.0 (*)
      │       │       ├── carrick-kernel-example v0.1.0 (*)
      │       │       ├── carrick-runtime v0.1.0 (*)
      │       │       └── native-syscall-slice v0.1.0 (*)
      │       └── carrick-vmm-hvf v0.1.0 (*)
      ├── darling_core v0.20.11
      │   ├── darling v0.20.11
      │   │   └── derive_builder_core v0.20.2
      │   │       └── derive_builder_macro v0.20.2
      │   │           └── derive_builder v0.20.2
      │   │               └── oci-spec v0.8.4
      │   │                   └── oci-client v0.15.0
      │   │                       ├── carrick-image v0.1.0 (*)
      │   │                       ├── carrick-runtime v0.1.0 (*)
      │   │                       └── carrick-spec v0.1.0 (*)
      │   └── darling_macro v0.20.11
      │       └── darling v0.20.11 (*)
      ├── darling_macro v0.20.11 (*)
      ├── derive_builder_core v0.20.2 (*)
      ├── derive_builder_macro v0.20.2 (*)
      ├── displaydoc v0.2.5
      │   ├── icu_collections v2.2.0
      │   │   ├── icu_normalizer v2.2.0
      │   │   │   └── idna_adapter v1.2.2
      │   │   │       └── idna v1.1.0
      │   │   │           ├── hickory-proto v0.26.1
      │   │   │           │   ├── carrick-kernel v0.1.0 (*)
      │   │   │           │   └── carrick-runtime v0.1.0 (*)
      │   │   │           └── url v2.5.8
      │   │   │               ├── bollard v0.18.1
      │   │   │               │   └── (dev) carrick-cli v0.1.0 (*)
      │   │   │               ├── hickory-proto v0.26.1 (*)
      │   │   │               ├── reqwest v0.12.28
      │   │   │               │   └── oci-client v0.15.0 (*)
      │   │   │               └── tower-http v0.6.10
      │   │   │                   └── reqwest v0.12.28 (*)
      │   │   └── icu_properties v2.2.0
      │   │       └── idna_adapter v1.2.2 (*)
      │   ├── icu_locale_core v2.2.0
      │   │   ├── icu_properties v2.2.0 (*)
      │   │   └── icu_provider v2.2.0
      │   │       ├── icu_normalizer v2.2.0 (*)
      │   │       └── icu_properties v2.2.0 (*)
      │   ├── icu_provider v2.2.0 (*)
      │   ├── tinystr v0.8.3
      │   │   └── icu_locale_core v2.2.0 (*)
      │   └── zerotrie v0.2.4
      │       ├── icu_properties v2.2.0 (*)
      │       └── icu_provider v2.2.0 (*)
      ├── futures-macro v0.3.32
      │   └── futures-util v0.3.32
      │       ├── bollard v0.18.1 (*)
      │       ├── (dev) carrick-cli v0.1.0 (*)
      │       ├── hyper-util v0.1.20
      │       │   ├── bollard v0.18.1 (*)
      │       │   ├── carrick-cli v0.1.0 (*)
      │       │   ├── hyper-named-pipe v0.1.0
      │       │   │   └── bollard v0.18.1 (*)
      │       │   ├── hyper-rustls v0.27.9
      │       │   │   └── reqwest v0.12.28 (*)
      │       │   ├── hyperlocal v0.9.1
      │       │   │   └── bollard v0.18.1 (*)
      │       │   └── reqwest v0.12.28 (*)
      │       ├── js-sys v0.3.98
      │       │   ├── chrono v0.4.44
      │       │   │   ├── carrick-cli v0.1.0 (*)
      │       │   │   ├── carrick-investigation v0.1.0 (*)
      │       │   │   └── oci-client v0.15.0 (*)
      │       │   ├── iana-time-zone v0.1.65
      │       │   │   └── chrono v0.4.44 (*)
      │       │   ├── reqwest v0.12.28 (*)
      │       │   ├── wasm-bindgen-futures v0.4.71
      │       │   │   ├── reqwest v0.12.28 (*)
      │       │   │   └── wasm-streams v0.4.2
      │       │   │       └── reqwest v0.12.28 (*)
      │       │   ├── wasm-streams v0.4.2 (*)
      │       │   └── web-sys v0.3.98
      │       │       ├── reqwest v0.12.28 (*)
      │       │       └── wasm-streams v0.4.2 (*)
      │       ├── oci-client v0.15.0 (*)
      │       ├── reqwest v0.12.28 (*)
      │       ├── tower v0.5.3
      │       │   ├── reqwest v0.12.28 (*)
      │       │   └── tower-http v0.6.10 (*)
      │       ├── tower-http v0.6.10 (*)
      │       └── wasm-streams v0.4.2 (*)
      ├── getset v0.1.6
      │   └── oci-spec v0.8.4 (*)
      ├── jni-macros v0.22.4
      │   └── jni v0.22.4
      │       └── hickory-proto v0.26.1 (*)
      ├── jni-sys-macros v0.4.1
      │   └── jni-sys v0.4.1
      │       └── jni v0.22.4 (*)
      ├── pest_generator v2.8.6
      │   └── pest_derive v2.8.6
      │       └── dtrace-parser v0.3.0
      │           ├── usdt-attr-macro v0.6.0
      │           │   └── usdt v0.6.0
      │           │       ├── carrick-observability v0.1.0
      │           │       │   ├── carrick-aarch64 v0.1.0 (*)
      │           │       │   ├── carrick-conformance-contract v0.1.0 (*)
      │           │       │   ├── carrick-embed v0.1.0 (*)
      │           │       │   ├── carrick-kernel v0.1.0 (*)
      │           │       │   ├── carrick-kernel-example v0.1.0 (*)
      │           │       │   ├── carrick-runtime v0.1.0 (*)
      │           │       │   ├── carrick-thread v0.1.0
      │           │       │   │   ├── carrick-embed v0.1.0 (*)
      │           │       │   │   ├── carrick-kernel v0.1.0 (*)
      │           │       │   │   ├── carrick-runtime v0.1.0 (*)
      │           │       │   │   ├── carrick-vmm-bhyve v0.1.0
      │           │       │   │   ├── carrick-vmm-hvf v0.1.0 (*)
      │           │       │   │   ├── carrick-vmm-kvm v0.1.0 (*)
      │           │       │   │   └── carrick-vmm-nvmm v0.1.0
      │           │       │   ├── carrick-vfs v0.1.0 (*)
      │           │       │   └── carrick-vmm-hvf v0.1.0 (*)
      │           │       └── carrick-vmm-hvf v0.1.0 (*)
      │           ├── usdt-impl v0.6.0
      │           │   ├── usdt v0.6.0 (*)
      │           │   ├── usdt-attr-macro v0.6.0 (*)
      │           │   └── usdt-macro v0.6.0
      │           │       └── usdt v0.6.0 (*)
      │           └── usdt-macro v0.6.0 (*)
      ├── proc-macro-error2 v2.0.1
      │   └── getset v0.1.6 (*)
      ├── scroll_derive v0.13.1
      │   └── scroll v0.13.0
      │       └── goblin v0.10.5
      │           ├── carrick-kernel v0.1.0 (*)
      │           ├── carrick-mem v0.1.0
      │           │   ├── carrick-aarch64 v0.1.0 (*)
      │           │   ├── carrick-hal v0.1.0
      │           │   │   ├── carrick-aarch64 v0.1.0 (*)
      │           │   │   ├── carrick-embed v0.1.0 (*)
      │           │   │   ├── carrick-host-bsd v0.1.0
      │           │   │   │   ├── carrick-cli v0.1.0 (*)
      │           │   │   │   ├── carrick-kernel v0.1.0 (*)
      │           │   │   │   ├── carrick-runtime v0.1.0 (*)
      │           │   │   │   ├── carrick-vfs v0.1.0 (*)
      │           │   │   │   ├── carrick-vmm-bhyve v0.1.0 (*)
      │           │   │   │   ├── carrick-vmm-hvf v0.1.0 (*)
      │           │   │   │   └── carrick-vmm-nvmm v0.1.0 (*)
      │           │   │   ├── carrick-host-linux v0.1.0
      │           │   │   │   ├── carrick-kernel v0.1.0 (*)
      │           │   │   │   └── carrick-vfs v0.1.0 (*)
      │           │   │   ├── carrick-kernel v0.1.0 (*)
      │           │   │   ├── carrick-kernel-example v0.1.0 (*)
      │           │   │   ├── carrick-runtime v0.1.0 (*)
      │           │   │   ├── carrick-thread v0.1.0 (*)
      │           │   │   ├── carrick-vfs v0.1.0 (*)
      │           │   │   ├── carrick-vmm-bhyve v0.1.0 (*)
      │           │   │   ├── carrick-vmm-hvf v0.1.0 (*)
      │           │   │   ├── carrick-vmm-kvm v0.1.0 (*)
      │           │   │   ├── carrick-vmm-nvmm v0.1.0 (*)
      │           │   │   ├── carrick-x86 v0.1.0
      │           │   │   │   ├── carrick-vmm-bhyve v0.1.0 (*)
      │           │   │   │   ├── carrick-vmm-kvm v0.1.0 (*)
      │           │   │   │   └── carrick-vmm-nvmm v0.1.0 (*)
      │           │   │   └── native-syscall-slice v0.1.0 (*)
      │           │   ├── carrick-kernel v0.1.0 (*)
      │           │   ├── (dev) carrick-mmu-core v0.1.0
      │           │   │   ├── carrick-aarch64 v0.1.0 (*)
      │           │   │   ├── carrick-hal v0.1.0 (*)
      │           │   │   ├── carrick-kernel v0.1.0 (*)
      │           │   │   ├── carrick-mem v0.1.0 (*)
      │           │   │   ├── carrick-runtime v0.1.0 (*)
      │           │   │   └── carrick-vmm-hvf v0.1.0 (*)
      │           │   ├── carrick-runtime v0.1.0 (*)
      │           │   ├── carrick-vmm-bhyve v0.1.0 (*)
      │           │   ├── carrick-vmm-hvf v0.1.0 (*)
      │           │   ├── carrick-vmm-kvm v0.1.0 (*)
      │           │   ├── carrick-vmm-nvmm v0.1.0 (*)
      │           │   └── carrick-x86 v0.1.0 (*)
      │           ├── carrick-runtime v0.1.0 (*)
      │           ├── dof v0.4.0
      │           │   ├── usdt v0.6.0 (*)
      │           │   └── usdt-impl v0.6.0 (*)
      │           ├── native-syscall-slice v0.1.0 (*)
      │           └── usdt v0.6.0 (*)
      ├── serde_derive v1.0.228
      │   ├── bollard v0.18.1 (*)
      │   └── serde v1.0.228
      │       ├── bollard v0.18.1 (*)
      │       ├── bollard-stubs v1.47.1-rc.27.3.1
      │       │   └── bollard v0.18.1 (*)
      │       ├── carrick-abi v0.1.0
      │       │   ├── carrick-aarch64 v0.1.0 (*)
      │       │   ├── carrick-conformance-contract v0.1.0 (*)
      │       │   ├── carrick-conformance-next v0.1.0 (*)
      │       │   ├── carrick-embed v0.1.0 (*)
      │       │   ├── carrick-engine v0.1.0 (*)
      │       │   ├── carrick-hal v0.1.0 (*)
      │       │   ├── carrick-host-bsd v0.1.0 (*)
      │       │   ├── carrick-host-linux v0.1.0 (*)
      │       │   ├── carrick-kernel v0.1.0 (*)
      │       │   ├── carrick-kernel-example v0.1.0 (*)
      │       │   ├── carrick-mem v0.1.0 (*)
      │       │   ├── carrick-observability v0.1.0 (*)
      │       │   ├── carrick-runtime v0.1.0 (*)
      │       │   ├── carrick-signal-core v0.1.0
      │       │   │   ├── carrick-hal v0.1.0 (*)
      │       │   │   ├── carrick-host-bsd v0.1.0 (*)
      │       │   │   ├── carrick-kernel v0.1.0 (*)
      │       │   │   ├── carrick-runtime v0.1.0 (*)
      │       │   │   ├── carrick-vmm-bhyve v0.1.0 (*)
      │       │   │   ├── carrick-vmm-hvf v0.1.0 (*)
      │       │   │   ├── carrick-vmm-kvm v0.1.0 (*)
      │       │   │   └── carrick-vmm-nvmm v0.1.0 (*)
      │       │   ├── carrick-spec v0.1.0 (*)
      │       │   ├── carrick-thread v0.1.0 (*)
      │       │   ├── carrick-timer-core v0.1.0
      │       │   │   ├── carrick-hal v0.1.0 (*)
      │       │   │   ├── carrick-kernel v0.1.0 (*)
      │       │   │   ├── carrick-runtime v0.1.0 (*)
      │       │   │   ├── carrick-vmm-bhyve v0.1.0 (*)
      │       │   │   ├── carrick-vmm-hvf v0.1.0 (*)
      │       │   │   ├── carrick-vmm-kvm v0.1.0 (*)
      │       │   │   └── carrick-vmm-nvmm v0.1.0 (*)
      │       │   ├── carrick-vfs v0.1.0 (*)
      │       │   ├── carrick-vmm-bhyve v0.1.0 (*)
      │       │   ├── carrick-vmm-hvf v0.1.0 (*)
      │       │   ├── carrick-vmm-kvm v0.1.0 (*)
      │       │   ├── carrick-vmm-nvmm v0.1.0 (*)
      │       │   ├── carrick-x86 v0.1.0 (*)
      │       │   └── native-syscall-slice v0.1.0 (*)
      │       ├── (dev) carrick-cli v0.1.0 (*)
      │       ├── carrick-conformance v0.1.0 (*)
      │       ├── carrick-conformance-contract v0.1.0 (*)
      │       ├── carrick-coordinator v0.1.0
      │       │   ├── carrick-conformance v0.1.0 (*)
      │       │   └── carrick-investigation v0.1.0 (*)
      │       ├── carrick-engine v0.1.0 (*)
      │       ├── carrick-guest-mem v0.1.0
      │       │   ├── carrick-aarch64 v0.1.0 (*)
      │       │   ├── carrick-conformance-next v0.1.0 (*)
      │       │   ├── carrick-embed v0.1.0 (*)
      │       │   ├── carrick-hal v0.1.0 (*)
      │       │   ├── carrick-kernel v0.1.0 (*)
      │       │   ├── carrick-kernel-example v0.1.0 (*)
      │       │   ├── carrick-mem v0.1.0 (*)
      │       │   ├── carrick-observability v0.1.0 (*)
      │       │   ├── carrick-runtime v0.1.0 (*)
      │       │   ├── carrick-spec v0.1.0 (*)
      │       │   ├── carrick-vfs v0.1.0 (*)
      │       │   ├── carrick-vmm-bhyve v0.1.0 (*)
      │       │   ├── carrick-vmm-hvf v0.1.0 (*)
      │       │   ├── carrick-vmm-kvm v0.1.0 (*)
      │       │   ├── carrick-vmm-nvmm v0.1.0 (*)
      │       │   ├── carrick-x86 v0.1.0 (*)
      │       │   └── native-syscall-slice v0.1.0 (*)
      │       ├── carrick-hal v0.1.0 (*)
      │       ├── carrick-image v0.1.0 (*)
      │       ├── carrick-investigation v0.1.0 (*)
      │       ├── carrick-kernel v0.1.0 (*)
      │       ├── carrick-mem v0.1.0 (*)
      │       ├── carrick-observability v0.1.0 (*)
      │       ├── carrick-runtime v0.1.0 (*)
      │       ├── carrick-spec v0.1.0 (*)
      │       ├── carrick-thread v0.1.0 (*)
      │       ├── carrick-vfs v0.1.0 (*)
      │       ├── carrick-vmm-hvf v0.1.0 (*)
      │       ├── chrono v0.4.44 (*)
      │       ├── dof v0.4.0 (*)
      │       ├── jwt v0.16.0
      │       │   └── oci-client v0.15.0 (*)
      │       ├── oci-client v0.15.0 (*)
      │       ├── oci-spec v0.8.4 (*)
      │       ├── olpc-cjson v0.1.4
      │       │   └── oci-client v0.15.0 (*)
      │       ├── reqwest v0.12.28 (*)
      │       ├── serde_spanned v0.6.9
      │       │   ├── toml v0.8.23
      │       │   │   ├── carrick-conformance v0.1.0 (*)
      │       │   │   └── carrick-conformance-contract v0.1.0 (*)
      │       │   └── toml_edit v0.22.27
      │       │       └── toml v0.8.23 (*)
      │       ├── serde_tokenstream v0.2.3
      │       │   ├── usdt-attr-macro v0.6.0 (*)
      │       │   └── usdt-macro v0.6.0 (*)
      │       ├── serde_urlencoded v0.7.1
      │       │   ├── bollard v0.18.1 (*)
      │       │   └── reqwest v0.12.28 (*)
      │       ├── toml v0.8.23 (*)
      │       ├── toml_datetime v0.6.11
      │       │   ├── toml v0.8.23 (*)
      │       │   └── toml_edit v0.22.27 (*)
      │       ├── toml_edit v0.22.27 (*)
      │       ├── usdt v0.6.0 (*)
      │       └── usdt-impl v0.6.0 (*)
      ├── serde_repr v0.1.20
      │   ├── bollard v0.18.1 (*)
      │   └── bollard-stubs v1.47.1-rc.27.3.1 (*)
      ├── serde_tokenstream v0.2.3 (*)
      ├── strum_macros v0.27.2
      │   └── oci-spec v0.8.4 (*)
      ├── synstructure v0.13.2
      │   ├── yoke-derive v0.8.2
      │   │   └── yoke v0.8.2
      │   │       ├── icu_collections v2.2.0 (*)
      │   │       ├── icu_provider v2.2.0 (*)
      │   │       ├── zerotrie v0.2.4 (*)
      │   │       └── zerovec v0.11.6
      │   │           ├── icu_collections v2.2.0 (*)
      │   │           ├── icu_locale_core v2.2.0 (*)
      │   │           ├── icu_normalizer v2.2.0 (*)
      │   │           ├── icu_properties v2.2.0 (*)
      │   │           ├── icu_provider v2.2.0 (*)
      │   │           ├── potential_utf v0.1.5
      │   │           │   └── icu_collections v2.2.0 (*)
      │   │           └── tinystr v0.8.3 (*)
      │   └── zerofrom-derive v0.1.7
      │       └── zerofrom v0.1.8
      │           ├── icu_collections v2.2.0 (*)
      │           ├── icu_provider v2.2.0 (*)
      │           ├── yoke v0.8.2 (*)
      │           ├── zerotrie v0.2.4 (*)
      │           └── zerovec v0.11.6 (*)
      ├── tokio-macros v2.7.0
      │   └── tokio v1.52.3
      │       ├── bollard v0.18.1 (*)
      │       ├── (dev) carrick-cli v0.1.0 (*)
      │       ├── carrick-conformance-next v0.1.0 (*)
      │       ├── carrick-embed v0.1.0 (*)
      │       ├── carrick-engine v0.1.0 (*)
      │       ├── carrick-image v0.1.0 (*)
      │       ├── (dev) carrick-runtime v0.1.0 (*)
      │       ├── hyper v1.9.0
      │       │   ├── bollard v0.18.1 (*)
      │       │   ├── carrick-cli v0.1.0 (*)
      │       │   ├── hyper-named-pipe v0.1.0 (*)
      │       │   ├── hyper-rustls v0.27.9 (*)
      │       │   ├── hyper-util v0.1.20 (*)
      │       │   ├── hyperlocal v0.9.1 (*)
      │       │   └── reqwest v0.12.28 (*)
      │       ├── hyper-named-pipe v0.1.0 (*)
      │       ├── hyper-rustls v0.27.9 (*)
      │       ├── hyper-util v0.1.20 (*)
      │       ├── hyperlocal v0.9.1 (*)
      │       ├── oci-client v0.15.0 (*)
      │       ├── reqwest v0.12.28 (*)
      │       ├── tokio-rustls v0.26.4
      │       │   ├── hyper-rustls v0.27.9 (*)
      │       │   └── reqwest v0.12.28 (*)
      │       ├── tokio-util v0.7.18
      │       │   ├── bollard v0.18.1 (*)
      │       │   └── reqwest v0.12.28 (*)
      │       └── tower v0.5.3 (*)
      ├── tracing-attributes v0.1.31
      │   └── tracing v0.1.44
      │       ├── carrick-aarch64 v0.1.0 (*)
      │       ├── carrick-cli v0.1.0 (*)
      │       ├── carrick-kernel v0.1.0 (*)
      │       ├── carrick-runtime v0.1.0 (*)
      │       ├── carrick-vfs v0.1.0 (*)
      │       ├── carrick-vmm-hvf v0.1.0 (*)
      │       ├── hickory-proto v0.26.1 (*)
      │       ├── hyper-util v0.1.20 (*)
      │       ├── oci-client v0.15.0 (*)
      │       └── tracing-subscriber v0.3.23
      │           ├── carrick-cli v0.1.0 (*)
      │           ├── (dev) carrick-conformance-next v0.1.0 (*)
      │           └── carrick-runtime v0.1.0 (*)
      ├── usdt-attr-macro v0.6.0 (*)
      ├── usdt-impl v0.6.0 (*)
      ├── usdt-macro v0.6.0 (*)
      ├── wasm-bindgen-macro-support v0.2.121
      │   └── wasm-bindgen-macro v0.2.121
      │       └── wasm-bindgen v0.2.121
      │           ├── chrono v0.4.44 (*)
      │           ├── iana-time-zone v0.1.65 (*)
      │           ├── js-sys v0.3.98 (*)
      │           ├── reqwest v0.12.28 (*)
      │           ├── wasm-bindgen-futures v0.4.71 (*)
      │           ├── wasm-streams v0.4.2 (*)
      │           └── web-sys v0.3.98 (*)
      ├── windows-implement v0.60.2
      │   └── windows-core v0.62.2
      │       └── iana-time-zone v0.1.65 (*)
      ├── windows-interface v0.59.3
      │   └── windows-core v0.62.2 (*)
      ├── yoke-derive v0.8.2 (*)
      ├── zerocopy-derive v0.8.48
      │   └── zerocopy v0.8.48
      │       ├── carrick-abi v0.1.0 (*)
      │       ├── carrick-guest-mem v0.1.0 (*)
      │       ├── carrick-hal v0.1.0 (*)
      │       ├── carrick-kernel v0.1.0 (*)
      │       ├── carrick-mem v0.1.0 (*)
      │       ├── carrick-runtime v0.1.0 (*)
      │       ├── carrick-vmm-hvf v0.1.0 (*)
      │       ├── carrick-x86 v0.1.0 (*)
      │       ├── dof v0.4.0 (*)
      │       └── ppv-lite86 v0.2.21
      │           └── rand_chacha v0.9.0
      │               └── proptest v1.11.0
      │                   ├── (dev) carrick-kernel v0.1.0 (*)
      │                   └── (dev) carrick-runtime v0.1.0 (*)
      ├── zerofrom-derive v0.1.7 (*)
      └── zerovec-derive v0.11.3
          └── zerovec v0.11.6 (*)
    ├ syn v3.0.3
      └── thiserror-impl v2.0.20
          └── thiserror v2.0.20
              ├── bollard v0.18.1
              │   └── (dev) carrick-cli v0.1.0
              ├── carrick-cli v0.1.0 (*)
              ├── carrick-conformance-contract v0.1.0
              │   ├── (dev) carrick-aarch64 v0.1.0
              │   │   ├── carrick-runtime v0.1.0
              │   │   │   ├── carrick-cli v0.1.0 (*)
              │   │   │   ├── carrick-embed v0.1.0
              │   │   │   │   └── carrick-conformance-next v0.1.0
              │   │   │   ├── carrick-engine v0.1.0
              │   │   │   │   ├── carrick-cli v0.1.0 (*)
              │   │   │   │   └── carrick-embed v0.1.0 (*)
              │   │   │   └── (dev) carrick-runtime v0.1.0 (*)
              │   │   ├── carrick-vmm-hvf v0.1.0
              │   │   │   ├── carrick-cli v0.1.0 (*)
              │   │   │   └── carrick-runtime v0.1.0 (*)
              │   │   └── carrick-vmm-kvm v0.1.0
              │   ├── (dev) carrick-conformance-next v0.1.0 (*)
              │   ├── carrick-embed v0.1.0 (*)
              │   ├── carrick-investigation v0.1.0
              │   ├── (dev) carrick-kernel v0.1.0
              │   │   ├── carrick-cli v0.1.0 (*)
              │   │   ├── carrick-embed v0.1.0 (*)
              │   │   ├── carrick-engine v0.1.0 (*)
              │   │   ├── (dev) carrick-kernel v0.1.0 (*)
              │   │   ├── carrick-kernel-example v0.1.0
              │   │   │   └── native-syscall-slice v0.1.0
              │   │   │       └── (dev) carrick-runtime v0.1.0 (*)
              │   │   ├── carrick-runtime v0.1.0 (*)
              │   │   └── native-syscall-slice v0.1.0 (*)
              │   ├── carrick-kernel-example v0.1.0 (*)
              │   ├── (dev) carrick-runtime v0.1.0 (*)
              │   ├── (dev) carrick-vmm-hvf v0.1.0 (*)
              │   └── native-syscall-slice v0.1.0 (*)
              ├── carrick-conformance-next v0.1.0 (*)
              ├── carrick-coordinator v0.1.0
              │   ├── carrick-conformance v0.1.0
              │   └── carrick-investigation v0.1.0 (*)
              ├── carrick-embed v0.1.0 (*)
              ├── carrick-engine v0.1.0 (*)
              ├── carrick-guest-mem v0.1.0
              │   ├── carrick-aarch64 v0.1.0 (*)
              │   ├── carrick-conformance-next v0.1.0 (*)
              │   ├── carrick-embed v0.1.0 (*)
              │   ├── carrick-hal v0.1.0
              │   │   ├── carrick-aarch64 v0.1.0 (*)
              │   │   ├── carrick-embed v0.1.0 (*)
              │   │   ├── carrick-host-bsd v0.1.0
              │   │   │   ├── carrick-cli v0.1.0 (*)
              │   │   │   ├── carrick-kernel v0.1.0 (*)
              │   │   │   ├── carrick-runtime v0.1.0 (*)
              │   │   │   ├── carrick-vfs v0.1.0
              │   │   │   │   ├── carrick-cli v0.1.0 (*)
              │   │   │   │   ├── carrick-embed v0.1.0 (*)
              │   │   │   │   ├── carrick-engine v0.1.0 (*)
              │   │   │   │   ├── carrick-kernel v0.1.0 (*)
              │   │   │   │   ├── carrick-kernel-example v0.1.0 (*)
              │   │   │   │   ├── carrick-runtime v0.1.0 (*)
              │   │   │   │   └── native-syscall-slice v0.1.0 (*)
              │   │   │   ├── carrick-vmm-bhyve v0.1.0
              │   │   │   ├── carrick-vmm-hvf v0.1.0 (*)
              │   │   │   └── carrick-vmm-nvmm v0.1.0
              │   │   ├── carrick-host-linux v0.1.0
              │   │   │   ├── carrick-kernel v0.1.0 (*)
              │   │   │   └── carrick-vfs v0.1.0 (*)
              │   │   ├── carrick-kernel v0.1.0 (*)
              │   │   ├── carrick-kernel-example v0.1.0 (*)
              │   │   ├── carrick-runtime v0.1.0 (*)
              │   │   ├── carrick-thread v0.1.0
              │   │   │   ├── carrick-embed v0.1.0 (*)
              │   │   │   ├── carrick-kernel v0.1.0 (*)
              │   │   │   ├── carrick-runtime v0.1.0 (*)
              │   │   │   ├── carrick-vmm-bhyve v0.1.0 (*)
              │   │   │   ├── carrick-vmm-hvf v0.1.0 (*)
              │   │   │   ├── carrick-vmm-kvm v0.1.0 (*)
              │   │   │   └── carrick-vmm-nvmm v0.1.0 (*)
              │   │   ├── carrick-vfs v0.1.0 (*)
              │   │   ├── carrick-vmm-bhyve v0.1.0 (*)
              │   │   ├── carrick-vmm-hvf v0.1.0 (*)
              │   │   ├── carrick-vmm-kvm v0.1.0 (*)
              │   │   ├── carrick-vmm-nvmm v0.1.0 (*)
              │   │   ├── carrick-x86 v0.1.0
              │   │   │   ├── carrick-vmm-bhyve v0.1.0 (*)
              │   │   │   ├── carrick-vmm-kvm v0.1.0 (*)
              │   │   │   └── carrick-vmm-nvmm v0.1.0 (*)
              │   │   └── native-syscall-slice v0.1.0 (*)
              │   ├── carrick-kernel v0.1.0 (*)
              │   ├── carrick-kernel-example v0.1.0 (*)
              │   ├── carrick-mem v0.1.0
              │   │   ├── carrick-aarch64 v0.1.0 (*)
              │   │   ├── carrick-hal v0.1.0 (*)
              │   │   ├── carrick-kernel v0.1.0 (*)
              │   │   ├── (dev) carrick-mmu-core v0.1.0
              │   │   │   ├── carrick-aarch64 v0.1.0 (*)
              │   │   │   ├── carrick-hal v0.1.0 (*)
              │   │   │   ├── carrick-kernel v0.1.0 (*)
              │   │   │   ├── carrick-mem v0.1.0 (*)
              │   │   │   ├── carrick-runtime v0.1.0 (*)
              │   │   │   └── carrick-vmm-hvf v0.1.0 (*)
              │   │   ├── carrick-runtime v0.1.0 (*)
              │   │   ├── carrick-vmm-bhyve v0.1.0 (*)
              │   │   ├── carrick-vmm-hvf v0.1.0 (*)
              │   │   ├── carrick-vmm-kvm v0.1.0 (*)
              │   │   ├── carrick-vmm-nvmm v0.1.0 (*)
              │   │   └── carrick-x86 v0.1.0 (*)
              │   ├── carrick-observability v0.1.0
              │   │   ├── carrick-aarch64 v0.1.0 (*)
              │   │   ├── carrick-conformance-contract v0.1.0 (*)
              │   │   ├── carrick-embed v0.1.0 (*)
              │   │   ├── carrick-kernel v0.1.0 (*)
              │   │   ├── carrick-kernel-example v0.1.0 (*)
              │   │   ├── carrick-runtime v0.1.0 (*)
              │   │   ├── carrick-thread v0.1.0 (*)
              │   │   ├── carrick-vfs v0.1.0 (*)
              │   │   └── carrick-vmm-hvf v0.1.0 (*)
              │   ├── carrick-runtime v0.1.0 (*)
              │   ├── carrick-spec v0.1.0
              │   │   ├── carrick-cli v0.1.0 (*)
              │   │   ├── carrick-conformance-next v0.1.0 (*)
              │   │   ├── carrick-embed v0.1.0 (*)
              │   │   ├── carrick-engine v0.1.0 (*)
              │   │   ├── carrick-image v0.1.0
              │   │   │   ├── carrick-cli v0.1.0 (*)
              │   │   │   ├── carrick-embed v0.1.0 (*)
              │   │   │   ├── carrick-engine v0.1.0 (*)
              │   │   │   └── (dev) carrick-runtime v0.1.0 (*)
              │   │   ├── carrick-kernel v0.1.0 (*)
              │   │   ├── carrick-runtime v0.1.0 (*)
              │   │   └── carrick-vfs v0.1.0 (*)
              │   ├── carrick-vfs v0.1.0 (*)
              │   ├── carrick-vmm-bhyve v0.1.0 (*)
              │   ├── carrick-vmm-hvf v0.1.0 (*)
              │   ├── carrick-vmm-kvm v0.1.0 (*)
              │   ├── carrick-vmm-nvmm v0.1.0 (*)
              │   ├── carrick-x86 v0.1.0 (*)
              │   └── native-syscall-slice v0.1.0 (*)
              ├── carrick-hal v0.1.0 (*)
              ├── carrick-image v0.1.0 (*)
              ├── carrick-investigation v0.1.0 (*)
              ├── carrick-kernel v0.1.0 (*)
              ├── carrick-kernel-example v0.1.0 (*)
              ├── carrick-mem v0.1.0 (*)
              ├── carrick-observability v0.1.0 (*)
              ├── carrick-runtime v0.1.0 (*)
              ├── carrick-spec v0.1.0 (*)
              ├── carrick-vfs v0.1.0 (*)
              ├── carrick-vmm-hvf v0.1.0 (*)
              ├── dof v0.4.0
              │   ├── usdt v0.6.0
              │   │   ├── carrick-observability v0.1.0 (*)
              │   │   └── carrick-vmm-hvf v0.1.0 (*)
              │   └── usdt-impl v0.6.0
              │       ├── usdt v0.6.0 (*)
              │       ├── usdt-attr-macro v0.6.0
              │       │   └── usdt v0.6.0 (*)
              │       └── usdt-macro v0.6.0
              │           └── usdt v0.6.0 (*)
              ├── dtrace-parser v0.3.0
              │   ├── usdt-attr-macro v0.6.0 (*)
              │   ├── usdt-impl v0.6.0 (*)
              │   └── usdt-macro v0.6.0 (*)
              ├── hickory-proto v0.26.1
              │   ├── carrick-kernel v0.1.0 (*)
              │   └── carrick-runtime v0.1.0 (*)
              ├── jni v0.22.4
              │   └── hickory-proto v0.26.1 (*)
              ├── oci-client v0.15.0
              │   ├── carrick-image v0.1.0 (*)
              │   ├── carrick-runtime v0.1.0 (*)
              │   └── carrick-spec v0.1.0 (*)
              ├── oci-spec v0.8.4
              │   └── oci-client v0.15.0 (*)
              └── usdt-impl v0.6.0 (*)

warning[duplicate]: found 3 duplicate entries for crate 'windows-sys'
    ┌─ /Users/tjfontaine/.codex/worktrees/el1-completion/carrick/Cargo.lock:337:1
    │  
337 │ ╭ windows-sys 0.52.0 registry+https://github.com/rust-lang/crates.io-index
338 │ │ windows-sys 0.60.2 registry+https://github.com/rust-lang/crates.io-index
339 │ │ windows-sys 0.61.2 registry+https://github.com/rust-lang/crates.io-index
    │ ╰────────────────────────────────────────────────────────────────────────┘ lock entries
    │  
    ├ windows-sys v0.52.0
      ├── errno v0.3.14
      │   ├── rustix v1.1.4
      │   │   ├── fd-lock v4.0.4
      │   │   │   ├── carrick-runtime v0.1.0
      │   │   │   │   ├── carrick-cli v0.1.0
      │   │   │   │   ├── carrick-embed v0.1.0
      │   │   │   │   │   └── carrick-conformance-next v0.1.0
      │   │   │   │   ├── carrick-engine v0.1.0
      │   │   │   │   │   ├── carrick-cli v0.1.0 (*)
      │   │   │   │   │   └── carrick-embed v0.1.0 (*)
      │   │   │   │   └── (dev) carrick-runtime v0.1.0 (*)
      │   │   │   └── carrick-vfs v0.1.0
      │   │   │       ├── carrick-cli v0.1.0 (*)
      │   │   │       ├── carrick-embed v0.1.0 (*)
      │   │   │       ├── carrick-engine v0.1.0 (*)
      │   │   │       ├── carrick-kernel v0.1.0
      │   │   │       │   ├── carrick-cli v0.1.0 (*)
      │   │   │       │   ├── carrick-embed v0.1.0 (*)
      │   │   │       │   ├── carrick-engine v0.1.0 (*)
      │   │   │       │   ├── (dev) carrick-kernel v0.1.0 (*)
      │   │   │       │   ├── carrick-kernel-example v0.1.0
      │   │   │       │   │   └── native-syscall-slice v0.1.0
      │   │   │       │   │       └── (dev) carrick-runtime v0.1.0 (*)
      │   │   │       │   ├── carrick-runtime v0.1.0 (*)
      │   │   │       │   └── native-syscall-slice v0.1.0 (*)
      │   │   │       ├── carrick-kernel-example v0.1.0 (*)
      │   │   │       ├── carrick-runtime v0.1.0 (*)
      │   │   │       └── native-syscall-slice v0.1.0 (*)
      │   │   └── tempfile v3.27.0
      │   │       ├── (dev) carrick-cli v0.1.0 (*)
      │   │       ├── (dev) carrick-conformance-contract v0.1.0
      │   │       │   ├── (dev) carrick-aarch64 v0.1.0
      │   │       │   │   ├── carrick-runtime v0.1.0 (*)
      │   │       │   │   ├── carrick-vmm-hvf v0.1.0
      │   │       │   │   │   ├── carrick-cli v0.1.0 (*)
      │   │       │   │   │   └── carrick-runtime v0.1.0 (*)
      │   │       │   │   └── carrick-vmm-kvm v0.1.0
      │   │       │   ├── (dev) carrick-conformance-next v0.1.0 (*)
      │   │       │   ├── carrick-embed v0.1.0 (*)
      │   │       │   ├── carrick-investigation v0.1.0
      │   │       │   ├── (dev) carrick-kernel v0.1.0 (*)
      │   │       │   ├── carrick-kernel-example v0.1.0 (*)
      │   │       │   ├── (dev) carrick-runtime v0.1.0 (*)
      │   │       │   ├── (dev) carrick-vmm-hvf v0.1.0 (*)
      │   │       │   └── native-syscall-slice v0.1.0 (*)
      │   │       ├── (dev) carrick-conformance-next v0.1.0 (*)
      │   │       ├── (dev) carrick-coordinator v0.1.0
      │   │       │   ├── carrick-conformance v0.1.0
      │   │       │   └── carrick-investigation v0.1.0 (*)
      │   │       ├── carrick-embed v0.1.0 (*)
      │   │       ├── (dev) carrick-engine v0.1.0 (*)
      │   │       ├── (dev) carrick-host v0.1.0
      │   │       │   ├── carrick-aarch64 v0.1.0 (*)
      │   │       │   ├── carrick-embed v0.1.0 (*)
      │   │       │   ├── carrick-host-bsd v0.1.0
      │   │       │   │   ├── carrick-cli v0.1.0 (*)
      │   │       │   │   ├── carrick-kernel v0.1.0 (*)
      │   │       │   │   ├── carrick-runtime v0.1.0 (*)
      │   │       │   │   ├── carrick-vfs v0.1.0 (*)
      │   │       │   │   ├── carrick-vmm-bhyve v0.1.0
      │   │       │   │   ├── carrick-vmm-hvf v0.1.0 (*)
      │   │       │   │   └── carrick-vmm-nvmm v0.1.0
      │   │       │   ├── carrick-kernel v0.1.0 (*)
      │   │       │   ├── carrick-runtime v0.1.0 (*)
      │   │       │   ├── carrick-timer-core v0.1.0
      │   │       │   │   ├── carrick-hal v0.1.0
      │   │       │   │   │   ├── carrick-aarch64 v0.1.0 (*)
      │   │       │   │   │   ├── carrick-embed v0.1.0 (*)
      │   │       │   │   │   ├── carrick-host-bsd v0.1.0 (*)
      │   │       │   │   │   ├── carrick-host-linux v0.1.0
      │   │       │   │   │   │   ├── carrick-kernel v0.1.0 (*)
      │   │       │   │   │   │   └── carrick-vfs v0.1.0 (*)
      │   │       │   │   │   ├── carrick-kernel v0.1.0 (*)
      │   │       │   │   │   ├── carrick-kernel-example v0.1.0 (*)
      │   │       │   │   │   ├── carrick-runtime v0.1.0 (*)
      │   │       │   │   │   ├── carrick-thread v0.1.0
      │   │       │   │   │   │   ├── carrick-embed v0.1.0 (*)
      │   │       │   │   │   │   ├── carrick-kernel v0.1.0 (*)
      │   │       │   │   │   │   ├── carrick-runtime v0.1.0 (*)
      │   │       │   │   │   │   ├── carrick-vmm-bhyve v0.1.0 (*)
      │   │       │   │   │   │   ├── carrick-vmm-hvf v0.1.0 (*)
      │   │       │   │   │   │   ├── carrick-vmm-kvm v0.1.0 (*)
      │   │       │   │   │   │   └── carrick-vmm-nvmm v0.1.0 (*)
      │   │       │   │   │   ├── carrick-vfs v0.1.0 (*)
      │   │       │   │   │   ├── carrick-vmm-bhyve v0.1.0 (*)
      │   │       │   │   │   ├── carrick-vmm-hvf v0.1.0 (*)
      │   │       │   │   │   ├── carrick-vmm-kvm v0.1.0 (*)
      │   │       │   │   │   ├── carrick-vmm-nvmm v0.1.0 (*)
      │   │       │   │   │   ├── carrick-x86 v0.1.0
      │   │       │   │   │   │   ├── carrick-vmm-bhyve v0.1.0 (*)
      │   │       │   │   │   │   ├── carrick-vmm-kvm v0.1.0 (*)
      │   │       │   │   │   │   └── carrick-vmm-nvmm v0.1.0 (*)
      │   │       │   │   │   └── native-syscall-slice v0.1.0 (*)
      │   │       │   │   ├── carrick-kernel v0.1.0 (*)
      │   │       │   │   ├── carrick-runtime v0.1.0 (*)
      │   │       │   │   ├── carrick-vmm-bhyve v0.1.0 (*)
      │   │       │   │   ├── carrick-vmm-hvf v0.1.0 (*)
      │   │       │   │   ├── carrick-vmm-kvm v0.1.0 (*)
      │   │       │   │   └── carrick-vmm-nvmm v0.1.0 (*)
      │   │       │   ├── carrick-vmm-bhyve v0.1.0 (*)
      │   │       │   ├── carrick-vmm-hvf v0.1.0 (*)
      │   │       │   ├── carrick-vmm-kvm v0.1.0 (*)
      │   │       │   ├── carrick-vmm-nvmm v0.1.0 (*)
      │   │       │   └── carrick-x86 v0.1.0 (*)
      │   │       ├── (dev) carrick-image v0.1.0
      │   │       │   ├── carrick-cli v0.1.0 (*)
      │   │       │   ├── carrick-embed v0.1.0 (*)
      │   │       │   ├── carrick-engine v0.1.0 (*)
      │   │       │   └── (dev) carrick-runtime v0.1.0 (*)
      │   │       ├── (dev) carrick-investigation v0.1.0 (*)
      │   │       ├── (dev) carrick-kernel v0.1.0 (*)
      │   │       ├── (dev) carrick-kernel-example v0.1.0 (*)
      │   │       ├── carrick-observability v0.1.0
      │   │       │   ├── carrick-aarch64 v0.1.0 (*)
      │   │       │   ├── carrick-conformance-contract v0.1.0 (*)
      │   │       │   ├── carrick-embed v0.1.0 (*)
      │   │       │   ├── carrick-kernel v0.1.0 (*)
      │   │       │   ├── carrick-kernel-example v0.1.0 (*)
      │   │       │   ├── carrick-runtime v0.1.0 (*)
      │   │       │   ├── carrick-thread v0.1.0 (*)
      │   │       │   ├── carrick-vfs v0.1.0 (*)
      │   │       │   └── carrick-vmm-hvf v0.1.0 (*)
      │   │       ├── (dev) carrick-portable v0.1.0
      │   │       │   ├── carrick-kernel v0.1.0 (*)
      │   │       │   ├── carrick-runtime v0.1.0 (*)
      │   │       │   ├── carrick-timer-core v0.1.0 (*)
      │   │       │   └── carrick-vfs v0.1.0 (*)
      │   │       ├── (dev) carrick-runtime v0.1.0 (*)
      │   │       ├── carrick-signal-core v0.1.0
      │   │       │   ├── carrick-hal v0.1.0 (*)
      │   │       │   ├── carrick-host-bsd v0.1.0 (*)
      │   │       │   ├── carrick-kernel v0.1.0 (*)
      │   │       │   ├── carrick-runtime v0.1.0 (*)
      │   │       │   ├── carrick-vmm-bhyve v0.1.0 (*)
      │   │       │   ├── carrick-vmm-hvf v0.1.0 (*)
      │   │       │   ├── carrick-vmm-kvm v0.1.0 (*)
      │   │       │   └── carrick-vmm-nvmm v0.1.0 (*)
      │   │       ├── carrick-vfs v0.1.0 (*)
      │   │       ├── native-syscall-slice v0.1.0 (*)
      │   │       ├── proptest v1.11.0
      │   │       │   ├── (dev) carrick-kernel v0.1.0 (*)
      │   │       │   └── (dev) carrick-runtime v0.1.0 (*)
      │   │       └── rusty-fork v0.3.1
      │   │           └── proptest v1.11.0 (*)
      │   └── signal-hook-registry v1.4.8
      │       ├── signal-hook v0.4.4
      │       │   └── carrick-runtime v0.1.0 (*)
      │       └── tokio v1.52.3
      │           ├── bollard v0.18.1
      │           │   └── (dev) carrick-cli v0.1.0 (*)
      │           ├── (dev) carrick-cli v0.1.0 (*)
      │           ├── carrick-conformance-next v0.1.0 (*)
      │           ├── carrick-embed v0.1.0 (*)
      │           ├── carrick-engine v0.1.0 (*)
      │           ├── carrick-image v0.1.0 (*)
      │           ├── (dev) carrick-runtime v0.1.0 (*)
      │           ├── hyper v1.9.0
      │           │   ├── bollard v0.18.1 (*)
      │           │   ├── carrick-cli v0.1.0 (*)
      │           │   ├── hyper-named-pipe v0.1.0
      │           │   │   └── bollard v0.18.1 (*)
      │           │   ├── hyper-rustls v0.27.9
      │           │   │   └── reqwest v0.12.28
      │           │   │       └── oci-client v0.15.0
      │           │   │           ├── carrick-image v0.1.0 (*)
      │           │   │           ├── carrick-runtime v0.1.0 (*)
      │           │   │           └── carrick-spec v0.1.0
      │           │   │               ├── carrick-cli v0.1.0 (*)
      │           │   │               ├── carrick-conformance-next v0.1.0 (*)
      │           │   │               ├── carrick-embed v0.1.0 (*)
      │           │   │               ├── carrick-engine v0.1.0 (*)
      │           │   │               ├── carrick-image v0.1.0 (*)
      │           │   │               ├── carrick-kernel v0.1.0 (*)
      │           │   │               ├── carrick-runtime v0.1.0 (*)
      │           │   │               └── carrick-vfs v0.1.0 (*)
      │           │   ├── hyper-util v0.1.20
      │           │   │   ├── bollard v0.18.1 (*)
      │           │   │   ├── carrick-cli v0.1.0 (*)
      │           │   │   ├── hyper-named-pipe v0.1.0 (*)
      │           │   │   ├── hyper-rustls v0.27.9 (*)
      │           │   │   ├── hyperlocal v0.9.1
      │           │   │   │   └── bollard v0.18.1 (*)
      │           │   │   └── reqwest v0.12.28 (*)
      │           │   ├── hyperlocal v0.9.1 (*)
      │           │   └── reqwest v0.12.28 (*)
      │           ├── hyper-named-pipe v0.1.0 (*)
      │           ├── hyper-rustls v0.27.9 (*)
      │           ├── hyper-util v0.1.20 (*)
      │           ├── hyperlocal v0.9.1 (*)
      │           ├── oci-client v0.15.0 (*)
      │           ├── reqwest v0.12.28 (*)
      │           ├── tokio-rustls v0.26.4
      │           │   ├── hyper-rustls v0.27.9 (*)
      │           │   └── reqwest v0.12.28 (*)
      │           ├── tokio-util v0.7.18
      │           │   ├── bollard v0.18.1 (*)
      │           │   └── reqwest v0.12.28 (*)
      │           └── tower v0.5.3
      │               ├── reqwest v0.12.28 (*)
      │               └── tower-http v0.6.10
      │                   └── reqwest v0.12.28 (*)
      ├── fd-lock v4.0.4 (*)
      ├── ring v0.17.14
      │   ├── rustls v0.23.40
      │   │   ├── hyper-rustls v0.27.9 (*)
      │   │   ├── reqwest v0.12.28 (*)
      │   │   └── tokio-rustls v0.26.4 (*)
      │   └── rustls-webpki v0.103.13
      │       └── rustls v0.23.40 (*)
      ├── rustix v1.1.4 (*)
      ├── tempfile v3.27.0 (*)
      └── winapi-util v0.1.11
          ├── same-file v1.0.6
          │   └── walkdir v2.5.0
          │       └── (build) jni v0.22.4
          │           └── hickory-proto v0.26.1
          │               ├── carrick-kernel v0.1.0 (*)
          │               └── carrick-runtime v0.1.0 (*)
          └── walkdir v2.5.0 (*)
    ├ windows-sys v0.60.2
      ├── anstyle-query v1.1.5
      │   └── anstream v1.0.0
      │       └── clap_builder v4.6.0
      │           └── clap v4.6.1
      │               ├── carrick-cli v0.1.0
      │               ├── carrick-conformance v0.1.0
      │               ├── carrick-runtime v0.1.0
      │               │   ├── carrick-cli v0.1.0 (*)
      │               │   ├── carrick-embed v0.1.0
      │               │   │   └── carrick-conformance-next v0.1.0
      │               │   ├── carrick-engine v0.1.0
      │               │   │   ├── carrick-cli v0.1.0 (*)
      │               │   │   └── carrick-embed v0.1.0 (*)
      │               │   └── (dev) carrick-runtime v0.1.0 (*)
      │               ├── carrick-spec v0.1.0
      │               │   ├── carrick-cli v0.1.0 (*)
      │               │   ├── carrick-conformance-next v0.1.0 (*)
      │               │   ├── carrick-embed v0.1.0 (*)
      │               │   ├── carrick-engine v0.1.0 (*)
      │               │   ├── carrick-image v0.1.0
      │               │   │   ├── carrick-cli v0.1.0 (*)
      │               │   │   ├── carrick-embed v0.1.0 (*)
      │               │   │   ├── carrick-engine v0.1.0 (*)
      │               │   │   └── (dev) carrick-runtime v0.1.0 (*)
      │               │   ├── carrick-kernel v0.1.0
      │               │   │   ├── carrick-cli v0.1.0 (*)
      │               │   │   ├── carrick-embed v0.1.0 (*)
      │               │   │   ├── carrick-engine v0.1.0 (*)
      │               │   │   ├── (dev) carrick-kernel v0.1.0 (*)
      │               │   │   ├── carrick-kernel-example v0.1.0
      │               │   │   │   └── native-syscall-slice v0.1.0
      │               │   │   │       └── (dev) carrick-runtime v0.1.0 (*)
      │               │   │   ├── carrick-runtime v0.1.0 (*)
      │               │   │   └── native-syscall-slice v0.1.0 (*)
      │               │   ├── carrick-runtime v0.1.0 (*)
      │               │   └── carrick-vfs v0.1.0
      │               │       ├── carrick-cli v0.1.0 (*)
      │               │       ├── carrick-embed v0.1.0 (*)
      │               │       ├── carrick-engine v0.1.0 (*)
      │               │       ├── carrick-kernel v0.1.0 (*)
      │               │       ├── carrick-kernel-example v0.1.0 (*)
      │               │       ├── carrick-runtime v0.1.0 (*)
      │               │       └── native-syscall-slice v0.1.0 (*)
      │               └── carrick-vmm-hvf v0.1.0
      │                   ├── carrick-cli v0.1.0 (*)
      │                   └── carrick-runtime v0.1.0 (*)
      ├── anstyle-wincon v3.0.11
      │   └── anstream v1.0.0 (*)
      ├── nu-ansi-term v0.50.3
      │   └── tracing-subscriber v0.3.23
      │       ├── carrick-cli v0.1.0 (*)
      │       ├── (dev) carrick-conformance-next v0.1.0 (*)
      │       └── carrick-runtime v0.1.0 (*)
      └── socket2 v0.6.3
          ├── carrick-kernel v0.1.0 (*)
          ├── carrick-runtime v0.1.0 (*)
          ├── hyper-util v0.1.20
          │   ├── bollard v0.18.1
          │   │   └── (dev) carrick-cli v0.1.0 (*)
          │   ├── carrick-cli v0.1.0 (*)
          │   ├── hyper-named-pipe v0.1.0
          │   │   └── bollard v0.18.1 (*)
          │   ├── hyper-rustls v0.27.9
          │   │   └── reqwest v0.12.28
          │   │       └── oci-client v0.15.0
          │   │           ├── carrick-image v0.1.0 (*)
          │   │           ├── carrick-runtime v0.1.0 (*)
          │   │           └── carrick-spec v0.1.0 (*)
          │   ├── hyperlocal v0.9.1
          │   │   └── bollard v0.18.1 (*)
          │   └── reqwest v0.12.28 (*)
          └── tokio v1.52.3
              ├── bollard v0.18.1 (*)
              ├── (dev) carrick-cli v0.1.0 (*)
              ├── carrick-conformance-next v0.1.0 (*)
              ├── carrick-embed v0.1.0 (*)
              ├── carrick-engine v0.1.0 (*)
              ├── carrick-image v0.1.0 (*)
              ├── (dev) carrick-runtime v0.1.0 (*)
              ├── hyper v1.9.0
              │   ├── bollard v0.18.1 (*)
              │   ├── carrick-cli v0.1.0 (*)
              │   ├── hyper-named-pipe v0.1.0 (*)
              │   ├── hyper-rustls v0.27.9 (*)
              │   ├── hyper-util v0.1.20 (*)
              │   ├── hyperlocal v0.9.1 (*)
              │   └── reqwest v0.12.28 (*)
              ├── hyper-named-pipe v0.1.0 (*)
              ├── hyper-rustls v0.27.9 (*)
              ├── hyper-util v0.1.20 (*)
              ├── hyperlocal v0.9.1 (*)
              ├── oci-client v0.15.0 (*)
              ├── reqwest v0.12.28 (*)
              ├── tokio-rustls v0.26.4
              │   ├── hyper-rustls v0.27.9 (*)
              │   └── reqwest v0.12.28 (*)
              ├── tokio-util v0.7.18
              │   ├── bollard v0.18.1 (*)
              │   └── reqwest v0.12.28 (*)
              └── tower v0.5.3
                  ├── reqwest v0.12.28 (*)
                  └── tower-http v0.6.10
                      └── reqwest v0.12.28 (*)
    ├ windows-sys v0.61.2
      ├── mio v1.2.0
      │   └── tokio v1.52.3
      │       ├── bollard v0.18.1
      │       │   └── (dev) carrick-cli v0.1.0
      │       ├── (dev) carrick-cli v0.1.0 (*)
      │       ├── carrick-conformance-next v0.1.0
      │       ├── carrick-embed v0.1.0
      │       │   └── carrick-conformance-next v0.1.0 (*)
      │       ├── carrick-engine v0.1.0
      │       │   ├── carrick-cli v0.1.0 (*)
      │       │   └── carrick-embed v0.1.0 (*)
      │       ├── carrick-image v0.1.0
      │       │   ├── carrick-cli v0.1.0 (*)
      │       │   ├── carrick-embed v0.1.0 (*)
      │       │   ├── carrick-engine v0.1.0 (*)
      │       │   └── (dev) carrick-runtime v0.1.0
      │       │       ├── carrick-cli v0.1.0 (*)
      │       │       ├── carrick-embed v0.1.0 (*)
      │       │       ├── carrick-engine v0.1.0 (*)
      │       │       └── (dev) carrick-runtime v0.1.0 (*)
      │       ├── (dev) carrick-runtime v0.1.0 (*)
      │       ├── hyper v1.9.0
      │       │   ├── bollard v0.18.1 (*)
      │       │   ├── carrick-cli v0.1.0 (*)
      │       │   ├── hyper-named-pipe v0.1.0
      │       │   │   └── bollard v0.18.1 (*)
      │       │   ├── hyper-rustls v0.27.9
      │       │   │   └── reqwest v0.12.28
      │       │   │       └── oci-client v0.15.0
      │       │   │           ├── carrick-image v0.1.0 (*)
      │       │   │           ├── carrick-runtime v0.1.0 (*)
      │       │   │           └── carrick-spec v0.1.0
      │       │   │               ├── carrick-cli v0.1.0 (*)
      │       │   │               ├── carrick-conformance-next v0.1.0 (*)
      │       │   │               ├── carrick-embed v0.1.0 (*)
      │       │   │               ├── carrick-engine v0.1.0 (*)
      │       │   │               ├── carrick-image v0.1.0 (*)
      │       │   │               ├── carrick-kernel v0.1.0
      │       │   │               │   ├── carrick-cli v0.1.0 (*)
      │       │   │               │   ├── carrick-embed v0.1.0 (*)
      │       │   │               │   ├── carrick-engine v0.1.0 (*)
      │       │   │               │   ├── (dev) carrick-kernel v0.1.0 (*)
      │       │   │               │   ├── carrick-kernel-example v0.1.0
      │       │   │               │   │   └── native-syscall-slice v0.1.0
      │       │   │               │   │       └── (dev) carrick-runtime v0.1.0 (*)
      │       │   │               │   ├── carrick-runtime v0.1.0 (*)
      │       │   │               │   └── native-syscall-slice v0.1.0 (*)
      │       │   │               ├── carrick-runtime v0.1.0 (*)
      │       │   │               └── carrick-vfs v0.1.0
      │       │   │                   ├── carrick-cli v0.1.0 (*)
      │       │   │                   ├── carrick-embed v0.1.0 (*)
      │       │   │                   ├── carrick-engine v0.1.0 (*)
      │       │   │                   ├── carrick-kernel v0.1.0 (*)
      │       │   │                   ├── carrick-kernel-example v0.1.0 (*)
      │       │   │                   ├── carrick-runtime v0.1.0 (*)
      │       │   │                   └── native-syscall-slice v0.1.0 (*)
      │       │   ├── hyper-util v0.1.20
      │       │   │   ├── bollard v0.18.1 (*)
      │       │   │   ├── carrick-cli v0.1.0 (*)
      │       │   │   ├── hyper-named-pipe v0.1.0 (*)
      │       │   │   ├── hyper-rustls v0.27.9 (*)
      │       │   │   ├── hyperlocal v0.9.1
      │       │   │   │   └── bollard v0.18.1 (*)
      │       │   │   └── reqwest v0.12.28 (*)
      │       │   ├── hyperlocal v0.9.1 (*)
      │       │   └── reqwest v0.12.28 (*)
      │       ├── hyper-named-pipe v0.1.0 (*)
      │       ├── hyper-rustls v0.27.9 (*)
      │       ├── hyper-util v0.1.20 (*)
      │       ├── hyperlocal v0.9.1 (*)
      │       ├── oci-client v0.15.0 (*)
      │       ├── reqwest v0.12.28 (*)
      │       ├── tokio-rustls v0.26.4
      │       │   ├── hyper-rustls v0.27.9 (*)
      │       │   └── reqwest v0.12.28 (*)
      │       ├── tokio-util v0.7.18
      │       │   ├── bollard v0.18.1 (*)
      │       │   └── reqwest v0.12.28 (*)
      │       └── tower v0.5.3
      │           ├── reqwest v0.12.28 (*)
      │           └── tower-http v0.6.10
      │               └── reqwest v0.12.28 (*)
      ├── thread-id v5.1.0
      │   └── usdt-impl v0.6.0
      │       ├── usdt v0.6.0
      │       │   ├── carrick-observability v0.1.0
      │       │   │   ├── carrick-aarch64 v0.1.0
      │       │   │   │   ├── carrick-runtime v0.1.0 (*)
      │       │   │   │   ├── carrick-vmm-hvf v0.1.0
      │       │   │   │   │   ├── carrick-cli v0.1.0 (*)
      │       │   │   │   │   └── carrick-runtime v0.1.0 (*)
      │       │   │   │   └── carrick-vmm-kvm v0.1.0
      │       │   │   ├── carrick-conformance-contract v0.1.0
      │       │   │   │   ├── (dev) carrick-aarch64 v0.1.0 (*)
      │       │   │   │   ├── (dev) carrick-conformance-next v0.1.0 (*)
      │       │   │   │   ├── carrick-embed v0.1.0 (*)
      │       │   │   │   ├── carrick-investigation v0.1.0
      │       │   │   │   ├── (dev) carrick-kernel v0.1.0 (*)
      │       │   │   │   ├── carrick-kernel-example v0.1.0 (*)
      │       │   │   │   ├── (dev) carrick-runtime v0.1.0 (*)
      │       │   │   │   ├── (dev) carrick-vmm-hvf v0.1.0 (*)
      │       │   │   │   └── native-syscall-slice v0.1.0 (*)
      │       │   │   ├── carrick-embed v0.1.0 (*)
      │       │   │   ├── carrick-kernel v0.1.0 (*)
      │       │   │   ├── carrick-kernel-example v0.1.0 (*)
      │       │   │   ├── carrick-runtime v0.1.0 (*)
      │       │   │   ├── carrick-thread v0.1.0
      │       │   │   │   ├── carrick-embed v0.1.0 (*)
      │       │   │   │   ├── carrick-kernel v0.1.0 (*)
      │       │   │   │   ├── carrick-runtime v0.1.0 (*)
      │       │   │   │   ├── carrick-vmm-bhyve v0.1.0
      │       │   │   │   ├── carrick-vmm-hvf v0.1.0 (*)
      │       │   │   │   ├── carrick-vmm-kvm v0.1.0 (*)
      │       │   │   │   └── carrick-vmm-nvmm v0.1.0
      │       │   │   ├── carrick-vfs v0.1.0 (*)
      │       │   │   └── carrick-vmm-hvf v0.1.0 (*)
      │       │   └── carrick-vmm-hvf v0.1.0 (*)
      │       ├── usdt-attr-macro v0.6.0
      │       │   └── usdt v0.6.0 (*)
      │       └── usdt-macro v0.6.0
      │           └── usdt v0.6.0 (*)
      └── tokio v1.52.3 (*)

warning[duplicate]: found 2 duplicate entries for crate 'windows-targets'
    ┌─ /Users/tjfontaine/.codex/worktrees/el1-completion/carrick/Cargo.lock:340:1
    │  
340 │ ╭ windows-targets 0.52.6 registry+https://github.com/rust-lang/crates.io-index
341 │ │ windows-targets 0.53.5 registry+https://github.com/rust-lang/crates.io-index
    │ ╰────────────────────────────────────────────────────────────────────────────┘ lock entries
    │  
    ├ windows-targets v0.52.6
      └── windows-sys v0.52.0
          ├── errno v0.3.14
          │   ├── rustix v1.1.4
          │   │   ├── fd-lock v4.0.4
          │   │   │   ├── carrick-runtime v0.1.0
          │   │   │   │   ├── carrick-cli v0.1.0
          │   │   │   │   ├── carrick-embed v0.1.0
          │   │   │   │   │   └── carrick-conformance-next v0.1.0
          │   │   │   │   ├── carrick-engine v0.1.0
          │   │   │   │   │   ├── carrick-cli v0.1.0 (*)
          │   │   │   │   │   └── carrick-embed v0.1.0 (*)
          │   │   │   │   └── (dev) carrick-runtime v0.1.0 (*)
          │   │   │   └── carrick-vfs v0.1.0
          │   │   │       ├── carrick-cli v0.1.0 (*)
          │   │   │       ├── carrick-embed v0.1.0 (*)
          │   │   │       ├── carrick-engine v0.1.0 (*)
          │   │   │       ├── carrick-kernel v0.1.0
          │   │   │       │   ├── carrick-cli v0.1.0 (*)
          │   │   │       │   ├── carrick-embed v0.1.0 (*)
          │   │   │       │   ├── carrick-engine v0.1.0 (*)
          │   │   │       │   ├── (dev) carrick-kernel v0.1.0 (*)
          │   │   │       │   ├── carrick-kernel-example v0.1.0
          │   │   │       │   │   └── native-syscall-slice v0.1.0
          │   │   │       │   │       └── (dev) carrick-runtime v0.1.0 (*)
          │   │   │       │   ├── carrick-runtime v0.1.0 (*)
          │   │   │       │   └── native-syscall-slice v0.1.0 (*)
          │   │   │       ├── carrick-kernel-example v0.1.0 (*)
          │   │   │       ├── carrick-runtime v0.1.0 (*)
          │   │   │       └── native-syscall-slice v0.1.0 (*)
          │   │   └── tempfile v3.27.0
          │   │       ├── (dev) carrick-cli v0.1.0 (*)
          │   │       ├── (dev) carrick-conformance-contract v0.1.0
          │   │       │   ├── (dev) carrick-aarch64 v0.1.0
          │   │       │   │   ├── carrick-runtime v0.1.0 (*)
          │   │       │   │   ├── carrick-vmm-hvf v0.1.0
          │   │       │   │   │   ├── carrick-cli v0.1.0 (*)
          │   │       │   │   │   └── carrick-runtime v0.1.0 (*)
          │   │       │   │   └── carrick-vmm-kvm v0.1.0
          │   │       │   ├── (dev) carrick-conformance-next v0.1.0 (*)
          │   │       │   ├── carrick-embed v0.1.0 (*)
          │   │       │   ├── carrick-investigation v0.1.0
          │   │       │   ├── (dev) carrick-kernel v0.1.0 (*)
          │   │       │   ├── carrick-kernel-example v0.1.0 (*)
          │   │       │   ├── (dev) carrick-runtime v0.1.0 (*)
          │   │       │   ├── (dev) carrick-vmm-hvf v0.1.0 (*)
          │   │       │   └── native-syscall-slice v0.1.0 (*)
          │   │       ├── (dev) carrick-conformance-next v0.1.0 (*)
          │   │       ├── (dev) carrick-coordinator v0.1.0
          │   │       │   ├── carrick-conformance v0.1.0
          │   │       │   └── carrick-investigation v0.1.0 (*)
          │   │       ├── carrick-embed v0.1.0 (*)
          │   │       ├── (dev) carrick-engine v0.1.0 (*)
          │   │       ├── (dev) carrick-host v0.1.0
          │   │       │   ├── carrick-aarch64 v0.1.0 (*)
          │   │       │   ├── carrick-embed v0.1.0 (*)
          │   │       │   ├── carrick-host-bsd v0.1.0
          │   │       │   │   ├── carrick-cli v0.1.0 (*)
          │   │       │   │   ├── carrick-kernel v0.1.0 (*)
          │   │       │   │   ├── carrick-runtime v0.1.0 (*)
          │   │       │   │   ├── carrick-vfs v0.1.0 (*)
          │   │       │   │   ├── carrick-vmm-bhyve v0.1.0
          │   │       │   │   ├── carrick-vmm-hvf v0.1.0 (*)
          │   │       │   │   └── carrick-vmm-nvmm v0.1.0
          │   │       │   ├── carrick-kernel v0.1.0 (*)
          │   │       │   ├── carrick-runtime v0.1.0 (*)
          │   │       │   ├── carrick-timer-core v0.1.0
          │   │       │   │   ├── carrick-hal v0.1.0
          │   │       │   │   │   ├── carrick-aarch64 v0.1.0 (*)
          │   │       │   │   │   ├── carrick-embed v0.1.0 (*)
          │   │       │   │   │   ├── carrick-host-bsd v0.1.0 (*)
          │   │       │   │   │   ├── carrick-host-linux v0.1.0
          │   │       │   │   │   │   ├── carrick-kernel v0.1.0 (*)
          │   │       │   │   │   │   └── carrick-vfs v0.1.0 (*)
          │   │       │   │   │   ├── carrick-kernel v0.1.0 (*)
          │   │       │   │   │   ├── carrick-kernel-example v0.1.0 (*)
          │   │       │   │   │   ├── carrick-runtime v0.1.0 (*)
          │   │       │   │   │   ├── carrick-thread v0.1.0
          │   │       │   │   │   │   ├── carrick-embed v0.1.0 (*)
          │   │       │   │   │   │   ├── carrick-kernel v0.1.0 (*)
          │   │       │   │   │   │   ├── carrick-runtime v0.1.0 (*)
          │   │       │   │   │   │   ├── carrick-vmm-bhyve v0.1.0 (*)
          │   │       │   │   │   │   ├── carrick-vmm-hvf v0.1.0 (*)
          │   │       │   │   │   │   ├── carrick-vmm-kvm v0.1.0 (*)
          │   │       │   │   │   │   └── carrick-vmm-nvmm v0.1.0 (*)
          │   │       │   │   │   ├── carrick-vfs v0.1.0 (*)
          │   │       │   │   │   ├── carrick-vmm-bhyve v0.1.0 (*)
          │   │       │   │   │   ├── carrick-vmm-hvf v0.1.0 (*)
          │   │       │   │   │   ├── carrick-vmm-kvm v0.1.0 (*)
          │   │       │   │   │   ├── carrick-vmm-nvmm v0.1.0 (*)
          │   │       │   │   │   ├── carrick-x86 v0.1.0
          │   │       │   │   │   │   ├── carrick-vmm-bhyve v0.1.0 (*)
          │   │       │   │   │   │   ├── carrick-vmm-kvm v0.1.0 (*)
          │   │       │   │   │   │   └── carrick-vmm-nvmm v0.1.0 (*)
          │   │       │   │   │   └── native-syscall-slice v0.1.0 (*)
          │   │       │   │   ├── carrick-kernel v0.1.0 (*)
          │   │       │   │   ├── carrick-runtime v0.1.0 (*)
          │   │       │   │   ├── carrick-vmm-bhyve v0.1.0 (*)
          │   │       │   │   ├── carrick-vmm-hvf v0.1.0 (*)
          │   │       │   │   ├── carrick-vmm-kvm v0.1.0 (*)
          │   │       │   │   └── carrick-vmm-nvmm v0.1.0 (*)
          │   │       │   ├── carrick-vmm-bhyve v0.1.0 (*)
          │   │       │   ├── carrick-vmm-hvf v0.1.0 (*)
          │   │       │   ├── carrick-vmm-kvm v0.1.0 (*)
          │   │       │   ├── carrick-vmm-nvmm v0.1.0 (*)
          │   │       │   └── carrick-x86 v0.1.0 (*)
          │   │       ├── (dev) carrick-image v0.1.0
          │   │       │   ├── carrick-cli v0.1.0 (*)
          │   │       │   ├── carrick-embed v0.1.0 (*)
          │   │       │   ├── carrick-engine v0.1.0 (*)
          │   │       │   └── (dev) carrick-runtime v0.1.0 (*)
          │   │       ├── (dev) carrick-investigation v0.1.0 (*)
          │   │       ├── (dev) carrick-kernel v0.1.0 (*)
          │   │       ├── (dev) carrick-kernel-example v0.1.0 (*)
          │   │       ├── carrick-observability v0.1.0
          │   │       │   ├── carrick-aarch64 v0.1.0 (*)
          │   │       │   ├── carrick-conformance-contract v0.1.0 (*)
          │   │       │   ├── carrick-embed v0.1.0 (*)
          │   │       │   ├── carrick-kernel v0.1.0 (*)
          │   │       │   ├── carrick-kernel-example v0.1.0 (*)
          │   │       │   ├── carrick-runtime v0.1.0 (*)
          │   │       │   ├── carrick-thread v0.1.0 (*)
          │   │       │   ├── carrick-vfs v0.1.0 (*)
          │   │       │   └── carrick-vmm-hvf v0.1.0 (*)
          │   │       ├── (dev) carrick-portable v0.1.0
          │   │       │   ├── carrick-kernel v0.1.0 (*)
          │   │       │   ├── carrick-runtime v0.1.0 (*)
          │   │       │   ├── carrick-timer-core v0.1.0 (*)
          │   │       │   └── carrick-vfs v0.1.0 (*)
          │   │       ├── (dev) carrick-runtime v0.1.0 (*)
          │   │       ├── carrick-signal-core v0.1.0
          │   │       │   ├── carrick-hal v0.1.0 (*)
          │   │       │   ├── carrick-host-bsd v0.1.0 (*)
          │   │       │   ├── carrick-kernel v0.1.0 (*)
          │   │       │   ├── carrick-runtime v0.1.0 (*)
          │   │       │   ├── carrick-vmm-bhyve v0.1.0 (*)
          │   │       │   ├── carrick-vmm-hvf v0.1.0 (*)
          │   │       │   ├── carrick-vmm-kvm v0.1.0 (*)
          │   │       │   └── carrick-vmm-nvmm v0.1.0 (*)
          │   │       ├── carrick-vfs v0.1.0 (*)
          │   │       ├── native-syscall-slice v0.1.0 (*)
          │   │       ├── proptest v1.11.0
          │   │       │   ├── (dev) carrick-kernel v0.1.0 (*)
          │   │       │   └── (dev) carrick-runtime v0.1.0 (*)
          │   │       └── rusty-fork v0.3.1
          │   │           └── proptest v1.11.0 (*)
          │   └── signal-hook-registry v1.4.8
          │       ├── signal-hook v0.4.4
          │       │   └── carrick-runtime v0.1.0 (*)
          │       └── tokio v1.52.3
          │           ├── bollard v0.18.1
          │           │   └── (dev) carrick-cli v0.1.0 (*)
          │           ├── (dev) carrick-cli v0.1.0 (*)
          │           ├── carrick-conformance-next v0.1.0 (*)
          │           ├── carrick-embed v0.1.0 (*)
          │           ├── carrick-engine v0.1.0 (*)
          │           ├── carrick-image v0.1.0 (*)
          │           ├── (dev) carrick-runtime v0.1.0 (*)
          │           ├── hyper v1.9.0
          │           │   ├── bollard v0.18.1 (*)
          │           │   ├── carrick-cli v0.1.0 (*)
          │           │   ├── hyper-named-pipe v0.1.0
          │           │   │   └── bollard v0.18.1 (*)
          │           │   ├── hyper-rustls v0.27.9
          │           │   │   └── reqwest v0.12.28
          │           │   │       └── oci-client v0.15.0
          │           │   │           ├── carrick-image v0.1.0 (*)
          │           │   │           ├── carrick-runtime v0.1.0 (*)
          │           │   │           └── carrick-spec v0.1.0
          │           │   │               ├── carrick-cli v0.1.0 (*)
          │           │   │               ├── carrick-conformance-next v0.1.0 (*)
          │           │   │               ├── carrick-embed v0.1.0 (*)
          │           │   │               ├── carrick-engine v0.1.0 (*)
          │           │   │               ├── carrick-image v0.1.0 (*)
          │           │   │               ├── carrick-kernel v0.1.0 (*)
          │           │   │               ├── carrick-runtime v0.1.0 (*)
          │           │   │               └── carrick-vfs v0.1.0 (*)
          │           │   ├── hyper-util v0.1.20
          │           │   │   ├── bollard v0.18.1 (*)
          │           │   │   ├── carrick-cli v0.1.0 (*)
          │           │   │   ├── hyper-named-pipe v0.1.0 (*)
          │           │   │   ├── hyper-rustls v0.27.9 (*)
          │           │   │   ├── hyperlocal v0.9.1
          │           │   │   │   └── bollard v0.18.1 (*)
          │           │   │   └── reqwest v0.12.28 (*)
          │           │   ├── hyperlocal v0.9.1 (*)
          │           │   └── reqwest v0.12.28 (*)
          │           ├── hyper-named-pipe v0.1.0 (*)
          │           ├── hyper-rustls v0.27.9 (*)
          │           ├── hyper-util v0.1.20 (*)
          │           ├── hyperlocal v0.9.1 (*)
          │           ├── oci-client v0.15.0 (*)
          │           ├── reqwest v0.12.28 (*)
          │           ├── tokio-rustls v0.26.4
          │           │   ├── hyper-rustls v0.27.9 (*)
          │           │   └── reqwest v0.12.28 (*)
          │           ├── tokio-util v0.7.18
          │           │   ├── bollard v0.18.1 (*)
          │           │   └── reqwest v0.12.28 (*)
          │           └── tower v0.5.3
          │               ├── reqwest v0.12.28 (*)
          │               └── tower-http v0.6.10
          │                   └── reqwest v0.12.28 (*)
          ├── fd-lock v4.0.4 (*)
          ├── ring v0.17.14
          │   ├── rustls v0.23.40
          │   │   ├── hyper-rustls v0.27.9 (*)
          │   │   ├── reqwest v0.12.28 (*)
          │   │   └── tokio-rustls v0.26.4 (*)
          │   └── rustls-webpki v0.103.13
          │       └── rustls v0.23.40 (*)
          ├── rustix v1.1.4 (*)
          ├── tempfile v3.27.0 (*)
          └── winapi-util v0.1.11
              ├── same-file v1.0.6
              │   └── walkdir v2.5.0
              │       └── (build) jni v0.22.4
              │           └── hickory-proto v0.26.1
              │               ├── carrick-kernel v0.1.0 (*)
              │               └── carrick-runtime v0.1.0 (*)
              └── walkdir v2.5.0 (*)
    ├ windows-targets v0.53.5
      └── windows-sys v0.60.2
          ├── anstyle-query v1.1.5
          │   └── anstream v1.0.0
          │       └── clap_builder v4.6.0
          │           └── clap v4.6.1
          │               ├── carrick-cli v0.1.0
          │               ├── carrick-conformance v0.1.0
          │               ├── carrick-runtime v0.1.0
          │               │   ├── carrick-cli v0.1.0 (*)
          │               │   ├── carrick-embed v0.1.0
          │               │   │   └── carrick-conformance-next v0.1.0
          │               │   ├── carrick-engine v0.1.0
          │               │   │   ├── carrick-cli v0.1.0 (*)
          │               │   │   └── carrick-embed v0.1.0 (*)
          │               │   └── (dev) carrick-runtime v0.1.0 (*)
          │               ├── carrick-spec v0.1.0
          │               │   ├── carrick-cli v0.1.0 (*)
          │               │   ├── carrick-conformance-next v0.1.0 (*)
          │               │   ├── carrick-embed v0.1.0 (*)
          │               │   ├── carrick-engine v0.1.0 (*)
          │               │   ├── carrick-image v0.1.0
          │               │   │   ├── carrick-cli v0.1.0 (*)
          │               │   │   ├── carrick-embed v0.1.0 (*)
          │               │   │   ├── carrick-engine v0.1.0 (*)
          │               │   │   └── (dev) carrick-runtime v0.1.0 (*)
          │               │   ├── carrick-kernel v0.1.0
          │               │   │   ├── carrick-cli v0.1.0 (*)
          │               │   │   ├── carrick-embed v0.1.0 (*)
          │               │   │   ├── carrick-engine v0.1.0 (*)
          │               │   │   ├── (dev) carrick-kernel v0.1.0 (*)
          │               │   │   ├── carrick-kernel-example v0.1.0
          │               │   │   │   └── native-syscall-slice v0.1.0
          │               │   │   │       └── (dev) carrick-runtime v0.1.0 (*)
          │               │   │   ├── carrick-runtime v0.1.0 (*)
          │               │   │   └── native-syscall-slice v0.1.0 (*)
          │               │   ├── carrick-runtime v0.1.0 (*)
          │               │   └── carrick-vfs v0.1.0
          │               │       ├── carrick-cli v0.1.0 (*)
          │               │       ├── carrick-embed v0.1.0 (*)
          │               │       ├── carrick-engine v0.1.0 (*)
          │               │       ├── carrick-kernel v0.1.0 (*)
          │               │       ├── carrick-kernel-example v0.1.0 (*)
          │               │       ├── carrick-runtime v0.1.0 (*)
          │               │       └── native-syscall-slice v0.1.0 (*)
          │               └── carrick-vmm-hvf v0.1.0
          │                   ├── carrick-cli v0.1.0 (*)
          │                   └── carrick-runtime v0.1.0 (*)
          ├── anstyle-wincon v3.0.11
          │   └── anstream v1.0.0 (*)
          ├── nu-ansi-term v0.50.3
          │   └── tracing-subscriber v0.3.23
          │       ├── carrick-cli v0.1.0 (*)
          │       ├── (dev) carrick-conformance-next v0.1.0 (*)
          │       └── carrick-runtime v0.1.0 (*)
          └── socket2 v0.6.3
              ├── carrick-kernel v0.1.0 (*)
              ├── carrick-runtime v0.1.0 (*)
              ├── hyper-util v0.1.20
              │   ├── bollard v0.18.1
              │   │   └── (dev) carrick-cli v0.1.0 (*)
              │   ├── carrick-cli v0.1.0 (*)
              │   ├── hyper-named-pipe v0.1.0
              │   │   └── bollard v0.18.1 (*)
              │   ├── hyper-rustls v0.27.9
              │   │   └── reqwest v0.12.28
              │   │       └── oci-client v0.15.0
              │   │           ├── carrick-image v0.1.0 (*)
              │   │           ├── carrick-runtime v0.1.0 (*)
              │   │           └── carrick-spec v0.1.0 (*)
              │   ├── hyperlocal v0.9.1
              │   │   └── bollard v0.18.1 (*)
              │   └── reqwest v0.12.28 (*)
              └── tokio v1.52.3
                  ├── bollard v0.18.1 (*)
                  ├── (dev) carrick-cli v0.1.0 (*)
                  ├── carrick-conformance-next v0.1.0 (*)
                  ├── carrick-embed v0.1.0 (*)
                  ├── carrick-engine v0.1.0 (*)
                  ├── carrick-image v0.1.0 (*)
                  ├── (dev) carrick-runtime v0.1.0 (*)
                  ├── hyper v1.9.0
                  │   ├── bollard v0.18.1 (*)
                  │   ├── carrick-cli v0.1.0 (*)
                  │   ├── hyper-named-pipe v0.1.0 (*)
                  │   ├── hyper-rustls v0.27.9 (*)
                  │   ├── hyper-util v0.1.20 (*)
                  │   ├── hyperlocal v0.9.1 (*)
                  │   └── reqwest v0.12.28 (*)
                  ├── hyper-named-pipe v0.1.0 (*)
                  ├── hyper-rustls v0.27.9 (*)
                  ├── hyper-util v0.1.20 (*)
                  ├── hyperlocal v0.9.1 (*)
                  ├── oci-client v0.15.0 (*)
                  ├── reqwest v0.12.28 (*)
                  ├── tokio-rustls v0.26.4
                  │   ├── hyper-rustls v0.27.9 (*)
                  │   └── reqwest v0.12.28 (*)
                  ├── tokio-util v0.7.18
                  │   ├── bollard v0.18.1 (*)
                  │   └── reqwest v0.12.28 (*)
                  └── tower v0.5.3
                      ├── reqwest v0.12.28 (*)
                      └── tower-http v0.6.10
                          └── reqwest v0.12.28 (*)

warning[duplicate]: found 2 duplicate entries for crate 'windows_aarch64_gnullvm'
    ┌─ /Users/tjfontaine/.codex/worktrees/el1-completion/carrick/Cargo.lock:342:1
    │  
342 │ ╭ windows_aarch64_gnullvm 0.52.6 registry+https://github.com/rust-lang/crates.io-index
343 │ │ windows_aarch64_gnullvm 0.53.1 registry+https://github.com/rust-lang/crates.io-index
    │ ╰────────────────────────────────────────────────────────────────────────────────────┘ lock entries
    │  
    ├ windows_aarch64_gnullvm v0.52.6
      └── windows-targets v0.52.6
          └── windows-sys v0.52.0
              ├── errno v0.3.14
              │   ├── rustix v1.1.4
              │   │   ├── fd-lock v4.0.4
              │   │   │   ├── carrick-runtime v0.1.0
              │   │   │   │   ├── carrick-cli v0.1.0
              │   │   │   │   ├── carrick-embed v0.1.0
              │   │   │   │   │   └── carrick-conformance-next v0.1.0
              │   │   │   │   ├── carrick-engine v0.1.0
              │   │   │   │   │   ├── carrick-cli v0.1.0 (*)
              │   │   │   │   │   └── carrick-embed v0.1.0 (*)
              │   │   │   │   └── (dev) carrick-runtime v0.1.0 (*)
              │   │   │   └── carrick-vfs v0.1.0
              │   │   │       ├── carrick-cli v0.1.0 (*)
              │   │   │       ├── carrick-embed v0.1.0 (*)
              │   │   │       ├── carrick-engine v0.1.0 (*)
              │   │   │       ├── carrick-kernel v0.1.0
              │   │   │       │   ├── carrick-cli v0.1.0 (*)
              │   │   │       │   ├── carrick-embed v0.1.0 (*)
              │   │   │       │   ├── carrick-engine v0.1.0 (*)
              │   │   │       │   ├── (dev) carrick-kernel v0.1.0 (*)
              │   │   │       │   ├── carrick-kernel-example v0.1.0
              │   │   │       │   │   └── native-syscall-slice v0.1.0
              │   │   │       │   │       └── (dev) carrick-runtime v0.1.0 (*)
              │   │   │       │   ├── carrick-runtime v0.1.0 (*)
              │   │   │       │   └── native-syscall-slice v0.1.0 (*)
              │   │   │       ├── carrick-kernel-example v0.1.0 (*)
              │   │   │       ├── carrick-runtime v0.1.0 (*)
              │   │   │       └── native-syscall-slice v0.1.0 (*)
              │   │   └── tempfile v3.27.0
              │   │       ├── (dev) carrick-cli v0.1.0 (*)
              │   │       ├── (dev) carrick-conformance-contract v0.1.0
              │   │       │   ├── (dev) carrick-aarch64 v0.1.0
              │   │       │   │   ├── carrick-runtime v0.1.0 (*)
              │   │       │   │   ├── carrick-vmm-hvf v0.1.0
              │   │       │   │   │   ├── carrick-cli v0.1.0 (*)
              │   │       │   │   │   └── carrick-runtime v0.1.0 (*)
              │   │       │   │   └── carrick-vmm-kvm v0.1.0
              │   │       │   ├── (dev) carrick-conformance-next v0.1.0 (*)
              │   │       │   ├── carrick-embed v0.1.0 (*)
              │   │       │   ├── carrick-investigation v0.1.0
              │   │       │   ├── (dev) carrick-kernel v0.1.0 (*)
              │   │       │   ├── carrick-kernel-example v0.1.0 (*)
              │   │       │   ├── (dev) carrick-runtime v0.1.0 (*)
              │   │       │   ├── (dev) carrick-vmm-hvf v0.1.0 (*)
              │   │       │   └── native-syscall-slice v0.1.0 (*)
              │   │       ├── (dev) carrick-conformance-next v0.1.0 (*)
              │   │       ├── (dev) carrick-coordinator v0.1.0
              │   │       │   ├── carrick-conformance v0.1.0
              │   │       │   └── carrick-investigation v0.1.0 (*)
              │   │       ├── carrick-embed v0.1.0 (*)
              │   │       ├── (dev) carrick-engine v0.1.0 (*)
              │   │       ├── (dev) carrick-host v0.1.0
              │   │       │   ├── carrick-aarch64 v0.1.0 (*)
              │   │       │   ├── carrick-embed v0.1.0 (*)
              │   │       │   ├── carrick-host-bsd v0.1.0
              │   │       │   │   ├── carrick-cli v0.1.0 (*)
              │   │       │   │   ├── carrick-kernel v0.1.0 (*)
              │   │       │   │   ├── carrick-runtime v0.1.0 (*)
              │   │       │   │   ├── carrick-vfs v0.1.0 (*)
              │   │       │   │   ├── carrick-vmm-bhyve v0.1.0
              │   │       │   │   ├── carrick-vmm-hvf v0.1.0 (*)
              │   │       │   │   └── carrick-vmm-nvmm v0.1.0
              │   │       │   ├── carrick-kernel v0.1.0 (*)
              │   │       │   ├── carrick-runtime v0.1.0 (*)
              │   │       │   ├── carrick-timer-core v0.1.0
              │   │       │   │   ├── carrick-hal v0.1.0
              │   │       │   │   │   ├── carrick-aarch64 v0.1.0 (*)
              │   │       │   │   │   ├── carrick-embed v0.1.0 (*)
              │   │       │   │   │   ├── carrick-host-bsd v0.1.0 (*)
              │   │       │   │   │   ├── carrick-host-linux v0.1.0
              │   │       │   │   │   │   ├── carrick-kernel v0.1.0 (*)
              │   │       │   │   │   │   └── carrick-vfs v0.1.0 (*)
              │   │       │   │   │   ├── carrick-kernel v0.1.0 (*)
              │   │       │   │   │   ├── carrick-kernel-example v0.1.0 (*)
              │   │       │   │   │   ├── carrick-runtime v0.1.0 (*)
              │   │       │   │   │   ├── carrick-thread v0.1.0
              │   │       │   │   │   │   ├── carrick-embed v0.1.0 (*)
              │   │       │   │   │   │   ├── carrick-kernel v0.1.0 (*)
              │   │       │   │   │   │   ├── carrick-runtime v0.1.0 (*)
              │   │       │   │   │   │   ├── carrick-vmm-bhyve v0.1.0 (*)
              │   │       │   │   │   │   ├── carrick-vmm-hvf v0.1.0 (*)
              │   │       │   │   │   │   ├── carrick-vmm-kvm v0.1.0 (*)
              │   │       │   │   │   │   └── carrick-vmm-nvmm v0.1.0 (*)
              │   │       │   │   │   ├── carrick-vfs v0.1.0 (*)
              │   │       │   │   │   ├── carrick-vmm-bhyve v0.1.0 (*)
              │   │       │   │   │   ├── carrick-vmm-hvf v0.1.0 (*)
              │   │       │   │   │   ├── carrick-vmm-kvm v0.1.0 (*)
              │   │       │   │   │   ├── carrick-vmm-nvmm v0.1.0 (*)
              │   │       │   │   │   ├── carrick-x86 v0.1.0
              │   │       │   │   │   │   ├── carrick-vmm-bhyve v0.1.0 (*)
              │   │       │   │   │   │   ├── carrick-vmm-kvm v0.1.0 (*)
              │   │       │   │   │   │   └── carrick-vmm-nvmm v0.1.0 (*)
              │   │       │   │   │   └── native-syscall-slice v0.1.0 (*)
              │   │       │   │   ├── carrick-kernel v0.1.0 (*)
              │   │       │   │   ├── carrick-runtime v0.1.0 (*)
              │   │       │   │   ├── carrick-vmm-bhyve v0.1.0 (*)
              │   │       │   │   ├── carrick-vmm-hvf v0.1.0 (*)
              │   │       │   │   ├── carrick-vmm-kvm v0.1.0 (*)
              │   │       │   │   └── carrick-vmm-nvmm v0.1.0 (*)
              │   │       │   ├── carrick-vmm-bhyve v0.1.0 (*)
              │   │       │   ├── carrick-vmm-hvf v0.1.0 (*)
              │   │       │   ├── carrick-vmm-kvm v0.1.0 (*)
              │   │       │   ├── carrick-vmm-nvmm v0.1.0 (*)
              │   │       │   └── carrick-x86 v0.1.0 (*)
              │   │       ├── (dev) carrick-image v0.1.0
              │   │       │   ├── carrick-cli v0.1.0 (*)
              │   │       │   ├── carrick-embed v0.1.0 (*)
              │   │       │   ├── carrick-engine v0.1.0 (*)
              │   │       │   └── (dev) carrick-runtime v0.1.0 (*)
              │   │       ├── (dev) carrick-investigation v0.1.0 (*)
              │   │       ├── (dev) carrick-kernel v0.1.0 (*)
              │   │       ├── (dev) carrick-kernel-example v0.1.0 (*)
              │   │       ├── carrick-observability v0.1.0
              │   │       │   ├── carrick-aarch64 v0.1.0 (*)
              │   │       │   ├── carrick-conformance-contract v0.1.0 (*)
              │   │       │   ├── carrick-embed v0.1.0 (*)
              │   │       │   ├── carrick-kernel v0.1.0 (*)
              │   │       │   ├── carrick-kernel-example v0.1.0 (*)
              │   │       │   ├── carrick-runtime v0.1.0 (*)
              │   │       │   ├── carrick-thread v0.1.0 (*)
              │   │       │   ├── carrick-vfs v0.1.0 (*)
              │   │       │   └── carrick-vmm-hvf v0.1.0 (*)
              │   │       ├── (dev) carrick-portable v0.1.0
              │   │       │   ├── carrick-kernel v0.1.0 (*)
              │   │       │   ├── carrick-runtime v0.1.0 (*)
              │   │       │   ├── carrick-timer-core v0.1.0 (*)
              │   │       │   └── carrick-vfs v0.1.0 (*)
              │   │       ├── (dev) carrick-runtime v0.1.0 (*)
              │   │       ├── carrick-signal-core v0.1.0
              │   │       │   ├── carrick-hal v0.1.0 (*)
              │   │       │   ├── carrick-host-bsd v0.1.0 (*)
              │   │       │   ├── carrick-kernel v0.1.0 (*)
              │   │       │   ├── carrick-runtime v0.1.0 (*)
              │   │       │   ├── carrick-vmm-bhyve v0.1.0 (*)
              │   │       │   ├── carrick-vmm-hvf v0.1.0 (*)
              │   │       │   ├── carrick-vmm-kvm v0.1.0 (*)
              │   │       │   └── carrick-vmm-nvmm v0.1.0 (*)
              │   │       ├── carrick-vfs v0.1.0 (*)
              │   │       ├── native-syscall-slice v0.1.0 (*)
              │   │       ├── proptest v1.11.0
              │   │       │   ├── (dev) carrick-kernel v0.1.0 (*)
              │   │       │   └── (dev) carrick-runtime v0.1.0 (*)
              │   │       └── rusty-fork v0.3.1
              │   │           └── proptest v1.11.0 (*)
              │   └── signal-hook-registry v1.4.8
              │       ├── signal-hook v0.4.4
              │       │   └── carrick-runtime v0.1.0 (*)
              │       └── tokio v1.52.3
              │           ├── bollard v0.18.1
              │           │   └── (dev) carrick-cli v0.1.0 (*)
              │           ├── (dev) carrick-cli v0.1.0 (*)
              │           ├── carrick-conformance-next v0.1.0 (*)
              │           ├── carrick-embed v0.1.0 (*)
              │           ├── carrick-engine v0.1.0 (*)
              │           ├── carrick-image v0.1.0 (*)
              │           ├── (dev) carrick-runtime v0.1.0 (*)
              │           ├── hyper v1.9.0
              │           │   ├── bollard v0.18.1 (*)
              │           │   ├── carrick-cli v0.1.0 (*)
              │           │   ├── hyper-named-pipe v0.1.0
              │           │   │   └── bollard v0.18.1 (*)
              │           │   ├── hyper-rustls v0.27.9
              │           │   │   └── reqwest v0.12.28
              │           │   │       └── oci-client v0.15.0
              │           │   │           ├── carrick-image v0.1.0 (*)
              │           │   │           ├── carrick-runtime v0.1.0 (*)
              │           │   │           └── carrick-spec v0.1.0
              │           │   │               ├── carrick-cli v0.1.0 (*)
              │           │   │               ├── carrick-conformance-next v0.1.0 (*)
              │           │   │               ├── carrick-embed v0.1.0 (*)
              │           │   │               ├── carrick-engine v0.1.0 (*)
              │           │   │               ├── carrick-image v0.1.0 (*)
              │           │   │               ├── carrick-kernel v0.1.0 (*)
              │           │   │               ├── carrick-runtime v0.1.0 (*)
              │           │   │               └── carrick-vfs v0.1.0 (*)
              │           │   ├── hyper-util v0.1.20
              │           │   │   ├── bollard v0.18.1 (*)
              │           │   │   ├── carrick-cli v0.1.0 (*)
              │           │   │   ├── hyper-named-pipe v0.1.0 (*)
              │           │   │   ├── hyper-rustls v0.27.9 (*)
              │           │   │   ├── hyperlocal v0.9.1
              │           │   │   │   └── bollard v0.18.1 (*)
              │           │   │   └── reqwest v0.12.28 (*)
              │           │   ├── hyperlocal v0.9.1 (*)
              │           │   └── reqwest v0.12.28 (*)
              │           ├── hyper-named-pipe v0.1.0 (*)
              │           ├── hyper-rustls v0.27.9 (*)
              │           ├── hyper-util v0.1.20 (*)
              │           ├── hyperlocal v0.9.1 (*)
              │           ├── oci-client v0.15.0 (*)
              │           ├── reqwest v0.12.28 (*)
              │           ├── tokio-rustls v0.26.4
              │           │   ├── hyper-rustls v0.27.9 (*)
              │           │   └── reqwest v0.12.28 (*)
              │           ├── tokio-util v0.7.18
              │           │   ├── bollard v0.18.1 (*)
              │           │   └── reqwest v0.12.28 (*)
              │           └── tower v0.5.3
              │               ├── reqwest v0.12.28 (*)
              │               └── tower-http v0.6.10
              │                   └── reqwest v0.12.28 (*)
              ├── fd-lock v4.0.4 (*)
              ├── ring v0.17.14
              │   ├── rustls v0.23.40
              │   │   ├── hyper-rustls v0.27.9 (*)
              │   │   ├── reqwest v0.12.28 (*)
              │   │   └── tokio-rustls v0.26.4 (*)
              │   └── rustls-webpki v0.103.13
              │       └── rustls v0.23.40 (*)
              ├── rustix v1.1.4 (*)
              ├── tempfile v3.27.0 (*)
              └── winapi-util v0.1.11
                  ├── same-file v1.0.6
                  │   └── walkdir v2.5.0
                  │       └── (build) jni v0.22.4
                  │           └── hickory-proto v0.26.1
                  │               ├── carrick-kernel v0.1.0 (*)
                  │               └── carrick-runtime v0.1.0 (*)
                  └── walkdir v2.5.0 (*)
    ├ windows_aarch64_gnullvm v0.53.1
      └── windows-targets v0.53.5
          └── windows-sys v0.60.2
              ├── anstyle-query v1.1.5
              │   └── anstream v1.0.0
              │       └── clap_builder v4.6.0
              │           └── clap v4.6.1
              │               ├── carrick-cli v0.1.0
              │               ├── carrick-conformance v0.1.0
              │               ├── carrick-runtime v0.1.0
              │               │   ├── carrick-cli v0.1.0 (*)
              │               │   ├── carrick-embed v0.1.0
              │               │   │   └── carrick-conformance-next v0.1.0
              │               │   ├── carrick-engine v0.1.0
              │               │   │   ├── carrick-cli v0.1.0 (*)
              │               │   │   └── carrick-embed v0.1.0 (*)
              │               │   └── (dev) carrick-runtime v0.1.0 (*)
              │               ├── carrick-spec v0.1.0
              │               │   ├── carrick-cli v0.1.0 (*)
              │               │   ├── carrick-conformance-next v0.1.0 (*)
              │               │   ├── carrick-embed v0.1.0 (*)
              │               │   ├── carrick-engine v0.1.0 (*)
              │               │   ├── carrick-image v0.1.0
              │               │   │   ├── carrick-cli v0.1.0 (*)
              │               │   │   ├── carrick-embed v0.1.0 (*)
              │               │   │   ├── carrick-engine v0.1.0 (*)
              │               │   │   └── (dev) carrick-runtime v0.1.0 (*)
              │               │   ├── carrick-kernel v0.1.0
              │               │   │   ├── carrick-cli v0.1.0 (*)
              │               │   │   ├── carrick-embed v0.1.0 (*)
              │               │   │   ├── carrick-engine v0.1.0 (*)
              │               │   │   ├── (dev) carrick-kernel v0.1.0 (*)
              │               │   │   ├── carrick-kernel-example v0.1.0
              │               │   │   │   └── native-syscall-slice v0.1.0
              │               │   │   │       └── (dev) carrick-runtime v0.1.0 (*)
              │               │   │   ├── carrick-runtime v0.1.0 (*)
              │               │   │   └── native-syscall-slice v0.1.0 (*)
              │               │   ├── carrick-runtime v0.1.0 (*)
              │               │   └── carrick-vfs v0.1.0
              │               │       ├── carrick-cli v0.1.0 (*)
              │               │       ├── carrick-embed v0.1.0 (*)
              │               │       ├── carrick-engine v0.1.0 (*)
              │               │       ├── carrick-kernel v0.1.0 (*)
              │               │       ├── carrick-kernel-example v0.1.0 (*)
              │               │       ├── carrick-runtime v0.1.0 (*)
              │               │       └── native-syscall-slice v0.1.0 (*)
              │               └── carrick-vmm-hvf v0.1.0
              │                   ├── carrick-cli v0.1.0 (*)
              │                   └── carrick-runtime v0.1.0 (*)
              ├── anstyle-wincon v3.0.11
              │   └── anstream v1.0.0 (*)
              ├── nu-ansi-term v0.50.3
              │   └── tracing-subscriber v0.3.23
              │       ├── carrick-cli v0.1.0 (*)
              │       ├── (dev) carrick-conformance-next v0.1.0 (*)
              │       └── carrick-runtime v0.1.0 (*)
              └── socket2 v0.6.3
                  ├── carrick-kernel v0.1.0 (*)
                  ├── carrick-runtime v0.1.0 (*)
                  ├── hyper-util v0.1.20
                  │   ├── bollard v0.18.1
                  │   │   └── (dev) carrick-cli v0.1.0 (*)
                  │   ├── carrick-cli v0.1.0 (*)
                  │   ├── hyper-named-pipe v0.1.0
                  │   │   └── bollard v0.18.1 (*)
                  │   ├── hyper-rustls v0.27.9
                  │   │   └── reqwest v0.12.28
                  │   │       └── oci-client v0.15.0
                  │   │           ├── carrick-image v0.1.0 (*)
                  │   │           ├── carrick-runtime v0.1.0 (*)
                  │   │           └── carrick-spec v0.1.0 (*)
                  │   ├── hyperlocal v0.9.1
                  │   │   └── bollard v0.18.1 (*)
                  │   └── reqwest v0.12.28 (*)
                  └── tokio v1.52.3
                      ├── bollard v0.18.1 (*)
                      ├── (dev) carrick-cli v0.1.0 (*)
                      ├── carrick-conformance-next v0.1.0 (*)
                      ├── carrick-embed v0.1.0 (*)
                      ├── carrick-engine v0.1.0 (*)
                      ├── carrick-image v0.1.0 (*)
                      ├── (dev) carrick-runtime v0.1.0 (*)
                      ├── hyper v1.9.0
                      │   ├── bollard v0.18.1 (*)
                      │   ├── carrick-cli v0.1.0 (*)
                      │   ├── hyper-named-pipe v0.1.0 (*)
                      │   ├── hyper-rustls v0.27.9 (*)
                      │   ├── hyper-util v0.1.20 (*)
                      │   ├── hyperlocal v0.9.1 (*)
                      │   └── reqwest v0.12.28 (*)
                      ├── hyper-named-pipe v0.1.0 (*)
                      ├── hyper-rustls v0.27.9 (*)
                      ├── hyper-util v0.1.20 (*)
                      ├── hyperlocal v0.9.1 (*)
                      ├── oci-client v0.15.0 (*)
                      ├── reqwest v0.12.28 (*)
                      ├── tokio-rustls v0.26.4
                      │   ├── hyper-rustls v0.27.9 (*)
                      │   └── reqwest v0.12.28 (*)
                      ├── tokio-util v0.7.18
                      │   ├── bollard v0.18.1 (*)
                      │   └── reqwest v0.12.28 (*)
                      └── tower v0.5.3
                          ├── reqwest v0.12.28 (*)
                          └── tower-http v0.6.10
                              └── reqwest v0.12.28 (*)

warning[duplicate]: found 2 duplicate entries for crate 'windows_aarch64_msvc'
    ┌─ /Users/tjfontaine/.codex/worktrees/el1-completion/carrick/Cargo.lock:344:1
    │  
344 │ ╭ windows_aarch64_msvc 0.52.6 registry+https://github.com/rust-lang/crates.io-index
345 │ │ windows_aarch64_msvc 0.53.1 registry+https://github.com/rust-lang/crates.io-index
    │ ╰─────────────────────────────────────────────────────────────────────────────────┘ lock entries
    │  
    ├ windows_aarch64_msvc v0.52.6
      └── windows-targets v0.52.6
          └── windows-sys v0.52.0
              ├── errno v0.3.14
              │   ├── rustix v1.1.4
              │   │   ├── fd-lock v4.0.4
              │   │   │   ├── carrick-runtime v0.1.0
              │   │   │   │   ├── carrick-cli v0.1.0
              │   │   │   │   ├── carrick-embed v0.1.0
              │   │   │   │   │   └── carrick-conformance-next v0.1.0
              │   │   │   │   ├── carrick-engine v0.1.0
              │   │   │   │   │   ├── carrick-cli v0.1.0 (*)
              │   │   │   │   │   └── carrick-embed v0.1.0 (*)
              │   │   │   │   └── (dev) carrick-runtime v0.1.0 (*)
              │   │   │   └── carrick-vfs v0.1.0
              │   │   │       ├── carrick-cli v0.1.0 (*)
              │   │   │       ├── carrick-embed v0.1.0 (*)
              │   │   │       ├── carrick-engine v0.1.0 (*)
              │   │   │       ├── carrick-kernel v0.1.0
              │   │   │       │   ├── carrick-cli v0.1.0 (*)
              │   │   │       │   ├── carrick-embed v0.1.0 (*)
              │   │   │       │   ├── carrick-engine v0.1.0 (*)
              │   │   │       │   ├── (dev) carrick-kernel v0.1.0 (*)
              │   │   │       │   ├── carrick-kernel-example v0.1.0
              │   │   │       │   │   └── native-syscall-slice v0.1.0
              │   │   │       │   │       └── (dev) carrick-runtime v0.1.0 (*)
              │   │   │       │   ├── carrick-runtime v0.1.0 (*)
              │   │   │       │   └── native-syscall-slice v0.1.0 (*)
              │   │   │       ├── carrick-kernel-example v0.1.0 (*)
              │   │   │       ├── carrick-runtime v0.1.0 (*)
              │   │   │       └── native-syscall-slice v0.1.0 (*)
              │   │   └── tempfile v3.27.0
              │   │       ├── (dev) carrick-cli v0.1.0 (*)
              │   │       ├── (dev) carrick-conformance-contract v0.1.0
              │   │       │   ├── (dev) carrick-aarch64 v0.1.0
              │   │       │   │   ├── carrick-runtime v0.1.0 (*)
              │   │       │   │   ├── carrick-vmm-hvf v0.1.0
              │   │       │   │   │   ├── carrick-cli v0.1.0 (*)
              │   │       │   │   │   └── carrick-runtime v0.1.0 (*)
              │   │       │   │   └── carrick-vmm-kvm v0.1.0
              │   │       │   ├── (dev) carrick-conformance-next v0.1.0 (*)
              │   │       │   ├── carrick-embed v0.1.0 (*)
              │   │       │   ├── carrick-investigation v0.1.0
              │   │       │   ├── (dev) carrick-kernel v0.1.0 (*)
              │   │       │   ├── carrick-kernel-example v0.1.0 (*)
              │   │       │   ├── (dev) carrick-runtime v0.1.0 (*)
              │   │       │   ├── (dev) carrick-vmm-hvf v0.1.0 (*)
              │   │       │   └── native-syscall-slice v0.1.0 (*)
              │   │       ├── (dev) carrick-conformance-next v0.1.0 (*)
              │   │       ├── (dev) carrick-coordinator v0.1.0
              │   │       │   ├── carrick-conformance v0.1.0
              │   │       │   └── carrick-investigation v0.1.0 (*)
              │   │       ├── carrick-embed v0.1.0 (*)
              │   │       ├── (dev) carrick-engine v0.1.0 (*)
              │   │       ├── (dev) carrick-host v0.1.0
              │   │       │   ├── carrick-aarch64 v0.1.0 (*)
              │   │       │   ├── carrick-embed v0.1.0 (*)
              │   │       │   ├── carrick-host-bsd v0.1.0
              │   │       │   │   ├── carrick-cli v0.1.0 (*)
              │   │       │   │   ├── carrick-kernel v0.1.0 (*)
              │   │       │   │   ├── carrick-runtime v0.1.0 (*)
              │   │       │   │   ├── carrick-vfs v0.1.0 (*)
              │   │       │   │   ├── carrick-vmm-bhyve v0.1.0
              │   │       │   │   ├── carrick-vmm-hvf v0.1.0 (*)
              │   │       │   │   └── carrick-vmm-nvmm v0.1.0
              │   │       │   ├── carrick-kernel v0.1.0 (*)
              │   │       │   ├── carrick-runtime v0.1.0 (*)
              │   │       │   ├── carrick-timer-core v0.1.0
              │   │       │   │   ├── carrick-hal v0.1.0
              │   │       │   │   │   ├── carrick-aarch64 v0.1.0 (*)
              │   │       │   │   │   ├── carrick-embed v0.1.0 (*)
              │   │       │   │   │   ├── carrick-host-bsd v0.1.0 (*)
              │   │       │   │   │   ├── carrick-host-linux v0.1.0
              │   │       │   │   │   │   ├── carrick-kernel v0.1.0 (*)
              │   │       │   │   │   │   └── carrick-vfs v0.1.0 (*)
              │   │       │   │   │   ├── carrick-kernel v0.1.0 (*)
              │   │       │   │   │   ├── carrick-kernel-example v0.1.0 (*)
              │   │       │   │   │   ├── carrick-runtime v0.1.0 (*)
              │   │       │   │   │   ├── carrick-thread v0.1.0
              │   │       │   │   │   │   ├── carrick-embed v0.1.0 (*)
              │   │       │   │   │   │   ├── carrick-kernel v0.1.0 (*)
              │   │       │   │   │   │   ├── carrick-runtime v0.1.0 (*)
              │   │       │   │   │   │   ├── carrick-vmm-bhyve v0.1.0 (*)
              │   │       │   │   │   │   ├── carrick-vmm-hvf v0.1.0 (*)
              │   │       │   │   │   │   ├── carrick-vmm-kvm v0.1.0 (*)
              │   │       │   │   │   │   └── carrick-vmm-nvmm v0.1.0 (*)
              │   │       │   │   │   ├── carrick-vfs v0.1.0 (*)
              │   │       │   │   │   ├── carrick-vmm-bhyve v0.1.0 (*)
              │   │       │   │   │   ├── carrick-vmm-hvf v0.1.0 (*)
              │   │       │   │   │   ├── carrick-vmm-kvm v0.1.0 (*)
              │   │       │   │   │   ├── carrick-vmm-nvmm v0.1.0 (*)
              │   │       │   │   │   ├── carrick-x86 v0.1.0
              │   │       │   │   │   │   ├── carrick-vmm-bhyve v0.1.0 (*)
              │   │       │   │   │   │   ├── carrick-vmm-kvm v0.1.0 (*)
              │   │       │   │   │   │   └── carrick-vmm-nvmm v0.1.0 (*)
              │   │       │   │   │   └── native-syscall-slice v0.1.0 (*)
              │   │       │   │   ├── carrick-kernel v0.1.0 (*)
              │   │       │   │   ├── carrick-runtime v0.1.0 (*)
              │   │       │   │   ├── carrick-vmm-bhyve v0.1.0 (*)
              │   │       │   │   ├── carrick-vmm-hvf v0.1.0 (*)
              │   │       │   │   ├── carrick-vmm-kvm v0.1.0 (*)
              │   │       │   │   └── carrick-vmm-nvmm v0.1.0 (*)
              │   │       │   ├── carrick-vmm-bhyve v0.1.0 (*)
              │   │       │   ├── carrick-vmm-hvf v0.1.0 (*)
              │   │       │   ├── carrick-vmm-kvm v0.1.0 (*)
              │   │       │   ├── carrick-vmm-nvmm v0.1.0 (*)
              │   │       │   └── carrick-x86 v0.1.0 (*)
              │   │       ├── (dev) carrick-image v0.1.0
              │   │       │   ├── carrick-cli v0.1.0 (*)
              │   │       │   ├── carrick-embed v0.1.0 (*)
              │   │       │   ├── carrick-engine v0.1.0 (*)
              │   │       │   └── (dev) carrick-runtime v0.1.0 (*)
              │   │       ├── (dev) carrick-investigation v0.1.0 (*)
              │   │       ├── (dev) carrick-kernel v0.1.0 (*)
              │   │       ├── (dev) carrick-kernel-example v0.1.0 (*)
              │   │       ├── carrick-observability v0.1.0
              │   │       │   ├── carrick-aarch64 v0.1.0 (*)
              │   │       │   ├── carrick-conformance-contract v0.1.0 (*)
              │   │       │   ├── carrick-embed v0.1.0 (*)
              │   │       │   ├── carrick-kernel v0.1.0 (*)
              │   │       │   ├── carrick-kernel-example v0.1.0 (*)
              │   │       │   ├── carrick-runtime v0.1.0 (*)
              │   │       │   ├── carrick-thread v0.1.0 (*)
              │   │       │   ├── carrick-vfs v0.1.0 (*)
              │   │       │   └── carrick-vmm-hvf v0.1.0 (*)
              │   │       ├── (dev) carrick-portable v0.1.0
              │   │       │   ├── carrick-kernel v0.1.0 (*)
              │   │       │   ├── carrick-runtime v0.1.0 (*)
              │   │       │   ├── carrick-timer-core v0.1.0 (*)
              │   │       │   └── carrick-vfs v0.1.0 (*)
              │   │       ├── (dev) carrick-runtime v0.1.0 (*)
              │   │       ├── carrick-signal-core v0.1.0
              │   │       │   ├── carrick-hal v0.1.0 (*)
              │   │       │   ├── carrick-host-bsd v0.1.0 (*)
              │   │       │   ├── carrick-kernel v0.1.0 (*)
              │   │       │   ├── carrick-runtime v0.1.0 (*)
              │   │       │   ├── carrick-vmm-bhyve v0.1.0 (*)
              │   │       │   ├── carrick-vmm-hvf v0.1.0 (*)
              │   │       │   ├── carrick-vmm-kvm v0.1.0 (*)
              │   │       │   └── carrick-vmm-nvmm v0.1.0 (*)
              │   │       ├── carrick-vfs v0.1.0 (*)
              │   │       ├── native-syscall-slice v0.1.0 (*)
              │   │       ├── proptest v1.11.0
              │   │       │   ├── (dev) carrick-kernel v0.1.0 (*)
              │   │       │   └── (dev) carrick-runtime v0.1.0 (*)
              │   │       └── rusty-fork v0.3.1
              │   │           └── proptest v1.11.0 (*)
              │   └── signal-hook-registry v1.4.8
              │       ├── signal-hook v0.4.4
              │       │   └── carrick-runtime v0.1.0 (*)
              │       └── tokio v1.52.3
              │           ├── bollard v0.18.1
              │           │   └── (dev) carrick-cli v0.1.0 (*)
              │           ├── (dev) carrick-cli v0.1.0 (*)
              │           ├── carrick-conformance-next v0.1.0 (*)
              │           ├── carrick-embed v0.1.0 (*)
              │           ├── carrick-engine v0.1.0 (*)
              │           ├── carrick-image v0.1.0 (*)
              │           ├── (dev) carrick-runtime v0.1.0 (*)
              │           ├── hyper v1.9.0
              │           │   ├── bollard v0.18.1 (*)
              │           │   ├── carrick-cli v0.1.0 (*)
              │           │   ├── hyper-named-pipe v0.1.0
              │           │   │   └── bollard v0.18.1 (*)
              │           │   ├── hyper-rustls v0.27.9
              │           │   │   └── reqwest v0.12.28
              │           │   │       └── oci-client v0.15.0
              │           │   │           ├── carrick-image v0.1.0 (*)
              │           │   │           ├── carrick-runtime v0.1.0 (*)
              │           │   │           └── carrick-spec v0.1.0
              │           │   │               ├── carrick-cli v0.1.0 (*)
              │           │   │               ├── carrick-conformance-next v0.1.0 (*)
              │           │   │               ├── carrick-embed v0.1.0 (*)
              │           │   │               ├── carrick-engine v0.1.0 (*)
              │           │   │               ├── carrick-image v0.1.0 (*)
              │           │   │               ├── carrick-kernel v0.1.0 (*)
              │           │   │               ├── carrick-runtime v0.1.0 (*)
              │           │   │               └── carrick-vfs v0.1.0 (*)
              │           │   ├── hyper-util v0.1.20
              │           │   │   ├── bollard v0.18.1 (*)
              │           │   │   ├── carrick-cli v0.1.0 (*)
              │           │   │   ├── hyper-named-pipe v0.1.0 (*)
              │           │   │   ├── hyper-rustls v0.27.9 (*)
              │           │   │   ├── hyperlocal v0.9.1
              │           │   │   │   └── bollard v0.18.1 (*)
              │           │   │   └── reqwest v0.12.28 (*)
              │           │   ├── hyperlocal v0.9.1 (*)
              │           │   └── reqwest v0.12.28 (*)
              │           ├── hyper-named-pipe v0.1.0 (*)
              │           ├── hyper-rustls v0.27.9 (*)
              │           ├── hyper-util v0.1.20 (*)
              │           ├── hyperlocal v0.9.1 (*)
              │           ├── oci-client v0.15.0 (*)
              │           ├── reqwest v0.12.28 (*)
              │           ├── tokio-rustls v0.26.4
              │           │   ├── hyper-rustls v0.27.9 (*)
              │           │   └── reqwest v0.12.28 (*)
              │           ├── tokio-util v0.7.18
              │           │   ├── bollard v0.18.1 (*)
              │           │   └── reqwest v0.12.28 (*)
              │           └── tower v0.5.3
              │               ├── reqwest v0.12.28 (*)
              │               └── tower-http v0.6.10
              │                   └── reqwest v0.12.28 (*)
              ├── fd-lock v4.0.4 (*)
              ├── ring v0.17.14
              │   ├── rustls v0.23.40
              │   │   ├── hyper-rustls v0.27.9 (*)
              │   │   ├── reqwest v0.12.28 (*)
              │   │   └── tokio-rustls v0.26.4 (*)
              │   └── rustls-webpki v0.103.13
              │       └── rustls v0.23.40 (*)
              ├── rustix v1.1.4 (*)
              ├── tempfile v3.27.0 (*)
              └── winapi-util v0.1.11
                  ├── same-file v1.0.6
                  │   └── walkdir v2.5.0
                  │       └── (build) jni v0.22.4
                  │           └── hickory-proto v0.26.1
                  │               ├── carrick-kernel v0.1.0 (*)
                  │               └── carrick-runtime v0.1.0 (*)
                  └── walkdir v2.5.0 (*)
    ├ windows_aarch64_msvc v0.53.1
      └── windows-targets v0.53.5
          └── windows-sys v0.60.2
              ├── anstyle-query v1.1.5
              │   └── anstream v1.0.0
              │       └── clap_builder v4.6.0
              │           └── clap v4.6.1
              │               ├── carrick-cli v0.1.0
              │               ├── carrick-conformance v0.1.0
              │               ├── carrick-runtime v0.1.0
              │               │   ├── carrick-cli v0.1.0 (*)
              │               │   ├── carrick-embed v0.1.0
              │               │   │   └── carrick-conformance-next v0.1.0
              │               │   ├── carrick-engine v0.1.0
              │               │   │   ├── carrick-cli v0.1.0 (*)
              │               │   │   └── carrick-embed v0.1.0 (*)
              │               │   └── (dev) carrick-runtime v0.1.0 (*)
              │               ├── carrick-spec v0.1.0
              │               │   ├── carrick-cli v0.1.0 (*)
              │               │   ├── carrick-conformance-next v0.1.0 (*)
              │               │   ├── carrick-embed v0.1.0 (*)
              │               │   ├── carrick-engine v0.1.0 (*)
              │               │   ├── carrick-image v0.1.0
              │               │   │   ├── carrick-cli v0.1.0 (*)
              │               │   │   ├── carrick-embed v0.1.0 (*)
              │               │   │   ├── carrick-engine v0.1.0 (*)
              │               │   │   └── (dev) carrick-runtime v0.1.0 (*)
              │               │   ├── carrick-kernel v0.1.0
              │               │   │   ├── carrick-cli v0.1.0 (*)
              │               │   │   ├── carrick-embed v0.1.0 (*)
              │               │   │   ├── carrick-engine v0.1.0 (*)
              │               │   │   ├── (dev) carrick-kernel v0.1.0 (*)
              │               │   │   ├── carrick-kernel-example v0.1.0
              │               │   │   │   └── native-syscall-slice v0.1.0
              │               │   │   │       └── (dev) carrick-runtime v0.1.0 (*)
              │               │   │   ├── carrick-runtime v0.1.0 (*)
              │               │   │   └── native-syscall-slice v0.1.0 (*)
              │               │   ├── carrick-runtime v0.1.0 (*)
              │               │   └── carrick-vfs v0.1.0
              │               │       ├── carrick-cli v0.1.0 (*)
              │               │       ├── carrick-embed v0.1.0 (*)
              │               │       ├── carrick-engine v0.1.0 (*)
              │               │       ├── carrick-kernel v0.1.0 (*)
              │               │       ├── carrick-kernel-example v0.1.0 (*)
              │               │       ├── carrick-runtime v0.1.0 (*)
              │               │       └── native-syscall-slice v0.1.0 (*)
              │               └── carrick-vmm-hvf v0.1.0
              │                   ├── carrick-cli v0.1.0 (*)
              │                   └── carrick-runtime v0.1.0 (*)
              ├── anstyle-wincon v3.0.11
              │   └── anstream v1.0.0 (*)
              ├── nu-ansi-term v0.50.3
              │   └── tracing-subscriber v0.3.23
              │       ├── carrick-cli v0.1.0 (*)
              │       ├── (dev) carrick-conformance-next v0.1.0 (*)
              │       └── carrick-runtime v0.1.0 (*)
              └── socket2 v0.6.3
                  ├── carrick-kernel v0.1.0 (*)
                  ├── carrick-runtime v0.1.0 (*)
                  ├── hyper-util v0.1.20
                  │   ├── bollard v0.18.1
                  │   │   └── (dev) carrick-cli v0.1.0 (*)
                  │   ├── carrick-cli v0.1.0 (*)
                  │   ├── hyper-named-pipe v0.1.0
                  │   │   └── bollard v0.18.1 (*)
                  │   ├── hyper-rustls v0.27.9
                  │   │   └── reqwest v0.12.28
                  │   │       └── oci-client v0.15.0
                  │   │           ├── carrick-image v0.1.0 (*)
                  │   │           ├── carrick-runtime v0.1.0 (*)
                  │   │           └── carrick-spec v0.1.0 (*)
                  │   ├── hyperlocal v0.9.1
                  │   │   └── bollard v0.18.1 (*)
                  │   └── reqwest v0.12.28 (*)
                  └── tokio v1.52.3
                      ├── bollard v0.18.1 (*)
                      ├── (dev) carrick-cli v0.1.0 (*)
                      ├── carrick-conformance-next v0.1.0 (*)
                      ├── carrick-embed v0.1.0 (*)
                      ├── carrick-engine v0.1.0 (*)
                      ├── carrick-image v0.1.0 (*)
                      ├── (dev) carrick-runtime v0.1.0 (*)
                      ├── hyper v1.9.0
                      │   ├── bollard v0.18.1 (*)
                      │   ├── carrick-cli v0.1.0 (*)
                      │   ├── hyper-named-pipe v0.1.0 (*)
                      │   ├── hyper-rustls v0.27.9 (*)
                      │   ├── hyper-util v0.1.20 (*)
                      │   ├── hyperlocal v0.9.1 (*)
                      │   └── reqwest v0.12.28 (*)
                      ├── hyper-named-pipe v0.1.0 (*)
                      ├── hyper-rustls v0.27.9 (*)
                      ├── hyper-util v0.1.20 (*)
                      ├── hyperlocal v0.9.1 (*)
                      ├── oci-client v0.15.0 (*)
                      ├── reqwest v0.12.28 (*)
                      ├── tokio-rustls v0.26.4
                      │   ├── hyper-rustls v0.27.9 (*)
                      │   └── reqwest v0.12.28 (*)
                      ├── tokio-util v0.7.18
                      │   ├── bollard v0.18.1 (*)
                      │   └── reqwest v0.12.28 (*)
                      └── tower v0.5.3
                          ├── reqwest v0.12.28 (*)
                          └── tower-http v0.6.10
                              └── reqwest v0.12.28 (*)

warning[duplicate]: found 2 duplicate entries for crate 'windows_i686_gnu'
    ┌─ /Users/tjfontaine/.codex/worktrees/el1-completion/carrick/Cargo.lock:346:1
    │  
346 │ ╭ windows_i686_gnu 0.52.6 registry+https://github.com/rust-lang/crates.io-index
347 │ │ windows_i686_gnu 0.53.1 registry+https://github.com/rust-lang/crates.io-index
    │ ╰─────────────────────────────────────────────────────────────────────────────┘ lock entries
    │  
    ├ windows_i686_gnu v0.52.6
      └── windows-targets v0.52.6
          └── windows-sys v0.52.0
              ├── errno v0.3.14
              │   ├── rustix v1.1.4
              │   │   ├── fd-lock v4.0.4
              │   │   │   ├── carrick-runtime v0.1.0
              │   │   │   │   ├── carrick-cli v0.1.0
              │   │   │   │   ├── carrick-embed v0.1.0
              │   │   │   │   │   └── carrick-conformance-next v0.1.0
              │   │   │   │   ├── carrick-engine v0.1.0
              │   │   │   │   │   ├── carrick-cli v0.1.0 (*)
              │   │   │   │   │   └── carrick-embed v0.1.0 (*)
              │   │   │   │   └── (dev) carrick-runtime v0.1.0 (*)
              │   │   │   └── carrick-vfs v0.1.0
              │   │   │       ├── carrick-cli v0.1.0 (*)
              │   │   │       ├── carrick-embed v0.1.0 (*)
              │   │   │       ├── carrick-engine v0.1.0 (*)
              │   │   │       ├── carrick-kernel v0.1.0
              │   │   │       │   ├── carrick-cli v0.1.0 (*)
              │   │   │       │   ├── carrick-embed v0.1.0 (*)
              │   │   │       │   ├── carrick-engine v0.1.0 (*)
              │   │   │       │   ├── (dev) carrick-kernel v0.1.0 (*)
              │   │   │       │   ├── carrick-kernel-example v0.1.0
              │   │   │       │   │   └── native-syscall-slice v0.1.0
              │   │   │       │   │       └── (dev) carrick-runtime v0.1.0 (*)
              │   │   │       │   ├── carrick-runtime v0.1.0 (*)
              │   │   │       │   └── native-syscall-slice v0.1.0 (*)
              │   │   │       ├── carrick-kernel-example v0.1.0 (*)
              │   │   │       ├── carrick-runtime v0.1.0 (*)
              │   │   │       └── native-syscall-slice v0.1.0 (*)
              │   │   └── tempfile v3.27.0
              │   │       ├── (dev) carrick-cli v0.1.0 (*)
              │   │       ├── (dev) carrick-conformance-contract v0.1.0
              │   │       │   ├── (dev) carrick-aarch64 v0.1.0
              │   │       │   │   ├── carrick-runtime v0.1.0 (*)
              │   │       │   │   ├── carrick-vmm-hvf v0.1.0
              │   │       │   │   │   ├── carrick-cli v0.1.0 (*)
              │   │       │   │   │   └── carrick-runtime v0.1.0 (*)
              │   │       │   │   └── carrick-vmm-kvm v0.1.0
              │   │       │   ├── (dev) carrick-conformance-next v0.1.0 (*)
              │   │       │   ├── carrick-embed v0.1.0 (*)
              │   │       │   ├── carrick-investigation v0.1.0
              │   │       │   ├── (dev) carrick-kernel v0.1.0 (*)
              │   │       │   ├── carrick-kernel-example v0.1.0 (*)
              │   │       │   ├── (dev) carrick-runtime v0.1.0 (*)
              │   │       │   ├── (dev) carrick-vmm-hvf v0.1.0 (*)
              │   │       │   └── native-syscall-slice v0.1.0 (*)
              │   │       ├── (dev) carrick-conformance-next v0.1.0 (*)
              │   │       ├── (dev) carrick-coordinator v0.1.0
              │   │       │   ├── carrick-conformance v0.1.0
              │   │       │   └── carrick-investigation v0.1.0 (*)
              │   │       ├── carrick-embed v0.1.0 (*)
              │   │       ├── (dev) carrick-engine v0.1.0 (*)
              │   │       ├── (dev) carrick-host v0.1.0
              │   │       │   ├── carrick-aarch64 v0.1.0 (*)
              │   │       │   ├── carrick-embed v0.1.0 (*)
              │   │       │   ├── carrick-host-bsd v0.1.0
              │   │       │   │   ├── carrick-cli v0.1.0 (*)
              │   │       │   │   ├── carrick-kernel v0.1.0 (*)
              │   │       │   │   ├── carrick-runtime v0.1.0 (*)
              │   │       │   │   ├── carrick-vfs v0.1.0 (*)
              │   │       │   │   ├── carrick-vmm-bhyve v0.1.0
              │   │       │   │   ├── carrick-vmm-hvf v0.1.0 (*)
              │   │       │   │   └── carrick-vmm-nvmm v0.1.0
              │   │       │   ├── carrick-kernel v0.1.0 (*)
              │   │       │   ├── carrick-runtime v0.1.0 (*)
              │   │       │   ├── carrick-timer-core v0.1.0
              │   │       │   │   ├── carrick-hal v0.1.0
              │   │       │   │   │   ├── carrick-aarch64 v0.1.0 (*)
              │   │       │   │   │   ├── carrick-embed v0.1.0 (*)
              │   │       │   │   │   ├── carrick-host-bsd v0.1.0 (*)
              │   │       │   │   │   ├── carrick-host-linux v0.1.0
              │   │       │   │   │   │   ├── carrick-kernel v0.1.0 (*)
              │   │       │   │   │   │   └── carrick-vfs v0.1.0 (*)
              │   │       │   │   │   ├── carrick-kernel v0.1.0 (*)
              │   │       │   │   │   ├── carrick-kernel-example v0.1.0 (*)
              │   │       │   │   │   ├── carrick-runtime v0.1.0 (*)
              │   │       │   │   │   ├── carrick-thread v0.1.0
              │   │       │   │   │   │   ├── carrick-embed v0.1.0 (*)
              │   │       │   │   │   │   ├── carrick-kernel v0.1.0 (*)
              │   │       │   │   │   │   ├── carrick-runtime v0.1.0 (*)
              │   │       │   │   │   │   ├── carrick-vmm-bhyve v0.1.0 (*)
              │   │       │   │   │   │   ├── carrick-vmm-hvf v0.1.0 (*)
              │   │       │   │   │   │   ├── carrick-vmm-kvm v0.1.0 (*)
              │   │       │   │   │   │   └── carrick-vmm-nvmm v0.1.0 (*)
              │   │       │   │   │   ├── carrick-vfs v0.1.0 (*)
              │   │       │   │   │   ├── carrick-vmm-bhyve v0.1.0 (*)
              │   │       │   │   │   ├── carrick-vmm-hvf v0.1.0 (*)
              │   │       │   │   │   ├── carrick-vmm-kvm v0.1.0 (*)
              │   │       │   │   │   ├── carrick-vmm-nvmm v0.1.0 (*)
              │   │       │   │   │   ├── carrick-x86 v0.1.0
              │   │       │   │   │   │   ├── carrick-vmm-bhyve v0.1.0 (*)
              │   │       │   │   │   │   ├── carrick-vmm-kvm v0.1.0 (*)
              │   │       │   │   │   │   └── carrick-vmm-nvmm v0.1.0 (*)
              │   │       │   │   │   └── native-syscall-slice v0.1.0 (*)
              │   │       │   │   ├── carrick-kernel v0.1.0 (*)
              │   │       │   │   ├── carrick-runtime v0.1.0 (*)
              │   │       │   │   ├── carrick-vmm-bhyve v0.1.0 (*)
              │   │       │   │   ├── carrick-vmm-hvf v0.1.0 (*)
              │   │       │   │   ├── carrick-vmm-kvm v0.1.0 (*)
              │   │       │   │   └── carrick-vmm-nvmm v0.1.0 (*)
              │   │       │   ├── carrick-vmm-bhyve v0.1.0 (*)
              │   │       │   ├── carrick-vmm-hvf v0.1.0 (*)
              │   │       │   ├── carrick-vmm-kvm v0.1.0 (*)
              │   │       │   ├── carrick-vmm-nvmm v0.1.0 (*)
              │   │       │   └── carrick-x86 v0.1.0 (*)
              │   │       ├── (dev) carrick-image v0.1.0
              │   │       │   ├── carrick-cli v0.1.0 (*)
              │   │       │   ├── carrick-embed v0.1.0 (*)
              │   │       │   ├── carrick-engine v0.1.0 (*)
              │   │       │   └── (dev) carrick-runtime v0.1.0 (*)
              │   │       ├── (dev) carrick-investigation v0.1.0 (*)
              │   │       ├── (dev) carrick-kernel v0.1.0 (*)
              │   │       ├── (dev) carrick-kernel-example v0.1.0 (*)
              │   │       ├── carrick-observability v0.1.0
              │   │       │   ├── carrick-aarch64 v0.1.0 (*)
              │   │       │   ├── carrick-conformance-contract v0.1.0 (*)
              │   │       │   ├── carrick-embed v0.1.0 (*)
              │   │       │   ├── carrick-kernel v0.1.0 (*)
              │   │       │   ├── carrick-kernel-example v0.1.0 (*)
              │   │       │   ├── carrick-runtime v0.1.0 (*)
              │   │       │   ├── carrick-thread v0.1.0 (*)
              │   │       │   ├── carrick-vfs v0.1.0 (*)
              │   │       │   └── carrick-vmm-hvf v0.1.0 (*)
              │   │       ├── (dev) carrick-portable v0.1.0
              │   │       │   ├── carrick-kernel v0.1.0 (*)
              │   │       │   ├── carrick-runtime v0.1.0 (*)
              │   │       │   ├── carrick-timer-core v0.1.0 (*)
              │   │       │   └── carrick-vfs v0.1.0 (*)
              │   │       ├── (dev) carrick-runtime v0.1.0 (*)
              │   │       ├── carrick-signal-core v0.1.0
              │   │       │   ├── carrick-hal v0.1.0 (*)
              │   │       │   ├── carrick-host-bsd v0.1.0 (*)
              │   │       │   ├── carrick-kernel v0.1.0 (*)
              │   │       │   ├── carrick-runtime v0.1.0 (*)
              │   │       │   ├── carrick-vmm-bhyve v0.1.0 (*)
              │   │       │   ├── carrick-vmm-hvf v0.1.0 (*)
              │   │       │   ├── carrick-vmm-kvm v0.1.0 (*)
              │   │       │   └── carrick-vmm-nvmm v0.1.0 (*)
              │   │       ├── carrick-vfs v0.1.0 (*)
              │   │       ├── native-syscall-slice v0.1.0 (*)
              │   │       ├── proptest v1.11.0
              │   │       │   ├── (dev) carrick-kernel v0.1.0 (*)
              │   │       │   └── (dev) carrick-runtime v0.1.0 (*)
              │   │       └── rusty-fork v0.3.1
              │   │           └── proptest v1.11.0 (*)
              │   └── signal-hook-registry v1.4.8
              │       ├── signal-hook v0.4.4
              │       │   └── carrick-runtime v0.1.0 (*)
              │       └── tokio v1.52.3
              │           ├── bollard v0.18.1
              │           │   └── (dev) carrick-cli v0.1.0 (*)
              │           ├── (dev) carrick-cli v0.1.0 (*)
              │           ├── carrick-conformance-next v0.1.0 (*)
              │           ├── carrick-embed v0.1.0 (*)
              │           ├── carrick-engine v0.1.0 (*)
              │           ├── carrick-image v0.1.0 (*)
              │           ├── (dev) carrick-runtime v0.1.0 (*)
              │           ├── hyper v1.9.0
              │           │   ├── bollard v0.18.1 (*)
              │           │   ├── carrick-cli v0.1.0 (*)
              │           │   ├── hyper-named-pipe v0.1.0
              │           │   │   └── bollard v0.18.1 (*)
              │           │   ├── hyper-rustls v0.27.9
              │           │   │   └── reqwest v0.12.28
              │           │   │       └── oci-client v0.15.0
              │           │   │           ├── carrick-image v0.1.0 (*)
              │           │   │           ├── carrick-runtime v0.1.0 (*)
              │           │   │           └── carrick-spec v0.1.0
              │           │   │               ├── carrick-cli v0.1.0 (*)
              │           │   │               ├── carrick-conformance-next v0.1.0 (*)
              │           │   │               ├── carrick-embed v0.1.0 (*)
              │           │   │               ├── carrick-engine v0.1.0 (*)
              │           │   │               ├── carrick-image v0.1.0 (*)
              │           │   │               ├── carrick-kernel v0.1.0 (*)
              │           │   │               ├── carrick-runtime v0.1.0 (*)
              │           │   │               └── carrick-vfs v0.1.0 (*)
              │           │   ├── hyper-util v0.1.20
              │           │   │   ├── bollard v0.18.1 (*)
              │           │   │   ├── carrick-cli v0.1.0 (*)
              │           │   │   ├── hyper-named-pipe v0.1.0 (*)
              │           │   │   ├── hyper-rustls v0.27.9 (*)
              │           │   │   ├── hyperlocal v0.9.1
              │           │   │   │   └── bollard v0.18.1 (*)
              │           │   │   └── reqwest v0.12.28 (*)
              │           │   ├── hyperlocal v0.9.1 (*)
              │           │   └── reqwest v0.12.28 (*)
              │           ├── hyper-named-pipe v0.1.0 (*)
              │           ├── hyper-rustls v0.27.9 (*)
              │           ├── hyper-util v0.1.20 (*)
              │           ├── hyperlocal v0.9.1 (*)
              │           ├── oci-client v0.15.0 (*)
              │           ├── reqwest v0.12.28 (*)
              │           ├── tokio-rustls v0.26.4
              │           │   ├── hyper-rustls v0.27.9 (*)
              │           │   └── reqwest v0.12.28 (*)
              │           ├── tokio-util v0.7.18
              │           │   ├── bollard v0.18.1 (*)
              │           │   └── reqwest v0.12.28 (*)
              │           └── tower v0.5.3
              │               ├── reqwest v0.12.28 (*)
              │               └── tower-http v0.6.10
              │                   └── reqwest v0.12.28 (*)
              ├── fd-lock v4.0.4 (*)
              ├── ring v0.17.14
              │   ├── rustls v0.23.40
              │   │   ├── hyper-rustls v0.27.9 (*)
              │   │   ├── reqwest v0.12.28 (*)
              │   │   └── tokio-rustls v0.26.4 (*)
              │   └── rustls-webpki v0.103.13
              │       └── rustls v0.23.40 (*)
              ├── rustix v1.1.4 (*)
              ├── tempfile v3.27.0 (*)
              └── winapi-util v0.1.11
                  ├── same-file v1.0.6
                  │   └── walkdir v2.5.0
                  │       └── (build) jni v0.22.4
                  │           └── hickory-proto v0.26.1
                  │               ├── carrick-kernel v0.1.0 (*)
                  │               └── carrick-runtime v0.1.0 (*)
                  └── walkdir v2.5.0 (*)
    ├ windows_i686_gnu v0.53.1
      └── windows-targets v0.53.5
          └── windows-sys v0.60.2
              ├── anstyle-query v1.1.5
              │   └── anstream v1.0.0
              │       └── clap_builder v4.6.0
              │           └── clap v4.6.1
              │               ├── carrick-cli v0.1.0
              │               ├── carrick-conformance v0.1.0
              │               ├── carrick-runtime v0.1.0
              │               │   ├── carrick-cli v0.1.0 (*)
              │               │   ├── carrick-embed v0.1.0
              │               │   │   └── carrick-conformance-next v0.1.0
              │               │   ├── carrick-engine v0.1.0
              │               │   │   ├── carrick-cli v0.1.0 (*)
              │               │   │   └── carrick-embed v0.1.0 (*)
              │               │   └── (dev) carrick-runtime v0.1.0 (*)
              │               ├── carrick-spec v0.1.0
              │               │   ├── carrick-cli v0.1.0 (*)
              │               │   ├── carrick-conformance-next v0.1.0 (*)
              │               │   ├── carrick-embed v0.1.0 (*)
              │               │   ├── carrick-engine v0.1.0 (*)
              │               │   ├── carrick-image v0.1.0
              │               │   │   ├── carrick-cli v0.1.0 (*)
              │               │   │   ├── carrick-embed v0.1.0 (*)
              │               │   │   ├── carrick-engine v0.1.0 (*)
              │               │   │   └── (dev) carrick-runtime v0.1.0 (*)
              │               │   ├── carrick-kernel v0.1.0
              │               │   │   ├── carrick-cli v0.1.0 (*)
              │               │   │   ├── carrick-embed v0.1.0 (*)
              │               │   │   ├── carrick-engine v0.1.0 (*)
              │               │   │   ├── (dev) carrick-kernel v0.1.0 (*)
              │               │   │   ├── carrick-kernel-example v0.1.0
              │               │   │   │   └── native-syscall-slice v0.1.0
              │               │   │   │       └── (dev) carrick-runtime v0.1.0 (*)
              │               │   │   ├── carrick-runtime v0.1.0 (*)
              │               │   │   └── native-syscall-slice v0.1.0 (*)
              │               │   ├── carrick-runtime v0.1.0 (*)
              │               │   └── carrick-vfs v0.1.0
              │               │       ├── carrick-cli v0.1.0 (*)
              │               │       ├── carrick-embed v0.1.0 (*)
              │               │       ├── carrick-engine v0.1.0 (*)
              │               │       ├── carrick-kernel v0.1.0 (*)
              │               │       ├── carrick-kernel-example v0.1.0 (*)
              │               │       ├── carrick-runtime v0.1.0 (*)
              │               │       └── native-syscall-slice v0.1.0 (*)
              │               └── carrick-vmm-hvf v0.1.0
              │                   ├── carrick-cli v0.1.0 (*)
              │                   └── carrick-runtime v0.1.0 (*)
              ├── anstyle-wincon v3.0.11
              │   └── anstream v1.0.0 (*)
              ├── nu-ansi-term v0.50.3
              │   └── tracing-subscriber v0.3.23
              │       ├── carrick-cli v0.1.0 (*)
              │       ├── (dev) carrick-conformance-next v0.1.0 (*)
              │       └── carrick-runtime v0.1.0 (*)
              └── socket2 v0.6.3
                  ├── carrick-kernel v0.1.0 (*)
                  ├── carrick-runtime v0.1.0 (*)
                  ├── hyper-util v0.1.20
                  │   ├── bollard v0.18.1
                  │   │   └── (dev) carrick-cli v0.1.0 (*)
                  │   ├── carrick-cli v0.1.0 (*)
                  │   ├── hyper-named-pipe v0.1.0
                  │   │   └── bollard v0.18.1 (*)
                  │   ├── hyper-rustls v0.27.9
                  │   │   └── reqwest v0.12.28
                  │   │       └── oci-client v0.15.0
                  │   │           ├── carrick-image v0.1.0 (*)
                  │   │           ├── carrick-runtime v0.1.0 (*)
                  │   │           └── carrick-spec v0.1.0 (*)
                  │   ├── hyperlocal v0.9.1
                  │   │   └── bollard v0.18.1 (*)
                  │   └── reqwest v0.12.28 (*)
                  └── tokio v1.52.3
                      ├── bollard v0.18.1 (*)
                      ├── (dev) carrick-cli v0.1.0 (*)
                      ├── carrick-conformance-next v0.1.0 (*)
                      ├── carrick-embed v0.1.0 (*)
                      ├── carrick-engine v0.1.0 (*)
                      ├── carrick-image v0.1.0 (*)
                      ├── (dev) carrick-runtime v0.1.0 (*)
                      ├── hyper v1.9.0
                      │   ├── bollard v0.18.1 (*)
                      │   ├── carrick-cli v0.1.0 (*)
                      │   ├── hyper-named-pipe v0.1.0 (*)
                      │   ├── hyper-rustls v0.27.9 (*)
                      │   ├── hyper-util v0.1.20 (*)
                      │   ├── hyperlocal v0.9.1 (*)
                      │   └── reqwest v0.12.28 (*)
                      ├── hyper-named-pipe v0.1.0 (*)
                      ├── hyper-rustls v0.27.9 (*)
                      ├── hyper-util v0.1.20 (*)
                      ├── hyperlocal v0.9.1 (*)
                      ├── oci-client v0.15.0 (*)
                      ├── reqwest v0.12.28 (*)
                      ├── tokio-rustls v0.26.4
                      │   ├── hyper-rustls v0.27.9 (*)
                      │   └── reqwest v0.12.28 (*)
                      ├── tokio-util v0.7.18
                      │   ├── bollard v0.18.1 (*)
                      │   └── reqwest v0.12.28 (*)
                      └── tower v0.5.3
                          ├── reqwest v0.12.28 (*)
                          └── tower-http v0.6.10
                              └── reqwest v0.12.28 (*)

warning[duplicate]: found 2 duplicate entries for crate 'windows_i686_gnullvm'
    ┌─ /Users/tjfontaine/.codex/worktrees/el1-completion/carrick/Cargo.lock:348:1
    │  
348 │ ╭ windows_i686_gnullvm 0.52.6 registry+https://github.com/rust-lang/crates.io-index
349 │ │ windows_i686_gnullvm 0.53.1 registry+https://github.com/rust-lang/crates.io-index
    │ ╰─────────────────────────────────────────────────────────────────────────────────┘ lock entries
    │  
    ├ windows_i686_gnullvm v0.52.6
      └── windows-targets v0.52.6
          └── windows-sys v0.52.0
              ├── errno v0.3.14
              │   ├── rustix v1.1.4
              │   │   ├── fd-lock v4.0.4
              │   │   │   ├── carrick-runtime v0.1.0
              │   │   │   │   ├── carrick-cli v0.1.0
              │   │   │   │   ├── carrick-embed v0.1.0
              │   │   │   │   │   └── carrick-conformance-next v0.1.0
              │   │   │   │   ├── carrick-engine v0.1.0
              │   │   │   │   │   ├── carrick-cli v0.1.0 (*)
              │   │   │   │   │   └── carrick-embed v0.1.0 (*)
              │   │   │   │   └── (dev) carrick-runtime v0.1.0 (*)
              │   │   │   └── carrick-vfs v0.1.0
              │   │   │       ├── carrick-cli v0.1.0 (*)
              │   │   │       ├── carrick-embed v0.1.0 (*)
              │   │   │       ├── carrick-engine v0.1.0 (*)
              │   │   │       ├── carrick-kernel v0.1.0
              │   │   │       │   ├── carrick-cli v0.1.0 (*)
              │   │   │       │   ├── carrick-embed v0.1.0 (*)
              │   │   │       │   ├── carrick-engine v0.1.0 (*)
              │   │   │       │   ├── (dev) carrick-kernel v0.1.0 (*)
              │   │   │       │   ├── carrick-kernel-example v0.1.0
              │   │   │       │   │   └── native-syscall-slice v0.1.0
              │   │   │       │   │       └── (dev) carrick-runtime v0.1.0 (*)
              │   │   │       │   ├── carrick-runtime v0.1.0 (*)
              │   │   │       │   └── native-syscall-slice v0.1.0 (*)
              │   │   │       ├── carrick-kernel-example v0.1.0 (*)
              │   │   │       ├── carrick-runtime v0.1.0 (*)
              │   │   │       └── native-syscall-slice v0.1.0 (*)
              │   │   └── tempfile v3.27.0
              │   │       ├── (dev) carrick-cli v0.1.0 (*)
              │   │       ├── (dev) carrick-conformance-contract v0.1.0
              │   │       │   ├── (dev) carrick-aarch64 v0.1.0
              │   │       │   │   ├── carrick-runtime v0.1.0 (*)
              │   │       │   │   ├── carrick-vmm-hvf v0.1.0
              │   │       │   │   │   ├── carrick-cli v0.1.0 (*)
              │   │       │   │   │   └── carrick-runtime v0.1.0 (*)
              │   │       │   │   └── carrick-vmm-kvm v0.1.0
              │   │       │   ├── (dev) carrick-conformance-next v0.1.0 (*)
              │   │       │   ├── carrick-embed v0.1.0 (*)
              │   │       │   ├── carrick-investigation v0.1.0
              │   │       │   ├── (dev) carrick-kernel v0.1.0 (*)
              │   │       │   ├── carrick-kernel-example v0.1.0 (*)
              │   │       │   ├── (dev) carrick-runtime v0.1.0 (*)
              │   │       │   ├── (dev) carrick-vmm-hvf v0.1.0 (*)
              │   │       │   └── native-syscall-slice v0.1.0 (*)
              │   │       ├── (dev) carrick-conformance-next v0.1.0 (*)
              │   │       ├── (dev) carrick-coordinator v0.1.0
              │   │       │   ├── carrick-conformance v0.1.0
              │   │       │   └── carrick-investigation v0.1.0 (*)
              │   │       ├── carrick-embed v0.1.0 (*)
              │   │       ├── (dev) carrick-engine v0.1.0 (*)
              │   │       ├── (dev) carrick-host v0.1.0
              │   │       │   ├── carrick-aarch64 v0.1.0 (*)
              │   │       │   ├── carrick-embed v0.1.0 (*)
              │   │       │   ├── carrick-host-bsd v0.1.0
              │   │       │   │   ├── carrick-cli v0.1.0 (*)
              │   │       │   │   ├── carrick-kernel v0.1.0 (*)
              │   │       │   │   ├── carrick-runtime v0.1.0 (*)
              │   │       │   │   ├── carrick-vfs v0.1.0 (*)
              │   │       │   │   ├── carrick-vmm-bhyve v0.1.0
              │   │       │   │   ├── carrick-vmm-hvf v0.1.0 (*)
              │   │       │   │   └── carrick-vmm-nvmm v0.1.0
              │   │       │   ├── carrick-kernel v0.1.0 (*)
              │   │       │   ├── carrick-runtime v0.1.0 (*)
              │   │       │   ├── carrick-timer-core v0.1.0
              │   │       │   │   ├── carrick-hal v0.1.0
              │   │       │   │   │   ├── carrick-aarch64 v0.1.0 (*)
              │   │       │   │   │   ├── carrick-embed v0.1.0 (*)
              │   │       │   │   │   ├── carrick-host-bsd v0.1.0 (*)
              │   │       │   │   │   ├── carrick-host-linux v0.1.0
              │   │       │   │   │   │   ├── carrick-kernel v0.1.0 (*)
              │   │       │   │   │   │   └── carrick-vfs v0.1.0 (*)
              │   │       │   │   │   ├── carrick-kernel v0.1.0 (*)
              │   │       │   │   │   ├── carrick-kernel-example v0.1.0 (*)
              │   │       │   │   │   ├── carrick-runtime v0.1.0 (*)
              │   │       │   │   │   ├── carrick-thread v0.1.0
              │   │       │   │   │   │   ├── carrick-embed v0.1.0 (*)
              │   │       │   │   │   │   ├── carrick-kernel v0.1.0 (*)
              │   │       │   │   │   │   ├── carrick-runtime v0.1.0 (*)
              │   │       │   │   │   │   ├── carrick-vmm-bhyve v0.1.0 (*)
              │   │       │   │   │   │   ├── carrick-vmm-hvf v0.1.0 (*)
              │   │       │   │   │   │   ├── carrick-vmm-kvm v0.1.0 (*)
              │   │       │   │   │   │   └── carrick-vmm-nvmm v0.1.0 (*)
              │   │       │   │   │   ├── carrick-vfs v0.1.0 (*)
              │   │       │   │   │   ├── carrick-vmm-bhyve v0.1.0 (*)
              │   │       │   │   │   ├── carrick-vmm-hvf v0.1.0 (*)
              │   │       │   │   │   ├── carrick-vmm-kvm v0.1.0 (*)
              │   │       │   │   │   ├── carrick-vmm-nvmm v0.1.0 (*)
              │   │       │   │   │   ├── carrick-x86 v0.1.0
              │   │       │   │   │   │   ├── carrick-vmm-bhyve v0.1.0 (*)
              │   │       │   │   │   │   ├── carrick-vmm-kvm v0.1.0 (*)
              │   │       │   │   │   │   └── carrick-vmm-nvmm v0.1.0 (*)
              │   │       │   │   │   └── native-syscall-slice v0.1.0 (*)
              │   │       │   │   ├── carrick-kernel v0.1.0 (*)
              │   │       │   │   ├── carrick-runtime v0.1.0 (*)
              │   │       │   │   ├── carrick-vmm-bhyve v0.1.0 (*)
              │   │       │   │   ├── carrick-vmm-hvf v0.1.0 (*)
              │   │       │   │   ├── carrick-vmm-kvm v0.1.0 (*)
              │   │       │   │   └── carrick-vmm-nvmm v0.1.0 (*)
              │   │       │   ├── carrick-vmm-bhyve v0.1.0 (*)
              │   │       │   ├── carrick-vmm-hvf v0.1.0 (*)
              │   │       │   ├── carrick-vmm-kvm v0.1.0 (*)
              │   │       │   ├── carrick-vmm-nvmm v0.1.0 (*)
              │   │       │   └── carrick-x86 v0.1.0 (*)
              │   │       ├── (dev) carrick-image v0.1.0
              │   │       │   ├── carrick-cli v0.1.0 (*)
              │   │       │   ├── carrick-embed v0.1.0 (*)
              │   │       │   ├── carrick-engine v0.1.0 (*)
              │   │       │   └── (dev) carrick-runtime v0.1.0 (*)
              │   │       ├── (dev) carrick-investigation v0.1.0 (*)
              │   │       ├── (dev) carrick-kernel v0.1.0 (*)
              │   │       ├── (dev) carrick-kernel-example v0.1.0 (*)
              │   │       ├── carrick-observability v0.1.0
              │   │       │   ├── carrick-aarch64 v0.1.0 (*)
              │   │       │   ├── carrick-conformance-contract v0.1.0 (*)
              │   │       │   ├── carrick-embed v0.1.0 (*)
              │   │       │   ├── carrick-kernel v0.1.0 (*)
              │   │       │   ├── carrick-kernel-example v0.1.0 (*)
              │   │       │   ├── carrick-runtime v0.1.0 (*)
              │   │       │   ├── carrick-thread v0.1.0 (*)
              │   │       │   ├── carrick-vfs v0.1.0 (*)
              │   │       │   └── carrick-vmm-hvf v0.1.0 (*)
              │   │       ├── (dev) carrick-portable v0.1.0
              │   │       │   ├── carrick-kernel v0.1.0 (*)
              │   │       │   ├── carrick-runtime v0.1.0 (*)
              │   │       │   ├── carrick-timer-core v0.1.0 (*)
              │   │       │   └── carrick-vfs v0.1.0 (*)
              │   │       ├── (dev) carrick-runtime v0.1.0 (*)
              │   │       ├── carrick-signal-core v0.1.0
              │   │       │   ├── carrick-hal v0.1.0 (*)
              │   │       │   ├── carrick-host-bsd v0.1.0 (*)
              │   │       │   ├── carrick-kernel v0.1.0 (*)
              │   │       │   ├── carrick-runtime v0.1.0 (*)
              │   │       │   ├── carrick-vmm-bhyve v0.1.0 (*)
              │   │       │   ├── carrick-vmm-hvf v0.1.0 (*)
              │   │       │   ├── carrick-vmm-kvm v0.1.0 (*)
              │   │       │   └── carrick-vmm-nvmm v0.1.0 (*)
              │   │       ├── carrick-vfs v0.1.0 (*)
              │   │       ├── native-syscall-slice v0.1.0 (*)
              │   │       ├── proptest v1.11.0
              │   │       │   ├── (dev) carrick-kernel v0.1.0 (*)
              │   │       │   └── (dev) carrick-runtime v0.1.0 (*)
              │   │       └── rusty-fork v0.3.1
              │   │           └── proptest v1.11.0 (*)
              │   └── signal-hook-registry v1.4.8
              │       ├── signal-hook v0.4.4
              │       │   └── carrick-runtime v0.1.0 (*)
              │       └── tokio v1.52.3
              │           ├── bollard v0.18.1
              │           │   └── (dev) carrick-cli v0.1.0 (*)
              │           ├── (dev) carrick-cli v0.1.0 (*)
              │           ├── carrick-conformance-next v0.1.0 (*)
              │           ├── carrick-embed v0.1.0 (*)
              │           ├── carrick-engine v0.1.0 (*)
              │           ├── carrick-image v0.1.0 (*)
              │           ├── (dev) carrick-runtime v0.1.0 (*)
              │           ├── hyper v1.9.0
              │           │   ├── bollard v0.18.1 (*)
              │           │   ├── carrick-cli v0.1.0 (*)
              │           │   ├── hyper-named-pipe v0.1.0
              │           │   │   └── bollard v0.18.1 (*)
              │           │   ├── hyper-rustls v0.27.9
              │           │   │   └── reqwest v0.12.28
              │           │   │       └── oci-client v0.15.0
              │           │   │           ├── carrick-image v0.1.0 (*)
              │           │   │           ├── carrick-runtime v0.1.0 (*)
              │           │   │           └── carrick-spec v0.1.0
              │           │   │               ├── carrick-cli v0.1.0 (*)
              │           │   │               ├── carrick-conformance-next v0.1.0 (*)
              │           │   │               ├── carrick-embed v0.1.0 (*)
              │           │   │               ├── carrick-engine v0.1.0 (*)
              │           │   │               ├── carrick-image v0.1.0 (*)
              │           │   │               ├── carrick-kernel v0.1.0 (*)
              │           │   │               ├── carrick-runtime v0.1.0 (*)
              │           │   │               └── carrick-vfs v0.1.0 (*)
              │           │   ├── hyper-util v0.1.20
              │           │   │   ├── bollard v0.18.1 (*)
              │           │   │   ├── carrick-cli v0.1.0 (*)
              │           │   │   ├── hyper-named-pipe v0.1.0 (*)
              │           │   │   ├── hyper-rustls v0.27.9 (*)
              │           │   │   ├── hyperlocal v0.9.1
              │           │   │   │   └── bollard v0.18.1 (*)
              │           │   │   └── reqwest v0.12.28 (*)
              │           │   ├── hyperlocal v0.9.1 (*)
              │           │   └── reqwest v0.12.28 (*)
              │           ├── hyper-named-pipe v0.1.0 (*)
              │           ├── hyper-rustls v0.27.9 (*)
              │           ├── hyper-util v0.1.20 (*)
              │           ├── hyperlocal v0.9.1 (*)
              │           ├── oci-client v0.15.0 (*)
              │           ├── reqwest v0.12.28 (*)
              │           ├── tokio-rustls v0.26.4
              │           │   ├── hyper-rustls v0.27.9 (*)
              │           │   └── reqwest v0.12.28 (*)
              │           ├── tokio-util v0.7.18
              │           │   ├── bollard v0.18.1 (*)
              │           │   └── reqwest v0.12.28 (*)
              │           └── tower v0.5.3
              │               ├── reqwest v0.12.28 (*)
              │               └── tower-http v0.6.10
              │                   └── reqwest v0.12.28 (*)
              ├── fd-lock v4.0.4 (*)
              ├── ring v0.17.14
              │   ├── rustls v0.23.40
              │   │   ├── hyper-rustls v0.27.9 (*)
              │   │   ├── reqwest v0.12.28 (*)
              │   │   └── tokio-rustls v0.26.4 (*)
              │   └── rustls-webpki v0.103.13
              │       └── rustls v0.23.40 (*)
              ├── rustix v1.1.4 (*)
              ├── tempfile v3.27.0 (*)
              └── winapi-util v0.1.11
                  ├── same-file v1.0.6
                  │   └── walkdir v2.5.0
                  │       └── (build) jni v0.22.4
                  │           └── hickory-proto v0.26.1
                  │               ├── carrick-kernel v0.1.0 (*)
                  │               └── carrick-runtime v0.1.0 (*)
                  └── walkdir v2.5.0 (*)
    ├ windows_i686_gnullvm v0.53.1
      └── windows-targets v0.53.5
          └── windows-sys v0.60.2
              ├── anstyle-query v1.1.5
              │   └── anstream v1.0.0
              │       └── clap_builder v4.6.0
              │           └── clap v4.6.1
              │               ├── carrick-cli v0.1.0
              │               ├── carrick-conformance v0.1.0
              │               ├── carrick-runtime v0.1.0
              │               │   ├── carrick-cli v0.1.0 (*)
              │               │   ├── carrick-embed v0.1.0
              │               │   │   └── carrick-conformance-next v0.1.0
              │               │   ├── carrick-engine v0.1.0
              │               │   │   ├── carrick-cli v0.1.0 (*)
              │               │   │   └── carrick-embed v0.1.0 (*)
              │               │   └── (dev) carrick-runtime v0.1.0 (*)
              │               ├── carrick-spec v0.1.0
              │               │   ├── carrick-cli v0.1.0 (*)
              │               │   ├── carrick-conformance-next v0.1.0 (*)
              │               │   ├── carrick-embed v0.1.0 (*)
              │               │   ├── carrick-engine v0.1.0 (*)
              │               │   ├── carrick-image v0.1.0
              │               │   │   ├── carrick-cli v0.1.0 (*)
              │               │   │   ├── carrick-embed v0.1.0 (*)
              │               │   │   ├── carrick-engine v0.1.0 (*)
              │               │   │   └── (dev) carrick-runtime v0.1.0 (*)
              │               │   ├── carrick-kernel v0.1.0
              │               │   │   ├── carrick-cli v0.1.0 (*)
              │               │   │   ├── carrick-embed v0.1.0 (*)
              │               │   │   ├── carrick-engine v0.1.0 (*)
              │               │   │   ├── (dev) carrick-kernel v0.1.0 (*)
              │               │   │   ├── carrick-kernel-example v0.1.0
              │               │   │   │   └── native-syscall-slice v0.1.0
              │               │   │   │       └── (dev) carrick-runtime v0.1.0 (*)
              │               │   │   ├── carrick-runtime v0.1.0 (*)
              │               │   │   └── native-syscall-slice v0.1.0 (*)
              │               │   ├── carrick-runtime v0.1.0 (*)
              │               │   └── carrick-vfs v0.1.0
              │               │       ├── carrick-cli v0.1.0 (*)
              │               │       ├── carrick-embed v0.1.0 (*)
              │               │       ├── carrick-engine v0.1.0 (*)
              │               │       ├── carrick-kernel v0.1.0 (*)
              │               │       ├── carrick-kernel-example v0.1.0 (*)
              │               │       ├── carrick-runtime v0.1.0 (*)
              │               │       └── native-syscall-slice v0.1.0 (*)
              │               └── carrick-vmm-hvf v0.1.0
              │                   ├── carrick-cli v0.1.0 (*)
              │                   └── carrick-runtime v0.1.0 (*)
              ├── anstyle-wincon v3.0.11
              │   └── anstream v1.0.0 (*)
              ├── nu-ansi-term v0.50.3
              │   └── tracing-subscriber v0.3.23
              │       ├── carrick-cli v0.1.0 (*)
              │       ├── (dev) carrick-conformance-next v0.1.0 (*)
              │       └── carrick-runtime v0.1.0 (*)
              └── socket2 v0.6.3
                  ├── carrick-kernel v0.1.0 (*)
                  ├── carrick-runtime v0.1.0 (*)
                  ├── hyper-util v0.1.20
                  │   ├── bollard v0.18.1
                  │   │   └── (dev) carrick-cli v0.1.0 (*)
                  │   ├── carrick-cli v0.1.0 (*)
                  │   ├── hyper-named-pipe v0.1.0
                  │   │   └── bollard v0.18.1 (*)
                  │   ├── hyper-rustls v0.27.9
                  │   │   └── reqwest v0.12.28
                  │   │       └── oci-client v0.15.0
                  │   │           ├── carrick-image v0.1.0 (*)
                  │   │           ├── carrick-runtime v0.1.0 (*)
                  │   │           └── carrick-spec v0.1.0 (*)
                  │   ├── hyperlocal v0.9.1
                  │   │   └── bollard v0.18.1 (*)
                  │   └── reqwest v0.12.28 (*)
                  └── tokio v1.52.3
                      ├── bollard v0.18.1 (*)
                      ├── (dev) carrick-cli v0.1.0 (*)
                      ├── carrick-conformance-next v0.1.0 (*)
                      ├── carrick-embed v0.1.0 (*)
                      ├── carrick-engine v0.1.0 (*)
                      ├── carrick-image v0.1.0 (*)
                      ├── (dev) carrick-runtime v0.1.0 (*)
                      ├── hyper v1.9.0
                      │   ├── bollard v0.18.1 (*)
                      │   ├── carrick-cli v0.1.0 (*)
                      │   ├── hyper-named-pipe v0.1.0 (*)
                      │   ├── hyper-rustls v0.27.9 (*)
                      │   ├── hyper-util v0.1.20 (*)
                      │   ├── hyperlocal v0.9.1 (*)
                      │   └── reqwest v0.12.28 (*)
                      ├── hyper-named-pipe v0.1.0 (*)
                      ├── hyper-rustls v0.27.9 (*)
                      ├── hyper-util v0.1.20 (*)
                      ├── hyperlocal v0.9.1 (*)
                      ├── oci-client v0.15.0 (*)
                      ├── reqwest v0.12.28 (*)
                      ├── tokio-rustls v0.26.4
                      │   ├── hyper-rustls v0.27.9 (*)
                      │   └── reqwest v0.12.28 (*)
                      ├── tokio-util v0.7.18
                      │   ├── bollard v0.18.1 (*)
                      │   └── reqwest v0.12.28 (*)
                      └── tower v0.5.3
                          ├── reqwest v0.12.28 (*)
                          └── tower-http v0.6.10
                              └── reqwest v0.12.28 (*)

warning[duplicate]: found 2 duplicate entries for crate 'windows_i686_msvc'
    ┌─ /Users/tjfontaine/.codex/worktrees/el1-completion/carrick/Cargo.lock:350:1
    │  
350 │ ╭ windows_i686_msvc 0.52.6 registry+https://github.com/rust-lang/crates.io-index
351 │ │ windows_i686_msvc 0.53.1 registry+https://github.com/rust-lang/crates.io-index
    │ ╰──────────────────────────────────────────────────────────────────────────────┘ lock entries
    │  
    ├ windows_i686_msvc v0.52.6
      └── windows-targets v0.52.6
          └── windows-sys v0.52.0
              ├── errno v0.3.14
              │   ├── rustix v1.1.4
              │   │   ├── fd-lock v4.0.4
              │   │   │   ├── carrick-runtime v0.1.0
              │   │   │   │   ├── carrick-cli v0.1.0
              │   │   │   │   ├── carrick-embed v0.1.0
              │   │   │   │   │   └── carrick-conformance-next v0.1.0
              │   │   │   │   ├── carrick-engine v0.1.0
              │   │   │   │   │   ├── carrick-cli v0.1.0 (*)
              │   │   │   │   │   └── carrick-embed v0.1.0 (*)
              │   │   │   │   └── (dev) carrick-runtime v0.1.0 (*)
              │   │   │   └── carrick-vfs v0.1.0
              │   │   │       ├── carrick-cli v0.1.0 (*)
              │   │   │       ├── carrick-embed v0.1.0 (*)
              │   │   │       ├── carrick-engine v0.1.0 (*)
              │   │   │       ├── carrick-kernel v0.1.0
              │   │   │       │   ├── carrick-cli v0.1.0 (*)
              │   │   │       │   ├── carrick-embed v0.1.0 (*)
              │   │   │       │   ├── carrick-engine v0.1.0 (*)
              │   │   │       │   ├── (dev) carrick-kernel v0.1.0 (*)
              │   │   │       │   ├── carrick-kernel-example v0.1.0
              │   │   │       │   │   └── native-syscall-slice v0.1.0
              │   │   │       │   │       └── (dev) carrick-runtime v0.1.0 (*)
              │   │   │       │   ├── carrick-runtime v0.1.0 (*)
              │   │   │       │   └── native-syscall-slice v0.1.0 (*)
              │   │   │       ├── carrick-kernel-example v0.1.0 (*)
              │   │   │       ├── carrick-runtime v0.1.0 (*)
              │   │   │       └── native-syscall-slice v0.1.0 (*)
              │   │   └── tempfile v3.27.0
              │   │       ├── (dev) carrick-cli v0.1.0 (*)
              │   │       ├── (dev) carrick-conformance-contract v0.1.0
              │   │       │   ├── (dev) carrick-aarch64 v0.1.0
              │   │       │   │   ├── carrick-runtime v0.1.0 (*)
              │   │       │   │   ├── carrick-vmm-hvf v0.1.0
              │   │       │   │   │   ├── carrick-cli v0.1.0 (*)
              │   │       │   │   │   └── carrick-runtime v0.1.0 (*)
              │   │       │   │   └── carrick-vmm-kvm v0.1.0
              │   │       │   ├── (dev) carrick-conformance-next v0.1.0 (*)
              │   │       │   ├── carrick-embed v0.1.0 (*)
              │   │       │   ├── carrick-investigation v0.1.0
              │   │       │   ├── (dev) carrick-kernel v0.1.0 (*)
              │   │       │   ├── carrick-kernel-example v0.1.0 (*)
              │   │       │   ├── (dev) carrick-runtime v0.1.0 (*)
              │   │       │   ├── (dev) carrick-vmm-hvf v0.1.0 (*)
              │   │       │   └── native-syscall-slice v0.1.0 (*)
              │   │       ├── (dev) carrick-conformance-next v0.1.0 (*)
              │   │       ├── (dev) carrick-coordinator v0.1.0
              │   │       │   ├── carrick-conformance v0.1.0
              │   │       │   └── carrick-investigation v0.1.0 (*)
              │   │       ├── carrick-embed v0.1.0 (*)
              │   │       ├── (dev) carrick-engine v0.1.0 (*)
              │   │       ├── (dev) carrick-host v0.1.0
              │   │       │   ├── carrick-aarch64 v0.1.0 (*)
              │   │       │   ├── carrick-embed v0.1.0 (*)
              │   │       │   ├── carrick-host-bsd v0.1.0
              │   │       │   │   ├── carrick-cli v0.1.0 (*)
              │   │       │   │   ├── carrick-kernel v0.1.0 (*)
              │   │       │   │   ├── carrick-runtime v0.1.0 (*)
              │   │       │   │   ├── carrick-vfs v0.1.0 (*)
              │   │       │   │   ├── carrick-vmm-bhyve v0.1.0
              │   │       │   │   ├── carrick-vmm-hvf v0.1.0 (*)
              │   │       │   │   └── carrick-vmm-nvmm v0.1.0
              │   │       │   ├── carrick-kernel v0.1.0 (*)
              │   │       │   ├── carrick-runtime v0.1.0 (*)
              │   │       │   ├── carrick-timer-core v0.1.0
              │   │       │   │   ├── carrick-hal v0.1.0
              │   │       │   │   │   ├── carrick-aarch64 v0.1.0 (*)
              │   │       │   │   │   ├── carrick-embed v0.1.0 (*)
              │   │       │   │   │   ├── carrick-host-bsd v0.1.0 (*)
              │   │       │   │   │   ├── carrick-host-linux v0.1.0
              │   │       │   │   │   │   ├── carrick-kernel v0.1.0 (*)
              │   │       │   │   │   │   └── carrick-vfs v0.1.0 (*)
              │   │       │   │   │   ├── carrick-kernel v0.1.0 (*)
              │   │       │   │   │   ├── carrick-kernel-example v0.1.0 (*)
              │   │       │   │   │   ├── carrick-runtime v0.1.0 (*)
              │   │       │   │   │   ├── carrick-thread v0.1.0
              │   │       │   │   │   │   ├── carrick-embed v0.1.0 (*)
              │   │       │   │   │   │   ├── carrick-kernel v0.1.0 (*)
              │   │       │   │   │   │   ├── carrick-runtime v0.1.0 (*)
              │   │       │   │   │   │   ├── carrick-vmm-bhyve v0.1.0 (*)
              │   │       │   │   │   │   ├── carrick-vmm-hvf v0.1.0 (*)
              │   │       │   │   │   │   ├── carrick-vmm-kvm v0.1.0 (*)
              │   │       │   │   │   │   └── carrick-vmm-nvmm v0.1.0 (*)
              │   │       │   │   │   ├── carrick-vfs v0.1.0 (*)
              │   │       │   │   │   ├── carrick-vmm-bhyve v0.1.0 (*)
              │   │       │   │   │   ├── carrick-vmm-hvf v0.1.0 (*)
              │   │       │   │   │   ├── carrick-vmm-kvm v0.1.0 (*)
              │   │       │   │   │   ├── carrick-vmm-nvmm v0.1.0 (*)
              │   │       │   │   │   ├── carrick-x86 v0.1.0
              │   │       │   │   │   │   ├── carrick-vmm-bhyve v0.1.0 (*)
              │   │       │   │   │   │   ├── carrick-vmm-kvm v0.1.0 (*)
              │   │       │   │   │   │   └── carrick-vmm-nvmm v0.1.0 (*)
              │   │       │   │   │   └── native-syscall-slice v0.1.0 (*)
              │   │       │   │   ├── carrick-kernel v0.1.0 (*)
              │   │       │   │   ├── carrick-runtime v0.1.0 (*)
              │   │       │   │   ├── carrick-vmm-bhyve v0.1.0 (*)
              │   │       │   │   ├── carrick-vmm-hvf v0.1.0 (*)
              │   │       │   │   ├── carrick-vmm-kvm v0.1.0 (*)
              │   │       │   │   └── carrick-vmm-nvmm v0.1.0 (*)
              │   │       │   ├── carrick-vmm-bhyve v0.1.0 (*)
              │   │       │   ├── carrick-vmm-hvf v0.1.0 (*)
              │   │       │   ├── carrick-vmm-kvm v0.1.0 (*)
              │   │       │   ├── carrick-vmm-nvmm v0.1.0 (*)
              │   │       │   └── carrick-x86 v0.1.0 (*)
              │   │       ├── (dev) carrick-image v0.1.0
              │   │       │   ├── carrick-cli v0.1.0 (*)
              │   │       │   ├── carrick-embed v0.1.0 (*)
              │   │       │   ├── carrick-engine v0.1.0 (*)
              │   │       │   └── (dev) carrick-runtime v0.1.0 (*)
              │   │       ├── (dev) carrick-investigation v0.1.0 (*)
              │   │       ├── (dev) carrick-kernel v0.1.0 (*)
              │   │       ├── (dev) carrick-kernel-example v0.1.0 (*)
              │   │       ├── carrick-observability v0.1.0
              │   │       │   ├── carrick-aarch64 v0.1.0 (*)
              │   │       │   ├── carrick-conformance-contract v0.1.0 (*)
              │   │       │   ├── carrick-embed v0.1.0 (*)
              │   │       │   ├── carrick-kernel v0.1.0 (*)
              │   │       │   ├── carrick-kernel-example v0.1.0 (*)
              │   │       │   ├── carrick-runtime v0.1.0 (*)
              │   │       │   ├── carrick-thread v0.1.0 (*)
              │   │       │   ├── carrick-vfs v0.1.0 (*)
              │   │       │   └── carrick-vmm-hvf v0.1.0 (*)
              │   │       ├── (dev) carrick-portable v0.1.0
              │   │       │   ├── carrick-kernel v0.1.0 (*)
              │   │       │   ├── carrick-runtime v0.1.0 (*)
              │   │       │   ├── carrick-timer-core v0.1.0 (*)
              │   │       │   └── carrick-vfs v0.1.0 (*)
              │   │       ├── (dev) carrick-runtime v0.1.0 (*)
              │   │       ├── carrick-signal-core v0.1.0
              │   │       │   ├── carrick-hal v0.1.0 (*)
              │   │       │   ├── carrick-host-bsd v0.1.0 (*)
              │   │       │   ├── carrick-kernel v0.1.0 (*)
              │   │       │   ├── carrick-runtime v0.1.0 (*)
              │   │       │   ├── carrick-vmm-bhyve v0.1.0 (*)
              │   │       │   ├── carrick-vmm-hvf v0.1.0 (*)
              │   │       │   ├── carrick-vmm-kvm v0.1.0 (*)
              │   │       │   └── carrick-vmm-nvmm v0.1.0 (*)
              │   │       ├── carrick-vfs v0.1.0 (*)
              │   │       ├── native-syscall-slice v0.1.0 (*)
              │   │       ├── proptest v1.11.0
              │   │       │   ├── (dev) carrick-kernel v0.1.0 (*)
              │   │       │   └── (dev) carrick-runtime v0.1.0 (*)
              │   │       └── rusty-fork v0.3.1
              │   │           └── proptest v1.11.0 (*)
              │   └── signal-hook-registry v1.4.8
              │       ├── signal-hook v0.4.4
              │       │   └── carrick-runtime v0.1.0 (*)
              │       └── tokio v1.52.3
              │           ├── bollard v0.18.1
              │           │   └── (dev) carrick-cli v0.1.0 (*)
              │           ├── (dev) carrick-cli v0.1.0 (*)
              │           ├── carrick-conformance-next v0.1.0 (*)
              │           ├── carrick-embed v0.1.0 (*)
              │           ├── carrick-engine v0.1.0 (*)
              │           ├── carrick-image v0.1.0 (*)
              │           ├── (dev) carrick-runtime v0.1.0 (*)
              │           ├── hyper v1.9.0
              │           │   ├── bollard v0.18.1 (*)
              │           │   ├── carrick-cli v0.1.0 (*)
              │           │   ├── hyper-named-pipe v0.1.0
              │           │   │   └── bollard v0.18.1 (*)
              │           │   ├── hyper-rustls v0.27.9
              │           │   │   └── reqwest v0.12.28
              │           │   │       └── oci-client v0.15.0
              │           │   │           ├── carrick-image v0.1.0 (*)
              │           │   │           ├── carrick-runtime v0.1.0 (*)
              │           │   │           └── carrick-spec v0.1.0
              │           │   │               ├── carrick-cli v0.1.0 (*)
              │           │   │               ├── carrick-conformance-next v0.1.0 (*)
              │           │   │               ├── carrick-embed v0.1.0 (*)
              │           │   │               ├── carrick-engine v0.1.0 (*)
              │           │   │               ├── carrick-image v0.1.0 (*)
              │           │   │               ├── carrick-kernel v0.1.0 (*)
              │           │   │               ├── carrick-runtime v0.1.0 (*)
              │           │   │               └── carrick-vfs v0.1.0 (*)
              │           │   ├── hyper-util v0.1.20
              │           │   │   ├── bollard v0.18.1 (*)
              │           │   │   ├── carrick-cli v0.1.0 (*)
              │           │   │   ├── hyper-named-pipe v0.1.0 (*)
              │           │   │   ├── hyper-rustls v0.27.9 (*)
              │           │   │   ├── hyperlocal v0.9.1
              │           │   │   │   └── bollard v0.18.1 (*)
              │           │   │   └── reqwest v0.12.28 (*)
              │           │   ├── hyperlocal v0.9.1 (*)
              │           │   └── reqwest v0.12.28 (*)
              │           ├── hyper-named-pipe v0.1.0 (*)
              │           ├── hyper-rustls v0.27.9 (*)
              │           ├── hyper-util v0.1.20 (*)
              │           ├── hyperlocal v0.9.1 (*)
              │           ├── oci-client v0.15.0 (*)
              │           ├── reqwest v0.12.28 (*)
              │           ├── tokio-rustls v0.26.4
              │           │   ├── hyper-rustls v0.27.9 (*)
              │           │   └── reqwest v0.12.28 (*)
              │           ├── tokio-util v0.7.18
              │           │   ├── bollard v0.18.1 (*)
              │           │   └── reqwest v0.12.28 (*)
              │           └── tower v0.5.3
              │               ├── reqwest v0.12.28 (*)
              │               └── tower-http v0.6.10
              │                   └── reqwest v0.12.28 (*)
              ├── fd-lock v4.0.4 (*)
              ├── ring v0.17.14
              │   ├── rustls v0.23.40
              │   │   ├── hyper-rustls v0.27.9 (*)
              │   │   ├── reqwest v0.12.28 (*)
              │   │   └── tokio-rustls v0.26.4 (*)
              │   └── rustls-webpki v0.103.13
              │       └── rustls v0.23.40 (*)
              ├── rustix v1.1.4 (*)
              ├── tempfile v3.27.0 (*)
              └── winapi-util v0.1.11
                  ├── same-file v1.0.6
                  │   └── walkdir v2.5.0
                  │       └── (build) jni v0.22.4
                  │           └── hickory-proto v0.26.1
                  │               ├── carrick-kernel v0.1.0 (*)
                  │               └── carrick-runtime v0.1.0 (*)
                  └── walkdir v2.5.0 (*)
    ├ windows_i686_msvc v0.53.1
      └── windows-targets v0.53.5
          └── windows-sys v0.60.2
              ├── anstyle-query v1.1.5
              │   └── anstream v1.0.0
              │       └── clap_builder v4.6.0
              │           └── clap v4.6.1
              │               ├── carrick-cli v0.1.0
              │               ├── carrick-conformance v0.1.0
              │               ├── carrick-runtime v0.1.0
              │               │   ├── carrick-cli v0.1.0 (*)
              │               │   ├── carrick-embed v0.1.0
              │               │   │   └── carrick-conformance-next v0.1.0
              │               │   ├── carrick-engine v0.1.0
              │               │   │   ├── carrick-cli v0.1.0 (*)
              │               │   │   └── carrick-embed v0.1.0 (*)
              │               │   └── (dev) carrick-runtime v0.1.0 (*)
              │               ├── carrick-spec v0.1.0
              │               │   ├── carrick-cli v0.1.0 (*)
              │               │   ├── carrick-conformance-next v0.1.0 (*)
              │               │   ├── carrick-embed v0.1.0 (*)
              │               │   ├── carrick-engine v0.1.0 (*)
              │               │   ├── carrick-image v0.1.0
              │               │   │   ├── carrick-cli v0.1.0 (*)
              │               │   │   ├── carrick-embed v0.1.0 (*)
              │               │   │   ├── carrick-engine v0.1.0 (*)
              │               │   │   └── (dev) carrick-runtime v0.1.0 (*)
              │               │   ├── carrick-kernel v0.1.0
              │               │   │   ├── carrick-cli v0.1.0 (*)
              │               │   │   ├── carrick-embed v0.1.0 (*)
              │               │   │   ├── carrick-engine v0.1.0 (*)
              │               │   │   ├── (dev) carrick-kernel v0.1.0 (*)
              │               │   │   ├── carrick-kernel-example v0.1.0
              │               │   │   │   └── native-syscall-slice v0.1.0
              │               │   │   │       └── (dev) carrick-runtime v0.1.0 (*)
              │               │   │   ├── carrick-runtime v0.1.0 (*)
              │               │   │   └── native-syscall-slice v0.1.0 (*)
              │               │   ├── carrick-runtime v0.1.0 (*)
              │               │   └── carrick-vfs v0.1.0
              │               │       ├── carrick-cli v0.1.0 (*)
              │               │       ├── carrick-embed v0.1.0 (*)
              │               │       ├── carrick-engine v0.1.0 (*)
              │               │       ├── carrick-kernel v0.1.0 (*)
              │               │       ├── carrick-kernel-example v0.1.0 (*)
              │               │       ├── carrick-runtime v0.1.0 (*)
              │               │       └── native-syscall-slice v0.1.0 (*)
              │               └── carrick-vmm-hvf v0.1.0
              │                   ├── carrick-cli v0.1.0 (*)
              │                   └── carrick-runtime v0.1.0 (*)
              ├── anstyle-wincon v3.0.11
              │   └── anstream v1.0.0 (*)
              ├── nu-ansi-term v0.50.3
              │   └── tracing-subscriber v0.3.23
              │       ├── carrick-cli v0.1.0 (*)
              │       ├── (dev) carrick-conformance-next v0.1.0 (*)
              │       └── carrick-runtime v0.1.0 (*)
              └── socket2 v0.6.3
                  ├── carrick-kernel v0.1.0 (*)
                  ├── carrick-runtime v0.1.0 (*)
                  ├── hyper-util v0.1.20
                  │   ├── bollard v0.18.1
                  │   │   └── (dev) carrick-cli v0.1.0 (*)
                  │   ├── carrick-cli v0.1.0 (*)
                  │   ├── hyper-named-pipe v0.1.0
                  │   │   └── bollard v0.18.1 (*)
                  │   ├── hyper-rustls v0.27.9
                  │   │   └── reqwest v0.12.28
                  │   │       └── oci-client v0.15.0
                  │   │           ├── carrick-image v0.1.0 (*)
                  │   │           ├── carrick-runtime v0.1.0 (*)
                  │   │           └── carrick-spec v0.1.0 (*)
                  │   ├── hyperlocal v0.9.1
                  │   │   └── bollard v0.18.1 (*)
                  │   └── reqwest v0.12.28 (*)
                  └── tokio v1.52.3
                      ├── bollard v0.18.1 (*)
                      ├── (dev) carrick-cli v0.1.0 (*)
                      ├── carrick-conformance-next v0.1.0 (*)
                      ├── carrick-embed v0.1.0 (*)
                      ├── carrick-engine v0.1.0 (*)
                      ├── carrick-image v0.1.0 (*)
                      ├── (dev) carrick-runtime v0.1.0 (*)
                      ├── hyper v1.9.0
                      │   ├── bollard v0.18.1 (*)
                      │   ├── carrick-cli v0.1.0 (*)
                      │   ├── hyper-named-pipe v0.1.0 (*)
                      │   ├── hyper-rustls v0.27.9 (*)
                      │   ├── hyper-util v0.1.20 (*)
                      │   ├── hyperlocal v0.9.1 (*)
                      │   └── reqwest v0.12.28 (*)
                      ├── hyper-named-pipe v0.1.0 (*)
                      ├── hyper-rustls v0.27.9 (*)
                      ├── hyper-util v0.1.20 (*)
                      ├── hyperlocal v0.9.1 (*)
                      ├── oci-client v0.15.0 (*)
                      ├── reqwest v0.12.28 (*)
                      ├── tokio-rustls v0.26.4
                      │   ├── hyper-rustls v0.27.9 (*)
                      │   └── reqwest v0.12.28 (*)
                      ├── tokio-util v0.7.18
                      │   ├── bollard v0.18.1 (*)
                      │   └── reqwest v0.12.28 (*)
                      └── tower v0.5.3
                          ├── reqwest v0.12.28 (*)
                          └── tower-http v0.6.10
                              └── reqwest v0.12.28 (*)

warning[duplicate]: found 2 duplicate entries for crate 'windows_x86_64_gnu'
    ┌─ /Users/tjfontaine/.codex/worktrees/el1-completion/carrick/Cargo.lock:352:1
    │  
352 │ ╭ windows_x86_64_gnu 0.52.6 registry+https://github.com/rust-lang/crates.io-index
353 │ │ windows_x86_64_gnu 0.53.1 registry+https://github.com/rust-lang/crates.io-index
    │ ╰───────────────────────────────────────────────────────────────────────────────┘ lock entries
    │  
    ├ windows_x86_64_gnu v0.52.6
      └── windows-targets v0.52.6
          └── windows-sys v0.52.0
              ├── errno v0.3.14
              │   ├── rustix v1.1.4
              │   │   ├── fd-lock v4.0.4
              │   │   │   ├── carrick-runtime v0.1.0
              │   │   │   │   ├── carrick-cli v0.1.0
              │   │   │   │   ├── carrick-embed v0.1.0
              │   │   │   │   │   └── carrick-conformance-next v0.1.0
              │   │   │   │   ├── carrick-engine v0.1.0
              │   │   │   │   │   ├── carrick-cli v0.1.0 (*)
              │   │   │   │   │   └── carrick-embed v0.1.0 (*)
              │   │   │   │   └── (dev) carrick-runtime v0.1.0 (*)
              │   │   │   └── carrick-vfs v0.1.0
              │   │   │       ├── carrick-cli v0.1.0 (*)
              │   │   │       ├── carrick-embed v0.1.0 (*)
              │   │   │       ├── carrick-engine v0.1.0 (*)
              │   │   │       ├── carrick-kernel v0.1.0
              │   │   │       │   ├── carrick-cli v0.1.0 (*)
              │   │   │       │   ├── carrick-embed v0.1.0 (*)
              │   │   │       │   ├── carrick-engine v0.1.0 (*)
              │   │   │       │   ├── (dev) carrick-kernel v0.1.0 (*)
              │   │   │       │   ├── carrick-kernel-example v0.1.0
              │   │   │       │   │   └── native-syscall-slice v0.1.0
              │   │   │       │   │       └── (dev) carrick-runtime v0.1.0 (*)
              │   │   │       │   ├── carrick-runtime v0.1.0 (*)
              │   │   │       │   └── native-syscall-slice v0.1.0 (*)
              │   │   │       ├── carrick-kernel-example v0.1.0 (*)
              │   │   │       ├── carrick-runtime v0.1.0 (*)
              │   │   │       └── native-syscall-slice v0.1.0 (*)
              │   │   └── tempfile v3.27.0
              │   │       ├── (dev) carrick-cli v0.1.0 (*)
              │   │       ├── (dev) carrick-conformance-contract v0.1.0
              │   │       │   ├── (dev) carrick-aarch64 v0.1.0
              │   │       │   │   ├── carrick-runtime v0.1.0 (*)
              │   │       │   │   ├── carrick-vmm-hvf v0.1.0
              │   │       │   │   │   ├── carrick-cli v0.1.0 (*)
              │   │       │   │   │   └── carrick-runtime v0.1.0 (*)
              │   │       │   │   └── carrick-vmm-kvm v0.1.0
              │   │       │   ├── (dev) carrick-conformance-next v0.1.0 (*)
              │   │       │   ├── carrick-embed v0.1.0 (*)
              │   │       │   ├── carrick-investigation v0.1.0
              │   │       │   ├── (dev) carrick-kernel v0.1.0 (*)
              │   │       │   ├── carrick-kernel-example v0.1.0 (*)
              │   │       │   ├── (dev) carrick-runtime v0.1.0 (*)
              │   │       │   ├── (dev) carrick-vmm-hvf v0.1.0 (*)
              │   │       │   └── native-syscall-slice v0.1.0 (*)
              │   │       ├── (dev) carrick-conformance-next v0.1.0 (*)
              │   │       ├── (dev) carrick-coordinator v0.1.0
              │   │       │   ├── carrick-conformance v0.1.0
              │   │       │   └── carrick-investigation v0.1.0 (*)
              │   │       ├── carrick-embed v0.1.0 (*)
              │   │       ├── (dev) carrick-engine v0.1.0 (*)
              │   │       ├── (dev) carrick-host v0.1.0
              │   │       │   ├── carrick-aarch64 v0.1.0 (*)
              │   │       │   ├── carrick-embed v0.1.0 (*)
              │   │       │   ├── carrick-host-bsd v0.1.0
              │   │       │   │   ├── carrick-cli v0.1.0 (*)
              │   │       │   │   ├── carrick-kernel v0.1.0 (*)
              │   │       │   │   ├── carrick-runtime v0.1.0 (*)
              │   │       │   │   ├── carrick-vfs v0.1.0 (*)
              │   │       │   │   ├── carrick-vmm-bhyve v0.1.0
              │   │       │   │   ├── carrick-vmm-hvf v0.1.0 (*)
              │   │       │   │   └── carrick-vmm-nvmm v0.1.0
              │   │       │   ├── carrick-kernel v0.1.0 (*)
              │   │       │   ├── carrick-runtime v0.1.0 (*)
              │   │       │   ├── carrick-timer-core v0.1.0
              │   │       │   │   ├── carrick-hal v0.1.0
              │   │       │   │   │   ├── carrick-aarch64 v0.1.0 (*)
              │   │       │   │   │   ├── carrick-embed v0.1.0 (*)
              │   │       │   │   │   ├── carrick-host-bsd v0.1.0 (*)
              │   │       │   │   │   ├── carrick-host-linux v0.1.0
              │   │       │   │   │   │   ├── carrick-kernel v0.1.0 (*)
              │   │       │   │   │   │   └── carrick-vfs v0.1.0 (*)
              │   │       │   │   │   ├── carrick-kernel v0.1.0 (*)
              │   │       │   │   │   ├── carrick-kernel-example v0.1.0 (*)
              │   │       │   │   │   ├── carrick-runtime v0.1.0 (*)
              │   │       │   │   │   ├── carrick-thread v0.1.0
              │   │       │   │   │   │   ├── carrick-embed v0.1.0 (*)
              │   │       │   │   │   │   ├── carrick-kernel v0.1.0 (*)
              │   │       │   │   │   │   ├── carrick-runtime v0.1.0 (*)
              │   │       │   │   │   │   ├── carrick-vmm-bhyve v0.1.0 (*)
              │   │       │   │   │   │   ├── carrick-vmm-hvf v0.1.0 (*)
              │   │       │   │   │   │   ├── carrick-vmm-kvm v0.1.0 (*)
              │   │       │   │   │   │   └── carrick-vmm-nvmm v0.1.0 (*)
              │   │       │   │   │   ├── carrick-vfs v0.1.0 (*)
              │   │       │   │   │   ├── carrick-vmm-bhyve v0.1.0 (*)
              │   │       │   │   │   ├── carrick-vmm-hvf v0.1.0 (*)
              │   │       │   │   │   ├── carrick-vmm-kvm v0.1.0 (*)
              │   │       │   │   │   ├── carrick-vmm-nvmm v0.1.0 (*)
              │   │       │   │   │   ├── carrick-x86 v0.1.0
              │   │       │   │   │   │   ├── carrick-vmm-bhyve v0.1.0 (*)
              │   │       │   │   │   │   ├── carrick-vmm-kvm v0.1.0 (*)
              │   │       │   │   │   │   └── carrick-vmm-nvmm v0.1.0 (*)
              │   │       │   │   │   └── native-syscall-slice v0.1.0 (*)
              │   │       │   │   ├── carrick-kernel v0.1.0 (*)
              │   │       │   │   ├── carrick-runtime v0.1.0 (*)
              │   │       │   │   ├── carrick-vmm-bhyve v0.1.0 (*)
              │   │       │   │   ├── carrick-vmm-hvf v0.1.0 (*)
              │   │       │   │   ├── carrick-vmm-kvm v0.1.0 (*)
              │   │       │   │   └── carrick-vmm-nvmm v0.1.0 (*)
              │   │       │   ├── carrick-vmm-bhyve v0.1.0 (*)
              │   │       │   ├── carrick-vmm-hvf v0.1.0 (*)
              │   │       │   ├── carrick-vmm-kvm v0.1.0 (*)
              │   │       │   ├── carrick-vmm-nvmm v0.1.0 (*)
              │   │       │   └── carrick-x86 v0.1.0 (*)
              │   │       ├── (dev) carrick-image v0.1.0
              │   │       │   ├── carrick-cli v0.1.0 (*)
              │   │       │   ├── carrick-embed v0.1.0 (*)
              │   │       │   ├── carrick-engine v0.1.0 (*)
              │   │       │   └── (dev) carrick-runtime v0.1.0 (*)
              │   │       ├── (dev) carrick-investigation v0.1.0 (*)
              │   │       ├── (dev) carrick-kernel v0.1.0 (*)
              │   │       ├── (dev) carrick-kernel-example v0.1.0 (*)
              │   │       ├── carrick-observability v0.1.0
              │   │       │   ├── carrick-aarch64 v0.1.0 (*)
              │   │       │   ├── carrick-conformance-contract v0.1.0 (*)
              │   │       │   ├── carrick-embed v0.1.0 (*)
              │   │       │   ├── carrick-kernel v0.1.0 (*)
              │   │       │   ├── carrick-kernel-example v0.1.0 (*)
              │   │       │   ├── carrick-runtime v0.1.0 (*)
              │   │       │   ├── carrick-thread v0.1.0 (*)
              │   │       │   ├── carrick-vfs v0.1.0 (*)
              │   │       │   └── carrick-vmm-hvf v0.1.0 (*)
              │   │       ├── (dev) carrick-portable v0.1.0
              │   │       │   ├── carrick-kernel v0.1.0 (*)
              │   │       │   ├── carrick-runtime v0.1.0 (*)
              │   │       │   ├── carrick-timer-core v0.1.0 (*)
              │   │       │   └── carrick-vfs v0.1.0 (*)
              │   │       ├── (dev) carrick-runtime v0.1.0 (*)
              │   │       ├── carrick-signal-core v0.1.0
              │   │       │   ├── carrick-hal v0.1.0 (*)
              │   │       │   ├── carrick-host-bsd v0.1.0 (*)
              │   │       │   ├── carrick-kernel v0.1.0 (*)
              │   │       │   ├── carrick-runtime v0.1.0 (*)
              │   │       │   ├── carrick-vmm-bhyve v0.1.0 (*)
              │   │       │   ├── carrick-vmm-hvf v0.1.0 (*)
              │   │       │   ├── carrick-vmm-kvm v0.1.0 (*)
              │   │       │   └── carrick-vmm-nvmm v0.1.0 (*)
              │   │       ├── carrick-vfs v0.1.0 (*)
              │   │       ├── native-syscall-slice v0.1.0 (*)
              │   │       ├── proptest v1.11.0
              │   │       │   ├── (dev) carrick-kernel v0.1.0 (*)
              │   │       │   └── (dev) carrick-runtime v0.1.0 (*)
              │   │       └── rusty-fork v0.3.1
              │   │           └── proptest v1.11.0 (*)
              │   └── signal-hook-registry v1.4.8
              │       ├── signal-hook v0.4.4
              │       │   └── carrick-runtime v0.1.0 (*)
              │       └── tokio v1.52.3
              │           ├── bollard v0.18.1
              │           │   └── (dev) carrick-cli v0.1.0 (*)
              │           ├── (dev) carrick-cli v0.1.0 (*)
              │           ├── carrick-conformance-next v0.1.0 (*)
              │           ├── carrick-embed v0.1.0 (*)
              │           ├── carrick-engine v0.1.0 (*)
              │           ├── carrick-image v0.1.0 (*)
              │           ├── (dev) carrick-runtime v0.1.0 (*)
              │           ├── hyper v1.9.0
              │           │   ├── bollard v0.18.1 (*)
              │           │   ├── carrick-cli v0.1.0 (*)
              │           │   ├── hyper-named-pipe v0.1.0
              │           │   │   └── bollard v0.18.1 (*)
              │           │   ├── hyper-rustls v0.27.9
              │           │   │   └── reqwest v0.12.28
              │           │   │       └── oci-client v0.15.0
              │           │   │           ├── carrick-image v0.1.0 (*)
              │           │   │           ├── carrick-runtime v0.1.0 (*)
              │           │   │           └── carrick-spec v0.1.0
              │           │   │               ├── carrick-cli v0.1.0 (*)
              │           │   │               ├── carrick-conformance-next v0.1.0 (*)
              │           │   │               ├── carrick-embed v0.1.0 (*)
              │           │   │               ├── carrick-engine v0.1.0 (*)
              │           │   │               ├── carrick-image v0.1.0 (*)
              │           │   │               ├── carrick-kernel v0.1.0 (*)
              │           │   │               ├── carrick-runtime v0.1.0 (*)
              │           │   │               └── carrick-vfs v0.1.0 (*)
              │           │   ├── hyper-util v0.1.20
              │           │   │   ├── bollard v0.18.1 (*)
              │           │   │   ├── carrick-cli v0.1.0 (*)
              │           │   │   ├── hyper-named-pipe v0.1.0 (*)
              │           │   │   ├── hyper-rustls v0.27.9 (*)
              │           │   │   ├── hyperlocal v0.9.1
              │           │   │   │   └── bollard v0.18.1 (*)
              │           │   │   └── reqwest v0.12.28 (*)
              │           │   ├── hyperlocal v0.9.1 (*)
              │           │   └── reqwest v0.12.28 (*)
              │           ├── hyper-named-pipe v0.1.0 (*)
              │           ├── hyper-rustls v0.27.9 (*)
              │           ├── hyper-util v0.1.20 (*)
              │           ├── hyperlocal v0.9.1 (*)
              │           ├── oci-client v0.15.0 (*)
              │           ├── reqwest v0.12.28 (*)
              │           ├── tokio-rustls v0.26.4
              │           │   ├── hyper-rustls v0.27.9 (*)
              │           │   └── reqwest v0.12.28 (*)
              │           ├── tokio-util v0.7.18
              │           │   ├── bollard v0.18.1 (*)
              │           │   └── reqwest v0.12.28 (*)
              │           └── tower v0.5.3
              │               ├── reqwest v0.12.28 (*)
              │               └── tower-http v0.6.10
              │                   └── reqwest v0.12.28 (*)
              ├── fd-lock v4.0.4 (*)
              ├── ring v0.17.14
              │   ├── rustls v0.23.40
              │   │   ├── hyper-rustls v0.27.9 (*)
              │   │   ├── reqwest v0.12.28 (*)
              │   │   └── tokio-rustls v0.26.4 (*)
              │   └── rustls-webpki v0.103.13
              │       └── rustls v0.23.40 (*)
              ├── rustix v1.1.4 (*)
              ├── tempfile v3.27.0 (*)
              └── winapi-util v0.1.11
                  ├── same-file v1.0.6
                  │   └── walkdir v2.5.0
                  │       └── (build) jni v0.22.4
                  │           └── hickory-proto v0.26.1
                  │               ├── carrick-kernel v0.1.0 (*)
                  │               └── carrick-runtime v0.1.0 (*)
                  └── walkdir v2.5.0 (*)
    ├ windows_x86_64_gnu v0.53.1
      └── windows-targets v0.53.5
          └── windows-sys v0.60.2
              ├── anstyle-query v1.1.5
              │   └── anstream v1.0.0
              │       └── clap_builder v4.6.0
              │           └── clap v4.6.1
              │               ├── carrick-cli v0.1.0
              │               ├── carrick-conformance v0.1.0
              │               ├── carrick-runtime v0.1.0
              │               │   ├── carrick-cli v0.1.0 (*)
              │               │   ├── carrick-embed v0.1.0
              │               │   │   └── carrick-conformance-next v0.1.0
              │               │   ├── carrick-engine v0.1.0
              │               │   │   ├── carrick-cli v0.1.0 (*)
              │               │   │   └── carrick-embed v0.1.0 (*)
              │               │   └── (dev) carrick-runtime v0.1.0 (*)
              │               ├── carrick-spec v0.1.0
              │               │   ├── carrick-cli v0.1.0 (*)
              │               │   ├── carrick-conformance-next v0.1.0 (*)
              │               │   ├── carrick-embed v0.1.0 (*)
              │               │   ├── carrick-engine v0.1.0 (*)
              │               │   ├── carrick-image v0.1.0
              │               │   │   ├── carrick-cli v0.1.0 (*)
              │               │   │   ├── carrick-embed v0.1.0 (*)
              │               │   │   ├── carrick-engine v0.1.0 (*)
              │               │   │   └── (dev) carrick-runtime v0.1.0 (*)
              │               │   ├── carrick-kernel v0.1.0
              │               │   │   ├── carrick-cli v0.1.0 (*)
              │               │   │   ├── carrick-embed v0.1.0 (*)
              │               │   │   ├── carrick-engine v0.1.0 (*)
              │               │   │   ├── (dev) carrick-kernel v0.1.0 (*)
              │               │   │   ├── carrick-kernel-example v0.1.0
              │               │   │   │   └── native-syscall-slice v0.1.0
              │               │   │   │       └── (dev) carrick-runtime v0.1.0 (*)
              │               │   │   ├── carrick-runtime v0.1.0 (*)
              │               │   │   └── native-syscall-slice v0.1.0 (*)
              │               │   ├── carrick-runtime v0.1.0 (*)
              │               │   └── carrick-vfs v0.1.0
              │               │       ├── carrick-cli v0.1.0 (*)
              │               │       ├── carrick-embed v0.1.0 (*)
              │               │       ├── carrick-engine v0.1.0 (*)
              │               │       ├── carrick-kernel v0.1.0 (*)
              │               │       ├── carrick-kernel-example v0.1.0 (*)
              │               │       ├── carrick-runtime v0.1.0 (*)
              │               │       └── native-syscall-slice v0.1.0 (*)
              │               └── carrick-vmm-hvf v0.1.0
              │                   ├── carrick-cli v0.1.0 (*)
              │                   └── carrick-runtime v0.1.0 (*)
              ├── anstyle-wincon v3.0.11
              │   └── anstream v1.0.0 (*)
              ├── nu-ansi-term v0.50.3
              │   └── tracing-subscriber v0.3.23
              │       ├── carrick-cli v0.1.0 (*)
              │       ├── (dev) carrick-conformance-next v0.1.0 (*)
              │       └── carrick-runtime v0.1.0 (*)
              └── socket2 v0.6.3
                  ├── carrick-kernel v0.1.0 (*)
                  ├── carrick-runtime v0.1.0 (*)
                  ├── hyper-util v0.1.20
                  │   ├── bollard v0.18.1
                  │   │   └── (dev) carrick-cli v0.1.0 (*)
                  │   ├── carrick-cli v0.1.0 (*)
                  │   ├── hyper-named-pipe v0.1.0
                  │   │   └── bollard v0.18.1 (*)
                  │   ├── hyper-rustls v0.27.9
                  │   │   └── reqwest v0.12.28
                  │   │       └── oci-client v0.15.0
                  │   │           ├── carrick-image v0.1.0 (*)
                  │   │           ├── carrick-runtime v0.1.0 (*)
                  │   │           └── carrick-spec v0.1.0 (*)
                  │   ├── hyperlocal v0.9.1
                  │   │   └── bollard v0.18.1 (*)
                  │   └── reqwest v0.12.28 (*)
                  └── tokio v1.52.3
                      ├── bollard v0.18.1 (*)
                      ├── (dev) carrick-cli v0.1.0 (*)
                      ├── carrick-conformance-next v0.1.0 (*)
                      ├── carrick-embed v0.1.0 (*)
                      ├── carrick-engine v0.1.0 (*)
                      ├── carrick-image v0.1.0 (*)
                      ├── (dev) carrick-runtime v0.1.0 (*)
                      ├── hyper v1.9.0
                      │   ├── bollard v0.18.1 (*)
                      │   ├── carrick-cli v0.1.0 (*)
                      │   ├── hyper-named-pipe v0.1.0 (*)
                      │   ├── hyper-rustls v0.27.9 (*)
                      │   ├── hyper-util v0.1.20 (*)
                      │   ├── hyperlocal v0.9.1 (*)
                      │   └── reqwest v0.12.28 (*)
                      ├── hyper-named-pipe v0.1.0 (*)
                      ├── hyper-rustls v0.27.9 (*)
                      ├── hyper-util v0.1.20 (*)
                      ├── hyperlocal v0.9.1 (*)
                      ├── oci-client v0.15.0 (*)
                      ├── reqwest v0.12.28 (*)
                      ├── tokio-rustls v0.26.4
                      │   ├── hyper-rustls v0.27.9 (*)
                      │   └── reqwest v0.12.28 (*)
                      ├── tokio-util v0.7.18
                      │   ├── bollard v0.18.1 (*)
                      │   └── reqwest v0.12.28 (*)
                      └── tower v0.5.3
                          ├── reqwest v0.12.28 (*)
                          └── tower-http v0.6.10
                              └── reqwest v0.12.28 (*)

warning[duplicate]: found 2 duplicate entries for crate 'windows_x86_64_gnullvm'
    ┌─ /Users/tjfontaine/.codex/worktrees/el1-completion/carrick/Cargo.lock:354:1
    │  
354 │ ╭ windows_x86_64_gnullvm 0.52.6 registry+https://github.com/rust-lang/crates.io-index
355 │ │ windows_x86_64_gnullvm 0.53.1 registry+https://github.com/rust-lang/crates.io-index
    │ ╰───────────────────────────────────────────────────────────────────────────────────┘ lock entries
    │  
    ├ windows_x86_64_gnullvm v0.52.6
      └── windows-targets v0.52.6
          └── windows-sys v0.52.0
              ├── errno v0.3.14
              │   ├── rustix v1.1.4
              │   │   ├── fd-lock v4.0.4
              │   │   │   ├── carrick-runtime v0.1.0
              │   │   │   │   ├── carrick-cli v0.1.0
              │   │   │   │   ├── carrick-embed v0.1.0
              │   │   │   │   │   └── carrick-conformance-next v0.1.0
              │   │   │   │   ├── carrick-engine v0.1.0
              │   │   │   │   │   ├── carrick-cli v0.1.0 (*)
              │   │   │   │   │   └── carrick-embed v0.1.0 (*)
              │   │   │   │   └── (dev) carrick-runtime v0.1.0 (*)
              │   │   │   └── carrick-vfs v0.1.0
              │   │   │       ├── carrick-cli v0.1.0 (*)
              │   │   │       ├── carrick-embed v0.1.0 (*)
              │   │   │       ├── carrick-engine v0.1.0 (*)
              │   │   │       ├── carrick-kernel v0.1.0
              │   │   │       │   ├── carrick-cli v0.1.0 (*)
              │   │   │       │   ├── carrick-embed v0.1.0 (*)
              │   │   │       │   ├── carrick-engine v0.1.0 (*)
              │   │   │       │   ├── (dev) carrick-kernel v0.1.0 (*)
              │   │   │       │   ├── carrick-kernel-example v0.1.0
              │   │   │       │   │   └── native-syscall-slice v0.1.0
              │   │   │       │   │       └── (dev) carrick-runtime v0.1.0 (*)
              │   │   │       │   ├── carrick-runtime v0.1.0 (*)
              │   │   │       │   └── native-syscall-slice v0.1.0 (*)
              │   │   │       ├── carrick-kernel-example v0.1.0 (*)
              │   │   │       ├── carrick-runtime v0.1.0 (*)
              │   │   │       └── native-syscall-slice v0.1.0 (*)
              │   │   └── tempfile v3.27.0
              │   │       ├── (dev) carrick-cli v0.1.0 (*)
              │   │       ├── (dev) carrick-conformance-contract v0.1.0
              │   │       │   ├── (dev) carrick-aarch64 v0.1.0
              │   │       │   │   ├── carrick-runtime v0.1.0 (*)
              │   │       │   │   ├── carrick-vmm-hvf v0.1.0
              │   │       │   │   │   ├── carrick-cli v0.1.0 (*)
              │   │       │   │   │   └── carrick-runtime v0.1.0 (*)
              │   │       │   │   └── carrick-vmm-kvm v0.1.0
              │   │       │   ├── (dev) carrick-conformance-next v0.1.0 (*)
              │   │       │   ├── carrick-embed v0.1.0 (*)
              │   │       │   ├── carrick-investigation v0.1.0
              │   │       │   ├── (dev) carrick-kernel v0.1.0 (*)
              │   │       │   ├── carrick-kernel-example v0.1.0 (*)
              │   │       │   ├── (dev) carrick-runtime v0.1.0 (*)
              │   │       │   ├── (dev) carrick-vmm-hvf v0.1.0 (*)
              │   │       │   └── native-syscall-slice v0.1.0 (*)
              │   │       ├── (dev) carrick-conformance-next v0.1.0 (*)
              │   │       ├── (dev) carrick-coordinator v0.1.0
              │   │       │   ├── carrick-conformance v0.1.0
              │   │       │   └── carrick-investigation v0.1.0 (*)
              │   │       ├── carrick-embed v0.1.0 (*)
              │   │       ├── (dev) carrick-engine v0.1.0 (*)
              │   │       ├── (dev) carrick-host v0.1.0
              │   │       │   ├── carrick-aarch64 v0.1.0 (*)
              │   │       │   ├── carrick-embed v0.1.0 (*)
              │   │       │   ├── carrick-host-bsd v0.1.0
              │   │       │   │   ├── carrick-cli v0.1.0 (*)
              │   │       │   │   ├── carrick-kernel v0.1.0 (*)
              │   │       │   │   ├── carrick-runtime v0.1.0 (*)
              │   │       │   │   ├── carrick-vfs v0.1.0 (*)
              │   │       │   │   ├── carrick-vmm-bhyve v0.1.0
              │   │       │   │   ├── carrick-vmm-hvf v0.1.0 (*)
              │   │       │   │   └── carrick-vmm-nvmm v0.1.0
              │   │       │   ├── carrick-kernel v0.1.0 (*)
              │   │       │   ├── carrick-runtime v0.1.0 (*)
              │   │       │   ├── carrick-timer-core v0.1.0
              │   │       │   │   ├── carrick-hal v0.1.0
              │   │       │   │   │   ├── carrick-aarch64 v0.1.0 (*)
              │   │       │   │   │   ├── carrick-embed v0.1.0 (*)
              │   │       │   │   │   ├── carrick-host-bsd v0.1.0 (*)
              │   │       │   │   │   ├── carrick-host-linux v0.1.0
              │   │       │   │   │   │   ├── carrick-kernel v0.1.0 (*)
              │   │       │   │   │   │   └── carrick-vfs v0.1.0 (*)
              │   │       │   │   │   ├── carrick-kernel v0.1.0 (*)
              │   │       │   │   │   ├── carrick-kernel-example v0.1.0 (*)
              │   │       │   │   │   ├── carrick-runtime v0.1.0 (*)
              │   │       │   │   │   ├── carrick-thread v0.1.0
              │   │       │   │   │   │   ├── carrick-embed v0.1.0 (*)
              │   │       │   │   │   │   ├── carrick-kernel v0.1.0 (*)
              │   │       │   │   │   │   ├── carrick-runtime v0.1.0 (*)
              │   │       │   │   │   │   ├── carrick-vmm-bhyve v0.1.0 (*)
              │   │       │   │   │   │   ├── carrick-vmm-hvf v0.1.0 (*)
              │   │       │   │   │   │   ├── carrick-vmm-kvm v0.1.0 (*)
              │   │       │   │   │   │   └── carrick-vmm-nvmm v0.1.0 (*)
              │   │       │   │   │   ├── carrick-vfs v0.1.0 (*)
              │   │       │   │   │   ├── carrick-vmm-bhyve v0.1.0 (*)
              │   │       │   │   │   ├── carrick-vmm-hvf v0.1.0 (*)
              │   │       │   │   │   ├── carrick-vmm-kvm v0.1.0 (*)
              │   │       │   │   │   ├── carrick-vmm-nvmm v0.1.0 (*)
              │   │       │   │   │   ├── carrick-x86 v0.1.0
              │   │       │   │   │   │   ├── carrick-vmm-bhyve v0.1.0 (*)
              │   │       │   │   │   │   ├── carrick-vmm-kvm v0.1.0 (*)
              │   │       │   │   │   │   └── carrick-vmm-nvmm v0.1.0 (*)
              │   │       │   │   │   └── native-syscall-slice v0.1.0 (*)
              │   │       │   │   ├── carrick-kernel v0.1.0 (*)
              │   │       │   │   ├── carrick-runtime v0.1.0 (*)
              │   │       │   │   ├── carrick-vmm-bhyve v0.1.0 (*)
              │   │       │   │   ├── carrick-vmm-hvf v0.1.0 (*)
              │   │       │   │   ├── carrick-vmm-kvm v0.1.0 (*)
              │   │       │   │   └── carrick-vmm-nvmm v0.1.0 (*)
              │   │       │   ├── carrick-vmm-bhyve v0.1.0 (*)
              │   │       │   ├── carrick-vmm-hvf v0.1.0 (*)
              │   │       │   ├── carrick-vmm-kvm v0.1.0 (*)
              │   │       │   ├── carrick-vmm-nvmm v0.1.0 (*)
              │   │       │   └── carrick-x86 v0.1.0 (*)
              │   │       ├── (dev) carrick-image v0.1.0
              │   │       │   ├── carrick-cli v0.1.0 (*)
              │   │       │   ├── carrick-embed v0.1.0 (*)
              │   │       │   ├── carrick-engine v0.1.0 (*)
              │   │       │   └── (dev) carrick-runtime v0.1.0 (*)
              │   │       ├── (dev) carrick-investigation v0.1.0 (*)
              │   │       ├── (dev) carrick-kernel v0.1.0 (*)
              │   │       ├── (dev) carrick-kernel-example v0.1.0 (*)
              │   │       ├── carrick-observability v0.1.0
              │   │       │   ├── carrick-aarch64 v0.1.0 (*)
              │   │       │   ├── carrick-conformance-contract v0.1.0 (*)
              │   │       │   ├── carrick-embed v0.1.0 (*)
              │   │       │   ├── carrick-kernel v0.1.0 (*)
              │   │       │   ├── carrick-kernel-example v0.1.0 (*)
              │   │       │   ├── carrick-runtime v0.1.0 (*)
              │   │       │   ├── carrick-thread v0.1.0 (*)
              │   │       │   ├── carrick-vfs v0.1.0 (*)
              │   │       │   └── carrick-vmm-hvf v0.1.0 (*)
              │   │       ├── (dev) carrick-portable v0.1.0
              │   │       │   ├── carrick-kernel v0.1.0 (*)
              │   │       │   ├── carrick-runtime v0.1.0 (*)
              │   │       │   ├── carrick-timer-core v0.1.0 (*)
              │   │       │   └── carrick-vfs v0.1.0 (*)
              │   │       ├── (dev) carrick-runtime v0.1.0 (*)
              │   │       ├── carrick-signal-core v0.1.0
              │   │       │   ├── carrick-hal v0.1.0 (*)
              │   │       │   ├── carrick-host-bsd v0.1.0 (*)
              │   │       │   ├── carrick-kernel v0.1.0 (*)
              │   │       │   ├── carrick-runtime v0.1.0 (*)
              │   │       │   ├── carrick-vmm-bhyve v0.1.0 (*)
              │   │       │   ├── carrick-vmm-hvf v0.1.0 (*)
              │   │       │   ├── carrick-vmm-kvm v0.1.0 (*)
              │   │       │   └── carrick-vmm-nvmm v0.1.0 (*)
              │   │       ├── carrick-vfs v0.1.0 (*)
              │   │       ├── native-syscall-slice v0.1.0 (*)
              │   │       ├── proptest v1.11.0
              │   │       │   ├── (dev) carrick-kernel v0.1.0 (*)
              │   │       │   └── (dev) carrick-runtime v0.1.0 (*)
              │   │       └── rusty-fork v0.3.1
              │   │           └── proptest v1.11.0 (*)
              │   └── signal-hook-registry v1.4.8
              │       ├── signal-hook v0.4.4
              │       │   └── carrick-runtime v0.1.0 (*)
              │       └── tokio v1.52.3
              │           ├── bollard v0.18.1
              │           │   └── (dev) carrick-cli v0.1.0 (*)
              │           ├── (dev) carrick-cli v0.1.0 (*)
              │           ├── carrick-conformance-next v0.1.0 (*)
              │           ├── carrick-embed v0.1.0 (*)
              │           ├── carrick-engine v0.1.0 (*)
              │           ├── carrick-image v0.1.0 (*)
              │           ├── (dev) carrick-runtime v0.1.0 (*)
              │           ├── hyper v1.9.0
              │           │   ├── bollard v0.18.1 (*)
              │           │   ├── carrick-cli v0.1.0 (*)
              │           │   ├── hyper-named-pipe v0.1.0
              │           │   │   └── bollard v0.18.1 (*)
              │           │   ├── hyper-rustls v0.27.9
              │           │   │   └── reqwest v0.12.28
              │           │   │       └── oci-client v0.15.0
              │           │   │           ├── carrick-image v0.1.0 (*)
              │           │   │           ├── carrick-runtime v0.1.0 (*)
              │           │   │           └── carrick-spec v0.1.0
              │           │   │               ├── carrick-cli v0.1.0 (*)
              │           │   │               ├── carrick-conformance-next v0.1.0 (*)
              │           │   │               ├── carrick-embed v0.1.0 (*)
              │           │   │               ├── carrick-engine v0.1.0 (*)
              │           │   │               ├── carrick-image v0.1.0 (*)
              │           │   │               ├── carrick-kernel v0.1.0 (*)
              │           │   │               ├── carrick-runtime v0.1.0 (*)
              │           │   │               └── carrick-vfs v0.1.0 (*)
              │           │   ├── hyper-util v0.1.20
              │           │   │   ├── bollard v0.18.1 (*)
              │           │   │   ├── carrick-cli v0.1.0 (*)
              │           │   │   ├── hyper-named-pipe v0.1.0 (*)
              │           │   │   ├── hyper-rustls v0.27.9 (*)
              │           │   │   ├── hyperlocal v0.9.1
              │           │   │   │   └── bollard v0.18.1 (*)
              │           │   │   └── reqwest v0.12.28 (*)
              │           │   ├── hyperlocal v0.9.1 (*)
              │           │   └── reqwest v0.12.28 (*)
              │           ├── hyper-named-pipe v0.1.0 (*)
              │           ├── hyper-rustls v0.27.9 (*)
              │           ├── hyper-util v0.1.20 (*)
              │           ├── hyperlocal v0.9.1 (*)
              │           ├── oci-client v0.15.0 (*)
              │           ├── reqwest v0.12.28 (*)
              │           ├── tokio-rustls v0.26.4
              │           │   ├── hyper-rustls v0.27.9 (*)
              │           │   └── reqwest v0.12.28 (*)
              │           ├── tokio-util v0.7.18
              │           │   ├── bollard v0.18.1 (*)
              │           │   └── reqwest v0.12.28 (*)
              │           └── tower v0.5.3
              │               ├── reqwest v0.12.28 (*)
              │               └── tower-http v0.6.10
              │                   └── reqwest v0.12.28 (*)
              ├── fd-lock v4.0.4 (*)
              ├── ring v0.17.14
              │   ├── rustls v0.23.40
              │   │   ├── hyper-rustls v0.27.9 (*)
              │   │   ├── reqwest v0.12.28 (*)
              │   │   └── tokio-rustls v0.26.4 (*)
              │   └── rustls-webpki v0.103.13
              │       └── rustls v0.23.40 (*)
              ├── rustix v1.1.4 (*)
              ├── tempfile v3.27.0 (*)
              └── winapi-util v0.1.11
                  ├── same-file v1.0.6
                  │   └── walkdir v2.5.0
                  │       └── (build) jni v0.22.4
                  │           └── hickory-proto v0.26.1
                  │               ├── carrick-kernel v0.1.0 (*)
                  │               └── carrick-runtime v0.1.0 (*)
                  └── walkdir v2.5.0 (*)
    ├ windows_x86_64_gnullvm v0.53.1
      └── windows-targets v0.53.5
          └── windows-sys v0.60.2
              ├── anstyle-query v1.1.5
              │   └── anstream v1.0.0
              │       └── clap_builder v4.6.0
              │           └── clap v4.6.1
              │               ├── carrick-cli v0.1.0
              │               ├── carrick-conformance v0.1.0
              │               ├── carrick-runtime v0.1.0
              │               │   ├── carrick-cli v0.1.0 (*)
              │               │   ├── carrick-embed v0.1.0
              │               │   │   └── carrick-conformance-next v0.1.0
              │               │   ├── carrick-engine v0.1.0
              │               │   │   ├── carrick-cli v0.1.0 (*)
              │               │   │   └── carrick-embed v0.1.0 (*)
              │               │   └── (dev) carrick-runtime v0.1.0 (*)
              │               ├── carrick-spec v0.1.0
              │               │   ├── carrick-cli v0.1.0 (*)
              │               │   ├── carrick-conformance-next v0.1.0 (*)
              │               │   ├── carrick-embed v0.1.0 (*)
              │               │   ├── carrick-engine v0.1.0 (*)
              │               │   ├── carrick-image v0.1.0
              │               │   │   ├── carrick-cli v0.1.0 (*)
              │               │   │   ├── carrick-embed v0.1.0 (*)
              │               │   │   ├── carrick-engine v0.1.0 (*)
              │               │   │   └── (dev) carrick-runtime v0.1.0 (*)
              │               │   ├── carrick-kernel v0.1.0
              │               │   │   ├── carrick-cli v0.1.0 (*)
              │               │   │   ├── carrick-embed v0.1.0 (*)
              │               │   │   ├── carrick-engine v0.1.0 (*)
              │               │   │   ├── (dev) carrick-kernel v0.1.0 (*)
              │               │   │   ├── carrick-kernel-example v0.1.0
              │               │   │   │   └── native-syscall-slice v0.1.0
              │               │   │   │       └── (dev) carrick-runtime v0.1.0 (*)
              │               │   │   ├── carrick-runtime v0.1.0 (*)
              │               │   │   └── native-syscall-slice v0.1.0 (*)
              │               │   ├── carrick-runtime v0.1.0 (*)
              │               │   └── carrick-vfs v0.1.0
              │               │       ├── carrick-cli v0.1.0 (*)
              │               │       ├── carrick-embed v0.1.0 (*)
              │               │       ├── carrick-engine v0.1.0 (*)
              │               │       ├── carrick-kernel v0.1.0 (*)
              │               │       ├── carrick-kernel-example v0.1.0 (*)
              │               │       ├── carrick-runtime v0.1.0 (*)
              │               │       └── native-syscall-slice v0.1.0 (*)
              │               └── carrick-vmm-hvf v0.1.0
              │                   ├── carrick-cli v0.1.0 (*)
              │                   └── carrick-runtime v0.1.0 (*)
              ├── anstyle-wincon v3.0.11
              │   └── anstream v1.0.0 (*)
              ├── nu-ansi-term v0.50.3
              │   └── tracing-subscriber v0.3.23
              │       ├── carrick-cli v0.1.0 (*)
              │       ├── (dev) carrick-conformance-next v0.1.0 (*)
              │       └── carrick-runtime v0.1.0 (*)
              └── socket2 v0.6.3
                  ├── carrick-kernel v0.1.0 (*)
                  ├── carrick-runtime v0.1.0 (*)
                  ├── hyper-util v0.1.20
                  │   ├── bollard v0.18.1
                  │   │   └── (dev) carrick-cli v0.1.0 (*)
                  │   ├── carrick-cli v0.1.0 (*)
                  │   ├── hyper-named-pipe v0.1.0
                  │   │   └── bollard v0.18.1 (*)
                  │   ├── hyper-rustls v0.27.9
                  │   │   └── reqwest v0.12.28
                  │   │       └── oci-client v0.15.0
                  │   │           ├── carrick-image v0.1.0 (*)
                  │   │           ├── carrick-runtime v0.1.0 (*)
                  │   │           └── carrick-spec v0.1.0 (*)
                  │   ├── hyperlocal v0.9.1
                  │   │   └── bollard v0.18.1 (*)
                  │   └── reqwest v0.12.28 (*)
                  └── tokio v1.52.3
                      ├── bollard v0.18.1 (*)
                      ├── (dev) carrick-cli v0.1.0 (*)
                      ├── carrick-conformance-next v0.1.0 (*)
                      ├── carrick-embed v0.1.0 (*)
                      ├── carrick-engine v0.1.0 (*)
                      ├── carrick-image v0.1.0 (*)
                      ├── (dev) carrick-runtime v0.1.0 (*)
                      ├── hyper v1.9.0
                      │   ├── bollard v0.18.1 (*)
                      │   ├── carrick-cli v0.1.0 (*)
                      │   ├── hyper-named-pipe v0.1.0 (*)
                      │   ├── hyper-rustls v0.27.9 (*)
                      │   ├── hyper-util v0.1.20 (*)
                      │   ├── hyperlocal v0.9.1 (*)
                      │   └── reqwest v0.12.28 (*)
                      ├── hyper-named-pipe v0.1.0 (*)
                      ├── hyper-rustls v0.27.9 (*)
                      ├── hyper-util v0.1.20 (*)
                      ├── hyperlocal v0.9.1 (*)
                      ├── oci-client v0.15.0 (*)
                      ├── reqwest v0.12.28 (*)
                      ├── tokio-rustls v0.26.4
                      │   ├── hyper-rustls v0.27.9 (*)
                      │   └── reqwest v0.12.28 (*)
                      ├── tokio-util v0.7.18
                      │   ├── bollard v0.18.1 (*)
                      │   └── reqwest v0.12.28 (*)
                      └── tower v0.5.3
                          ├── reqwest v0.12.28 (*)
                          └── tower-http v0.6.10
                              └── reqwest v0.12.28 (*)

warning[duplicate]: found 2 duplicate entries for crate 'windows_x86_64_msvc'
    ┌─ /Users/tjfontaine/.codex/worktrees/el1-completion/carrick/Cargo.lock:356:1
    │  
356 │ ╭ windows_x86_64_msvc 0.52.6 registry+https://github.com/rust-lang/crates.io-index
357 │ │ windows_x86_64_msvc 0.53.1 registry+https://github.com/rust-lang/crates.io-index
    │ ╰────────────────────────────────────────────────────────────────────────────────┘ lock entries
    │  
    ├ windows_x86_64_msvc v0.52.6
      └── windows-targets v0.52.6
          └── windows-sys v0.52.0
              ├── errno v0.3.14
              │   ├── rustix v1.1.4
              │   │   ├── fd-lock v4.0.4
              │   │   │   ├── carrick-runtime v0.1.0
              │   │   │   │   ├── carrick-cli v0.1.0
              │   │   │   │   ├── carrick-embed v0.1.0
              │   │   │   │   │   └── carrick-conformance-next v0.1.0
              │   │   │   │   ├── carrick-engine v0.1.0
              │   │   │   │   │   ├── carrick-cli v0.1.0 (*)
              │   │   │   │   │   └── carrick-embed v0.1.0 (*)
              │   │   │   │   └── (dev) carrick-runtime v0.1.0 (*)
              │   │   │   └── carrick-vfs v0.1.0
              │   │   │       ├── carrick-cli v0.1.0 (*)
              │   │   │       ├── carrick-embed v0.1.0 (*)
              │   │   │       ├── carrick-engine v0.1.0 (*)
              │   │   │       ├── carrick-kernel v0.1.0
              │   │   │       │   ├── carrick-cli v0.1.0 (*)
              │   │   │       │   ├── carrick-embed v0.1.0 (*)
              │   │   │       │   ├── carrick-engine v0.1.0 (*)
              │   │   │       │   ├── (dev) carrick-kernel v0.1.0 (*)
              │   │   │       │   ├── carrick-kernel-example v0.1.0
              │   │   │       │   │   └── native-syscall-slice v0.1.0
              │   │   │       │   │       └── (dev) carrick-runtime v0.1.0 (*)
              │   │   │       │   ├── carrick-runtime v0.1.0 (*)
              │   │   │       │   └── native-syscall-slice v0.1.0 (*)
              │   │   │       ├── carrick-kernel-example v0.1.0 (*)
              │   │   │       ├── carrick-runtime v0.1.0 (*)
              │   │   │       └── native-syscall-slice v0.1.0 (*)
              │   │   └── tempfile v3.27.0
              │   │       ├── (dev) carrick-cli v0.1.0 (*)
              │   │       ├── (dev) carrick-conformance-contract v0.1.0
              │   │       │   ├── (dev) carrick-aarch64 v0.1.0
              │   │       │   │   ├── carrick-runtime v0.1.0 (*)
              │   │       │   │   ├── carrick-vmm-hvf v0.1.0
              │   │       │   │   │   ├── carrick-cli v0.1.0 (*)
              │   │       │   │   │   └── carrick-runtime v0.1.0 (*)
              │   │       │   │   └── carrick-vmm-kvm v0.1.0
              │   │       │   ├── (dev) carrick-conformance-next v0.1.0 (*)
              │   │       │   ├── carrick-embed v0.1.0 (*)
              │   │       │   ├── carrick-investigation v0.1.0
              │   │       │   ├── (dev) carrick-kernel v0.1.0 (*)
              │   │       │   ├── carrick-kernel-example v0.1.0 (*)
              │   │       │   ├── (dev) carrick-runtime v0.1.0 (*)
              │   │       │   ├── (dev) carrick-vmm-hvf v0.1.0 (*)
              │   │       │   └── native-syscall-slice v0.1.0 (*)
              │   │       ├── (dev) carrick-conformance-next v0.1.0 (*)
              │   │       ├── (dev) carrick-coordinator v0.1.0
              │   │       │   ├── carrick-conformance v0.1.0
              │   │       │   └── carrick-investigation v0.1.0 (*)
              │   │       ├── carrick-embed v0.1.0 (*)
              │   │       ├── (dev) carrick-engine v0.1.0 (*)
              │   │       ├── (dev) carrick-host v0.1.0
              │   │       │   ├── carrick-aarch64 v0.1.0 (*)
              │   │       │   ├── carrick-embed v0.1.0 (*)
              │   │       │   ├── carrick-host-bsd v0.1.0
              │   │       │   │   ├── carrick-cli v0.1.0 (*)
              │   │       │   │   ├── carrick-kernel v0.1.0 (*)
              │   │       │   │   ├── carrick-runtime v0.1.0 (*)
              │   │       │   │   ├── carrick-vfs v0.1.0 (*)
              │   │       │   │   ├── carrick-vmm-bhyve v0.1.0
              │   │       │   │   ├── carrick-vmm-hvf v0.1.0 (*)
              │   │       │   │   └── carrick-vmm-nvmm v0.1.0
              │   │       │   ├── carrick-kernel v0.1.0 (*)
              │   │       │   ├── carrick-runtime v0.1.0 (*)
              │   │       │   ├── carrick-timer-core v0.1.0
              │   │       │   │   ├── carrick-hal v0.1.0
              │   │       │   │   │   ├── carrick-aarch64 v0.1.0 (*)
              │   │       │   │   │   ├── carrick-embed v0.1.0 (*)
              │   │       │   │   │   ├── carrick-host-bsd v0.1.0 (*)
              │   │       │   │   │   ├── carrick-host-linux v0.1.0
              │   │       │   │   │   │   ├── carrick-kernel v0.1.0 (*)
              │   │       │   │   │   │   └── carrick-vfs v0.1.0 (*)
              │   │       │   │   │   ├── carrick-kernel v0.1.0 (*)
              │   │       │   │   │   ├── carrick-kernel-example v0.1.0 (*)
              │   │       │   │   │   ├── carrick-runtime v0.1.0 (*)
              │   │       │   │   │   ├── carrick-thread v0.1.0
              │   │       │   │   │   │   ├── carrick-embed v0.1.0 (*)
              │   │       │   │   │   │   ├── carrick-kernel v0.1.0 (*)
              │   │       │   │   │   │   ├── carrick-runtime v0.1.0 (*)
              │   │       │   │   │   │   ├── carrick-vmm-bhyve v0.1.0 (*)
              │   │       │   │   │   │   ├── carrick-vmm-hvf v0.1.0 (*)
              │   │       │   │   │   │   ├── carrick-vmm-kvm v0.1.0 (*)
              │   │       │   │   │   │   └── carrick-vmm-nvmm v0.1.0 (*)
              │   │       │   │   │   ├── carrick-vfs v0.1.0 (*)
              │   │       │   │   │   ├── carrick-vmm-bhyve v0.1.0 (*)
              │   │       │   │   │   ├── carrick-vmm-hvf v0.1.0 (*)
              │   │       │   │   │   ├── carrick-vmm-kvm v0.1.0 (*)
              │   │       │   │   │   ├── carrick-vmm-nvmm v0.1.0 (*)
              │   │       │   │   │   ├── carrick-x86 v0.1.0
              │   │       │   │   │   │   ├── carrick-vmm-bhyve v0.1.0 (*)
              │   │       │   │   │   │   ├── carrick-vmm-kvm v0.1.0 (*)
              │   │       │   │   │   │   └── carrick-vmm-nvmm v0.1.0 (*)
              │   │       │   │   │   └── native-syscall-slice v0.1.0 (*)
              │   │       │   │   ├── carrick-kernel v0.1.0 (*)
              │   │       │   │   ├── carrick-runtime v0.1.0 (*)
              │   │       │   │   ├── carrick-vmm-bhyve v0.1.0 (*)
              │   │       │   │   ├── carrick-vmm-hvf v0.1.0 (*)
              │   │       │   │   ├── carrick-vmm-kvm v0.1.0 (*)
              │   │       │   │   └── carrick-vmm-nvmm v0.1.0 (*)
              │   │       │   ├── carrick-vmm-bhyve v0.1.0 (*)
              │   │       │   ├── carrick-vmm-hvf v0.1.0 (*)
              │   │       │   ├── carrick-vmm-kvm v0.1.0 (*)
              │   │       │   ├── carrick-vmm-nvmm v0.1.0 (*)
              │   │       │   └── carrick-x86 v0.1.0 (*)
              │   │       ├── (dev) carrick-image v0.1.0
              │   │       │   ├── carrick-cli v0.1.0 (*)
              │   │       │   ├── carrick-embed v0.1.0 (*)
              │   │       │   ├── carrick-engine v0.1.0 (*)
              │   │       │   └── (dev) carrick-runtime v0.1.0 (*)
              │   │       ├── (dev) carrick-investigation v0.1.0 (*)
              │   │       ├── (dev) carrick-kernel v0.1.0 (*)
              │   │       ├── (dev) carrick-kernel-example v0.1.0 (*)
              │   │       ├── carrick-observability v0.1.0
              │   │       │   ├── carrick-aarch64 v0.1.0 (*)
              │   │       │   ├── carrick-conformance-contract v0.1.0 (*)
              │   │       │   ├── carrick-embed v0.1.0 (*)
              │   │       │   ├── carrick-kernel v0.1.0 (*)
              │   │       │   ├── carrick-kernel-example v0.1.0 (*)
              │   │       │   ├── carrick-runtime v0.1.0 (*)
              │   │       │   ├── carrick-thread v0.1.0 (*)
              │   │       │   ├── carrick-vfs v0.1.0 (*)
              │   │       │   └── carrick-vmm-hvf v0.1.0 (*)
              │   │       ├── (dev) carrick-portable v0.1.0
              │   │       │   ├── carrick-kernel v0.1.0 (*)
              │   │       │   ├── carrick-runtime v0.1.0 (*)
              │   │       │   ├── carrick-timer-core v0.1.0 (*)
              │   │       │   └── carrick-vfs v0.1.0 (*)
              │   │       ├── (dev) carrick-runtime v0.1.0 (*)
              │   │       ├── carrick-signal-core v0.1.0
              │   │       │   ├── carrick-hal v0.1.0 (*)
              │   │       │   ├── carrick-host-bsd v0.1.0 (*)
              │   │       │   ├── carrick-kernel v0.1.0 (*)
              │   │       │   ├── carrick-runtime v0.1.0 (*)
              │   │       │   ├── carrick-vmm-bhyve v0.1.0 (*)
              │   │       │   ├── carrick-vmm-hvf v0.1.0 (*)
              │   │       │   ├── carrick-vmm-kvm v0.1.0 (*)
              │   │       │   └── carrick-vmm-nvmm v0.1.0 (*)
              │   │       ├── carrick-vfs v0.1.0 (*)
              │   │       ├── native-syscall-slice v0.1.0 (*)
              │   │       ├── proptest v1.11.0
              │   │       │   ├── (dev) carrick-kernel v0.1.0 (*)
              │   │       │   └── (dev) carrick-runtime v0.1.0 (*)
              │   │       └── rusty-fork v0.3.1
              │   │           └── proptest v1.11.0 (*)
              │   └── signal-hook-registry v1.4.8
              │       ├── signal-hook v0.4.4
              │       │   └── carrick-runtime v0.1.0 (*)
              │       └── tokio v1.52.3
              │           ├── bollard v0.18.1
              │           │   └── (dev) carrick-cli v0.1.0 (*)
              │           ├── (dev) carrick-cli v0.1.0 (*)
              │           ├── carrick-conformance-next v0.1.0 (*)
              │           ├── carrick-embed v0.1.0 (*)
              │           ├── carrick-engine v0.1.0 (*)
              │           ├── carrick-image v0.1.0 (*)
              │           ├── (dev) carrick-runtime v0.1.0 (*)
              │           ├── hyper v1.9.0
              │           │   ├── bollard v0.18.1 (*)
              │           │   ├── carrick-cli v0.1.0 (*)
              │           │   ├── hyper-named-pipe v0.1.0
              │           │   │   └── bollard v0.18.1 (*)
              │           │   ├── hyper-rustls v0.27.9
              │           │   │   └── reqwest v0.12.28
              │           │   │       └── oci-client v0.15.0
              │           │   │           ├── carrick-image v0.1.0 (*)
              │           │   │           ├── carrick-runtime v0.1.0 (*)
              │           │   │           └── carrick-spec v0.1.0
              │           │   │               ├── carrick-cli v0.1.0 (*)
              │           │   │               ├── carrick-conformance-next v0.1.0 (*)
              │           │   │               ├── carrick-embed v0.1.0 (*)
              │           │   │               ├── carrick-engine v0.1.0 (*)
              │           │   │               ├── carrick-image v0.1.0 (*)
              │           │   │               ├── carrick-kernel v0.1.0 (*)
              │           │   │               ├── carrick-runtime v0.1.0 (*)
              │           │   │               └── carrick-vfs v0.1.0 (*)
              │           │   ├── hyper-util v0.1.20
              │           │   │   ├── bollard v0.18.1 (*)
              │           │   │   ├── carrick-cli v0.1.0 (*)
              │           │   │   ├── hyper-named-pipe v0.1.0 (*)
              │           │   │   ├── hyper-rustls v0.27.9 (*)
              │           │   │   ├── hyperlocal v0.9.1
              │           │   │   │   └── bollard v0.18.1 (*)
              │           │   │   └── reqwest v0.12.28 (*)
              │           │   ├── hyperlocal v0.9.1 (*)
              │           │   └── reqwest v0.12.28 (*)
              │           ├── hyper-named-pipe v0.1.0 (*)
              │           ├── hyper-rustls v0.27.9 (*)
              │           ├── hyper-util v0.1.20 (*)
              │           ├── hyperlocal v0.9.1 (*)
              │           ├── oci-client v0.15.0 (*)
              │           ├── reqwest v0.12.28 (*)
              │           ├── tokio-rustls v0.26.4
              │           │   ├── hyper-rustls v0.27.9 (*)
              │           │   └── reqwest v0.12.28 (*)
              │           ├── tokio-util v0.7.18
              │           │   ├── bollard v0.18.1 (*)
              │           │   └── reqwest v0.12.28 (*)
              │           └── tower v0.5.3
              │               ├── reqwest v0.12.28 (*)
              │               └── tower-http v0.6.10
              │                   └── reqwest v0.12.28 (*)
              ├── fd-lock v4.0.4 (*)
              ├── ring v0.17.14
              │   ├── rustls v0.23.40
              │   │   ├── hyper-rustls v0.27.9 (*)
              │   │   ├── reqwest v0.12.28 (*)
              │   │   └── tokio-rustls v0.26.4 (*)
              │   └── rustls-webpki v0.103.13
              │       └── rustls v0.23.40 (*)
              ├── rustix v1.1.4 (*)
              ├── tempfile v3.27.0 (*)
              └── winapi-util v0.1.11
                  ├── same-file v1.0.6
                  │   └── walkdir v2.5.0
                  │       └── (build) jni v0.22.4
                  │           └── hickory-proto v0.26.1
                  │               ├── carrick-kernel v0.1.0 (*)
                  │               └── carrick-runtime v0.1.0 (*)
                  └── walkdir v2.5.0 (*)
    ├ windows_x86_64_msvc v0.53.1
      └── windows-targets v0.53.5
          └── windows-sys v0.60.2
              ├── anstyle-query v1.1.5
              │   └── anstream v1.0.0
              │       └── clap_builder v4.6.0
              │           └── clap v4.6.1
              │               ├── carrick-cli v0.1.0
              │               ├── carrick-conformance v0.1.0
              │               ├── carrick-runtime v0.1.0
              │               │   ├── carrick-cli v0.1.0 (*)
              │               │   ├── carrick-embed v0.1.0
              │               │   │   └── carrick-conformance-next v0.1.0
              │               │   ├── carrick-engine v0.1.0
              │               │   │   ├── carrick-cli v0.1.0 (*)
              │               │   │   └── carrick-embed v0.1.0 (*)
              │               │   └── (dev) carrick-runtime v0.1.0 (*)
              │               ├── carrick-spec v0.1.0
              │               │   ├── carrick-cli v0.1.0 (*)
              │               │   ├── carrick-conformance-next v0.1.0 (*)
              │               │   ├── carrick-embed v0.1.0 (*)
              │               │   ├── carrick-engine v0.1.0 (*)
              │               │   ├── carrick-image v0.1.0
              │               │   │   ├── carrick-cli v0.1.0 (*)
              │               │   │   ├── carrick-embed v0.1.0 (*)
              │               │   │   ├── carrick-engine v0.1.0 (*)
              │               │   │   └── (dev) carrick-runtime v0.1.0 (*)
              │               │   ├── carrick-kernel v0.1.0
              │               │   │   ├── carrick-cli v0.1.0 (*)
              │               │   │   ├── carrick-embed v0.1.0 (*)
              │               │   │   ├── carrick-engine v0.1.0 (*)
              │               │   │   ├── (dev) carrick-kernel v0.1.0 (*)
              │               │   │   ├── carrick-kernel-example v0.1.0
              │               │   │   │   └── native-syscall-slice v0.1.0
              │               │   │   │       └── (dev) carrick-runtime v0.1.0 (*)
              │               │   │   ├── carrick-runtime v0.1.0 (*)
              │               │   │   └── native-syscall-slice v0.1.0 (*)
              │               │   ├── carrick-runtime v0.1.0 (*)
              │               │   └── carrick-vfs v0.1.0
              │               │       ├── carrick-cli v0.1.0 (*)
              │               │       ├── carrick-embed v0.1.0 (*)
              │               │       ├── carrick-engine v0.1.0 (*)
              │               │       ├── carrick-kernel v0.1.0 (*)
              │               │       ├── carrick-kernel-example v0.1.0 (*)
              │               │       ├── carrick-runtime v0.1.0 (*)
              │               │       └── native-syscall-slice v0.1.0 (*)
              │               └── carrick-vmm-hvf v0.1.0
              │                   ├── carrick-cli v0.1.0 (*)
              │                   └── carrick-runtime v0.1.0 (*)
              ├── anstyle-wincon v3.0.11
              │   └── anstream v1.0.0 (*)
              ├── nu-ansi-term v0.50.3
              │   └── tracing-subscriber v0.3.23
              │       ├── carrick-cli v0.1.0 (*)
              │       ├── (dev) carrick-conformance-next v0.1.0 (*)
              │       └── carrick-runtime v0.1.0 (*)
              └── socket2 v0.6.3
                  ├── carrick-kernel v0.1.0 (*)
                  ├── carrick-runtime v0.1.0 (*)
                  ├── hyper-util v0.1.20
                  │   ├── bollard v0.18.1
                  │   │   └── (dev) carrick-cli v0.1.0 (*)
                  │   ├── carrick-cli v0.1.0 (*)
                  │   ├── hyper-named-pipe v0.1.0
                  │   │   └── bollard v0.18.1 (*)
                  │   ├── hyper-rustls v0.27.9
                  │   │   └── reqwest v0.12.28
                  │   │       └── oci-client v0.15.0
                  │   │           ├── carrick-image v0.1.0 (*)
                  │   │           ├── carrick-runtime v0.1.0 (*)
                  │   │           └── carrick-spec v0.1.0 (*)
                  │   ├── hyperlocal v0.9.1
                  │   │   └── bollard v0.18.1 (*)
                  │   └── reqwest v0.12.28 (*)
                  └── tokio v1.52.3
                      ├── bollard v0.18.1 (*)
                      ├── (dev) carrick-cli v0.1.0 (*)
                      ├── carrick-conformance-next v0.1.0 (*)
                      ├── carrick-embed v0.1.0 (*)
                      ├── carrick-engine v0.1.0 (*)
                      ├── carrick-image v0.1.0 (*)
                      ├── (dev) carrick-runtime v0.1.0 (*)
                      ├── hyper v1.9.0
                      │   ├── bollard v0.18.1 (*)
                      │   ├── carrick-cli v0.1.0 (*)
                      │   ├── hyper-named-pipe v0.1.0 (*)
                      │   ├── hyper-rustls v0.27.9 (*)
                      │   ├── hyper-util v0.1.20 (*)
                      │   ├── hyperlocal v0.9.1 (*)
                      │   └── reqwest v0.12.28 (*)
                      ├── hyper-named-pipe v0.1.0 (*)
                      ├── hyper-rustls v0.27.9 (*)
                      ├── hyper-util v0.1.20 (*)
                      ├── hyperlocal v0.9.1 (*)
                      ├── oci-client v0.15.0 (*)
                      ├── reqwest v0.12.28 (*)
                      ├── tokio-rustls v0.26.4
                      │   ├── hyper-rustls v0.27.9 (*)
                      │   └── reqwest v0.12.28 (*)
                      ├── tokio-util v0.7.18
                      │   ├── bollard v0.18.1 (*)
                      │   └── reqwest v0.12.28 (*)
                      └── tower v0.5.3
                          ├── reqwest v0.12.28 (*)
                          └── tower-http v0.6.10
                              └── reqwest v0.12.28 (*)

warning[duplicate]: found 2 duplicate entries for crate 'wit-bindgen'
    ┌─ /Users/tjfontaine/.codex/worktrees/el1-completion/carrick/Cargo.lock:359:1
    │  
359 │ ╭ wit-bindgen 0.51.0 registry+https://github.com/rust-lang/crates.io-index
360 │ │ wit-bindgen 0.57.1 registry+https://github.com/rust-lang/crates.io-index
    │ ╰────────────────────────────────────────────────────────────────────────┘ lock entries
    │  
    ├ wit-bindgen v0.51.0
      └── wasip3 v0.4.0+wasi-0.3.0-rc-2026-01-06
          └── getrandom v0.4.2
              └── rand v0.10.1
                  ├── carrick-cli v0.1.0
                  └── hickory-proto v0.26.1
                      ├── carrick-kernel v0.1.0
                      │   ├── carrick-cli v0.1.0 (*)
                      │   ├── carrick-embed v0.1.0
                      │   │   └── carrick-conformance-next v0.1.0
                      │   ├── carrick-engine v0.1.0
                      │   │   ├── carrick-cli v0.1.0 (*)
                      │   │   └── carrick-embed v0.1.0 (*)
                      │   ├── (dev) carrick-kernel v0.1.0 (*)
                      │   ├── carrick-kernel-example v0.1.0
                      │   │   └── native-syscall-slice v0.1.0
                      │   │       └── (dev) carrick-runtime v0.1.0
                      │   │           ├── carrick-cli v0.1.0 (*)
                      │   │           ├── carrick-embed v0.1.0 (*)
                      │   │           ├── carrick-engine v0.1.0 (*)
                      │   │           └── (dev) carrick-runtime v0.1.0 (*)
                      │   ├── carrick-runtime v0.1.0 (*)
                      │   └── native-syscall-slice v0.1.0 (*)
                      └── carrick-runtime v0.1.0 (*)
    ├ wit-bindgen v0.57.1
      └── wasip2 v1.0.3+wasi-0.2.9
          ├── getrandom v0.3.4
          │   ├── carrick-kernel v0.1.0
          │   │   ├── carrick-cli v0.1.0
          │   │   ├── carrick-embed v0.1.0
          │   │   │   └── carrick-conformance-next v0.1.0
          │   │   ├── carrick-engine v0.1.0
          │   │   │   ├── carrick-cli v0.1.0 (*)
          │   │   │   └── carrick-embed v0.1.0 (*)
          │   │   ├── (dev) carrick-kernel v0.1.0 (*)
          │   │   ├── carrick-kernel-example v0.1.0
          │   │   │   └── native-syscall-slice v0.1.0
          │   │   │       └── (dev) carrick-runtime v0.1.0
          │   │   │           ├── carrick-cli v0.1.0 (*)
          │   │   │           ├── carrick-embed v0.1.0 (*)
          │   │   │           ├── carrick-engine v0.1.0 (*)
          │   │   │           └── (dev) carrick-runtime v0.1.0 (*)
          │   │   ├── carrick-runtime v0.1.0 (*)
          │   │   └── native-syscall-slice v0.1.0 (*)
          │   ├── carrick-runtime v0.1.0 (*)
          │   ├── rand_core v0.9.5
          │   │   ├── rand v0.9.4
          │   │   │   └── proptest v1.11.0
          │   │   │       ├── (dev) carrick-kernel v0.1.0 (*)
          │   │   │       └── (dev) carrick-runtime v0.1.0 (*)
          │   │   ├── rand_chacha v0.9.0
          │   │   │   └── proptest v1.11.0 (*)
          │   │   └── rand_xorshift v0.4.0
          │   │       └── proptest v1.11.0 (*)
          │   └── tempfile v3.27.0
          │       ├── (dev) carrick-cli v0.1.0 (*)
          │       ├── (dev) carrick-conformance-contract v0.1.0
          │       │   ├── (dev) carrick-aarch64 v0.1.0
          │       │   │   ├── carrick-runtime v0.1.0 (*)
          │       │   │   ├── carrick-vmm-hvf v0.1.0
          │       │   │   │   ├── carrick-cli v0.1.0 (*)
          │       │   │   │   └── carrick-runtime v0.1.0 (*)
          │       │   │   └── carrick-vmm-kvm v0.1.0
          │       │   ├── (dev) carrick-conformance-next v0.1.0 (*)
          │       │   ├── carrick-embed v0.1.0 (*)
          │       │   ├── carrick-investigation v0.1.0
          │       │   ├── (dev) carrick-kernel v0.1.0 (*)
          │       │   ├── carrick-kernel-example v0.1.0 (*)
          │       │   ├── (dev) carrick-runtime v0.1.0 (*)
          │       │   ├── (dev) carrick-vmm-hvf v0.1.0 (*)
          │       │   └── native-syscall-slice v0.1.0 (*)
          │       ├── (dev) carrick-conformance-next v0.1.0 (*)
          │       ├── (dev) carrick-coordinator v0.1.0
          │       │   ├── carrick-conformance v0.1.0
          │       │   └── carrick-investigation v0.1.0 (*)
          │       ├── carrick-embed v0.1.0 (*)
          │       ├── (dev) carrick-engine v0.1.0 (*)
          │       ├── (dev) carrick-host v0.1.0
          │       │   ├── carrick-aarch64 v0.1.0 (*)
          │       │   ├── carrick-embed v0.1.0 (*)
          │       │   ├── carrick-host-bsd v0.1.0
          │       │   │   ├── carrick-cli v0.1.0 (*)
          │       │   │   ├── carrick-kernel v0.1.0 (*)
          │       │   │   ├── carrick-runtime v0.1.0 (*)
          │       │   │   ├── carrick-vfs v0.1.0
          │       │   │   │   ├── carrick-cli v0.1.0 (*)
          │       │   │   │   ├── carrick-embed v0.1.0 (*)
          │       │   │   │   ├── carrick-engine v0.1.0 (*)
          │       │   │   │   ├── carrick-kernel v0.1.0 (*)
          │       │   │   │   ├── carrick-kernel-example v0.1.0 (*)
          │       │   │   │   ├── carrick-runtime v0.1.0 (*)
          │       │   │   │   └── native-syscall-slice v0.1.0 (*)
          │       │   │   ├── carrick-vmm-bhyve v0.1.0
          │       │   │   ├── carrick-vmm-hvf v0.1.0 (*)
          │       │   │   └── carrick-vmm-nvmm v0.1.0
          │       │   ├── carrick-kernel v0.1.0 (*)
          │       │   ├── carrick-runtime v0.1.0 (*)
          │       │   ├── carrick-timer-core v0.1.0
          │       │   │   ├── carrick-hal v0.1.0
          │       │   │   │   ├── carrick-aarch64 v0.1.0 (*)
          │       │   │   │   ├── carrick-embed v0.1.0 (*)
          │       │   │   │   ├── carrick-host-bsd v0.1.0 (*)
          │       │   │   │   ├── carrick-host-linux v0.1.0
          │       │   │   │   │   ├── carrick-kernel v0.1.0 (*)
          │       │   │   │   │   └── carrick-vfs v0.1.0 (*)
          │       │   │   │   ├── carrick-kernel v0.1.0 (*)
          │       │   │   │   ├── carrick-kernel-example v0.1.0 (*)
          │       │   │   │   ├── carrick-runtime v0.1.0 (*)
          │       │   │   │   ├── carrick-thread v0.1.0
          │       │   │   │   │   ├── carrick-embed v0.1.0 (*)
          │       │   │   │   │   ├── carrick-kernel v0.1.0 (*)
          │       │   │   │   │   ├── carrick-runtime v0.1.0 (*)
          │       │   │   │   │   ├── carrick-vmm-bhyve v0.1.0 (*)
          │       │   │   │   │   ├── carrick-vmm-hvf v0.1.0 (*)
          │       │   │   │   │   ├── carrick-vmm-kvm v0.1.0 (*)
          │       │   │   │   │   └── carrick-vmm-nvmm v0.1.0 (*)
          │       │   │   │   ├── carrick-vfs v0.1.0 (*)
          │       │   │   │   ├── carrick-vmm-bhyve v0.1.0 (*)
          │       │   │   │   ├── carrick-vmm-hvf v0.1.0 (*)
          │       │   │   │   ├── carrick-vmm-kvm v0.1.0 (*)
          │       │   │   │   ├── carrick-vmm-nvmm v0.1.0 (*)
          │       │   │   │   ├── carrick-x86 v0.1.0
          │       │   │   │   │   ├── carrick-vmm-bhyve v0.1.0 (*)
          │       │   │   │   │   ├── carrick-vmm-kvm v0.1.0 (*)
          │       │   │   │   │   └── carrick-vmm-nvmm v0.1.0 (*)
          │       │   │   │   └── native-syscall-slice v0.1.0 (*)
          │       │   │   ├── carrick-kernel v0.1.0 (*)
          │       │   │   ├── carrick-runtime v0.1.0 (*)
          │       │   │   ├── carrick-vmm-bhyve v0.1.0 (*)
          │       │   │   ├── carrick-vmm-hvf v0.1.0 (*)
          │       │   │   ├── carrick-vmm-kvm v0.1.0 (*)
          │       │   │   └── carrick-vmm-nvmm v0.1.0 (*)
          │       │   ├── carrick-vmm-bhyve v0.1.0 (*)
          │       │   ├── carrick-vmm-hvf v0.1.0 (*)
          │       │   ├── carrick-vmm-kvm v0.1.0 (*)
          │       │   ├── carrick-vmm-nvmm v0.1.0 (*)
          │       │   └── carrick-x86 v0.1.0 (*)
          │       ├── (dev) carrick-image v0.1.0
          │       │   ├── carrick-cli v0.1.0 (*)
          │       │   ├── carrick-embed v0.1.0 (*)
          │       │   ├── carrick-engine v0.1.0 (*)
          │       │   └── (dev) carrick-runtime v0.1.0 (*)
          │       ├── (dev) carrick-investigation v0.1.0 (*)
          │       ├── (dev) carrick-kernel v0.1.0 (*)
          │       ├── (dev) carrick-kernel-example v0.1.0 (*)
          │       ├── carrick-observability v0.1.0
          │       │   ├── carrick-aarch64 v0.1.0 (*)
          │       │   ├── carrick-conformance-contract v0.1.0 (*)
          │       │   ├── carrick-embed v0.1.0 (*)
          │       │   ├── carrick-kernel v0.1.0 (*)
          │       │   ├── carrick-kernel-example v0.1.0 (*)
          │       │   ├── carrick-runtime v0.1.0 (*)
          │       │   ├── carrick-thread v0.1.0 (*)
          │       │   ├── carrick-vfs v0.1.0 (*)
          │       │   └── carrick-vmm-hvf v0.1.0 (*)
          │       ├── (dev) carrick-portable v0.1.0
          │       │   ├── carrick-kernel v0.1.0 (*)
          │       │   ├── carrick-runtime v0.1.0 (*)
          │       │   ├── carrick-timer-core v0.1.0 (*)
          │       │   └── carrick-vfs v0.1.0 (*)
          │       ├── (dev) carrick-runtime v0.1.0 (*)
          │       ├── carrick-signal-core v0.1.0
          │       │   ├── carrick-hal v0.1.0 (*)
          │       │   ├── carrick-host-bsd v0.1.0 (*)
          │       │   ├── carrick-kernel v0.1.0 (*)
          │       │   ├── carrick-runtime v0.1.0 (*)
          │       │   ├── carrick-vmm-bhyve v0.1.0 (*)
          │       │   ├── carrick-vmm-hvf v0.1.0 (*)
          │       │   ├── carrick-vmm-kvm v0.1.0 (*)
          │       │   └── carrick-vmm-nvmm v0.1.0 (*)
          │       ├── carrick-vfs v0.1.0 (*)
          │       ├── native-syscall-slice v0.1.0 (*)
          │       ├── proptest v1.11.0 (*)
          │       └── rusty-fork v0.3.1
          │           └── proptest v1.11.0 (*)
          └── getrandom v0.4.2
              └── rand v0.10.1
                  ├── carrick-cli v0.1.0 (*)
                  └── hickory-proto v0.26.1
                      ├── carrick-kernel v0.1.0 (*)
                      └── carrick-runtime v0.1.0 (*)

bans ok, licenses ok, sources ok
cargo run -p carrick-conformance -- --check-matrix
    Finished `dev` profile [unoptimized + debuginfo] target(s) in 0.12s
     Running `target/debug/carrick-conformance --check-matrix`
docs/support-matrix.md is in sync with scripts/conformance/baseline.jsonl
./scripts/closure-assert-layering.sh
layering: carrick-vfs ok
layering: carrick-kernel ok
layering: carrick-kernel-example ok
layering: carrick-vmm-bhyve ok
layering: carrick-vmm-hvf ok
layering: carrick-vmm-kvm ok
layering: carrick-vmm-nvmm ok
layering: product selection (default-members) = carrick-cli
layering: product selection enables no carrick-kernel test-support ok
layering: product selection enables no carrick-hal test-support ok
layering: product selection enables no carrick-vfs test-support ok
cargo check -p carrick-kernel --lib --tests --features test-support --target aarch64-unknown-linux-gnu
warning: unused macro definition: `host_open`
   --> crates/carrick-vfs/src/fs_backend/host.rs:127:14
    |
127 | macro_rules! host_open {
    |              ^^^^^^^^^
    |
    = note: `#[warn(unused_macros)]` (part of `#[warn(unused)]`) on by default

warning: unused variable: `mode`
    --> crates/carrick-vfs/src/fs_backend/host.rs:5617:41
     |
5617 |     fn create_raw_fd(&self, path: &str, mode: u32, trunc: bool) -> HostFdOpen<(i32, bool)> {
     |                                         ^^^^ help: if this is intentional, prefix it with an underscore: `_mode`
     |
     = note: `#[warn(unused_variables)]` (part of `#[warn(unused)]`) on by default

warning: method `is_valid` is never used
   --> crates/carrick-vfs/src/fs_backend/host.rs:418:8
    |
417 | impl StatCacheEntry {
    | ------------------- method in this implementation
418 |     fn is_valid(&self, _current_dir_gen: u64) -> bool {
    |        ^^^^^^^^
    |
    = note: `#[warn(dead_code)]` (part of `#[warn(unused)]`) on by default

warning: method `may_have_upper_symlinks` is never used
    --> crates/carrick-vfs/src/fs_backend/host.rs:2537:8
     |
 986 | impl HostFsBackend {
     | ------------------ method in this implementation
...
2537 |     fn may_have_upper_symlinks(&self) -> bool {
     |        ^^^^^^^^^^^^^^^^^^^^^^^

warning: function `lget_u32_xattr` is never used
    --> crates/carrick-vfs/src/fs_backend/host.rs:3595:4
     |
3595 | fn lget_u32_xattr(path: *const libc::c_char, name: &[u8]) -> Option<u32> {
     |    ^^^^^^^^^^^^^^

warning: function `path_carrick_meta` is never used
    --> crates/carrick-vfs/src/fs_backend/host.rs:3752:15
     |
3752 | pub(crate) fn path_carrick_meta(
     |               ^^^^^^^^^^^^^^^^^

warning: `carrick-vfs` (lib) generated 6 warnings (run `cargo fix --lib -p carrick-vfs` to apply 1 suggestion)
warning: unused import: `HashSet`
  --> crates/carrick-kernel/src/inotify.rs:24:33
   |
24 | use std::collections::{HashMap, HashSet, VecDeque};
   |                                 ^^^^^^^
   |
   = note: `#[warn(unused_imports)]` (part of `#[warn(unused)]`) on by default

warning: unused variable: `kqueue`
   --> crates/carrick-kernel/src/dispatch/net/epoll_ops.rs:700:35
    |
700 |                         interest, kqueue, ..
    |                                   ^^^^^^ help: try ignoring the field: `kqueue: _`
    |
    = note: `#[warn(unused_variables)]` (part of `#[warn(unused)]`) on by default

warning: method `host_pipe_write_end_for_pipe_id` is never used
    --> crates/carrick-kernel/src/dispatch/fs.rs:1417:19
     |
 419 | impl<'a> FsView<'a> {
     | ------------------- method in this implementation
...
1417 |     pub(super) fn host_pipe_write_end_for_pipe_id(&self, pipe_id: u64) -> Option<HostFd> {
     |                   ^^^^^^^^^^^^^^^^^^^^^^^^^^^^^^^
     |
     = note: `#[warn(dead_code)]` (part of `#[warn(unused)]`) on by default

warning: constant `EPOLL_REBIND_REASON_IO_REARM` is never used
  --> crates/carrick-kernel/src/dispatch/net/epoll_ops.rs:30:7
   |
30 | const EPOLL_REBIND_REASON_IO_REARM: u32 = 1;
   |       ^^^^^^^^^^^^^^^^^^^^^^^^^^^^

warning: constant `EPOLL_REBIND_REASON_CLOSE_DETACH` is never used
  --> crates/carrick-kernel/src/dispatch/net/epoll_ops.rs:31:7
   |
31 | const EPOLL_REBIND_REASON_CLOSE_DETACH: u32 = 2;
   |       ^^^^^^^^^^^^^^^^^^^^^^^^^^^^^^^^

warning: constant `EPOLL_REBIND_REASON_WAIT_SAMPLE` is never used
  --> crates/carrick-kernel/src/dispatch/net/epoll_ops.rs:33:7
   |
33 | const EPOLL_REBIND_REASON_WAIT_SAMPLE: u32 = 3;
   |       ^^^^^^^^^^^^^^^^^^^^^^^^^^^^^^^

warning: constant `EPOLL_REBIND_REASON_CTL_DEL` is never used
  --> crates/carrick-kernel/src/dispatch/net/epoll_ops.rs:34:7
   |
34 | const EPOLL_REBIND_REASON_CTL_DEL: u32 = 4;
   |       ^^^^^^^^^^^^^^^^^^^^^^^^^^^

warning: function `epoll_wait_sample_needs_host_rebind` is never used
  --> crates/carrick-kernel/src/dispatch/net/epoll_ops.rs:63:4
   |
63 | fn epoll_wait_sample_needs_host_rebind(
   |    ^^^^^^^^^^^^^^^^^^^^^^^^^^^^^^^^^^^

warning: function `build_run_image_for_execfn` is never used
   --> crates/carrick-kernel/src/exec_helpers.rs:184:15
    |
184 | pub(crate) fn build_run_image_for_execfn(
    |               ^^^^^^^^^^^^^^^^^^^^^^^^^^

warning: `carrick-kernel` (lib) generated 9 warnings (run `cargo fix --lib -p carrick-kernel` to apply 2 suggestions)
warning: unused import: `super::*`
    --> crates/carrick-kernel/src/dispatch/fs/tests.rs:2127:9
     |
2127 |     use super::*;
     |         ^^^^^^^^
     |
     = note: `#[warn(unused_imports)]` (part of `#[warn(unused)]`) on by default

warning: unused import: `HashSet`
  --> crates/carrick-kernel/src/inotify.rs:24:33
   |
24 | use std::collections::{HashMap, HashSet, VecDeque};
   |                                 ^^^^^^^

warning: `carrick-kernel` (lib test) generated 9 warnings (7 duplicates) (run `cargo fix --lib -p carrick-kernel --tests` to apply 2 suggestions)
    Finished `dev` profile [unoptimized + debuginfo] target(s) in 0.24s
cargo check -p carrick-kernel-example --tests --target aarch64-unknown-linux-gnu
warning: unused macro definition: `host_open`
   --> crates/carrick-vfs/src/fs_backend/host.rs:127:14
    |
127 | macro_rules! host_open {
    |              ^^^^^^^^^
    |
    = note: `#[warn(unused_macros)]` (part of `#[warn(unused)]`) on by default

warning: unused variable: `mode`
    --> crates/carrick-vfs/src/fs_backend/host.rs:5617:41
     |
5617 |     fn create_raw_fd(&self, path: &str, mode: u32, trunc: bool) -> HostFdOpen<(i32, bool)> {
     |                                         ^^^^ help: if this is intentional, prefix it with an underscore: `_mode`
     |
     = note: `#[warn(unused_variables)]` (part of `#[warn(unused)]`) on by default

warning: method `is_valid` is never used
   --> crates/carrick-vfs/src/fs_backend/host.rs:418:8
    |
417 | impl StatCacheEntry {
    | ------------------- method in this implementation
418 |     fn is_valid(&self, _current_dir_gen: u64) -> bool {
    |        ^^^^^^^^
    |
    = note: `#[warn(dead_code)]` (part of `#[warn(unused)]`) on by default

warning: method `may_have_upper_symlinks` is never used
    --> crates/carrick-vfs/src/fs_backend/host.rs:2537:8
     |
 986 | impl HostFsBackend {
     | ------------------ method in this implementation
...
2537 |     fn may_have_upper_symlinks(&self) -> bool {
     |        ^^^^^^^^^^^^^^^^^^^^^^^

warning: function `lget_u32_xattr` is never used
    --> crates/carrick-vfs/src/fs_backend/host.rs:3595:4
     |
3595 | fn lget_u32_xattr(path: *const libc::c_char, name: &[u8]) -> Option<u32> {
     |    ^^^^^^^^^^^^^^

warning: function `path_carrick_meta` is never used
    --> crates/carrick-vfs/src/fs_backend/host.rs:3752:15
     |
3752 | pub(crate) fn path_carrick_meta(
     |               ^^^^^^^^^^^^^^^^^

warning: `carrick-vfs` (lib) generated 6 warnings (run `cargo fix --lib -p carrick-vfs` to apply 1 suggestion)
warning: unused import: `HashSet`
  --> crates/carrick-kernel/src/inotify.rs:24:33
   |
24 | use std::collections::{HashMap, HashSet, VecDeque};
   |                                 ^^^^^^^
   |
   = note: `#[warn(unused_imports)]` (part of `#[warn(unused)]`) on by default

warning: unused variable: `kqueue`
   --> crates/carrick-kernel/src/dispatch/net/epoll_ops.rs:700:35
    |
700 |                         interest, kqueue, ..
    |                                   ^^^^^^ help: try ignoring the field: `kqueue: _`
    |
    = note: `#[warn(unused_variables)]` (part of `#[warn(unused)]`) on by default

warning: method `host_pipe_write_end_for_pipe_id` is never used
    --> crates/carrick-kernel/src/dispatch/fs.rs:1417:19
     |
 419 | impl<'a> FsView<'a> {
     | ------------------- method in this implementation
...
1417 |     pub(super) fn host_pipe_write_end_for_pipe_id(&self, pipe_id: u64) -> Option<HostFd> {
     |                   ^^^^^^^^^^^^^^^^^^^^^^^^^^^^^^^
     |
     = note: `#[warn(dead_code)]` (part of `#[warn(unused)]`) on by default

warning: constant `EPOLL_REBIND_REASON_IO_REARM` is never used
  --> crates/carrick-kernel/src/dispatch/net/epoll_ops.rs:30:7
   |
30 | const EPOLL_REBIND_REASON_IO_REARM: u32 = 1;
   |       ^^^^^^^^^^^^^^^^^^^^^^^^^^^^

warning: constant `EPOLL_REBIND_REASON_CLOSE_DETACH` is never used
  --> crates/carrick-kernel/src/dispatch/net/epoll_ops.rs:31:7
   |
31 | const EPOLL_REBIND_REASON_CLOSE_DETACH: u32 = 2;
   |       ^^^^^^^^^^^^^^^^^^^^^^^^^^^^^^^^

warning: constant `EPOLL_REBIND_REASON_WAIT_SAMPLE` is never used
  --> crates/carrick-kernel/src/dispatch/net/epoll_ops.rs:33:7
   |
33 | const EPOLL_REBIND_REASON_WAIT_SAMPLE: u32 = 3;
   |       ^^^^^^^^^^^^^^^^^^^^^^^^^^^^^^^

warning: constant `EPOLL_REBIND_REASON_CTL_DEL` is never used
  --> crates/carrick-kernel/src/dispatch/net/epoll_ops.rs:34:7
   |
34 | const EPOLL_REBIND_REASON_CTL_DEL: u32 = 4;
   |       ^^^^^^^^^^^^^^^^^^^^^^^^^^^

warning: function `epoll_wait_sample_needs_host_rebind` is never used
  --> crates/carrick-kernel/src/dispatch/net/epoll_ops.rs:63:4
   |
63 | fn epoll_wait_sample_needs_host_rebind(
   |    ^^^^^^^^^^^^^^^^^^^^^^^^^^^^^^^^^^^

warning: function `build_run_image_for_execfn` is never used
   --> crates/carrick-kernel/src/exec_helpers.rs:184:15
    |
184 | pub(crate) fn build_run_image_for_execfn(
    |               ^^^^^^^^^^^^^^^^^^^^^^^^^^

warning: `carrick-kernel` (lib) generated 9 warnings (run `cargo fix --lib -p carrick-kernel` to apply 2 suggestions)
    Finished `dev` profile [unoptimized + debuginfo] target(s) in 0.18s
cargo build -p carrick-cli  --workspace
   Compiling carrick-vmm-hvf v0.1.0 (/Users/tjfontaine/.codex/worktrees/el1-completion/carrick/crates/carrick-vmm-hvf)
   Compiling carrick-runtime v0.1.0 (/Users/tjfontaine/.codex/worktrees/el1-completion/carrick/crates/carrick-runtime)
   Compiling carrick-engine v0.1.0 (/Users/tjfontaine/.codex/worktrees/el1-completion/carrick/crates/carrick-engine)
   Compiling carrick-embed v0.1.0 (/Users/tjfontaine/.codex/worktrees/el1-completion/carrick/crates/carrick-embed)
   Compiling carrick-conformance-next v0.1.0 (/Users/tjfontaine/.codex/worktrees/el1-completion/carrick/crates/carrick-conformance-next)
   Compiling carrick-cli v0.1.0 (/Users/tjfontaine/.codex/worktrees/el1-completion/carrick/crates/carrick-cli)
    Finished `dev` profile [unoptimized + debuginfo] target(s) in 14.31s
    Checking carrick-vmm-hvf v0.1.0 (/Users/tjfontaine/.codex/worktrees/el1-completion/carrick/crates/carrick-vmm-hvf)
 Documenting carrick-vmm-hvf v0.1.0 (/Users/tjfontaine/.codex/worktrees/el1-completion/carrick/crates/carrick-vmm-hvf)
    Checking carrick-runtime v0.1.0 (/Users/tjfontaine/.codex/worktrees/el1-completion/carrick/crates/carrick-runtime)
 Documenting carrick-runtime v0.1.0 (/Users/tjfontaine/.codex/worktrees/el1-completion/carrick/crates/carrick-runtime)
    Checking carrick-engine v0.1.0 (/Users/tjfontaine/.codex/worktrees/el1-completion/carrick/crates/carrick-engine)
 Documenting carrick-engine v0.1.0 (/Users/tjfontaine/.codex/worktrees/el1-completion/carrick/crates/carrick-engine)
    Checking carrick-embed v0.1.0 (/Users/tjfontaine/.codex/worktrees/el1-completion/carrick/crates/carrick-embed)
 Documenting carrick-cli v0.1.0 (/Users/tjfontaine/.codex/worktrees/el1-completion/carrick/crates/carrick-cli)
 Documenting carrick-conformance-next v0.1.0 (/Users/tjfontaine/.codex/worktrees/el1-completion/carrick/crates/carrick-conformance-next)
 Documenting carrick-embed v0.1.0 (/Users/tjfontaine/.codex/worktrees/el1-completion/carrick/crates/carrick-embed)
    Finished `dev` profile [unoptimized + debuginfo] target(s) in 22.88s
   Generated /Users/tjfontaine/.codex/worktrees/el1-completion/carrick/target/doc/carrick_aarch64/index.html and 52 other files
   Compiling carrick-runtime v0.1.0 (/Users/tjfontaine/.codex/worktrees/el1-completion/carrick/crates/carrick-runtime)
   Compiling carrick-engine v0.1.0 (/Users/tjfontaine/.codex/worktrees/el1-completion/carrick/crates/carrick-engine)
   Compiling carrick-embed v0.1.0 (/Users/tjfontaine/.codex/worktrees/el1-completion/carrick/crates/carrick-embed)
   Compiling carrick-conformance-next v0.1.0 (/Users/tjfontaine/.codex/worktrees/el1-completion/carrick/crates/carrick-conformance-next)
    Finished `test` profile [unoptimized + debuginfo] target(s) in 7.49s
     Running unittests src/lib.rs (target/debug/deps/carrick_aarch64-912cfc1f7b29ce97)

running 74 tests
test engine::tests::absent_sparse_editor_preserves_live_vcpu_bootstrap ... ok
test engine::tests::core_resume_pair_uses_saved_el0_state_during_a_syscall_trap ... ok
test engine::tests::core_resume_pair_uses_live_el0_state_outside_a_syscall_trap ... ok
test anonymous_discard::tests::invalid_ranges_do_not_reach_backend ... ok
test anonymous_discard::tests::interior_failure_preserves_classification_without_edge_work ... ok
test engine::tests::core_resume_pair_uses_saved_el0_state_when_fatal_capture_runs_in_el1 ... ok
test engine::tests::asid_retirement_maintenance_is_exactly_scoped_and_ordered ... ok
test anonymous_discard::tests::edge_failure_after_retirement_is_indeterminate ... ok
test engine::tests::el1_signal_ignores_stale_caller_pc ... ok
test engine::tests::el1_signal_recovers_backend_mailbox_return_only_when_caller_has_none ... ok
test engine::tests::existing_sparse_editor_skips_parked_vcpu_bootstrap ... ok
test engine::tests::a_hardware_readback_of_the_bootstrap_sctlr_is_still_neutral ... ok
test engine::tests::live_el0_signal_preserves_supplied_pc_without_reread ... ok
test engine::tests::core_register_capture_rejects_disabled_fpsimd_authority ... ok
test engine::tests::live_el0_signal_without_caller_hint_uses_live_pc ... ok
test engine::tests::migratable_snapshot_rejects_disabled_fpsimd_authority ... ok
test anonymous_discard::tests::refusal_and_empty_interior_do_not_mutate ... ok
test engine::tests::private_repoint_tlbi_failure_is_indeterminate ... ok
test engine::tests::seed_applies_thread_entry_deltas ... ok
test engine::tests::fresh_root_engine_and_exec_heap_lifecycle ... ok
test engine::tests::snapshot_roundtrip_preserves_complete_task_state_and_destination_local_state ... ok
test engine::tests::snapshot_typed_state_roundtrips_every_task_field ... ok
test engine::tests::stage1_authority_conflicting_lease_rejection ... ok
test engine::tests::frame_cow_binding_preserves_strong_asid_generation_distinct_from_mm ... ok
test engine::tests::live_hvpatch_stage1_edits_are_asid_scoped ... ok
test engine::tests::execve_sharing_governed_solely_by_authority_even_on_disagreement ... ok
test engine::tests::replace_page_tables_authority_preserves_parent_manager_and_source_when_shared ... ok
test engine::tests::replace_page_tables_authority_preserves_parent_under_concurrent_vfork_children ... ok
test engine::tests::shared_futex_high_alias_uses_live_stage1_backing_ipa ... ok
test engine::tests::task_only_terminal_cleanup_never_flushes_all_asids_or_destroys_worker_vcpu ... ok
test engine::tests::wait_diagnostics_decode_hvpatch_island_back_to_original_svc ... ok
test engine::tests::wait_diagnostics_prefer_post_syscall_guest_resume_pc ... ok
test esr::tests::brk_aarch64_maps_to_sigtrap_brkpt ... ok
test esr::tests::hw_breakpoint_and_watchpoint_map_to_sigtrap_hwbkpt ... ok
test esr::tests::non_debug_faults_are_not_debug_signals ... ok
test esr::tests::software_step_maps_to_sigtrap_trace ... ok
test mailbox::tests::generation_rollover_never_publishes_zero ... ok
test engine::tests::stage1_authority_deferred_install_on_one_clone_then_build_on_another ... ok
test mailbox::tests::mailbox_layout_is_fixed ... ok
test mailbox::tests::mailbox_ownership_transition_is_linear ... ok
test mailbox::tests::mailbox_wire_values_are_unique_and_stable ... ok
test mailbox::tests::portal_scalar_allowlist_is_exact ... ok
test mailbox::tests::request_metadata_rejects_stale_and_duplicate_publications ... ok
test mailbox::tests::portal_wire_layout_and_transitions_are_closed ... ok
test mailbox::tests::response_cannot_publish_before_request_ownership ... ok
test mailbox::tests::unpublished_payload_and_wrong_trap_kind_fail_closed ... ok
test owed_kick::tests::absorbed_kick_is_published_to_the_el1_hook ... ok
test owed_kick::tests::gic_pending_kick_survives_run_returns_and_is_withdrawn_when_served ... ok
test owed_kick::tests::kick_absorbed_in_el1_vector_surfaces_at_the_el0_boundary ... ok
test owed_kick::tests::owed_kick_survives_internal_el1_exits_before_eret ... ok
test owed_kick::tests::surfaced_el1_exit_settles_the_owed_kick_in_spsr ... ok
test engine::tests::replace_page_tables_authority_retires_old_when_unshared ... ok
test engine::tests::hvpatch_process_aperture_reservation_removes_both_identity_ranges ... ok
test engine::tests::stage1_authority_sibling_lazy_build_sees_source ... ok
test engine::tests::stage1_authority_source_survives_exec_while_shared ... ok
test engine::tests::stage1_authority_source_survives_rollback ... ok
test engine::tests::stage1_authority_source_survives_snapshot_image ... ok
test stage1_authority::tests::image_generation_exhaustion_never_reenables_reuse ... ok
test stage1_authority::tests::retiring_child_authority_returns_its_image_to_the_shared_pool ... ok
test engine::tests::stage1_protection_edit_fork_cow_downgrade_preserves_requested_exec_not_stale_arm ... ok
test stage1_authority::tests::exec_replacement_drops_the_retired_source_so_the_replacement_lease_installs ... ok
test stage1_authority::tests::stage1_authority_live_restore_and_rollback_updates_hardware_backing ... ok
test stage1_authority::tests::stage1_authority_snapshot_fails_on_unresolved_live_backing ... ok
test stage1_authority::tests::stage1_authority_restore_and_rollback_fail_and_preserve_on_unresolved_arena ... ok
test vmm::completion_tests::default_complete_syscall_return_preserves_register_transport ... ok
test stage1_authority::tests::stage1_authority_undo_journal_commit_and_rollback ... ok
test stage1_authority::tests::vfork_shares_prevents_exclusive_path_even_if_called_as_first_or_only_child ... ok
test stage1_authority::tests::concurrent_vfork_children_share_authority_and_detach_independently ... ok
test stage1_authority::tests::rollback_retirement_failure_quarantines_arena_address ... ok
test stage1_authority::tests::image_generation_invalidates_edits_errors_restore_and_replacement ... ok
test stage1_authority::tests::rollback_retires_backing_before_returning_arena_to_source ... ok
test stage1_authority::tests::rollback_returns_allocated_extension_arena_to_source ... ok
test stage1_authority::tests::image_pool_is_bounded_and_exec_recycles_the_retired_image ... ok
test anonymous_discard::tests::unaligned_discard_bounds_scrub_and_preserves_neighbors ... ok

test result: ok. 74 passed; 0 failed; 0 ignored; 0 measured; 0 filtered out; finished in 0.26s

     Running unittests src/lib.rs (target/debug/deps/carrick_abi-2e2e0e97c385bacb)

running 41 tests
test bpf::tests::cmd_ordinals_match_the_wire ... ok
test bpf::tests::elem_attr_offsets_match_bpf2 ... ok
test bpf::tests::prog_load_attr_offsets_match_bpf2 ... ok
test bpf::tests::short_attr_prefix_zero_fills ... ok
test kernel_abi_tests::carrick_x86_64_reports_x86_64_machine ... ok
test kernel_abi_tests::abi_size_never_exceeds_struct_size ... ok
test kernel_abi_tests::linux_flag_groups_pin_supported_and_rejected_masks ... ok
test kernel_abi_tests::fpsimd_context_empty_record_is_self_describing ... ok
test bpf::tests::map_types_cover_hash_and_array_only ... ok
test bpf::tests::insn_decodes_registers_and_exit ... ok
test kernel_abi_tests::poll_and_epoll_events_convert_losslessly_for_shared_bits_and_drop_epoll_only_bits ... ok
test kernel_abi_tests::stage11_flag_types_match_their_consts ... ok
test kernel_abi_tests::termios_kernel_abi_size_is_36_not_44 ... ok
test keyring::tests::actor_all_masks_are_exactly_their_six_rights ... ok
test keyring::tests::key_right_masks_are_the_same_bit_in_each_actor_byte ... ok
test keyring::tests::key_spec_round_trips_through_its_wire_serial ... ok
test keyring::tests::keyctl_op_decodes_by_wire_number ... ok
test keyring::tests::reqkey_default_decodes_including_the_negative_query_value ... ok
test linux_resource_tests::all_is_dense_and_ordered ... ok
test linux_resource_tests::every_resource_renders_a_proc_limits_row ... ok
test linux_resource_tests::ordinals_match_the_abi_constants ... ok
test linux_resource_tests::out_of_range_is_einval_not_an_index ... ok
test syscall_x86_64::tests::arch_prctl_is_native ... ok
test syscall_x86_64::tests::brk_remaps_to_canonical_214 ... ok
test syscall_x86_64::tests::clone_remaps_to_canonical_220 ... ok
test syscall_x86_64::tests::exit_group_remaps_to_canonical_94 ... ok
test syscall_x86_64::tests::exit_remaps_to_canonical_93 ... ok
test syscall_x86_64::tests::futex_gettid_set_robust_list_present ... ok
test syscall_x86_64::tests::iopl_is_not_in_table ... ok
test syscall_x86_64::tests::mmap_remaps_to_canonical_222 ... ok
test syscall_x86_64::tests::rt_sigreturn_remaps_to_canonical_139 ... ok
test syscall_x86_64::tests::table_covers_the_whole_abi ... ok
test syscall_x86_64::tests::table_is_strictly_sorted ... ok
test syscall_x86_64::tests::every_direct_canonical_matches_aarch64_by_name ... ok
test syscall_x86_64::tests::wait4_remaps_to_canonical_260 ... ok
test syscall_x86_64::tests::write_remaps_to_canonical_64 ... ok
test x8664_sigframe_tests::rtsigframe_field_order ... ok
test x8664_sigframe_tests::rtsigframe_offsets_match_linux_amd64_oracle ... ok
test x8664_sigframe_tests::sigcontext_gregset_order_matches_psabi ... ok
test x8664_sigframe_tests::ucontext_mcontext_offset ... ok
test syscall::tests::generated_constants_round_trip_through_table ... ok

test result: ok. 41 passed; 0 failed; 0 ignored; 0 measured; 0 filtered out; finished in 0.00s

     Running unittests src/main.rs (target/debug/deps/carrick_conformance-292cb5f02c673581)

running 215 tests
test closure::tests::closure_rejects_zero_selected_suite_names ... ok
test closure::tests::closure_requires_the_complete_hvf_run ... ok
test closure::tests::closure_allows_fresh_oracle_discovery_and_frozen_cache_checkpoints ... ok
test engine::tests::a_growing_transcript_is_never_blocked ... ok
test engine::tests::carrick_argv_has_no_per_run_pull ... ok
test engine::tests::budget_kill_is_named_by_the_deadline_that_fired ... ok
test engine::tests::carrick_argv_stays_default_confined_without_docker_unconfined ... ok
test engine::tests::carrick_command_removes_inherited_outer_run_id ... ok
test engine::tests::carrick_timeout_is_fast_unless_the_oracle_proves_the_case_is_slow ... ok
test engine::tests::docker_argv_uses_requested_platform ... ok
test engine::tests::only_starvation_is_a_measurement_failure ... ok
test closure::tests::closure_rejects_duplicate_selected_suite_names ... ok
test closure::tests::closure_rejects_manifest_relative_inventory ... ok
test engine::tests::scoped_cleanup_helper_rejects_relative_nonexecutables_and_symlinks ... ok
test engine::tests::timeout_classification_admits_when_the_host_did_not_answer ... ok
test engine::tests::timeout_classification_separates_spinning_starved_and_blocked ... ok
test generate::tests::carrick_flags_serialize_capabilities_not_docker_security_options ... ok
test generate::tests::committed_extended_timeouts_survive_regen ... ok
test engine::tests::scoped_cleanup_parser_requires_an_exact_successful_zero_receipt ... ok
test engine::tests::scoped_cleanup_retries_privileged_only_after_direct_failure ... ok
test closure::tests::closure_rejects_non_match_reports ... ok
test generate::tests::exact_ltp_command_overrides_survive_regen ... ok
test generate::tests::family_prefix_overrides_apply ... ok
test generate::tests::full_load_slow_suites_have_extended_budgets ... ok
test closure::tests::closure_report_inventory_names_missing_selected_suite ... ok
test closure::tests::closure_report_inventory_requires_exact_2127_unique_names ... ok
test generate::tests::ioctl_oracle_invocations_are_exact_and_gated ... ok
test generate::tests::manual_docker_flag_overrides_survive_regen ... ok
test generate::tests::node_libuv_regen_does_not_pin_docker_user ... ok
test closure::tests::closure_rejects_match_obtained_by_serial_confirmation ... ok
test generate::tests::ordinary_suites_keep_default_budgets ... ok
test generate::tests::reported_go_count_includes_the_go_build_suite ... ok
test closure::tests::closure_rejects_unexpected_report_names ... ok
test generate::tests::time_oracle_capabilities_are_exact_and_mirrored ... ok
test images::tests::parses_nested_repo_and_defaults_tag ... ok
test generate::tests::xattr_oracle_privileges_survive_regen_without_gaps ... ok
test images::tests::parses_registry_tagged_ref ... ok
test images::tests::skips_bare_and_digest_pinned ... ok
test images::tests::staleness_logic ... ok
test lane::tests::accepted_lane_spellings_are_explicit ... ok
test lane::tests::hvf_lane_argv_is_the_bare_suite_argv ... ok
test lane::tests::hvf_invocation_is_the_local_carrick_argv ... ok
test lane::tests::bhyve_local_invocation_runs_carrick_directly_as_amd64 ... ok
test lane::tests::kvm_local_invocation_runs_carrick_directly ... ok
test lane::tests::kvm_invocation_wraps_in_limactl_with_rewrite_and_registry_env ... ok
test lane::tests::lane_from_args_builds_kvm_with_defaults ... ok
test lane::tests::nvmm_local_invocation_runs_carrick_directly_as_amd64 ... ok
test lane::tests::kvm_timeout_scale_stretches_carrick_deadlines_only ... ok
test lane::tests::rewrite_localhost_registry_host_in_image_ref ... ok
test lane::tests::shell_quote_handles_barewords_and_metachars ... ok
test closure::tests::closure_rejects_duplicate_report_names ... ok
test lane::tests::unknown_lane_does_not_fall_back_to_hvf ... ok
test manifest::tests::rejects_missing_fs_on_coherent_suite ... ok
test manifest::tests::rejects_bare_image_and_dup_and_empty_cmd ... ok
test matrix::tests::every_verdict_appears_in_the_headline_order ... ok
test manifest::tests::good_manifest_validates ... ok
test oracle::tests::caches_success_with_no_per_id_breakdown ... ok
test oracle::tests::closure_profile_refuses_failure_skip_and_broken_oracles ... ok
test oracle::tests::closure_profile_refuses_preexisting_nonpassing_record_on_read ... ok
test oracle::tests::completed_non_strict_refresh_persists_timing_without_verdict ... ok
test oracle::tests::exact_closure_oracle_round_trip_is_profile_isolated ... ok
test oracle::tests::golden_oracle_key_pins_the_determinant_schema ... ok
test oracle::tests::key_differs_when_docker_inputs_differ ... ok
test oracle::tests::key_differs_when_docker_platform_differs ... ok
test oracle::tests::key_is_stable_and_ignores_carrick_only_fields ... ok
test oracle::tests::invalidated_historical_timing_survives_shorter_non_strict_refresh ... ok
test oracle::tests::miss_when_docker_inputs_change ... ok
test oracle::tests::parse_cache_records_counts_schema_mismatches ... ok
test oracle::tests::one_docker_run_populates_both_profile_rows ... ok
test oracle::tests::reconstructs_docker_oracle_from_report ... ok
test oracle::tests::refuses_to_reconstruct_suppressed_or_broken_report ... ok
test oracle::tests::regression_profile_keeps_golden_key_bytes_and_closure_is_distinct ... ok
test oracle::tests::regrtest_key_carries_the_parser_fingerprint ... ok
test oracle::tests::refuses_to_cache_broken_oracle ... ok
test oracle::tests::round_trips_through_jsonl ... ok
test oracle::tests::timed_out_refresh_never_seeds_deadline_timing ... ok
test oracle::tests::timeout_timing_reuses_compatible_historical_profile_only ... ok
test oracle::tests::timed_out_refresh_invalidates_stale_oracle_and_persists_miss ... ok
test parsers::gotest::tests::all_pass_is_success ... ok
test parsers::gotest::tests::closure_keeps_pointer_normalized_duplicate_subtests ... ok
test parsers::gotest::tests::closure_rejects_terminal_fail_with_only_pass_assertions ... ok
test parsers::gotest::tests::crash_signature_is_none ... ok
test parsers::gotest::tests::no_tests_to_run_is_success ... ok
test parsers::gotest::tests::parses_pass_fail_skip ... ok
test parsers::gotest::tests::nonzero_exit_is_crash_not_partial ... ok
test parsers::gotest::tests::recovered_expected_panic_is_failure_not_crash ... ok
test parsers::gotest::tests::pointer_addresses_normalize_to_stable_ids ... ok
test parsers::ltp::tests::closure_ids_keep_occurrence_for_true_duplicates ... ok
test parsers::ltp::tests::closure_distinguishes_equal_counts_with_different_assertions ... ok
test parsers::ltp::tests::closure_ids_key_on_descriptor_not_ordinal ... ok
test parsers::ltp::tests::closure_ids_normalize_digit_runs ... ok
test parsers::ltp::tests::closure_parses_header_assertions_and_basenames_paths ... ok
test parsers::ltp::tests::closure_parses_old_and_legacy_numbered_assertions ... ok
test parsers::ltp::tests::closure_parses_only_complete_fcntl11_block_protocols ... ok
test parsers::ltp::tests::closure_parses_only_complete_setfsuid04_child_protocols ... ok
test parsers::ltp::tests::closure_preserves_repeated_ltp_assertions ... ok
test parsers::ltp::tests::closure_parses_only_the_fcntl01_source_protocol ... ok
test parsers::ltp::tests::closure_requires_each_summary_counter_exactly_once ... ok
test parsers::ltp::tests::empty_is_empty ... ok
test parsers::ltp::tests::missing_ltp_shell_helper_is_broken ... ok
test parsers::ltp::tests::closure_rejects_summary_only_tbrok_tconf_and_count_mismatch ... ok
test parsers::ltp::tests::old_api_clean_exit_is_success ... ok
test parsers::ltp::tests::old_api_failed_word_counts ... ok
test parsers::ltp::tests::old_api_passed_word_counts ... ok
test parsers::ltp::tests::skipped_only_summary_is_conf ... ok
test parsers::ltp::tests::tbrok_is_broken ... ok
test parsers::ltp::tests::tier1_all_pass ... ok
test parsers::ltp::tests::tier1_summary_block ... ok
test parsers::ltp::tests::tier2_old_api_tokens ... ok
test parsers::ltp::tests::tinfo_with_nonzero_exit_stays_empty ... ok
test parsers::regrtest::tests::closure_keeps_truncated_verbose_doctest_wrapper_incomplete ... ok
test parsers::regrtest::tests::closure_keeps_python_duplicate_subtest_ordinals ... ok
test parsers::regrtest::tests::closure_multiline_preserves_subtest_ordinals_and_duplicates ... ok
test parsers::regrtest::tests::closure_preserves_duplicate_subtest_identity_with_timing ... ok
test parsers::regrtest::tests::closure_parses_verbose_doctest_wrapper_terminal_status ... ok
test parsers::regrtest::tests::empty_output_is_empty ... ok
test parsers::regrtest::tests::closure_preserves_verbose_doctest_wrapper_failure ... ok
test parsers::regrtest::tests::first_occurrence_wins ... ok
test parsers::regrtest::tests::interrupted_multiline_docstring_does_not_steal_status_from_next_test ... ok
test parsers::regrtest::tests::missing_result_with_tests_is_crash ... ok
test parsers::regrtest::tests::parses_duration_before_next_test_name ... ok
test engine::tests::carrick_argv_mirrors_docker_seccomp_unconfined ... ok
test generate::tests::semctl06_and_syslog12_oracle_capabilities_are_exact_and_mirrored ... ok
test parsers::regrtest::tests::parses_duration_before_status ... ok
test generate::tests::committed_suites_preserve_manual_docker_flags ... ok
test parsers::regrtest::tests::noisy_inline_output_defers_to_standalone_status ... ok
test parsers::regrtest::tests::parses_pass_fail_skip_and_result ... ok
test generate::tests::committed_manifest_preserves_time_and_ioctl_oracle_fidelity ... ok
test manifest::tests::go_tty_suites_keep_their_docker_tty ... ok
test parsers::regrtest::tests::parses_multiline_docstring_header_and_continuation ... ok
test manifest::tests::setpriority_oracle_privilege_is_split_between_01_and_02 ... ok
test parsers::regrtest::tests::parses_standard_undecorated_rows ... ok
test parsers::regrtest::tests::parses_representative_mixed_single_and_multiline_fixture ... ok
test parsers::shell::tests::exit_code_drives_outcome ... ok
test parsers::tap::tests::bail_out_is_fail_even_on_exit_zero ... ok
test parsers::regrtest::tests::parses_timed_fail_error_skipped_and_xfail ... ok
test parsers::shell::tests::closure_shell_body_is_part_of_the_result ... ok
test parsers::regrtest::tests::parses_exact_real_diagnostic_transcript_lines ... ok
test parsers::tap::tests::exit_zero_is_pass ... ok
test parsers::tap::tests::nonzero_exit_is_fail ... ok
test parsers::tap::tests::closure_tap_rejects_garbage_attached_to_assertion_number ... ok
test parsers::tap::tests::closure_tap_requires_plan_and_assertions ... ok
test parsers::tests::parse_mode_keeps_regression_coarse_and_makes_closure_exact ... ok
test tests::allow_hang_carries_named_hangs_and_still_blocks_the_rest ... ok
test tests::allow_hang_reports_stale_entries_and_leaves_starved_unblocking ... ok
test tests::amd64_bringup_key_guards_on_guest_arch ... ok
test tests::applies_to_lane_scopes_ecosystems_per_bringup_lane ... ok
test parsers::regrtest::tests::rejects_invalid_status_boundaries_as_other ... ok
test tests::bless_blocks_scopes_oracle_fail_to_shared_baseline ... ok
test tests::args_accept_explicit_worker_controls ... ok
test parsers::regrtest::tests::pending_header_at_eof_is_other ... ok
test tests::bless_target_guards_per_lane ... ok
test tests::budget_kill_blocks_bless_and_is_not_a_measurement_waiver ... ok
test tests::baseline_writer_strips_non_deterministic_perf_observations ... ok
test tests::bhyve_preflight_accepts_control_node_or_vm_directory ... ok
test tests::cpython_workers_default_to_bounded_worker_subset ... ok
test tests::explicit_worker_count_is_not_auto_clamped ... ok
test tests::fail_fast_trips_only_after_limit_unless_forced ... ok
test parsers::regrtest::tests::retains_other_for_incomplete_or_timing_only_lines ... ok
test tests::flake_retry_adopts_first_nongating_attempt ... ok
test tests::flake_retry_zero_retries_is_a_noop ... ok
test tests::lane_overlay_path_is_lane_derived ... ok
test tests::lane_overlay_path_tracks_baseline_directory ... ok
test tests::carrick_timeout_cap_is_tight_by_default_and_explicitly_disableable ... ok
test tests::needs_serial_confirmation_selects_only_budget_kills_and_starvation ... ok
test tests::flake_retries_are_opt_in_by_default ... ok
test tests::oracle_fill_profile_defaults_to_closure_and_rejects_unknown ... ok
test tests::perf_summary_rounds_and_omits_zero_oracle_ratios ... ok
test tests::results_path_sanitizes_lane_into_a_filename ... ok
test tests::results_paths_do_not_collide_across_runs ... ok
test tests::scheduled_fanout_stops_claiming_new_jobs_after_stop ... ok
test tests::select_dispatches_ltp_first_cpython_last ... ok
test tests::select_drops_nonapplicable_ecosystems_on_bringup_lanes ... ok
test tests::serial_confirmation_adopts_the_serial_verdict_even_when_worse ... ok
test tests::serial_confirmation_pool_stops_and_names_the_remainder ... ok
test verdict::tests::a_declared_budget_kill_stays_a_gating_timeout ... ok
test verdict::tests::a_diagnostic_budget_kill_is_not_a_hang_verdict ... ok
test verdict::tests::a_truncated_oracle_is_still_an_oracle_failure ... ok
test verdict::tests::a_truncated_run_is_never_a_match ... ok
test verdict::tests::carrick_crash_storm_is_single_verdict ... ok
test verdict::tests::carrick_pass_when_oracle_skips_is_non_gating_diff ... ok
test verdict::tests::clean_match ... ok
test verdict::tests::closure_charges_a_timeout_only_for_rows_it_did_not_reach ... ok
test verdict::tests::closure_gates_every_divergent_outcome_kind ... ok
test tests::closure_build_report_uses_assertion_exact_parser ... ok
test verdict::tests::closure_ignores_excuses_entirely ... ok
test parsers::tap::tests::closure_tap_rejects_duplicate_out_of_range_or_mismatched_assertions ... ok
test verdict::tests::closure_outcome_equality::matched_broken_totals_are_incomplete ... ok
test verdict::tests::closure_outcome_equality::matched_empty_assertion_inventory_is_incomplete ... ok
test verdict::tests::closure_outcome_equality::matched_failures_are_incomplete ... ok
test verdict::tests::closure_outcome_equality::matched_skips_are_incomplete ... ok
test verdict::tests::closure_outcome_equality::non_parsed_outcomes_never_match ... ok
test verdict::tests::closure_outcome_equality::matched_non_ok_assertions_are_incomplete ... ok
test verdict::tests::closure_outcome_equality::one_sided_skip_stays_incomplete ... ok
test verdict::tests::closure_outcome_equality::result_kind_divergence_is_incomplete ... ok
test verdict::tests::closure_rejects_parseable_docker_timeout ... ok
test verdict::tests::current_carrick_crash_against_empty_baseline_entry_gates ... ok
test verdict::tests::empty_overlay_is_a_noop ... ok
test verdict::tests::first_obs_diff_is_new_not_regression ... ok
test verdict::tests::known_gap_excuses_diff ... ok
test verdict::tests::oracle_fail_never_blames_carrick ... ok
test verdict::tests::overlay_baseline_suppresses_kvm_only_divergence ... ok
test verdict::tests::residue_alignment::exact_ids_keep_identity_pairing ... ok
test verdict::tests::residue_alignment::missing_inventory_entry_stays_absent ... ok
test verdict::tests::residue_alignment::non_ltp_ids_do_not_align ... ok
test verdict::tests::residue_alignment::variable_text_pairs_within_anchor ... ok
test verdict::tests::unchanged_baseline_diff_is_green ... ok
test verdict::tests::unexcused_diff_against_baseline_is_regression ... ok
test manifest::tests::node_libuv_manifest_does_not_pin_docker_user ... ok
test generate::tests::committed_suites_carry_oracle_fidelity_flags_and_gaps ... ok
test parsers::regrtest::tests::verbose_doctest_failure_summary_is_monotonic ... ok
test tests::cpython_heavy_suites_use_bounded_parallel_lanes ... ok
test tests::non_cpython_heavy_suites_remain_serialized ... ok
test tests::load_sensitive_suites_run_without_overlap ... ok
test tests::blocked_generic_heavy_suites_do_not_starve_cpython_lane ... ok

test result: ok. 215 passed; 0 failed; 0 ignored; 0 measured; 0 filtered out; finished in 0.86s

     Running unittests src/lib.rs (target/debug/deps/carrick_conformance_contract-8237c65fbeb4a3e9)

running 26 tests
test personality_boundary::tests::test_metadata_from_another_workspace_rejected ... ok
test personality_boundary::tests::test_negative_macro_rules_definition_containing_literal_rejected ... ok
test personality_boundary::tests::test_negative_macro_rules_definition_containing_symbol_rejected ... ok
test personality_boundary::tests::test_negative_cfg_feature_containing_test_word_rejected ... ok
test personality_boundary::tests::test_negative_macro_invocation_containing_literal_rejected ... ok
test personality_boundary::tests::test_negative_cfg_any_test_and_prod_feature_rejected ... ok
test personality_boundary::tests::test_negative_cfg_not_test_rejected ... ok
test personality_boundary::tests::test_negative_missing_allowlisted_crate_rejected ... ok
test personality_boundary::tests::test_negative_unannotated_mod_tests_filename_rejected ... ok
test personality_boundary::tests::test_negative_custom_lib_path_rejected ... ok
test personality_boundary::tests::test_negative_direct_dependency_rejected ... ok
test personality_boundary::tests::test_positive_annotated_mod_arbitrary_name_allowed ... ok
test personality_boundary::tests::test_positive_cfg_all_test_and_foo_allowed ... ok
test personality_boundary::tests::test_negative_missing_target_cannot_fall_back_to_other_source ... ok
test personality_boundary::tests::test_inherited_test_module_and_production_filename ... ok
test personality_boundary::tests::test_positive_prose_comments_allowed ... ok
test personality_boundary::tests::test_negative_no_scanned_source_files_rejected ... ok
test personality_boundary::tests::test_negative_missing_transitive_node_rejected ... ok
test personality_boundary::tests::test_positive_test_only_oracle_assertions_allowed ... ok
test personality_boundary::tests::test_positive_typed_caller_values_allowed ... ok
test personality_boundary::tests::test_negative_renamed_alias_dependency_rejected ... ok
test personality_boundary::tests::test_negative_target_conditioned_build_dependency_rejected ... ok
test personality_boundary::tests::test_negative_optional_transitive_dependency_rejected ... ok
test personality_boundary::tests::test_negative_unresolved_registry_dependency_rejected ... ok
test personality_boundary::tests::test_positive_fixture_substrate_passes ... ok
test personality_boundary::tests::test_positive_dev_only_dependency_allowed ... ok

test result: ok. 26 passed; 0 failed; 0 ignored; 0 measured; 0 filtered out; finished in 0.01s

     Running unittests src/bin/check-contracts.rs (target/debug/deps/check_contracts-bdf573b58fdb8a45)

running 0 tests

test result: ok. 0 passed; 0 failed; 0 ignored; 0 measured; 0 filtered out; finished in 0.00s

     Running unittests src/bin/check-personality-boundary.rs (target/debug/deps/check_personality_boundary-8bc8331d8060ae76)

running 0 tests

test result: ok. 0 passed; 0 failed; 0 ignored; 0 measured; 0 filtered out; finished in 0.00s

     Running unittests src/bin/generate-inventory.rs (target/debug/deps/generate_inventory-4b3b8480329045fd)

running 0 tests

test result: ok. 0 passed; 0 failed; 0 ignored; 0 measured; 0 filtered out; finished in 0.00s

     Running unittests src/lib.rs (target/debug/deps/carrick_conformance_next-17cf8c50c7710c42)

running 4 tests
test tests::cold_start_allowance_exceeds_the_steady_budget ... ok
test tests::the_harness_budget_matches_what_embed_will_apply ... ok
test tests::every_generic_probe_has_a_carrier_budget ... ok
test tests::helper_filters_syscall_returns_correctly ... ok

test result: ok. 4 passed; 0 failed; 0 ignored; 0 measured; 0 filtered out; finished in 0.00s

     Running unittests src/lib.rs (target/debug/deps/carrick_coordinator-96453fb4a9fc01df)

running 0 tests

test result: ok. 0 passed; 0 failed; 0 ignored; 0 measured; 0 filtered out; finished in 0.00s

     Running unittests src/lib.rs (target/debug/deps/carrick_el1-5dacaf448aea3bd0)

running 46 tests
test file::tests::test_read_and_pread64_model ... ok
test alloc::tests::test_bump_allocator ... ok
test inotify::tests::a_short_read_of_a_non_inotify_fd_forwards ... ok
test file::tests::test_fixup_fault_interception ... ok
test file::tests::test_write_and_pwrite64_model ... ok
test file::tests::test_extension_gap_pages_tracked_in_zero_filled_mask ... ok
test file::tests::test_lseek_model ... ok
test file::tests::test_write_extension_zeroes_hole ... ok
test file::tests::test_efault_forward_semantics ... ok
test lock::tests::test_spinlock_mutual_exclusion ... ok
test inotify::tests::a_large_read_returns_every_whole_record_that_fits ... ok
test inotify::tests::a_spilled_instance_forwards_reads_to_the_host ... ok
test inotify::tests::an_unwritable_buffer_forwards_without_consuming_records ... ok
test sched::tests::a_futex_handoff_switches_threads_in_guest_and_preserves_state ... ok
test sched::tests::a_futex_wait_switches_the_vcpu_to_another_process_in_guest ... ok
test sched::tests::a_raised_gate_sends_the_thread_to_its_executor ... ok
test sched::tests::a_slice_ending_before_a_host_runnable_thread_leaves_for_the_host ... ok
test sched::tests::a_switch_without_fpsimd_save_is_detected ... ok
test sched::tests::a_kick_taken_at_el0_forwards ... ok
test sched::tests::a_vcpu_in_wfi_holds_no_address_space ... ok
test sched::tests::a_wait_on_a_changed_word_returns_eagain_without_parking ... ok
test sched::tests::a_timed_wait_ends_in_guest_with_etimedout ... ok
test sched::tests::a_wait_with_nothing_runnable_idles_until_host_work ... ok
test sched::tests::a_park_before_a_host_runnable_thread_leaves_for_the_host ... ok
test sched::tests::a_wake_hands_a_thread_to_the_idle_vcpu_it_belongs_to ... ok
test sched::tests::an_idle_vcpu_parks_in_wfi_after_its_spin ... ok
test sched::tests::an_idle_vcpu_steals_a_queued_thread ... ok
test sched::tests::an_owed_cow_invalidation_runs_before_the_install ... ok
test sched::tests::the_idle_entry_runs_no_thread_itself ... ok
test sched::tests::the_idle_entry_runs_a_queued_thread_or_leaves_for_the_host ... ok
test sched::tests::the_virtual_timer_preempts_a_compute_loop ... ok
test sched::tests::timed_waits_this_vcpu_cannot_keep_forward ... ok
test sched::tests::threads_of_another_process_are_not_woken ... ok
test tests::test_dispatch_forwards_all_and_counts ... ok
test sched::tests::unserved_futex_operations_forward ... ok
test tests::test_concurrent_dispatch_increments ... ok
test tests::test_dispatch_syscall_with_regions_entry_pending_work ... ok
test tests::test_dispatch_syscall_with_regions_exit_pending_work ... ok
test sched::tests::queued_threads_do_not_send_other_syscalls_to_the_host ... ok
test tests::test_dispatch_syscall_with_regions_served ... ok
test tests::test_inotify_add_watch_write_rm_watch_read_served ... ok
test tests::test_two_open_files_share_one_inode_with_independent_offsets ... ok
test tests::test_in_guest_read_queues_in_access_and_owes_an_observed_waiter_a_wake ... ok
test tests::test_inotify_cache_miss_forwards ... ok
test tests::test_stale_handle_interleaving_forwards ... ok
test tests::test_thread_sleep_survives_task_generation_bump ... ok

test result: ok. 46 passed; 0 failed; 0 ignored; 0 measured; 0 filtered out; finished in 0.01s

     Running unittests src/entry.rs (target/debug/deps/carrick_el1-d9793600f503af02)

running 0 tests

test result: ok. 0 passed; 0 failed; 0 ignored; 0 measured; 0 filtered out; finished in 0.00s

     Running unittests src/lib.rs (target/debug/deps/carrick_el1_abi-4e2a4b7ae8790423)

running 19 tests
test tests::el1_task_id_zero_extends_and_never_matches_none ... ok
test tests::test_counters_layout ... ok
test tests::test_current_task_operations ... ok
test tests::test_action_discriminants ... ok
test tests::test_current_task_layout ... ok
test tests::an_image_built_against_another_layout_is_refused ... ok
test tests::test_delegated_file_cache_va ... ok
test tests::test_delegated_file_layout ... ok
test tests::test_delegated_file_locking ... ok
test tests::test_delegated_inotify_layout ... ok
test tests::an_enqueue_owes_a_wake_only_on_the_readable_edge_of_an_observed_instance ... ok
test tests::test_fd_map_operations ... ok
test tests::test_fd_map_slot_layout ... ok
test tests::test_image_header_layout ... ok
test tests::test_inotify_name_cache ... ok
test tests::test_delegated_inotify_operations ... ok
test tests::test_pending_host_work_helpers ... ok
test tests::test_region_layout ... ok
test tests::test_trap_frame_layout ... ok

test result: ok. 19 passed; 0 failed; 0 ignored; 0 measured; 0 filtered out; finished in 0.00s

     Running unittests src/lib.rs (target/debug/deps/carrick_el1_image-19d10dac0af1daa1)

running 1 test
test tests::test_embedded_image_header ... ok

test result: ok. 1 passed; 0 failed; 0 ignored; 0 measured; 0 filtered out; finished in 0.00s

     Running unittests src/lib.rs (target/debug/deps/carrick_embed-87f334e83dafcf17)

running 94 tests
test builder::tests::builder_preserves_interceptor_registration_order ... ok
test builder::tests::invalid_workdir_fails_at_build_time ... ok
test builder::tests::env_keys_must_be_non_empty_and_free_of_equals ... ok
test builder::tests::invalid_user_fails_at_build_time ... ok
test builder::tests::a_named_user_is_a_config_error_not_a_silent_root ... ok
test builder::tests::launch_policy_lowers_to_the_engine_request ... ok
test builder::tests::bare_host_env_import_and_bridge_ids_are_never_requested ... ok
test builder::tests::invalid_image_ref_fails_at_build_time ... ok
test builder::tests::piped_writer_receives_bytes_written_through_the_plan ... ok
test builder::tests::platform_round_trips_through_the_oci_string ... ok
test builder::tests::relative_mount_paths_are_a_config_error ... ok
test builder::tests::mounts_lower_in_order_with_readonly_preserved ... ok
test builder::tests::command_overrides_image_cmd_but_not_image_entrypoint ... ok
test builder::tests::run_blocking_inside_a_tokio_runtime_is_a_config_error ... ok
test builder::tests::env_precedence_matches_a_hand_built_request ... ok
test builder::tests::workdir_user_hostname_and_max_traps_lower_verbatim ... ok
test builder::tests::entrypoint_overrides_and_an_empty_entrypoint_clears ... ok
test builder::tests::stdio_defaults_to_captured_and_mixed_configs_lower_to_piped ... ok
test builder::tests::vfs_mount_relative_path_is_config_error ... ok
test carrier::tests::public_carrier_is_send_sync_and_clone ... ok
test contracts::inotify_hotpath::tests::transcript_rejects_missing_duplicate_and_incomplete_runs ... ok
test contracts::write_seek::tests::write_seek_output_rejects_missing_duplicate_and_unexecuted_fixture ... ok
test deadline::tests::an_absent_hatch_leaves_the_measured_default ... ok
test deadline::tests::the_cold_start_allowance_is_added_once_to_whatever_budget_applies ... ok
test entitlement::tests::dispatcher_rewrapped_hv_denied_is_entitlement ... ok
test entitlement::tests::other_failures_stay_runtime_errors ... ok
test entitlement::tests::typed_trap_hv_denied_is_entitlement ... ok
test error::tests::configuration_refusals_keep_their_phase ... ok
test error::tests::entitlement_display_names_the_fix ... ok
test error::tests::hv_denied_maps_to_entitlement_regardless_of_phase ... ok
test error::tests::interceptor_panic_maps_to_the_typed_container_error_in_both_phases ... ok
test error::tests::other_hypervisor_errors_keep_their_phase ... ok
test error::tests::probe_wedged_error_names_the_directory ... ok
test error::tests::trap_limit_maps_to_trap_limit_in_both_phases ... ok
test prepared::tests::an_absent_or_empty_run_id_becomes_a_twelve_hex_short_id ... ok
test prepared::tests::an_explicit_run_id_is_used_verbatim ... ok
test builder::tests::an_absent_image_with_pull_never_is_an_image_error ... ok
test result::tests::a_clean_exit_is_success_and_keeps_runtime_buffers ... ok
test result::tests::a_nonzero_exit_is_a_guest_error_only_through_ensure_success ... ok
test result::tests::embed_side_capture_buffers_override_runtime_buffers_per_stream ... ok
test result::tests::signal_death_is_typed_and_unsuccessful ... ok
test result::tests::trap_limit_is_never_success ... ok
test result::tests::utf8_accessors_are_lossy_not_fallible ... ok
test shared_buffer::tests::test_in_memory_vfs_host_file_mounting ... ok
test shared_buffer::tests::test_shared_buffer_creation_and_bounds ... ok
test prepared::tests::generated_run_ids_are_not_constant ... ok
test shared_buffer::tests::test_shared_buffer_lease_lifecycle_and_fail_closed_retirement ... ok
test shared_buffer::tests::test_two_containers_buffer_isolation ... ok
test testing::invariants::tests::an_orphan_left_by_an_exited_namespace_init_is_not_a_defect ... ok
test builder::tests::prepare_resolves_a_local_image_without_pulling ... ok
test builder::tests::prepare_wires_network_interposer ... ok
test builder::tests::prepare_wires_shared_buffer ... ok
test testing::invariants::tests::test_first_touch_never_delivered ... ok
test testing::invariants::tests::test_no_orphan_zombie ... ok
test testing::invariants::tests::test_no_wake_of_reaped_task ... ok
test testing::invariants::tests::test_process_graph_liveness ... ok
test testing::scheduling_policy_tests::a_recording_replays_dispatch_contention_and_event ... ok
test testing::scheduling_policy_tests::a_recording_replays_its_own_decisions ... ok
test testing::scheduling_policy_tests::a_seed_reproduces_the_decision_sequence ... ok
test testing::scheduling_policy_tests::a_stale_dispatch_or_contention_diverges_instead_of_lying ... ok
test testing::scheduling_policy_tests::a_stale_recorded_answer_diverges_instead_of_lying ... ok
test testing::scheduling_policy_tests::the_adversary_migrates_but_stays_inside_the_affinity_mask ... ok
test testing::scheduling_policy_tests::the_adversary_never_steals_from_itself ... ok
test testing::scheduling_policy_tests::the_adversary_only_ever_names_a_task_it_was_offered ... ok
test testing::tests::arming_a_timed_invariant_installs_exactly_that_auditor ... ok
test testing::tests::assert_stdout_contains_panics_and_names_the_needle - should panic ... ok
test testing::tests::assert_success_panics_on_a_nonzero_exit - should panic ... ok
test testing::tests::assertions_chain_on_a_passing_result ... ok
test testing::tests::carrier_budget_is_armed_by_default ... ok
test testing::tests::run_with_audit_is_bounded_too ... ok
test testing::tests::test_container_builds_a_captured_request_per_run ... ok
test testing::tests::test_container_preserves_interceptor_registration_order ... ok
test testing::tests::the_first_container_in_a_process_carries_the_cold_start_allowance ... ok
test testing::tests::timed_invariants_are_not_armed_by_default ... ok
test testing::tests::without_invariant_removes_structural_and_overrides_an_armed_timed_one ... ok
test testing::tests::zero_is_the_exact_hatch ... ok
test vfs::tests::filter_vfs_content_and_metadata_transformation ... ok
test vfs::tests::filter_vfs_path_rewrite_and_access ... ok
test vfs::tests::in_memory_file_vfs_basic_crud ... ok
test vfs::tests::in_memory_file_vfs_readonly_rejects_mutations ... ok
test builder::tests::prepare_wires_time_control ... ok
test vfs::tests::in_memory_file_vfs_symlinks_and_directory_ops ... ok
test vfs::tests::in_memory_file_vfs_truncation_and_capacity ... ok
test vfs::tests::layered_vfs_write_dispatch_and_fallthrough_policy ... ok
test vfs::tests::layered_vfs_lookup_and_readdir_merging ... ok
test vfs::tests::recording_vfs_traces_operations_and_preserves_errno ... ok
test builder::tests::vfs_mount_wires_into_prepared_container ... ok
test carrier::tests::failed_image_resolution_leaves_no_carrier_reservation ... ok
test carrier::tests::one_explicit_carrier_owns_the_process_generation ... ok
test carrier::tests::shutdown_closes_admission_before_waiting_for_prepared_lease ... ok
test shared_buffer::tests::test_shared_futex_wait_and_wake ... ok
test testing::invariants::tests::test_every_child_runs_success_and_timeout ... ok
test testing::invariants::tests::test_exit_budget_success_and_timeout ... ok
test testing::invariants::tests::rearming_a_task_does_not_report_a_false_expiry ... ok

test result: ok. 94 passed; 0 failed; 0 ignored; 0 measured; 0 filtered out; finished in 0.27s

     Running unittests src/lib.rs (target/debug/deps/carrick_engine-97af9aa8984bd610)

running 32 tests
test tests::amd64_guest_on_arm_host_tracks_rosetta_presence ... ok
test tests::cleared_entrypoint_runs_cmd_only ... ok
test tests::hostname_resolves_into_run_spec ... ok
test tests::bare_env_key_imports_from_the_host_env_snapshot ... ok
test tests::execution_backend_flows_into_run_spec ... ok
test tests::extra_hosts_resolve_into_run_spec ... ok
test tests::dns_overrides_resolve_into_run_spec ... ok
test tests::bare_env_key_without_a_host_env_imports_nothing ... ok
test tests::bridge_network_resolves_into_run_spec ... ok
test tests::native_platform_is_always_runnable ... ok
test tests::named_user_is_deferred_to_prepared_image_root ... ok
test tests::numeric_user_produces_no_warning ... ok
test tests::relative_workdir_resolves_against_image_workingdir ... ok
test tests::a_pinned_ipv4_in_the_bridge_placeholder_range_is_rejected ... ok
test tests::resolve_seccomp_policy_is_last_wins_and_rejects_unknown_options ... ok
test tests::resolve_run_spec_parity_pin ... ok
test tests::run_request_default_is_a_runnable_docker_shaped_baseline ... ok
test tests::run_spec_seccomp_policy_defaults_to_container_default ... ok
test tests::security_opt_seccomp_unconfined_opts_out ... ok
test tests::request_platform_defaults_to_host_native ... ok
test tests::static_bridge_ipv4_resolves_into_run_spec ... ok
test tests::stdio_mode_flows_from_request_into_run_spec ... ok
test tests::test_merge_argv_cmd_override ... ok
test tests::test_merge_argv_entrypoint_override ... ok
test tests::test_merge_argv_no_override ... ok
test tests::test_merge_workdir ... ok
test tests::unnamed_bridge_container_needs_an_explicit_bridge_namespace_id ... ok
test tests::user_absent_defaults_root ... ok
test tests::user_numeric_uid_and_gid ... ok
test tests::test_merge_env_variables ... ok
test tests::user_numeric_uid_defaults_gid_zero ... ok
test tests::host_elf_resolves_into_run_spec ... ok

test result: ok. 32 passed; 0 failed; 0 ignored; 0 measured; 0 filtered out; finished in 0.00s

     Running unittests src/lib.rs (target/debug/deps/carrick_fatal-0f35952f16f6f481)

running 4 tests
test tests::formatting_never_allocates ... ok
test tests::overlong_message_is_truncated_not_panicked ... ok
test tests::child_process_fatal_abort_and_stderr ... ok
test tests::debugger_hold_delays_the_abort_and_names_the_pid ... ok

test result: ok. 4 passed; 0 failed; 0 ignored; 0 measured; 0 filtered out; finished in 2.04s

     Running unittests src/lib.rs (target/debug/deps/carrick_guest_mem-cf9de13b0bec87e7)

running 45 tests
test deferred_anonymous::tests::transition_commit_failure_and_fork_isolation ... ok
test deferred_anonymous::tests::pristine_validation_is_nonmutating_and_rejects_holes_and_overflow ... ok
test deferred_anonymous::tests::zero_read_residency_has_an_independent_lifecycle ... ok
test deferred_anonymous::tests::materialized_subranges_enumerates_gaps_in_pristine_state ... ok
test deferred_anonymous::tests::exact_zero_reads_and_lifecycle ... ok
test protections::tests::bus_fault_classification_is_exact_forked_and_cleared_by_replacement ... ok
test deferred_anonymous::tests::committed_materializer_orders_before_reader ... ok
test deferred_anonymous::tests::rolled_back_materializer_orders_before_zero_reader ... ok
test protections::tests::executable_ranges_require_full_live_coverage ... ok
test protections::tests::first_access_fault_is_directional_and_byte_exact ... ok
test protections::tests::fork_snapshot_preserves_mutable_shared_backing ... ok
test protections::tests::full_snapshot_preserves_no_write ... ok
test protections::tests::mapped_prot_none_is_distinct_from_unmapped_and_reuse_clears_hole ... ok
test protections::tests::mapping_range_restore_is_exact_and_preserves_disjoint_sibling_changes ... ok
test protections::tests::mixed_private_and_shared_rx_span_is_ephemeral ... ok
test protections::tests::no_write_set_is_independent_of_no_access ... ok
test protections::tests::possible_writable_executable_query_catches_mixed_span ... ok
test protections::tests::reset_to_unmapped_replaces_prior_state_and_allows_live_subranges ... ok
test protections::tests::set_merge_split_and_query ... ok
test protections::tests::shared_rx_is_ephemeral_while_private_rx_is_cacheable ... ok
test protections::tests::unmap_and_private_replacement_clear_shared_backing ... ok
test protections::tests::unmapped_intersections_are_clipped_and_preserve_live_gaps ... ok
test protections::tests::zero_length_and_overflow_are_noops ... ok
test region::tests::below_base_is_miss ... ok
test region::tests::cross_region_span_is_out_of_bounds ... ok
test region::tests::error_maps_to_out_of_bounds_memory_error ... ok
test deferred_anonymous::tests::deferred_file_recipe_survives_close_forks_and_trims_offsets ... ok
test region::tests::exact_full_span_fits ... ok
test region::tests::in_range_hit_returns_region_and_offset ... ok
test region::tests::iterator_form_matches_slice_form ... ok
test region::tests::multi_region_picks_the_containing_one ... ok
test region::tests::safe_access_out_of_bounds_when_no_region ... ok
test region::tests::safe_access_prot_none_rejects_before_lookup ... ok
test region::tests::safe_access_returns_correct_host_ptr ... ok
test region::tests::safe_access_zero_length_in_region_ok_prot_none_passes ... ok
test region::tests::translated_access_gates_va_but_looks_up_ipa ... ok
test region::tests::zero_length_requires_region_membership ... ok
test zero_tests::zero_backing_bypasses_the_prot_none_gate ... ok
test zero_tests::zero_backing_scrubs_across_multiple_chunks ... ok
test zero_tests::zero_guest_range_faults_on_prot_none_and_scrubs_nothing ... ok
test zero_tests::zero_range_chunked_propagates_writer_error ... ok
test zero_tests::zero_guest_range_zeros_a_writable_range_across_chunks ... ok
test zero_tests::zero_range_chunked_zero_len_never_calls_writer ... ok
test zero_tests::zero_range_chunked_streams_contiguous_chunks_without_full_alloc ... ok
test protections::tests::exclusive_fork_guard_blocks_protection_updates ... ok

test result: ok. 45 passed; 0 failed; 0 ignored; 0 measured; 0 filtered out; finished in 0.03s

     Running unittests src/lib.rs (target/debug/deps/carrick_hal-fdaa883cf0df7ed7)

running 134 tests
test aarch64_arch::tests::bootstrap_sysregs_match_the_carrick_mem_constants ... ok
test aarch64_arch::tests::mmu_granule_is_4kib_4_level ... ok
test aarch64_arch::tests::decode_maps_x8_and_x0_through_x5 ... ok
test aarch64_arch::tests::arch_tags_are_aarch64 ... ok
test aarch64_arch::tests::syscall_table_knows_a_real_number ... ok
test aarch64::tests::decodes_svc_hvc_and_maintenance ... ok
test aarch64::tests::exec_level_from_pstate ... ok
test aarch64_arch::tests::mmu_codec_builds_manager_and_walks_descriptors ... ok
test futex::tests::timeout_and_eintr_retry ... ok
test futex::tests::wake_and_mismatch_are_woken ... ok
test guest_arch::tests::a_second_isa_impl_compiles_against_the_seam ... ok
test futex::tests::unexpected_host_errno_becomes_spurious_wake_not_error ... ok
test guest_timer_bridge::tests::null_bridge_has_no_backend_delivery_and_reads_the_neutral_registry ... ok
test aarch64_arch::tests::vdso_and_trampoline_bytes_are_nonempty ... ok
test foreign_mm::tests::object_safe_transport_retains_and_authenticates_distinct_domains ... ok
test host_signal_bridge::tests::null_bridge_is_identity_on_signum_translation_and_inert_on_host_glue ... ok
test host_signal_bridge::tests::wait_fd_keeps_anchoring_distinct_from_raw ... ok
test kernel::tests::batch_fails_closed_at_preallocated_capacity ... ok
test kernel::tests::batch_preserves_typed_mapping_identity ... ok
test kernel::tests::batch_rejects_cross_transaction_events ... ok
test kernel::tests::capacity_rejects_zero_and_unbounded_requests ... ok
test kernel::tests::reservation_consumes_candidates_and_carries_backend_outcome ... ok
test pump_fork_coord::tests::controller_installs_handler_and_starts_pump ... ok
test scheduler::tests::a_last_cpu_whose_executors_all_run_yields_even_with_an_empty_queue ... ok
test scheduler::tests::a_loaded_last_cpu_yields_to_the_least_loaded_allowed_cpu ... ok
test scheduler::tests::a_raised_sticky_depth_tolerates_backlog_but_still_needs_an_executor ... ok
test scheduler::tests::a_sticky_wake_needs_a_free_executor_not_just_a_short_queue ... ok
test scheduler::tests::affinity_round_trips_single_and_all ... ok
test scheduler::tests::an_affinity_mask_of_one_cpu_pins_placement ... ok
test scheduler::tests::an_offline_cpu_is_never_preferred_to_a_busy_online_one ... ok
test scheduler::tests::equal_capacity_cpus_keep_a_woken_task_on_its_last_cpu ... ok
test scheduler::tests::last_cpu_wins_while_an_executor_there_is_free ... ok
test scheduler::tests::load_is_measured_per_bound_executor_not_in_raw_rows ... ok
test scheduler::tests::run_budget_bounds_and_defaults ... ok
test sigframe::tests::nested_altstack_frame_continues_down_from_current_sp ... ok
test sigframe::tests::signal_frame_stack_pointer_uses_checked_altstack_bounds ... ok
test stage1_exclusive::tests::ownership_nests_and_clears_only_at_the_outermost_release ... ok
test threaded::generic_registry_tests::in_guest_flag_handshake ... ok
test threaded::generic_registry_tests::kernel_wake_debt_survives_exact_tid_rebind_only ... ok
test threaded::generic_registry_tests::kernel_wake_retry_kicks_only_live_debt_in_guest ... ok
test threaded::generic_registry_tests::kick_all_except_skips_caller ... ok
test threaded::generic_registry_tests::lease_drain_same_owner_reentry_is_busy ... ok
test threaded::generic_registry_tests::lease_drain_returns_lowest_sibling_identity ... ok
test threaded::generic_registry_tests::lease_guard_drop_wakes_busy_drain_and_registration_waiters ... ok
test threaded::generic_registry_tests::lease_drain_absent_owner_still_waits_on_only_registration ... ok
test threaded::generic_registry_tests::lease_drain_is_identity_aware_and_freezes_registration ... ok
test threaded::generic_registry_tests::lease_membership_mutation_wakes_waiter_after_removal ... ok
test threaded::generic_registry_tests::lease_registration_replacement_does_not_publish_membership_change ... ok
test threaded::generic_registry_tests::lease_subscription_drop_cancels_only_unclaimed_listener ... ok
test threaded::generic_registry_tests::register_unregister_tracks_exact_identities ... ok
test threaded::generic_registry_tests::retiring_a_thread_discards_its_dormant_kernel_wake_debt ... ok
test threaded::generic_registry_tests::sibling_ack_cannot_clear_an_in_guest_participants_debt ... ok
test threaded::generic_registry_tests::reregistration_keeps_the_in_guest_facet ... ok
test threaded::generic_registry_tests::unregistered_thread_is_invisible_to_the_drain ... ok
test vcpu_census::tests::vcpu_census_created_and_drop_lifecycle ... ok
test vcpu_census::tests::vcpu_census_reset ... ok
test vcpu_sched::tests::acquire_grants_distinct_ids_up_to_budget ... ok
test vcpu_sched::tests::cancelled_nonblocking_admission_never_consumes_released_capacity ... ok
test vcpu_sched::tests::double_release_is_rejected_by_generation_guard ... ok
test vcpu_sched::tests::nonblocking_admission_grants_from_release_without_blocking_the_caller ... ok
test vcpu_sched::tests::noop_scheduler_never_blocks_and_budget_is_max ... ok
test vcpu_sched::tests::released_id_is_recycled_not_grown ... ok
test vcpu_sched::tests::reset_for_fork_yields_a_fresh_full_pool ... ok
test x8664_arch::normalize_tests::alarm_normalizes_to_private_legacy_dispatch_number ... ok
test x8664_arch::normalize_tests::access_normalizes_to_faccessat_at_fdcwd ... ok
test x8664_arch::normalize_tests::arch_prctl_returns_archprctl ... ok
test x8664_arch::normalize_tests::chmod_chown_lchown_normalize_to_fchmodat_fchownat ... ok
test x8664_arch::normalize_tests::clone3_is_not_swapped ... ok
test threaded::generic_registry_tests::kernel_wake_published_during_lease_gap_survives_rebind ... ok
test x8664_arch::normalize_tests::clone_swaps_tls_and_child_tid ... ok
test x8664_arch::normalize_tests::dup2_normalizes_to_private_legacy_dispatch_number ... ok
test x8664_arch::normalize_tests::epoll_wait_normalizes_to_epoll_pwait_null_sigmask ... ok
test x8664_arch::normalize_tests::fork_desugars_to_clone_sigchld ... ok
test x8664_arch::normalize_tests::fstat_normalizes_to_private_x86_stat_writer ... ok
test x8664_arch::normalize_tests::getpgrp_normalizes_to_getpgid_zero ... ok
test x8664_arch::normalize_tests::legacy_fd_creators_desugar_to_at_variants ... ok
test x8664_arch::normalize_tests::lstat_normalizes_to_private_x86_stat_writer ... ok
test x8664_arch::normalize_tests::mkdir_normalizes_to_mkdirat_at_fdcwd ... ok
test x8664_arch::normalize_tests::newfstatat_normalizes_to_private_x86_stat_writer ... ok
test x8664_arch::normalize_tests::open_creat_mknod_normalize_correctly ... ok
test x8664_arch::normalize_tests::ordinary_syscall_is_plain_canonical ... ok
test x8664_arch::normalize_tests::pause_normalizes_to_blocking_ppoll ... ok
test x8664_arch::normalize_tests::pipe_normalizes_to_pipe2_with_zero_flags ... ok
test x8664_arch::normalize_tests::poll_normalizes_to_private_number_not_ppoll ... ok
test x8664_arch::normalize_tests::readlink_normalizes_to_readlinkat_at_fdcwd ... ok
test x8664_arch::normalize_tests::every_x86_number_up_to_max_is_mapped_or_deferred ... ok
test x8664_arch::normalize_tests::rename_and_link_normalize_to_two_dirfd_at_variants ... ok
test x8664_arch::normalize_tests::rmdir_normalizes_to_unlinkat_with_removedir_flag ... ok
test x8664_arch::normalize_tests::select_normalizes_to_private_number_not_pselect6 ... ok
test x8664_arch::normalize_tests::stat_normalizes_to_private_x86_stat_writer ... ok
test x8664_arch::normalize_tests::symlink_normalizes_with_dirfd_in_the_second_slot ... ok
test x8664_arch::normalize_tests::time_normalizes_to_private_legacy_dispatch_number ... ok
test x8664_arch::normalize_tests::unknown_x86_syscall_normalizes_to_private_unsupported ... ok
test x8664_arch::normalize_tests::unlink_normalizes_to_unlinkat_at_fdcwd_no_flags ... ok
test x8664_arch::normalize_tests::vfork_desugars_to_clone_vm_vfork_sigchld ... ok
test x8664_arch::normalize_tests::x86_open_flags_translate_to_asm_generic ... ok
test x8664_arch::tests::altstack_membership_matches_downward_linux_endpoints ... ok
test x8664_arch::tests::build_sigframe_runs_codec_and_faults_only_at_guest_memory ... ok
test x8664_arch::tests::cr0_has_required_bits ... ok
test x8664_arch::tests::cr4_has_required_bits ... ok
test x8664_arch::tests::decode_maps_rax_to_number_and_rdi_through_r9_to_args ... ok
test x8664_arch::tests::decode_with_all_distinct_values ... ok
test x8664_arch::tests::efer_has_required_bits ... ok
test x8664_arch::tests::elf_machine_is_em_x86_64 ... ok
test x8664_arch::tests::gdt_kernel_cs64_encoding ... ok
test x8664_arch::tests::gdt_kernel_ss_encoding ... ok
test x8664_arch::tests::gdt_null_entry_is_zero ... ok
test x8664_arch::tests::gdt_user_cs64_encoding ... ok
test x8664_arch::tests::gdt_user_ss_encoding ... ok
test x8664_arch::tests::lstar_points_to_el0_trampoline_base ... ok
test x8664_arch::tests::lstar_stub_bytes_are_exact ... ok
test x8664_arch::tests::lstar_stub_port_byte_matches_const ... ok
test x8664_arch::tests::malformed_extended_sigframe_is_rejected_before_state_mutation ... ok
test x8664_arch::tests::mmu_codec_builds_manager_and_walks_descriptors ... ok
test x8664_arch::tests::mmu_granule_matches_pml4_and_aarch64_shape ... ok
test x8664_arch::tests::restore_sigframe_runs_codec_and_faults_only_at_guest_memory ... ok
test x8664_arch::tests::malformed_private_xstate_trailer_is_rejected_before_state_mutation ... ok
test aarch64_arch::tests::aarch64_sigframe_round_trips_gprs_pstate_pc ... ok
test aarch64_arch::tests::aarch64_sigframe_rejects_non_el0_pstate ... ok
test x8664_arch::tests::star_selector_arithmetic_is_correct ... ok
test x8664_arch::tests::syscall_table_arch_prctl_is_native ... ok
test aarch64_arch::tests::aarch64_sigframe_shows_the_guest_its_historical_daif ... ok
test x8664_arch::tests::syscall_table_knows_exit_group ... ok
test x8664_arch::tests::syscall_table_knows_write ... ok
test x8664_arch::tests::syscall_table_unknown_number_is_unknown ... ok
test x8664_arch::tests::vdso_bytes_exports_x86_clock_symbols ... ok
test x8664_arch::tests::x8664_guest_arch_satisfies_the_seam ... ok
test x8664_arch::tests::sigframe_preserves_avx_ymm_hi_across_build_and_restore ... ok
test x8664_arch::tests::copying_exact_advertised_xstate_extent_retains_virtual_state ... ok
test x8664_arch::tests::sigframe_preserves_virtual_pkru_and_x87_selectors ... ok
test guest_timer_bridge::tests::null_firing_arms_the_registry_but_never_fires ... ok
test timer_delivery::tests::fallback_posix_timer_publishes_process_signal_and_kicks_all ... ok
test vcpu_sched::tests::acquire_timeout_returns_none_on_exhausted_pool_and_prefers_own_slot ... ok
test vcpu_sched::tests::over_budget_acquire_blocks_until_release ... ok

test result: ok. 134 passed; 0 failed; 0 ignored; 0 measured; 0 filtered out; finished in 0.05s

     Running unittests src/lib.rs (target/debug/deps/carrick_host_bsd-c7e8e0bf10bb8dc3)

running 15 tests
test errno::tests::edeadlk_does_not_collapse_to_eagain ... ok
test errno::tests::errno_translation_covers_every_divergent_code ... ok
test errno::tests::errno_translation_maps_unknown_extensions_to_eio ... ok
test signum::tests::host_siginfo_is_internal_not_guest_sigio ... ok
test signum::tests::divergent_signals_roundtrip ... ok
test signum::tests::linux_only_signals_do_not_identity_map_to_bsd_collisions ... ok
test signum::tests::shared_numbering_stays_identity ... ok
test signum::tests::usr1_usr2_chld_match_bsd_header ... ok
test kqueue::tests::kqueue_closes_fd_on_drop ... ok
test multiplexer::tests::read_lowat_one_still_reports_socket_eof ... ok
test kqueue::tests::user_trigger_wakes_registered_kqueue ... ok
test multiplexer::tests::read_lowat_suppresses_socket_until_threshold_growth ... ok
test multiplexer::tests::read_lowat_rearm_after_edge_suppresses_until_growth ... ok
test multiplexer::tests::register_io_transitions_and_deregister ... ok
test kqueue::tests::oneshot_timer_fires_and_reports_ident ... ok

test result: ok. 15 passed; 0 failed; 0 ignored; 0 measured; 0 filtered out; finished in 0.00s

     Running unittests src/lib.rs (target/debug/deps/carrick_host_linux-509ecd7bd5690350)

running 0 tests

test result: ok. 0 passed; 0 failed; 0 ignored; 0 measured; 0 filtered out; finished in 0.00s

     Running unittests src/lib.rs (target/debug/deps/carrick_image-50a6696f7c6acf10)

running 33 tests
test tests::default_target_is_host_native ... ok
test auth::tests::canonical_key_collapses_hub_spellings ... ok
test tests::accepts_arm64_v8_variant ... ok
test tests::layer_summaries_are_reordered_to_manifest_order ... ok
test tests::layers_are_reordered_to_manifest_order ... ok
test auth::tests::auth_for_uses_username_password_fields ... ok
test auth::tests::creds_store_only_entry_is_none_not_a_panic ... ok
test auth::tests::auth_for_decodes_inline_base64_splitting_on_first_colon ... ok
test tests::load_docker_archive_missing_manifest_is_an_error ... ok
test tests::override_arm64_v8_matches_unspecified_entry ... ok
test tests::override_selects_amd64_when_only_amd64_present ... ok
test tests::parse_platform_target_rejects_garbage ... ok
test auth::tests::write_login_preserves_other_registries ... ok
test tests::load_real_kaniko_archive_if_present ... ok
test tests::oci_config_without_stop_signal_is_none ... ok
test tests::parse_platform_target_with_variant ... ok
test auth::tests::write_then_resolve_round_trips_with_0600 ... ok
test tests::parse_platform_target_without_variant ... ok
test tests::picks_linux_arm64_from_multi_arch_index ... ok
test tests::pull_policy_follows_docker_semantics ... ok
test tests::rejects_arm64_v7_variant ... ok
test tests::returns_none_when_no_linux_arm64_present ... ok
test tests::skips_entry_with_no_platform_block ... ok
test tests::tag_moved_only_when_registry_digest_differs ... ok
test tests::test_parse_oci_config_json ... ok
test tests::load_docker_archive_can_target_non_default_platform ... ok
test tests::list_images_reports_repo_tag_id_and_size ... ok
test tests::load_docker_archive_plain_tar_layer_gets_tar_media_type ... ok
test tests::load_docker_archive_ingests_blobs_and_summary ... ok
test tests::load_docker_archive_tags_every_repo_tag ... ok
test tests::remove_image_by_spec_accepts_ref_or_id ... ok
test tests::tag_image_creates_a_new_ref_sharing_blobs ... ok
test tests::remove_image_then_gc_reclaims_unreferenced_blobs ... ok

test result: ok. 33 passed; 0 failed; 0 ignored; 0 measured; 0 filtered out; finished in 0.15s

     Running unittests src/lib.rs (target/debug/deps/carrick_inotify_core-92e64cb0dd683c1f)

running 10 tests
test queue_tests::a_record_that_does_not_fit_reports_no_space_and_changes_nothing ... ok
test queue_tests::identical_tail_coalesces_distinct_names_do_not ... ok
test tests::test_monotonic_wd_allocation ... ok
test tests::test_identical_consecutive_in_modify_coalesces ... ok
test queue_tests::read_takes_whole_records_and_rejects_a_buffer_smaller_than_the_first ... ok
test queue_tests::names_are_nul_terminated_and_padded_to_four_bytes ... ok
test tests::test_in_ignored_never_coalesces_across_distinct_wds ... ok
test tests::test_ring_drain_byte_exact_roundtrip ... ok
test tests::test_overflow_at_host_limit_emits_one_overflow_event ... ok
test queue_tests::overflow_appends_one_marker_and_lifts_only_when_drained ... ok

test result: ok. 10 passed; 0 failed; 0 ignored; 0 measured; 0 filtered out; finished in 0.00s

     Running unittests src/lib.rs (target/debug/deps/carrick_investigation-1afa9fed08c1b659)

running 0 tests

test result: ok. 0 passed; 0 failed; 0 ignored; 0 measured; 0 filtered out; finished in 0.00s

     Running unittests src/bin/investigate.rs (target/debug/deps/investigate-4a083886cdfc607b)

running 0 tests

test result: ok. 0 passed; 0 failed; 0 ignored; 0 measured; 0 filtered out; finished in 0.00s

     Running unittests src/lib.rs (target/debug/deps/carrick_kernel_arena-b89107d2d53c8831)

running 22 tests
test domains::tests::domains_round_trip_and_do_not_mix ... ok
test lock::tests::lock_pair_orders_by_address_and_survives_reversed_call ... ok
test lock::tests::force_break_frees_only_the_named_dead_owner ... ok
test lock::tests::lock_unlock_round_trip ... ok
test arena::tests::vm_slots_section_is_published_and_independent ... ok
test arena::tests::generations_are_monotonic_and_skip_zero ... ok
test pidns::tests::two_claims_take_disjoint_slots_with_fresh_identity ... ok
test arena::tests::permit_section_exhaustion_is_loud ... ok
test process::tests::claim_clears_the_namespace_tag ... ok
test arena::tests::create_publishes_versioned_header ... ok
test pidns::tests::release_returns_the_slot_for_reuse_and_resets_it ... ok
test pidns::tests::exhaustion_is_loud ... ok
test process::tests::record_state_cell_transitions_and_refusals ... ok
test process::tests::claim_fill_publish_find_release_round_trip ... ok
test process::tests::virtual_ptrace_control_round_trips_owner_and_state ... ok
test wait::tests::spin_yield_returns_value_changed_when_word_moves ... ok
test arena::tests::arena_is_visible_across_fork ... ok
test process::tests::registering_records_are_invisible_to_find ... ok
test process::tests::namespace_owner_or_transition_blocks_conditional_release ... ok
test lock::tests::contended_lock_times_out_and_names_holder ... ok
test wait::tests::spin_yield_times_out_when_word_holds ... ok
test process::tests::exhaustion_is_loud ... ok

test result: ok. 22 passed; 0 failed; 0 ignored; 0 measured; 0 filtered out; finished in 0.13s

     Running unittests src/lib.rs (target/debug/deps/carrick_kernel_example-ed46f1a34a0df290)

running 1 test
test memory::tests::alloc_bounds_overflow_does_not_advance_cursor ... ok

test result: ok. 1 passed; 0 failed; 0 ignored; 0 measured; 0 filtered out; finished in 0.00s

     Running unittests src/bin/kernel-syscall-floor.rs (target/debug/deps/kernel_syscall_floor-ca70b654353d4176)

running 0 tests

test result: ok. 0 passed; 0 failed; 0 ignored; 0 measured; 0 filtered out; finished in 0.00s

     Running unittests src/bin/write-seek-observation.rs (target/debug/deps/write_seek_observation-108a045977c2ae3f)

running 0 tests

test result: ok. 0 passed; 0 failed; 0 ignored; 0 measured; 0 filtered out; finished in 0.00s

     Running unittests src/lib.rs (target/debug/deps/carrick_mem-6246778c006a9cdf)

running 171 tests
test arch_sysregs::tests::tcr_bootstrap_literal ... ok
test arch_sysregs::tests::cpacr_fpen_no_trap_literal ... ok
test arch_sysregs::tests::mair_is_normal_wb_cacheable ... ok
test arch_sysregs::tests::sctlr_shared_base_literal ... ok
test elf::tests::ro_page_spans_ignore_unreadable_and_empty_segments ... ok
test elf::tests::ro_page_spans_cover_readonly_segments_pagewise ... ok
test elf::tests::ro_page_spans_drop_pages_shared_with_a_writable_segment ... ok
test elf::tests::with_load_bias_reshifts_a_dyn_plan ... ok
test elf::tests::plan_elf_load_bytes_for_accepts_x86_64 ... ok
test elf::tests::et_exec_plan_uses_zero_load_bias ... ok
test elf::tests::et_dyn_plan_rebases_to_default_pie_base ... ok
test elf::tests::load_plan_rejects_non_aarch64_machine ... ok
test elf::tests::plan_elf_load_bytes_for_rejects_machine_mismatch ... ok
test elf::tests::ro_page_spans_exec_wins_on_a_page_shared_by_rx_and_r_segments ... ok
test memory::el1_clock::tests::el0_stub_computes_timespec_without_touching_other_registers ... ok
test memory::arena_size_tests::arena_size_defaults_and_clamps ... ok
test memory::alias_ipa_tests::alloc_is_monotonic_block_aligned_never_reused ... ok
test memory::el1_clock::tests::fresh_identity_page_keeps_clock_admission_disabled ... ok
test memory::el1_clock::tests::kick_before_admission_forces_original_host_syscall ... ok
test memory::el1_clock::tests::forged_marker_without_active_transaction_cannot_complete ... ok
test memory::el1_clock::tests::completion_restores_all_registers_and_original_frame ... ok
test memory::el1_hook_kick::gic_irq_hook_idle_action_leaves_through_the_idle_exit ... ok
test memory::el1_clock::tests::kick_during_active_clock_forces_host_boundary_on_completion ... ok
test memory::el1_clock::tests::stub_mapping_collision_is_rejected ... ok
test memory::el1_hook_kick::gic_kick_taken_at_el0_leaves_through_the_kick_exit ... ok
test memory::el1_clock::tests::ineligible_calls_preserve_arguments_and_frame ... ok
test memory::el1_hook_kick::idle_action_leaves_through_the_idle_exit ... ok
test memory::el1_clock::tests::faults_and_wrong_markers_retry_original_syscall_without_counting ... ok
test memory::el1_hook_kick::the_idle_entry_runs_a_switched_in_thread_or_leaves_idle ... ok
test memory::el1_clock::tests::builders_install_read_execute_stub_only_with_fast_paths ... ok
test memory::el1_hook_kick::served_path_restores_el0_state_exactly ... ok
test memory::el1_shim_tests::counted_fstat_success_writes_identity_counter_and_returns_i64_ebadf ... ok
test memory::el1_shim_tests::current_el_sync_slots_fail_loud_via_hvc3 ... ok
test memory::el1_hook_kick::masked_mode_vector_page_never_unmasks_irqs ... ok
test memory::el1_shim_tests::fd_ceiling_shim_gettid_erets_before_fstat_handler ... ok
test memory::el1_shim_tests::el1_vector_hook_behavior_and_hatch ... ok
test memory::el1_shim_tests::linux_initial_stack_can_set_execfn_distinct_from_argv0 ... ok
test memory::el1_shim_tests::legacy_vectors_have_no_dispatcher ... ok
test memory::el1_hook_kick::gic_mode_vector_page_routes_el0_interrupts_to_el1 ... ok
test memory::el1_shim_tests::fstat_ceiling_guard_acquires_gate_and_preserves_fallback_arguments ... ok
test memory::el1_shim_tests::shim_dispatcher_fits_in_its_vector_slot ... ok
test memory::el1_shim_tests::shim_dispatches_identity_and_gettid ... ok
test memory::el1_shim_tests::lower_el_irq_slot_forwards_via_hvc4 ... ok
test memory::el1_shim_tests::with_identity_page_installs_kernel_hole_region ... ok
test memory::el1_shim_tests::with_el1_vectors_shim_installs_dispatcher_region ... ok
test memory::kernel_only_range_tests::gic_window_is_below_the_trampoline_and_above_the_vdso ... ok
test memory::kernel_only_range_tests::kernel_hole_and_el1_region_are_kernel_only_and_guest_ranges_are_not ... ok
test memory::loader_tests::core_file_mappings_preserve_nonzero_page_offset_and_exact_path ... ok
test memory::loader_tests::el1_vector_va_predicate_brackets_carrick_kernel_space ... ok
test memory::loader_tests::fill_random_bytes_produces_nonzero_entropy ... ok
test memory::loader_tests::hvf_merged_load_regions_are_page_aligned ... ok
test memory::el1_shim_tests::mailbox_shim_routes_raw_clock_gettime_only_when_fast_paths_are_enabled ... ok
test memory::loader_tests::linux_auxv_can_omit_sysinfo_ehdr_for_vdso_debug_control ... ok
test memory::loader_tests::linux_auxv_can_withhold_backend_unsafe_hwcap_features ... ok
test memory::loader_tests::linux_runtime_regions_include_fixed_user_sigreturn_trampoline ... ok
test memory::loader_tests::load_elf_bytes_without_runtime_regions_omits_hvf_boot_windows ... ok
test memory::loader_tests::load_elf_bytes_with_reader_at_pie_base_rebases_dyn_main ... ok
test memory::loader_tests::load_elf_bytes_with_reader_for_applies_machine_to_interpreter ... ok
test memory::loader_tests::merges_segments_that_overlap_after_hvf_page_rounding ... ok
test memory::loader_tests::page_aligned_load_regions_preserve_segment_permissions ... ok
test memory::loader_tests::rejects_load_segment_end_overflow_before_region_merge ... ok
test memory::loader_tests::with_vdso_bytes_at_relocates_regions_and_auxv ... ok
test memory::stage1_tests::carrier_maintenance_root_maps_only_kernel_hole ... ok
test memory::stage1_tests::canonical_maintenance_image_contains_scoped_asid_and_load_barrier_routines ... ok
test memory::stage1_tests::fd_ceiling_control_builder_installs_disabled_kernel_control_page ... ok
test memory::stage1_tests::el1_maintenance_bytes_emit_tlbi_then_hvc1 ... ok
test memory::stage1_tests::needs_stage1_translation_only_for_shared_aperture ... ok
test memory::stage1_tests::runtime_regions_include_shared_aperture ... ok
test memory::el1_hook_kick::kick_absorbed_anywhere_in_served_hook_surfaces ... ok
test memory::syscall_mailbox_tests::disabled_portal_routes_eligible_syscall_to_existing_hvc ... ok
test memory::syscall_mailbox_tests::mailbox_arena_builder_installs_private_zeroed_rw_nx_region ... ok
test memory::syscall_mailbox_tests::mailbox_arena_tiles_the_remaining_kernel_hole ... ok
test memory::syscall_mailbox_tests::mailbox_continuation_preserves_scratch_and_validates_response ... ok
test memory::el1_shim_tests::fstat_ceiling_guard_is_emitted_only_for_opt_in_legacy_and_mailbox_vectors ... ok
test memory::syscall_mailbox_tests::mailbox_vector_publishes_complete_syscall_frame_before_hvc2 ... ok
test memory::tests::address_space_clone_shares_payload_until_first_write ... ok
test memory::syscall_mailbox_tests::mailbox_vector_retains_identity_fast_paths_when_enabled ... ok
test memory::tests::address_space_metadata_accepts_ro_span_in_readable_writable_merged_region ... ok
test memory::tests::address_space_metadata_reconstructs_transport_neutral_view ... ok
test memory::tests::address_space_metadata_rejects_empty_or_inverted_regions ... ok
test memory::tests::address_space_metadata_rejects_empty_or_overflowing_ro_span ... ok
test memory::tests::address_space_metadata_rejects_overlapping_regions ... ok
test memory::tests::address_space_metadata_rejects_ro_span_outside_readable_regions ... ok
test memory::tests::address_space_metadata_rejects_stack_pointer_outside_writable_region ... ok
test memory::tests::address_space_metadata_rejects_unaligned_ro_span ... ok
test memory::tests::address_space_metadata_sorts_regions_canonically ... ok
test memory::tests::initial_stack_preserves_arguments_across_payload_page_boundaries ... ok
test page_geometry::tests::classifies_non_executable_mixed_permissions_as_guarded ... ok
test page_geometry::tests::classifies_uniform_16k_page_as_fast_path ... ok
test page_geometry::tests::linux4k_policy_allows_composed_private_data_pages ... ok
test page_geometry::tests::linux4k_policy_allows_guarded_data_permissions ... ok
test page_geometry::tests::linux4k_policy_rejects_composed_shared_file_pages_with_diagnostic ... ok
test page_geometry::tests::linux4k_policy_rejects_mixed_executable_pages_with_diagnostic ... ok
test page_geometry::tests::linux4k_policy_rejects_unsupported_geometry_with_diagnostic ... ok
test page_geometry::tests::rejects_executable_mixed_page_without_instruction_instrumentation ... ok
test pml4::tests::aligned_bulk_map_uses_2m_leaf ... ok
test pml4::tests::editing_large_leaf_splits_to_4k_and_restores ... ok
test pml4::tests::exhausting_table_capacity_errors ... ok
test memory::el1_shim_tests::boot_builders_preserve_linux_auxv_image ... ok
test pml4::tests::granule_matches_aarch64_shape ... ok
test pml4::tests::identity_map_encodes_and_walks_round_trip ... ok
test memory::el1_hook_kick::gic_kick_absorbed_anywhere_in_served_hook_surfaces ... ok
test pml4::tests::indices_decompose_va ... ok
test pml4::tests::intermediates_get_us_when_any_user_mapping_passes_through ... ok
test memory::tests::initial_stack_keeps_a_compact_tail_and_full_zero_extent ... ok
test pml4::tests::into_bytes_preserves_edits ... ok
test memory::el1_hook_kick::gic_el0_irq_hook_returns_exactly_and_loses_no_kick ... ok
test pml4::tests::map_aliased_allocates_missing_high_va_tables ... ok
test pml4::tests::map_aliased_exec_flag_gates_leaf_nx ... ok
test pml4::tests::misaligned_spec_rejected ... ok
test pml4::tests::non_canonical_va_rejected ... ok
test pml4::tests::map_aliased_repoints_a_page_inside_a_2m_block_leaf ... ok
test pml4::tests::non_identity_map_translates ... ok
test pml4::tests::nx_bit_is_bit_63 ... ok
test pml4::tests::phys_mask_is_bits_51_12 ... ok
test pml4::tests::map_aliased_large_2m_alias_uses_block_leaves_not_per_2m_tables ... ok
test pml4::tests::set_ops_on_unmapped_subtree_error ... ok
test pml4::tests::set_prot_none_clears_p_and_set_rw_restores ... ok
test pml4::tests::set_readonly_clears_rw_and_preserves_present_mapping ... ok
test pml4::tests::set_rw_exec_toggles_nx ... ok
test pml4::tests::private_overlay_protection_preserves_gpa_and_identity_restore_repoints ... ok
test pml4::tests::set_rw_on_never_mapped_leaf_errors ... ok
test pml4::tests::supervisor_map_keeps_us_clear_at_every_level ... ok
test pml4::tests::unmap_alias_reclaims_empty_high_va_tables_for_reuse ... ok
test pml4::tests::unmap_alias_reclaims_prot_none_large_alias_tables ... ok
test shared_aperture::tests::bump_allocates_aligned_within_window ... ok
test memory::el1_shim_tests::el1_region_presence_and_stage1_permissions ... ok
test shared_aperture::tests::free_then_realloc_reuses_space ... ok
test shared_aperture::tests::free_unknown_address_returns_none ... ok
test shared_aperture::tests::grow_inside_the_rounded_reservation_claims_nothing ... ok
test pml4::tests::full_mmap_arena_sized_region_fits_with_large_leaves ... ok
test shared_aperture::tests::grow_past_the_reservation_claims_and_reports_the_new_granules ... ok
test shared_aperture::tests::grow_reclaims_a_freed_neighbour ... ok
test pml4::tests::whole_large_leaf_edits_preserve_2m_entries ... ok
test shared_aperture::tests::grow_refuses_to_overrun_a_live_neighbour ... ok
test shared_aperture::tests::grow_rejects_a_shrink ... ok
test shared_aperture::tests::grow_rejects_an_unknown_address ... ok
test shared_aperture::tests::guest_carve_middle_preserves_prefix_suffix_and_reuses_only_middle ... ok
test shared_aperture::tests::invalid_shrink_preserves_live_and_free_accounting ... ok
test shared_aperture::tests::partial_granule_guest_carve_never_reuses_live_suffix_bytes ... ok
test shared_aperture::tests::partial_granule_source_carve_splits_exactly_but_quarantines_storage ... ok
test shared_aperture::tests::private_reservation_blocks_reuse_until_exact_release ... ok
test shared_aperture::tests::lookup_returns_backing_for_live_alloc ... ok
test shared_aperture::tests::rejects_allocation_past_window_end ... ok
test shared_aperture::tests::shared_file_fragments_adjust_offsets_and_close_once_after_last_owner ... ok
test shared_aperture::tests::shrink_releases_whole_granule_tail_and_coalesces_on_free ... ok
test shared_aperture::tests::shrink_preserves_shared_file_fd_and_offset_metadata ... ok
test shared_aperture::tests::source_carve_middle_preserves_both_translations_and_reuses_only_middle ... ok
test shared_aperture::tests::source_carve_prefix_preserves_suffix_translation_and_reuses_only_prefix ... ok
test shared_aperture::tests::source_carve_suffix_preserves_prefix_and_trailing_padding_accounting ... ok
test vdso::tests::realtime_calibration_is_shared_by_existing_and_new_address_spaces ... ok
test vdso::rosetta_vdso_size_test::vdso_image_fits_in_one_page_and_has_dynsym ... ok
test vdso::tests::vdso_elf_parses_and_exports_clock_gettime ... ok
test vdso::tests::vdso_exports_all_canonical_symbols ... ok
test vdso::tests::vdso_getrandom_blob_is_embedded ... ok
test vdso::tests::vdso_image_can_omit_fastpath_exports_for_rosetta_debugging ... ok
test vdso::tests::vdso_image_can_omit_getrandom_export_for_rosetta_debugging ... ok
test vdso::tests::vdso_image_can_route_clock_exports_to_syscalls_for_rosetta_debugging ... ok
test vdso::tests::vvar_realtime_word_carries_the_guest_offset ... ok
test vdso::tests::vdso_rt_sigreturn_is_the_canonical_trampoline_sequence ... ok
test vdso_getrandom_chacha::tests::distinct_counters_distinct_blocks ... ok
test vdso::tests::x8664_vdso_elf_parses_and_exports_clock_symbols ... ok
test vdso_getrandom_chacha::tests::forked_child_does_not_reuse_parent_keystream ... ok
test vdso_getrandom_chacha::tests::rfc8439_block_function ... ok
test vdso_getrandom_chacha::tests::reseeds_only_on_generation_change ... ok
test vdso_getrandom_chacha::tests::successive_calls_never_repeat ... ok
test pml4::tests::unmap_alias_range_tears_down_all_pages_of_a_split_2m_block ... ok
test memory::stage1_tests::stage1_identity_tables_layout ... ok
test memory::stage1_tests::page_tables_reserve_spare_pool_within_kernel_block ... ok
test memory::loader_tests::load_elf_records_ro_spans_and_stage1_tables_bake_them_readonly ... ok
test memory::stage1_tests::hvpatch_stage1_tables_scope_every_representative_leaf_to_its_asid ... ok

test result: ok. 171 passed; 0 failed; 0 ignored; 0 measured; 0 filtered out; finished in 0.02s

     Running unittests src/lib.rs (target/debug/deps/carrick_mmu_core-fbe738559f1b4d92)

running 83 tests
test aarch64::tests::as_bytes_into_bytes_round_trip ... ok
test aarch64::tests::empty_descriptors_never_mint_an_output_address ... ok
test aarch64::tests::a_gib_aligned_alias_span_uses_l1_block_leaves ... ok
test aarch64::tests::an_unsatisfiable_alias_build_writes_nothing ... ok
test aarch64::tests::compound_cow_repoint_preserves_mixed_semantic_permissions ... ok
test aarch64::tests::clone_preserves_bump_cursor_so_fork_child_does_not_realloc_live_tables ... ok
test aarch64::tests::exhausting_spare_tables_errors ... ok
test aarch64::tests::boot_stage1_images_leave_the_gic_window_untranslated ... ok
test aarch64::tests::fork_readonly_marks_the_per_mm_leaf_non_global ... ok
test aarch64::tests::fork_readonly_preserves_each_leaf_execute_permission ... ok
test aarch64::tests::full_block_restore_coalesces_and_reclaims_table ... ok
test aarch64::tests::fork_readonly_preserves_prot_none_and_later_write_keeps_non_global ... ok
test aarch64::tests::indices_decompose_va ... ok
test aarch64::tests::full_1gib_prot_none_edits_block_with_no_split ... ok
test aarch64::tests::failed_resolution_errors_on_translate_debug_walk_and_snapshot ... ok
test aarch64::tests::host_walk_matches_the_copying_walk ... ok
test aarch64::tests::invalid_to_valid_leaf_edit_reports_flush_not_required ... ok
test aarch64::tests::debug_walk_host_errors_on_unresolved_arena ... ok
test aarch64::tests::large_aligned_prot_none_is_coarse_not_dense ... ok
test aarch64::tests::large_vma_unmap_work_is_hierarchically_bounded_empty_and_populated_islands ... ok
test aarch64::tests::kernel_cow_arm_and_alias_preserve_el1_only_access ... ok
test aarch64::tests::last_resort_sweep_reclaims_an_emptied_subtable ... ok
test aarch64::tests::last_resort_sweep_declines_without_exclusivity ... ok
test aarch64::tests::adopting_live_extension_state_keeps_source_and_arenas ... ok
test aarch64::tests::last_resort_sweep_runs_once_per_teardown ... ok
test aarch64::tests::live_block_restore_keeps_table_until_break_before_make_is_available ... ok
test aarch64::tests::clone_with_extension_arenas_requires_child_source_for_rebase ... ok
test aarch64::tests::live_bound_restore_image_writes_descriptors_to_hardware_memory ... ok
test aarch64::tests::hvpatch_editor_preserves_non_global_across_protect_alias_repoint_and_coalesce ... ok
test aarch64::tests::map_aliased_large_unaligned_len_does_not_exhaust_table_pool ... ok
test aarch64::tests::live_host_permission_edit_preserves_independently_updated_output ... ok
test aarch64::tests::live_atomic_snapshot_observes_concurrent_leaf_mutations_without_stale_shadow ... ok
test aarch64::tests::live_rollback_undo_restores_preimage_without_resurrecting_stale_bytes ... ok
test aarch64::tests::live_leaf_revoke_and_repoint_is_observed_by_host_translation_and_snapshot ... ok
test aarch64::tests::multi_vcpu_does_not_coalesce ... ok
test aarch64::tests::multi_gib_alias_maps_with_coarse_leaves_and_a_tiny_table_budget ... ok
test aarch64::tests::munmap_retires_leaves_so_the_reclaim_sweep_can_free_their_table ... ok
test aarch64::tests::prot_none_then_rw_remaps ... ok
test aarch64::tests::private_overlay_protection_preserves_backing_and_identity_restore_repoints ... ok
test aarch64::tests::new_rediscovers_bump_cursor_over_boot_edited_tables ... ok
test aarch64::tests::growable_stage1_arena_exhaustion_uses_extension_source ... ok
test aarch64::tests::partial_protection_does_not_coalesce ... ok
test aarch64::tests::quiesced_snapshot_restore_replaces_every_live_table_byte ... ok
test aarch64::tests::rollback_revocation::rollback_must_not_discard_journal_after_resolution_is_revoked ... ok
test aarch64::tests::rollback_revocation::partial_rollback_retains_a_retryable_journal ... ok
test aarch64::tests::readonly_does_not_coalesce_an_unaligned_physical_alias ... ok
test aarch64::tests::rosetta_alias_vas_avoid_boot_identity_l0_slots ... ok
test aarch64::tests::rebase_moves_every_table_pointer_without_changing_leaf_translations ... ok
test aarch64::tests::retained_output_resolves_invalidated_aligned_alias_block ... ok
test aarch64::tests::retained_output_resolves_invalidated_private_alias_without_revalidating_it ... ok
test aarch64::tests::set_rw_on_default_rw_block_does_not_split ... ok
test aarch64::tests::offline_fork_copy_sweeps_where_the_inherited_marker_refused ... ok
test aarch64::tests::rw_commit_into_prot_none_block_keeps_neighbors_invalid ... ok
test aarch64::tests::set_prot_none_splits_block_and_invalidates_only_target ... ok
test aarch64::tests::spare_cursor_discovery_preserves_holes_and_every_byte_position ... ok
test aarch64::tests::spare_cursor_discovery_stops_at_the_last_used_page ... ok
test aarch64::tests::set_readonly_then_rw_round_trips ... ok
test aarch64::tests::short_backing_and_nonzero_offset_range_safety_without_ub ... ok
test aarch64::tests::rollback_undo_returns_arena_when_resolver_missing_extension ... ok
test aarch64::tests::reclaim_sweep_keeps_tables_whose_invalid_leaves_retain_live_outputs ... ok
test aarch64::tests::snapshot_copies_only_populated_prefix_and_preserves_capacity ... ok
test aarch64::tests::snapshot_failure_must_not_clone_live_authority ... ok
test aarch64::tests::sparse_arena_materializes_only_exact_private_extent ... ok
test aarch64::tests::terminal_descriptor_permission_tracks_valid_af_ap_and_uxn ... ok
test aarch64::tests::terminal_descriptor_selects_block_page_and_invalid_leaf ... ok
test aarch64::tests::stage1_publication_refuses_outputs_in_the_gic_window ... ok
test aarch64::tests::sync_to_host_resolves_each_arena_once ... ok
test aarch64::tests::snapshot_into_reproduces_snapshot_and_keeps_the_buffer ... ok
test aarch64::tests::sub_16k_high_va_alias_does_not_perturb_neighbor_l3_entry ... ok
test aarch64::tests::test_el1_stack_walk_after_rebase ... ok
test aarch64::tests::translate_picks_the_live_region_for_adjacent_aliases ... ok
test aarch64::tests::translate_resolves_aliased_va_to_ipa_with_page_offset ... ok
test aarch64::tests::stage1_arena_exhaustion_fails_without_growth ... ok
test aarch64::tests::recycled_live_images_do_not_reallocate_snapshot_buffers ... ok
test aarch64::tests::undo_journal_commit_keeps_the_transaction ... ok
test aarch64::tests::two_live_roots_using_identical_vas_stay_distinct ... ok
test aarch64::tests::restore_quiesced_snapshot_to_host_fails_and_preserves_on_missing_root_or_extension ... ok
test aarch64::tests::undo_journal_reports_replaced_valid_only_for_pre_transaction_words ... ok
test aarch64::tests::unmap_aliased_reclaims_only_the_freed_l3_table ... ok
test aarch64::tests::user_block_flags_match_boot_image ... ok
test aarch64::tests::stage1_heap_starts_invalid_and_preserves_neighbors ... ok
test aarch64::tests::sync_to_host_errors_on_unresolved_arena ... ok
test aarch64::tests::undo_journal_rollback_matches_a_cloned_snapshot ... ok

test result: ok. 83 passed; 0 failed; 0 ignored; 0 measured; 0 filtered out; finished in 0.15s

     Running unittests src/lib.rs (target/debug/deps/carrick_observability-3495772aa946fba4)

running 83 tests
test probes::dsr_probe_abi::probe_wrappers_expose_typed_scalar_only_signatures ... ok
test probes::dsr_probe_abi::exit_kind_values_match_gateway_status ... ok
test probes::host_process_birth_probe_abi::process_birth_domain_rejects_invalid_raw_identity ... ok
test probes::host_process_birth_probe_abi::process_birth_query_is_nonzero_and_stable_for_current_process ... ok
test probes::hvpatch_guest_probe_abi::disabled_syscall_service_does_not_resolve_identity ... ok
test probes::dsr_probe_abi::prepare_outcome_values_are_stable_and_unique ... ok
test probes::dsr_probe_abi::operation_outcome_values_match_dsr_error_categories ... ok
test probes::hvpatch_guest_probe_abi::exec_backing_event_keeps_virtual_and_physical_identity_typed ... ok
test probes::hvpatch_guest_probe_abi::exec_predecessor_classification_keeps_identity_and_sharing_typed ... ok
test probes::dsr_probe_abi::resolver_cache_and_dsr_cache_lifecycle_values_are_stable_and_unique ... ok
test probes::hvpatch_guest_probe_abi::address_space_event_keeps_root_slot_and_ttbr_provenance_together ... ok
test compat::rewrite_diagnostic_tests::rewrite_diagnostic_deduplicates_and_counts_repeats ... ok
test probes::hvpatch_guest_probe_abi::exec_replace_stage_event_keeps_stage_cost_and_shape_typed ... ok
test probes::hvpatch_guest_probe_abi::exec_stage2_event_keeps_operation_and_address_identity_typed ... ok
test probes::hvpatch_guest_probe_abi::fault_event_keeps_guest_process_thread_and_asid_together ... ok
test probes::hvpatch_guest_probe_abi::fork_frame_receipt_keeps_mapping_frame_and_mm_identity_together ... ok
test probes::host_process_birth_probe_abi::process_birth_probe_accepts_only_typed_identity ... ok
test compat::rewrite_diagnostic_tests::rewrite_diagnostic_keeps_128_keys_and_counts_dropped_events ... ok
test probes::hvpatch_guest_probe_abi::exec_runtime_stage_event_keeps_outer_runtime_cost_typed ... ok
test probes::hvpatch_guest_probe_abi::exec_replace_stage_provider_and_stub_keep_the_same_typed_shape ... ok
test compat::rewrite_diagnostic_tests::rewrite_diagnostic_reports_repeated_overflow_as_dropped_events ... ok
test probes::hvpatch_guest_probe_abi::exec_stage2_provider_and_stub_keep_the_same_typed_shape ... ok
test probes::hvpatch_guest_probe_abi::fork_private_snapshot_provider_and_stub_keep_timing_and_outcome_separate ... ok
test probes::hvpatch_guest_probe_abi::global_frame_stage2_receipt_rejects_incomplete_lifetime_edges ... ok
test probes::hvpatch_guest_probe_abi::fork_quiesce_detail_keeps_guest_identity_population_and_polling_typed ... ok
test probes::hvpatch_guest_probe_abi::exec_backing_provider_and_stub_keep_the_same_typed_shape ... ok
test probes::hvpatch_guest_probe_abi::fork_runtime_stage_event_keeps_parent_child_identity_and_timing_typed ... ok
test probes::hvpatch_guest_probe_abi::fork_process_spec_stage_keeps_guest_identity_timing_and_shape_typed ... ok
test probes::hvpatch_guest_probe_abi::lifecycle_event_keeps_guest_identity_and_phase_typed ... ok
test probes::hvpatch_guest_probe_abi::lifecycle_event_rejects_ambiguous_identity ... ok
test probes::hvpatch_guest_probe_abi::lifecycle_event_rejects_non_linux_identity_values ... ok
test probes::hvpatch_guest_probe_abi::lifecycle_phase_ordinals_are_append_only ... ok
test probes::hvpatch_guest_probe_abi::epoll_lookup_provider_and_stub_keep_file_authority_abi_stable ... ok
test probes::hvpatch_guest_probe_abi::global_frame_stage2_provider_and_stub_keep_five_scalar_shape ... ok
test probes::hvpatch_guest_probe_abi::hvpatch_scheduler_provider_keeps_exact_wake_and_settlement_identity ... ok
test probes::hvpatch_guest_probe_abi::fork_snapshot_provider_and_stub_are_declared_outside_the_abi_test ... ok
test probes::hvpatch_guest_probe_abi::mn_clone_outcome_provider_keeps_failure_stages_typed ... ok
test probes::hvpatch_guest_probe_abi::hvpatch_thread_terminal_provider_keeps_runtime_and_linux_identity_distinct ... ok
test probes::hvpatch_guest_probe_abi::mn_clone_tid_output_provider_keeps_role_and_memory_error_typed ... ok
test probes::image_publication_probe_abi::prepared_image_publication_wrappers_keep_real_or_stub_signatures ... ok
test probes::native_fork_probe_abi::phase_block_membership_matches_the_documented_legend ... ok
test probes::native_fork_probe_abi::phase_ordinals_are_unique_and_stay_in_the_documented_native_block ... ok
test probes::native_fork_probe_abi::probe_wrappers_expose_typed_phase_only_signatures ... ok
test probes::native_fork_probe_abi::roles_match_the_shared_fork_lifecycle_convention ... ok
test probes::native_owned_range_probe_abi::native_owned_range_identity_and_extent_fail_closed ... ok
test probes::hvpatch_guest_probe_abi::topology_lock_event_keeps_holder_identity_and_timing_typed ... ok
test probes::native_owned_range_probe_abi::native_owned_range_ready_requires_the_exact_nonzero_frontier ... ok
test probes::native_owned_range_probe_abi::native_owned_range_wrappers_accept_only_typed_events ... ok
test probes::hvpatch_guest_probe_abi::hvpatch_executor_lifecycle_provider_keeps_exact_claim_and_generation_identity ... ok
test probes::native_syscall_service_probe_abi::native_syscall_service_ordinals_are_stable_and_unique ... ok
test probes::native_syscall_service_probe_abi::native_syscall_service_wrappers_have_typed_real_or_stub_signatures ... ok
test probes::hvpatch_guest_probe_abi::lifecycle_provider_and_stub_keep_the_same_typed_shape ... ok
test probes::real::tests::guest_mem_probe_digest_reports_wrapping_sum_and_edges ... ok
test probes::image_publication_probe_abi::image_publication_provider_uses_only_prepared_raw_path_pointers ... ok
test probes::real::tests::guest_mem_probe_digest_zero_pads_short_edges ... ok
test probes::real::tests::guest_mem_probe_points_cover_quarters_and_last_byte_without_duplicates ... ok
test probes::real::tests::guest_mem_probe_points_sample_inside_large_range_quarters ... ok
test probes::real::tests::guest_mem_probe_subrange_reports_exact_window_digest ... ok
test probes::hvpatch_guest_probe_abi::frame_pool_provider_and_stub_keep_two_scalar_shape ... ok
test probes::real::tests::profile_runtime_image_filter_is_bounded_and_explicit ... ok
test probes::real::tests::prepared_image_publication_retains_exact_usdt_wire_pointers_and_bytes ... ok
test probes::translated_range_probe_abi::translated_range_constructors_make_kind_and_unit_payload_unambiguous ... ok
test probes::translated_range_probe_abi::translated_range_identity_rejects_zero_and_round_trips_named_values ... ok
test probes::translated_range_probe_abi::translated_range_kind_ordinals_are_stable_and_unique ... ok
test probes::translated_range_probe_abi::translated_range_rejects_empty_inverted_and_unaligned_extents ... ok
test probes::translated_range_probe_abi::translated_range_wrappers_accept_only_typed_pid_free_events ... ok
test probes::native_syscall_service_probe_abi::native_syscall_service_provider_declarations_keep_dtrace_names ... ok
test probes::hvpatch_guest_probe_abi::mapping_index_census_provider_and_stub_keep_the_same_shape ... ok
test probes::real::tests::host_image_catalog_contains_darwin_runtime ... ok
test vm_lifecycle::tests::invalid_window_then_stray_preserves_both_and_advances_one_cursor_authority ... ok
test probes::hvpatch_guest_probe_abi::syscall_service_provider_and_stub_keep_guest_task_identity_typed ... ok
test vm_lifecycle::tests::malformed_transition_sequences_fail_closed_without_false_events ... ok
test vm_lifecycle::tests::concurrent_snapshots_are_complete_prefixes ... ok
test vm_lifecycle::tests::missing_or_duplicate_terminal_fails_closed ... ok
test vm_lifecycle::tests::one_vm_lifecycle_keeps_one_serial_and_complete_sequence ... ok
test vm_lifecycle::tests::production_ledger_capacity_is_bounded_and_fails_closed ... ok
test probes::native_owned_range_probe_abi::native_owned_range_provider_and_stub_abis_are_literal ... ok
test vm_lifecycle::tests::sequential_vm_lifecycles_never_reuse_a_serial ... ok
test probes::translated_range_probe_abi::translated_range_provider_and_stub_keep_one_four_five_two_scalar_shapes ... ok
test probes::hvpatch_guest_probe_abi::exec_predecessor_classification_provider_and_stub_keep_the_same_typed_shape ... ok
test probes::hvpatch_guest_probe_abi::mm_lease_lifecycle_provider_and_stub_stay_below_macos_arg5 ... ok
test vm_lifecycle::tests::versioned_artifact_round_trips_and_rejects_tampering ... ok
test vm_lifecycle::tests::artifact_publication_is_private_durable_and_no_clobber ... ok

test result: ok. 83 passed; 0 failed; 0 ignored; 0 measured; 0 filtered out; finished in 0.07s

     Running unittests src/lib.rs (target/debug/deps/carrick_portable-982473a9685046b1)

running 22 tests
test fd_abs_path_tests::invalid_fd_reports_none ... ok
test pure_transform_tests::ipc_set_mode_replaces_perm_bits_preserving_high ... ok
test pure_transform_tests::errno_round_trips_via_std ... ok
test pure_transform_tests::ipc_perm_fields_default_is_zeroed ... ok
test pure_transform_tests::ipc_perm_fields_from_host_packs_owner_and_creator ... ok
test pure_transform_tests::ipc_perm_mode_masks_allocation_flags ... ok
test pure_transform_tests::sendfile_full_success_reports_all_bytes ... ok
test pure_transform_tests::sendfile_hard_error_reports_negated_errno ... ok
test pure_transform_tests::sendfile_partial_eagain_reports_partial_not_errno ... ok
test pure_transform_tests::sendfile_would_block_with_nothing_sent_is_hard_eagain ... ok
test pure_transform_tests::unix_peer_credentials_are_exact_and_fallible ... ok
test pure_transform_tests::xattr_each_namespace_decodes_distinctly ... ok
test pure_transform_tests::xattr_empty_user_name ... ok
test pure_transform_tests::xattr_no_dot_falls_back_to_user ... ok
test pure_transform_tests::xattr_system_round_trips ... ok
test pure_transform_tests::xattr_security_round_trips ... ok
test pure_transform_tests::xattr_trusted_round_trips ... ok
test pure_transform_tests::xattr_untagged_system_is_skipped ... ok
test fd_abs_path_tests::open_directory_reports_its_absolute_path ... ok
test pure_transform_tests::xattr_user_round_trips ... ok
test pure_transform_tests::unix_peer_credentials_reject_non_socket_and_closed_descriptors ... ok
test macos_sendfile_tests::partial_send_on_nonblocking_socket_reports_bytes_not_eagain ... ok

test result: ok. 22 passed; 0 failed; 0 ignored; 0 measured; 0 filtered out; finished in 0.01s

     Running unittests src/lib.rs (target/debug/deps/carrick_sched_core-9210e6f3e6636aa6)

running 42 tests
test occupancy::tests::a_switched_slot_is_counted_for_the_address_space_it_runs ... ok
test occupancy::tests::one_vcpu_runs_one_address_space ... ok
test occupancy::tests::host_slots_are_distinct_from_zone_slots_and_reusable ... ok
test spaces::tests::colliding_keys_probe_and_freed_entries_are_skipped_then_reused ... ok
test spaces::tests::a_published_space_is_granted_only_while_its_gate_is_open ... ok
test spaces::tests::a_cow_publication_is_owed_until_an_install_covers_it ... ok
test tests::a_closed_space_is_never_installed_again ... ok
test tests::a_host_load_starts_a_fresh_slice ... ok
test tests::a_home_record_runs_only_on_its_home_slot ... ok
test tests::a_cancelled_record_is_discarded_not_run ... ok
test tests::a_host_wake_queues_the_waiter_in_the_guest_directly ... ok
test tests::a_preempted_thread_resumes_without_a_result ... ok
test tests::a_service_record_is_never_switched_in ... ok
test tests::a_tick_migrates_queued_threads_to_idle_slots ... ok
test tests::a_timeout_claims_only_the_park_that_armed_it ... ok
test tests::an_executor_sweeps_cancelled_records_and_takes_its_service_head ... ok
test tests::arbitrary_non_linux_caller_result_propagates_on_timer_expiration ... ok
test tests::bitsets_select_waiters ... ok
test tests::claim_word_round_trips ... ok
test tests::el1_honours_affinity_for_floating_threads ... ok
test tests::drain_slot_hands_back_queued_and_reports_the_switched_in_record ... ok
test tests::el1_wake_places_a_floating_thread_on_an_idle_slot ... ok
test tests::enter_idle_refuses_wfi_with_a_queued_thread ... ok
test tests::el1_refuses_multi_entry_waiters ... ok
test tests::el1_wake_queues_on_the_slot_and_switch_in_takes_it ... ok
test tests::el1_wakes_any_count_and_exactly_that_many ... ok
test tests::host_claims_parked_but_is_refused_by_el1_held ... ok
test tests::only_the_executor_still_driving_a_slot_vacates_it ... ok
test tests::records_are_reused_with_a_new_incarnation ... ok
test tests::host_placement_respects_address_spaces_and_owes_resched_sgis ... ok
test tests::relocation_moves_queued_threads_between_run_queues_without_host_ownership ... ok
test tests::requeue_moves_waiters_to_the_new_address ... ok
test tests::slot_ids_encode_as_plus_one_words ... ok
test tests::run_queue_is_unbounded_fifo_and_survives_removal_from_the_middle ... ok
test tests::stealing_takes_only_what_the_thief_may_run ... ok
test tests::the_slot_timer_ends_a_timed_park_once ... ok
test tests::wake_is_fifo_and_counts_only_waiters_on_the_address ... ok
test tests::cross_slot_wakes_never_strand_a_thread_on_a_stopped_slot ... ok
test tests::concurrent_el1_wakes_and_host_claims_give_each_record_one_owner ... ok
test occupancy::tests::a_pause_never_misses_a_vcpu_about_to_run_its_address_space ... ok
test tests::a_pause_never_misses_an_el1_address_space_install ... ok
test tests::an_install_that_skips_the_gate_is_caught ... ok

test result: ok. 42 passed; 0 failed; 0 ignored; 0 measured; 0 filtered out; finished in 0.28s

     Running unittests src/lib.rs (target/debug/deps/carrick_signal_core-f5ec25b6a5388946)

running 52 tests
test fasync::tests::disarm_clears_the_entry ... ok
test child_watch::tests::child_exit_siginfo_queues_and_coalesces ... ok
test child_watch::tests::clear_empties_the_table ... ok
test child_watch::tests::is_tracked_reflects_membership ... ok
test child_watch::tests::tracked_pids_snapshot ... ok
test child_watch::tests::take_removes_and_returns_once ... ok
test child_watch::tests::register_sanitizes_exit_signal ... ok
test child_watch::tests::register_ignores_nonpositive_pid ... ok
test host_disposition::tests::installed_mask_mark_clear_roundtrip ... ok
test host_disposition::tests::out_of_range_mark_is_inert_and_reports_installed ... ok
test host_disposition::tests::out_of_range_signums_are_not_routable ... ok
test host_disposition::tests::standard_catchable_signals_are_routable ... ok
test host_disposition::tests::uncatchable_and_claimed_signals_are_not_routable ... ok
test host_glue::tests::execve_reset_preserves_ignored_mask ... ok
test host_glue::tests::ignore_then_handler_reinstalls_route ... ok
test host_glue::tests::install_ignore_default_roundtrip_tracks_mask_identity ... ok
test host_glue::tests::nudge_distinct_from_kick_and_pumped ... ok
test host_glue::tests::routable_excludes_claimed_and_faults ... ok
test host_glue::tests::translated_glue_keys_mask_on_linux_signum ... ok
test tests::pending_bit_basics ... ok
test tests::proc_pending_is_process_global ... ok
test tests::publish_take_thread_pending ... ok
test xsig::tests::adversarial_multithreaded_enqueue_drain_stress ... ok
test tests::tid_hint_concurrent_publish_take_loses_nothing ... ok
test tests::supervisor_fork_neutral_clears_empty_all_state ... ok
test tests::tid_hint_fast_path_never_hides_published_signal ... ok
test fasync::tests::concurrent_rearm_never_publishes_a_torn_owner ... ok
test fasync::tests::arm_then_lookup_round_trips ... ok
test fasync::tests::init_is_idempotent ... ok
test fasync::tests::rearm_overwrites_owner_and_sig ... ok
test fasync::tests::unarmed_fast_path_reads_no_slots ... ok
test xsig::tests::concurrent_drain_delivers_each_entry_exactly_once ... ok
test xsig::tests::cross_process_fork_shared_ring_delivery ... ok
test xsig::tests::delayed_producer_ready_transition_prevents_phantom_published_bits ... ok
test xsig::tests::drain_for_self_returns_entry_and_clears ... ok
test xsig::tests::drain_for_self_skips_other_pid ... ok
test xsig::tests::masked_to_unmasked_visibility_without_new_nudge ... ok
test xsig::tests::empty_ring_rechecks_reuse_cached_self_pid ... ok
test xsig::tests::enqueue_carries_target_tid_through_drain ... ok
test xsig::tests::has_unblocked_for_self_is_ring_authoritative_without_nudge ... ok
test xsig::tests::hook_handshake_timeout_on_unfired_hook_fails_boundedly ... ok
test xsig::tests::interleaved_drain_pauses_before_claim_never_steals_reused_slot ... ok
test xsig::tests::mark_dirty_makes_has_pending_true ... ok
test xsig::tests::empty_check_reads_no_payload_slots ... ok
test xsig::tests::mixed_destinations_isolation_and_drain ... ok
test xsig::tests::reexec_backing_fd_maps_the_same_shared_ring ... ok
test xsig::tests::ring_full_rejects_257th_enqueue ... ok
test xsig::tests::self_pid_cache_refreshes_at_process_boundaries ... ok
test xsig::tests::single_occupied_check_reads_only_occupied_slot ... ok
test xsig::tests::slot_retirement_reuse_preserves_publication_index ... ok
test xsig::tests::two_phase_publish_slot_reaches_ready ... ok
test xsig::tests::xsig_init_is_idempotent ... ok

test result: ok. 52 passed; 0 failed; 0 ignored; 0 measured; 0 filtered out; finished in 0.19s

     Running unittests src/lib.rs (target/debug/deps/carrick_spec-9c349c0e6bffcce1)

running 21 tests
test tests::backend_caps_amd64_on_arm_is_rosetta_only_on_macos_and_linux ... ok
test tests::exec_backend_defaults_to_hvpatch ... ok
test tests::backend_caps_native_when_guest_isa_matches_host ... ok
test tests::backend_caps_arm64_on_x86_is_unsupported_on_every_host_os ... ok
test tests::backend_caps_current_reflects_the_compiled_host ... ok
test tests::bridge_default_leaves_the_namespace_unnamed ... ok
test tests::anonymous_namespace_ids_round_trip_their_owner_pid ... ok
test tests::test_host_native_and_execution ... ok
test tests::test_image_config_default ... ok
test tests::named_bridge_specs_get_stable_distinct_ipv4_addresses ... ok
test tests::test_platform_from_oci_str ... ok
test tests::exec_backend_serde_accepts_hvpatch ... ok
test tests::stdio_mode_defaults_to_inherit_and_serializes_snake_case ... ok
test tests::image_config_stop_signal_round_trips_and_defaults ... ok
test tests::page_profile_vocabulary_round_trips ... ok
test tests::run_spec_network_defaults_to_host ... ok
test tests::native_code_mode_is_ignored_legacy_state ... ok
test tests::image_source_round_trips_and_defaults ... ok
test tests::bridge_network_spec_round_trips ... ok
test tests::unnamed_container_address_is_disjoint_from_every_named_one ... ok
test tests::test_image_reference_parsing_and_serialization ... ok

test result: ok. 21 passed; 0 failed; 0 ignored; 0 measured; 0 filtered out; finished in 0.14s

     Running unittests src/lib.rs (target/debug/deps/carrick_test_support-656b1e682bd108c1)

running 0 tests

test result: ok. 0 passed; 0 failed; 0 ignored; 0 measured; 0 filtered out; finished in 0.00s

     Running unittests src/lib.rs (target/debug/deps/carrick_thread-4a6bdb0b5cf13652)

running 66 tests
test fork_quiesce::tests::exec_replacement_claim_is_exclusive_until_ended ... ok
test fork_quiesce::tests::frame_registry_guard_is_a_leaf ... ok
test fork_quiesce::tests::a_bound_mirror_follows_the_fence ... ok
test fork_quiesce::tests::fork_loser_subscription_parks_until_end_fork_even_while_not_quiescing ... ok
test fork_quiesce::tests::quiesce_subscription_is_exact_durable_and_one_shot_for_raise_and_release ... ok
test fork_quiesce::tests::fork_in_one_mm_does_not_park_executors_of_another ... ok
test fork_quiesce::tests::dropped_quiesce_subscription_cannot_observe_reused_generation ... ok
test fork_quiesce::tests::subscribe_after_release_is_ready_even_when_the_generation_matches ... ok
test fork_quiesce::tests::logical_progress_wakes_coordinator_without_consuming_sibling_release ... ok
test fork_quiesce::tests::topology_depth_tracks_executor_boundary ... ok
test platform_futex::tests::native_futex_initializes_shared_state_at_construction ... ok
test platform_futex::tests::native_shared_wait_delegates_the_whole_wait_once ... ok
test platform_futex::tests::native_shared_wait_forwards_the_interrupt_predicate ... ok
test platform_futex::tests::native_shared_wait_enrolls_before_parking ... ok
test platform_futex::tests::native_wake_and_requeue_forward_words_and_keys ... ok
test platform_futex::tests::shared_wait_returns_zero_when_the_word_already_moved ... ok
test platform_futex::tests::shared_wait_publishes_after_waiter_enrollment ... ok
test platform_futex::tests::shared_wake_publishes_exact_carrier_generation_callback ... ok
test thread::generation_subscription_tests::dropped_queued_wait_is_not_counted ... ok
test thread::generation_subscription_tests::dropped_subscription_never_receives_later_generation ... ok
test thread::generation_subscription_tests::dropped_subscription_leaves_queue_uncounted ... ok
test platform_futex::tests::shared_futex_rendezvous_is_in_process ... ok
test thread::generation_subscription_tests::requeue_cross_shard_and_same_shard_continuation_waiters ... ok
test thread::generation_subscription_tests::exact_generation_subscription_publishes_once_and_drop_unregisters ... ok
test thread::generation_subscription_tests::requeue_cross_shard_then_subscribe_fires_on_destination_wake ... ok
test thread::generation_subscription_tests::wait_prepared_dequeues_and_honours_prior_wake ... ok
test thread::generation_subscription_tests::wake_between_prepare_and_subscribe_is_counted_and_released ... ok
test thread::generation_subscription_tests::requeue_moves_queued_wait_before_it_subscribes ... ok
test thread::tests::all_other_parked_ignores_park_class ... ok
test thread::generation_subscription_tests::wake_consumes_queued_waiters_fifo_and_exactly ... ok
test thread::tests::all_other_vcpus_parked_tracks_unparks ... ok
test thread::tests::allocates_monotonic_tids_above_base ... ok
test thread::tests::container_registry_routes_registry_and_futex_by_exact_container ... ok
test thread::tests::container_registry_raii_removes_only_its_exact_generation ... ok
test thread::tests::exec_rekey_rejects_nonterminal_thread_group ... ok
test thread::tests::concurrent_final_thread_withdrawals_choose_exactly_one_last_thread ... ok
test thread::tests::exit_of_parked_thread_updates_last_unparked ... ok
test thread::tests::exec_rekeys_worker_survivor_permanently_to_main_tid ... ok
test thread::tests::exit_removes_thread_and_reports_last ... ok
test thread::tests::fd_backed_park_vetoes_release_safe_recheck ... ok
test thread::tests::futex_halt_poll_default_zero_preserves_waiter_registration ... ok
test thread::tests::futex_park_validation_does_not_reenter_locking_interrupt_predicate ... ok
test fork_quiesce::tests::a_starving_entrant_leaves_before_the_next_fence_is_raised ... ok
test thread::tests::futex_wait_times_out_with_no_waker ... ok
test thread::tests::futex_halt_poll_nonzero_delays_parking_until_window_expires ... ok
test thread::tests::futex_wake_with_no_waiters_returns_zero ... ok
test thread::tests::park_vcpu_reports_last_unparked ... ok
test thread::tests::park_vcpu_three_threads_requires_all_others_parked ... ok
test thread::tests::park_vcpu_unknown_tid_returns_false ... ok
test thread::tests::remove_all_except_keeps_exec_owner_live ... ok
test thread::tests::requeue_moves_waiters_from_one_addr_to_another ... ok
test thread::tests::requeue_bounded_count_is_exact ... ok
test thread::tests::set_vm_released_false_clears_pending_claim ... ok
test thread::tests::signal_notification_between_predicate_and_park_is_not_lost ... ok
test thread::tests::tracks_guest_visible_thread_state ... ok
test thread::tests::unpark_claims_vm_rebuild_exactly_once ... ok
test thread::tests::signal_wake_targets_only_matching_waiter_tid ... ok
test fork_quiesce::tests::quiesce_waits_for_all_others_then_releases ... ok
test thread::tests::futex_wait_woken_by_wake_across_threads ... ok
test thread::tests::container_futex_signal_notification_interrupts_waiter ... ok
test thread::tests::futex_wait_interrupted_by_pending_signal ... ok
test thread::wake_durability_tests::wake_is_not_lost_when_a_signal_broadcast_races_it ... ok
test thread::tests::futex_wake_returns_actual_waiter_count ... ok
test fork_quiesce::tests::wait_quiesced_times_out_when_a_thread_never_parks ... ok
test fork_quiesce::tests::fork_quiesce_stress_no_lost_wakeup_single_forker ... ok
test fork_quiesce::tests::fork_quiesce_stress_no_lost_wakeup_concurrent_forkers ... ok

test result: ok. 66 passed; 0 failed; 0 ignored; 0 measured; 0 filtered out; finished in 0.45s

     Running unittests src/lib.rs (target/debug/deps/carrick_timer_core-b95d1b3e7c47dc78)

running 25 tests
test itimer::tests::cpu_timer_classification_excludes_real_timer ... ok
test itimer::tests::arm_disarm_generation ... ok
test itimer::tests::cpu_timer_recheck_delay_is_bounded ... ok
test itimer::tests::cpu_due_decision_fires_when_due ... ok
test itimer::tests::arm_disarm_round_trip ... ok
test itimer::tests::current_arm_reconstructs_one_shot_timer ... ok
test itimer::tests::current_arm_reconstructs_periodic_timer ... ok
test itimer::tests::epoch_extended_idents_decode_to_their_which ... ok
test itimer::tests::arm_publishes_fresh_live_ident_disarm_resets_it ... ok
test itimer::tests::ident_round_trips_for_each_which ... ok
test itimer::tests::next_ident_is_fresh_and_decodes_to_which ... ok
test itimer::tests::cpu_timer_recheck_delay_scales_with_active_vcpus ... ok
test itimer::tests::out_of_range_ident_is_none ... ok
test itimer::tests::current_arm_replays_cpu_periodic_timer_as_one_shot ... ok
test itimer::tests::periodic_fire_keeps_armed_slot ... ok
test itimer::tests::one_shot_arm_has_no_periodic_transition ... ok
test itimer::tests::one_shot_fire_retires_armed_slot ... ok
test itimer::tests::run_fallback_cpu_one_shot_fires_once_when_cpu_advances ... ok
test itimer::tests::signum_mapping ... ok
test posix::tests::clear_empties_registry ... ok
test itimer::tests::run_fallback_cpu_retires_on_generation_bump ... ok
test posix::tests::create_arm_remaining_delete_roundtrip ... ok
test posix::tests::create_with_target_carries_target_tid ... ok
test posix::tests::getoverrun_starts_at_zero ... ok
test itimer::tests::run_fallback_real_retires_on_generation_bump ... ok

test result: ok. 25 passed; 0 failed; 0 ignored; 0 measured; 0 filtered out; finished in 0.00s

     Running unittests src/lib.rs (target/debug/deps/carrick_vmm_bhyve-578cb6e304901aa2)

running 0 tests

test result: ok. 0 passed; 0 failed; 0 ignored; 0 measured; 0 filtered out; finished in 0.00s

     Running unittests src/main.rs (target/debug/deps/carrick_vmm_bhyve-a819aea47fb660d1)

running 0 tests

test result: ok. 0 passed; 0 failed; 0 ignored; 0 measured; 0 filtered out; finished in 0.00s

     Running unittests src/lib.rs (target/debug/deps/carrick_vmm_kvm-1d38673b1775fa15)

running 0 tests

test result: ok. 0 passed; 0 failed; 0 ignored; 0 measured; 0 filtered out; finished in 0.00s

     Running unittests src/main.rs (target/debug/deps/carrick_vmm_kvm-643c7b9dbf00edc8)

running 0 tests

test result: ok. 0 passed; 0 failed; 0 ignored; 0 measured; 0 filtered out; finished in 0.00s

     Running unittests src/lib.rs (target/debug/deps/carrick_vmm_nvmm-325514fa8cb0bdcf)

running 0 tests

test result: ok. 0 passed; 0 failed; 0 ignored; 0 measured; 0 filtered out; finished in 0.00s

     Running unittests src/main.rs (target/debug/deps/carrick_vmm_nvmm-0dafab776128e0b2)

running 0 tests

test result: ok. 0 passed; 0 failed; 0 ignored; 0 measured; 0 filtered out; finished in 0.00s

     Running unittests src/lib.rs (target/debug/deps/carrick_x86-47e4fa16e3061124)

running 39 tests
test bringup::tests::fp_stub_bytes_encode_fxsave_and_fxrstor ... ok
test bringup_fns::tests::program_longmode_entry_zeroes_entry_gprs ... ok
test bringup_fns::tests::seed_entry_fork_child_inherits_stack_and_tls ... ok
test bringup_fns::tests::seed_entry_sibling_applies_thread_deltas ... ok
test bringup_fns::tests::seg_ar_packs_user_cs ... ok
test bringup::tests::msr_init_blob_masks_mxcsr_and_enables_avx_xcr0 ... ok
test bringup::tests::msr_init_blob_restores_entry_rdx_rcx_before_iretq ... ok
test bringup::tests::msr_init_blob_clear_rax_emits_xor_before_iretq ... ok
test bringup::tests::msr_init_blob_is_nonempty_and_ends_with_iretq ... ok
test engine::tests::complete_sysret_batches_rcx_r11_into_one_get_gprs ... ok
test engine::tests::complete_sysret_batches_rax_rip_into_one_set_gprs ... ok
test engine::tests::current_pc_does_not_rewrite_plain_user_rip_at_trampoline_address ... ok
test bringup_fns::tests::plan_windows_preserves_shared_aperture_backing ... ok
test bringup_fns::tests::plan_windows_covers_full_runtime_mmap_arena ... ok
test engine::tests::current_pc_reports_user_rcx_after_kvm_trampoline_base_resume ... ok
test engine::tests::current_pc_reports_user_rcx_while_parked_at_sysret ... ok
test engine::tests::interrupted_rflags_reports_user_r11_while_parked_at_sysret ... ok
test engine::tests::kick_at_doorbell_out_is_swallowed_and_syscall_traps ... ok
test engine::tests::kick_at_fault_stub_pc_is_swallowed ... ok
test engine::tests::kick_at_split_layout_doorbell_out_is_swallowed ... ok
test engine::tests::kick_at_sysret_with_fresh_stash_keeps_it ... ok
test engine::tests::kick_at_user_pc_is_reported ... ok
test engine::tests::kick_at_sysret_with_no_stash_synthesizes_user_context ... ok
test engine::tests::private_repoint_cr3_flush_failure_is_indeterminate ... ok
test engine::tests::snapshot_boundary_is_typed_and_rejects_corrupt_payloads ... ok
test engine::tests::x86_non_page_fault_vectors_match_linux_oracle ... ok
test engine::tests::x86_page_fault_present_bit_selects_accerr ... ok
test engine::tests::x86_set_no_access_records_and_default_gate_efaults ... ok
test engine::tests::syscall_copies_cross_shared_private_shared_fragments_page_by_page ... ok
test fault::tests::fault_stub_streams_fixed_record_words ... ok
test fault::tests::fault_tables_fit_in_kernel_window_headroom ... ok
test fault::tests::memory_record_decodes_packed_bytes ... ok
test fault::tests::fault_record_decodes_qword_pairs ... ok
test fault::tests::memory_record_fault_stub_writes_record_and_rings_once ... ok
test vdso::tests::offsets_recover_host_time_from_guest_tsc ... ok
test vdso::tests::offsets_scale_with_frequency ... ok
test bringup_fns::tests::build_pml4_translates_full_runtime_mmap_arena ... ok
test bringup_fns::tests::build_pml4_applies_image_ro_spans_to_leaves ... ok
test engine::tests::concurrent_guest_run_receipts_do_not_alias_past_512_host_threads ... ok

test result: ok. 39 passed; 0 failed; 0 ignored; 0 measured; 0 filtered out; finished in 0.01s

    Finished `test` profile [unoptimized + debuginfo] target(s) in 0.17s
     Running unittests src/lib.rs (target/debug/deps/carrick_kernel_example-4f7c6fdb5595b71e)

running 1 test
test memory::tests::alloc_bounds_overflow_does_not_advance_cursor ... ok

test result: ok. 1 passed; 0 failed; 0 ignored; 0 measured; 0 filtered out; finished in 0.00s

     Running unittests src/bin/kernel-syscall-floor.rs (target/debug/deps/kernel_syscall_floor-5979ab9bae733f14)

running 0 tests

test result: ok. 0 passed; 0 failed; 0 ignored; 0 measured; 0 filtered out; finished in 0.00s

     Running unittests src/bin/write-seek-observation.rs (target/debug/deps/write_seek_observation-e28e5c8fac10f420)

running 0 tests

test result: ok. 0 passed; 0 failed; 0 ignored; 0 measured; 0 filtered out; finished in 0.00s

     Running tests/contracts.rs (target/debug/deps/contracts-84d4a6c5b38a4f64)

running 25 tests
test fork_mappings_structural_red_control ... ok
test fork_stage1_image_structural_red_control ... ok
test fork_filetable_structural_red_control ... ok
test futex_requeue_structural_red_control ... ok
test futex_structural_red_control ... ok
test inotify09_hotpath_structural_red_control ... ok
test futex_zero_wake_visits_queue_head_without_waiter_inspections ... ok
test futex_partial_wake_scales_with_target_wake_count ... ok
test futex_requeue_partial_and_full ... ok
test inotify_readiness_structural_red_control ... ok
test fork_filetable_contract_is_semantically_exact_and_affine ... ok
test inotify_watch_structural_red_control ... ok
test fork_mappings_contract_is_semantically_exact_and_constant ... ok
test inotify09_hotpath_is_semantically_exact_and_linear ... ok
test inotify_churn_preserves_unread_watch_identity ... ok
test scheduler_lifecycle_contract_is_semantically_exact_and_constant ... ok
test inotify_readiness_cost_does_not_grow_with_queue_depth ... ok
test scheduler_cost_contract_is_semantically_exact_and_constant ... ok
test inotify_watch_contract_is_semantically_exact ... ok
test inotify_readiness_contract_does_not_scan_the_queue ... ok
test futex_contention_contract_is_semantically_exact_and_linear ... ok
test unrelated_futex_population_does_not_increase_target_queue_visits ... ok
test futex_requeue_contract_is_semantically_exact_and_linear ... ok
test scheduler_progress_contract_is_semantically_exact_and_linear ... ok
test fork_stage1_image_contract_admits_one_task_per_serial_fork ... ok

test result: ok. 25 passed; 0 failed; 0 ignored; 0 measured; 0 filtered out; finished in 0.14s

     Running tests/deferred_regressions.rs (target/debug/deps/deferred_regressions-cea2d5c366a6b147)

running 7 tests
test nocldwait_wakes_an_already_parked_parent ... ok
test ignored_sigchld_wakes_an_already_parked_parent ... ok
test default_message_credentials_use_real_gid ... ok
test blocked_socket_write_retains_sender_after_partial_progress ... ok
test stream_receive_stops_at_a_sender_credential_boundary ... ok
test failed_copyout_does_not_leave_stale_sender_credentials ... ok
test sender_credentials_survive_peek_partial_read_and_sender_exit ... ok

test result: ok. 7 passed; 0 failed; 0 ignored; 0 measured; 0 filtered out; finished in 0.04s

     Running tests/fd_admission.rs (target/debug/deps/fd_admission-e3aa4ba82a1bf074)

running 13 tests
test test_failed_open_releases_admission_and_next_valid_open_uses_lowest_slot ... ok
test test_close_frees_descriptor_slot_for_subsequent_open ... ok
test test_hostfs_open_full_table_returns_emfile_before_missing_path_resolution ... ok
test test_hostfs_open_rejected_by_rlimit_does_not_create_nonexistent_file ... ok
test test_fork_preserves_independent_rlimits_and_descriptor_tables ... ok
test test_memfs_open_full_table_returns_emfile_before_missing_path_resolution ... ok
test test_memfs_open_rejected_by_rlimit_does_not_truncate_existing_file ... ok
test test_hostfs_open_rejected_by_rlimit_does_not_truncate_existing_file ... ok
test test_fifo_open_cancellation_releases_reservation_exactly_once ... ok
test test_memfs_open_rejected_by_rlimit_does_not_create_nonexistent_file ... ok
test test_fifo_open_parks_with_reserved_slot_and_rejects_dup2_ebusy ... ok
test test_dup3_ebusy_loser_preserves_target_and_epoll_registration ... ok
test test_fork_during_pending_fifo_open_allows_child_to_allocate_uncommitted_slot ... ok

test result: ok. 13 passed; 0 failed; 0 ignored; 0 measured; 0 filtered out; finished in 0.04s

     Running tests/fork_pipe_wait.rs (target/debug/deps/fork_pipe_wait-cbad75311040e0d4)

running 29 tests
test duplicate_capture_tags_in_one_syscall_rejects ... ok
test exit_expectation_mismatch_fails ... ok
test layout_integer_signedness_is_checked_before_dispatch ... ok
test layout_narrow_integer_overflow_rejects ... ok
test layout_write_outside_layout_bounds_rejects ... ok
test layout_relocation_offset_overflow_rejects ... ok
test child_write_to_broken_pipe_terminates_with_sigpipe ... ok
test fork_pipe_wait_through_the_public_surface ... ok
test a_forked_task_can_fork_again ... ok
test a_blocked_read_is_dispatched_exactly_twice_when_the_writer_arrives ... ok
test save_out_i32_out_of_bounds_rejects ... ok
test save_ret_on_failed_syscall_rejects ... ok
test saved_return_reused_as_operand ... ok
test blocking_write_over_pipe_capacity_completes_byte_exact ... ok
test sig_ign_drops_signal_without_terminating ... ok
test sigprocmask_blocked_sigchld_received_by_signalfd4_with_pid ... ok
test sigkill_from_the_parent_terminates_the_child_and_wait4_reports_the_signal ... ok
test sigprocmask_blocked_sigchld_received_by_sigtimedwait_with_pid_and_status ... ok
test sigprocmask_blocked_signal_received_by_signalfd4 ... ok
test successful_errno_expectation_matches ... ok
test wrong_errno_diagnostic_reports_label_pid_and_errnos ... ok
test wrong_return_diagnostic_reports_label_pid_and_values ... ok
test sigprocmask_blocked_signal_received_by_sigtimedwait ... ok
test tagged_save_out_of_bounds_rejects ... ok
test clock_nanosleep_completes_after_its_interval ... ok
test nanosleep_completes_after_its_interval_with_zero_remaining ... ok
test pselect6_timeout_zeroes_non_null_fd_set ... ok
test a_timerfd_read_parks_until_the_timer_fires ... ok
test a_lost_wake_fails_inside_the_bound ... ok

test result: ok. 29 passed; 0 failed; 0 ignored; 0 measured; 0 filtered out; finished in 5.04s

     Running tests/fork_threads_exit.rs (target/debug/deps/fork_threads_exit-6ba47bd8cd303a5a)

running 2 tests
test a_forked_child_that_threads_and_forks_again_retires_every_task ... ok
test fork_from_a_threaded_process_retires_every_task ... ok

test result: ok. 2 passed; 0 failed; 0 ignored; 0 measured; 0 filtered out; finished in 0.05s

     Running tests/host_wait_cancellation.rs (target/debug/deps/host_wait_cancellation-c58d95a05e66811f)

running 1 test
test peer_exec_retires_host_wait_without_guest_return ... ok

test result: ok. 1 passed; 0 failed; 0 ignored; 0 measured; 0 filtered out; finished in 0.04s

     Running tests/native_execution_scope.rs (target/debug/deps/native_execution_scope-e46f899ef1f25c93)

running 1 test
test native_execution_scope_contract ... ok

test result: ok. 1 passed; 0 failed; 0 ignored; 0 measured; 0 filtered out; finished in 0.04s

     Running tests/ptrace_wait.rs (target/debug/deps/ptrace_wait-6da25f50e0bcef08)

running 16 tests
test ptrace_fast_stop_before_wait_ancestor_root_wait4 ... ok
test control_unrelated_non_tracer_sees_echild ... ok
test control_non_tracer_echild_after_detach ... ok
test ptrace_fast_stop_before_wait_ancestor_root_waitid ... ok
test ptrace_attach_and_wait_on_ancestor_root_continuation_wait4 ... ok
test control_ordinary_non_ptrace_job_control_stop_waitid_reports_cld_stopped ... ok
test ptrace_attach_and_wait_on_non_child_sibling_continuation_waitid ... ok
test ptrace_attach_and_wait_on_non_child_sibling_continuation_wait4 ... ok
test control_normal_child_wait_continuation_succeeds ... ok
test ptrace_attach_and_wait_on_ancestor_root_continuation_waitid ... ok
test ptrace_fast_stop_before_wait_non_child_sibling_waitid ... ok
test ptrace_lost_wake_window_ancestor_root_waitid ... ok
test ptrace_lost_wake_window_non_child_sibling_wait4 ... ok
test ptrace_fast_stop_before_wait_non_child_sibling_wait4 ... ok
test ptrace_lost_wake_window_non_child_sibling_waitid ... ok
test ptrace_lost_wake_window_ancestor_root_wait4 ... ok

test result: ok. 16 passed; 0 failed; 0 ignored; 0 measured; 0 filtered out; finished in 0.04s

     Running tests/scheduler_handoff.rs (target/debug/deps/scheduler_handoff-48cf333699947e9e)

running 21 tests
test host_wait_graceful_close_and_drain ... ok
test host_wait_control_pokes_and_residency_flush_requests ... ok
test host_wait_authentication_and_stale_unregister ... ok
test host_wait_handoff_no_spare_vacant_and_resumes ... ok
test host_wait_handoff_sibling_thread_progresses_on_spare ... ok
test host_wait_handoff_affinity_pinned_placement ... ok
test host_wait_handoff_nested_lineage_and_ancestor_return ... ok
test host_wait_handoff_separate_process_child_progresses_on_spare ... ok
test host_wait_handoff_concurrent_returns ... ok
test nested_host_wait_final_return_clears_stale_handoff_reason ... ok
test host_wait_dropped_token_unwinding_with_active_replacement ... ok
test uncontended_host_wait_return_has_zero_spurious_preemptions ... ok
test injected_host_sync_does_not_readmit_a_retired_thread ... ok
test injected_stdio_writer_does_not_readmit_a_retired_thread ... ok
test redirected_stdio_writer_does_not_readmit_a_retired_thread ... ok
test injected_host_sync_allows_replacement_mm_mutation ... ok
test injected_stdio_short_write_then_error_preserves_writer_contract ... ok
test injected_stdio_writer_allows_replacement_mm_mutation ... ok
test redirected_stdio_writer_allows_replacement_mm_mutation ... ok
test retired_stdio_unwind_does_not_readmit_the_old_task ... ok
test injected_stdio_unwind_restores_cpu_ownership ... ok

test result: ok. 21 passed; 0 failed; 0 ignored; 0 measured; 0 filtered out; finished in 0.04s

     Running tests/scheduler_preemption.rs (target/debug/deps/scheduler_preemption-2fa30dfec8b143ec)

running 20 tests
test run_budget_constructor_bounds_and_defaults ... ok
test pick_next_callback_reentrancy_without_deadlock ... ok
test pending_signal_plus_fairness_isolation ... ok
test queue_change_during_callback_and_stale_fallback_to_fifo ... ok
test default_fifo_policy_never_materializes_snapshots ... ok
test one_cpu_two_executors_independent_residencies ... ok
test custom_quantum_policy_sets_10ms_deadline ... ok
test distinct_processes_have_distinct_process_ids ... ok
test timeline_a_starts_0_b_queues_1ms_due_at_4ms ... ok
test threaded_driver_wait_preemption_work_wakes_on_manual_clock_advance ... ok
test sibling_threads_have_distinct_thread_ids_and_equal_process_ids ... ok
test timeline_a_starts_0_b_queues_20ms_immediately_eligible ... ok
test timeline_affinity_constrained_contender_never_kicks_ineligible_cpu ... ok
test timeline_deadline_fires_after_exec_unbind_no_successor ... ok
test timeline_b_claimed_by_idle_executor_cancels_unclaimed_deadline ... ok
test timeline_demand_disappears_after_delivery_claim_at_most_one_extra_exit ... ok
test timeline_one_contender_several_busy_executors_selects_oldest ... ok
test timeline_more_wakes_do_not_extend_deadline ... ok
test uncontended_syscall_steps_retain_residency ... ok
test cost_assertions_and_fifo_rotation ... ok

test result: ok. 20 passed; 0 failed; 0 ignored; 0 measured; 0 filtered out; finished in 0.03s

     Running tests/semantics.rs (target/debug/deps/semantics-14f6c17e801df09f)

running 85 tests
test epoll::epoll_ctl_add_of_a_registered_fd_is_eexist_and_del_of_an_unregistered_fd_is_enoent ... ok
test epoll::epollhup_is_reported_when_every_writer_closes ... ok
test epoll::an_epoll_instance_is_shared_across_fork_and_a_write_in_the_child_wakes_the_parent ... ok
test futex::futex_requeue_moves_waiters_without_waking_them ... ok
test futex::futex_wait_parks_and_a_wake_from_the_sibling_thread_resumes_it ... ok
test futex::futex_wait_with_a_stale_value_is_eagain ... ok
test futex::futex_wake_returns_the_number_woken ... ok
test epoll::edge_triggered_reports_once_until_new_data_arrives ... ok
test epoll::closing_a_duplicated_descriptor_in_the_same_process_keeps_the_epoll_registration_until_both_close ... ok
test epoll::reused_numeric_descriptor_does_not_trigger_or_mask_epoll_for_original_description ... ok
test futex_contention::futex_cmp_requeue_with_stale_val3_returns_eagain ... ok
test epoll::closing_an_inherited_descriptor_keeps_the_epoll_registration_until_the_child_closes_it ... ok
test futex_contention::futex_cmp_requeue_moves_and_wakes_the_correct_counts ... ok
test futex_contention::futex_wait_zero_timeout_returns_etimedout_immediately ... ok
test futex_contention::futex_pi_lock_unlock_deadlock_detection ... ok
test identity::getpid_and_getppid_for_init_process ... ok
test futex_contention::futex_wake_of_unshared_address_across_fork_is_zero ... ok
test futex_contention::futex_requeue_durability_across_signal_broadcast ... ok
test identity::getppid_returns_parent_pid_after_fork ... ok
test identity::gettid_differs_from_parent_tid_in_thread ... ok
test fork_scaling::fork_with_32_parked_children_completes ... ok
test identity::getppid_updates_on_reparenting_to_init ... ok
test identity::identity_and_credential_syscalls_are_consistent_across_fork ... ok
test inotify_watch::rejected_write_does_not_modify_or_consume_watch_in_memory ... ok
test inotify_watch::repeated_host_writes_refresh_cached_size ... ok
test inotify_watch::rejected_write_does_not_modify_or_consume_watch ... ok
test pgrp::a_parent_may_move_a_child_into_the_parents_group_before_exec ... ok
test inotify_watch::inotify_watch_lifecycle_in_host_fs ... ok
test fork_scaling::fork_children_receive_independent_futex_table_under_population ... ok
test inotify_watch::partial_positive_write_notifies_on_both_backends ... ok
test pgrp::kill_of_a_non_existent_pid_is_esrch ... ok
test pgrp::wait4_minus_nonexistent_pgid_returns_echild ... ok
test pgrp::kill_signal_zero_probes_existence ... ok
test pgrp::setpgid_zero_zero_makes_the_caller_a_group_leader ... ok
test pgrp::setsid_by_a_group_leader_is_eperm ... ok
test pgrp::setpgid_on_a_child_in_another_session_is_eperm ... ok
test pgrp::zombie_keeps_process_group_membership_until_reaped ... ok
test pidfd::pidfd_open_on_a_reaped_pid_is_esrch ... ok
test pidfd::a_pidfd_becomes_readable_when_the_process_exits ... ok
test pidfd::waitid_p_pidfd_reaps_through_the_descriptor ... ok
test pidfd::pidfd_send_signal_kills_the_child ... ok
test pipe::a_dup2d_write_end_keeps_the_pipe_open_until_both_descriptors_close ... ok
test pipe::o_nonblock_read_on_an_empty_pipe_is_eagain_and_write_to_a_full_pipe_is_eagain ... ok
test pgrp::kill_minus_pgid_reaches_every_member_and_kill_zero_reaches_the_callers_group ... ok
test pipe::fionread_reports_queued_bytes_on_the_read_end_and_on_the_write_end ... ok
test pipe::write_with_sigpipe_ignored_is_epipe ... ok
test pipe::write_to_a_pipe_with_no_readers_dies_by_sigpipe ... ok
test signal::ignored_signal_does_not_terminate_process ... ok
test signal::sigchld_is_delivered_on_child_exit ... ok
test signal::signalfd4_delivers_pending_signal_as_read ... ok
test signal::signal_mask_is_inherited_across_fork ... ok
test signal::kill_child_with_sigterm_produces_signal_death ... ok
test pipe::writes_up_to_pipe_buf_are_atomic_across_two_writers ... ok
test threads::a_thread_exiting_alone_leaves_the_process_running ... ok
test threads::single_root_thread_exit_retires_process_with_exit_code ... ok
test signal::tgkill_targets_specific_thread ... ok
test threads::root_leader_parked_and_sibling_exit_group_terminates_with_exit_code ... ok
test threads::leader_exits_first_and_final_sibling_exit_retires_process ... ok
test threads::clone_thread_shares_the_fd_table_and_memory_and_exit_group_ends_every_thread ... ok
test unix::a_descriptor_passed_over_scm_rights_reads_the_same_pipe ... ok
test unix::recvmsg_control_truncation_sets_msg_ctrunc ... ok
test unix::scm_credentials_deferred_read_after_sender_exit_and_reap ... ok
test threads::tgkill_wakes_the_exact_sibling_signal_waiter ... ok
test unix::recv_on_a_stream_socket_whose_peer_closed_returns_zero ... ok
test fork_scaling::fork_with_64_parked_children_completes ... ok
test unix::scm_credentials_carry_the_senders_pid_uid_gid ... ok
test unix::scm_credentials_explicit_unprivileged_forgery_returns_eperm ... ok
test unix::scm_credentials_stream_read_capping_across_multiple_senders ... ok
test pipe::read_returns_zero_only_after_every_writer_closes ... ok
test unix::scm_credentials_peek_does_not_consume ... ok
test unix::scm_credentials_synthesized_for_plain_write ... ok
test fork_scaling::fork_dispatch_count_does_not_grow_linearly_with_population ... ok
test unix::send_after_peer_close_is_epipe_with_msg_nosignal ... ok
test unix::send_after_peer_close_without_msg_nosignal_terminates_with_sigpipe ... ok
test unix::scm_credentials_zero_length_datagram_and_subsequent_datagram ... ok
test unix::scm_credentials_tracks_multiple_forked_senders_and_preserves_so_peercred ... ok
test unix::so_peercred_names_the_peer_process ... ok
test wait::a_zombie_is_reaped_exactly_once ... ok
test wait::an_orphan_is_reparented_to_init_which_can_reap_it ... ok
test wait::sigchld_set_to_sig_ign_autoreaps_and_wait4_reports_echild ... ok
test wait::waitid_wnowait_leaves_the_zombie_and_a_second_waitid_consumes_it ... ok
test wait::wait4_minus_one_reaps_any_child_and_echild_when_none_remain ... ok
test wait::prctl_set_child_subreaper_receives_the_grandchild ... ok
test wait::wnohang_returns_zero_while_the_child_lives_then_reaps_it ... ok
test futex::a_private_futex_is_not_shared_across_fork ... ok

test result: ok. 85 passed; 0 failed; 0 ignored; 0 measured; 0 filtered out; finished in 0.09s

     Running tests/socket_close.rs (target/debug/deps/socket_close-e5f61fda6d19e700)

running 8 tests
test unix_socketpair_local_shut_rd_wakes_epoll_with_epollrdhup ... ok
test tcp_peer_close_wakes_epoll_with_epollrdhup ... ok
test tcp_local_shut_rd_dup_alias_lifecycle ... ok
test tcp_local_shut_rd_wakes_epoll_with_epollrdhup ... ok
test tcp_peer_shut_wr_live_peer_handshake ... ok
test tcp_local_shut_rd_with_in_and_rdhup_interest ... ok
test tcp_local_shut_wr_negative_control_no_rdhup ... ok
test tcp_local_shut_rdwr_wakes_epoll_with_epollrdhup ... ok

test result: ok. 8 passed; 0 failed; 0 ignored; 0 measured; 0 filtered out; finished in 0.04s

     Running tests/socket_receive.rs (target/debug/deps/socket_receive-9ed6bfb8ecc7e8e3)

running 22 tests
test recvfrom_unnamed_socketpair_updates_addrlen_to_zero ... ok
test recvfrom_empty_socket_invalid_addrlen_returns_eagain ... ok
test sctp_recvmsg_message_boundaries_and_eor ... ok
test af_unix_recv_errqueue_ignores_flag_and_returns_payload ... ok
test sctp_connect_preserves_client_and_accepted_protocol_identity ... ok
test recvmsg_invalid_namelen_precedence_over_errqueue_returns_einval ... ok
test recvfrom_queued_data_null_addrlen_returns_efault_and_consumes_data ... ok
test af_unix_recv_errqueue_on_eof_ignores_flag_and_returns_zero ... ok
test recvfrom_queued_data_negative_addrlen_returns_einval_and_consumes_data ... ok
test sctp_recvfrom_preserves_source_address ... ok
test sctp_recvmsg_preserves_source_address ... ok
test tcp_recvmsg_cmsg_cloexec_echoes_in_msg_flags ... ok
test tcp_recvmsg_bad_iovec_pointer_returns_efault_before_errqueue ... ok
test tcp_recvfrom_queued_data_errqueue_with_invalid_addrlen_returns_eagain_and_preserves_data ... ok
test tcp_recv_empty_errqueue_returns_eagain_and_preserves_stream_payload ... ok
test tcp_recvmsg_ignores_source_pointer ... ok
test sctp_unread_close_preserves_peer_reset ... ok
test tcp_recvmsg_empty_errqueue_returns_eagain_and_preserves_stream_payload ... ok
test tcp_recv_empty_errqueue_on_eof_returns_eagain_then_regular_recv_returns_zero ... ok
test tcp_recvfrom_ignores_source_pointer_for_payload_and_eof ... ok
test tcp_recvmsg_long_ancillary_buffer_zeroes_msg_controllen_and_msg_flags ... ok
test tcp_recvmsg_null_name_negative_namelen_errqueue_returns_eagain ... ok

test result: ok. 22 passed; 0 failed; 0 ignored; 0 measured; 0 filtered out; finished in 0.04s

     Running tests/stdio_host_wait_contention.rs (target/debug/deps/stdio_host_wait_contention-e720473eef7c8a98)

running 1 test
test stdio_writer_mutex_contention_allows_spare_progression_and_mm_mutation ... ok

test result: ok. 1 passed; 0 failed; 0 ignored; 0 measured; 0 filtered out; finished in 0.03s

     Running tests/stdio_inherited_backpressure.rs (target/debug/deps/stdio_inherited_backpressure-07560ee8d4473ed5)

running 1 test
test inherited_stdio_backpressure_and_pinning_in_host_wait ... ok

test result: ok. 1 passed; 0 failed; 0 ignored; 0 measured; 0 filtered out; finished in 0.04s

     Running tests/unicode_paths.rs (target/debug/deps/unicode_paths-88e3b6d3a5aac306)

running 6 tests
test test_unicode_composed_vs_decomposed_alias_protection ... ok
test test_unicode_file_create_write_read_reopen_unlink ... ok
test test_unicode_hardlink_exact_name_retained ... ok
test test_unicode_symlink_and_directory_names ... ok
test test_unicode_rename_and_replacement ... ok
test test_unicode_lookup_bounds_directory_entry_visits_with_siblings ... ok

test result: ok. 6 passed; 0 failed; 0 ignored; 0 measured; 0 filtered out; finished in 0.04s

    Finished `test` profile [unoptimized + debuginfo] target(s) in 0.10s
     Running unittests src/lib.rs (target/debug/deps/carrick_conformance_contract-a87a7a364c0059ca)

running 26 tests
test personality_boundary::tests::test_metadata_from_another_workspace_rejected ... ok
test personality_boundary::tests::test_negative_macro_rules_definition_containing_symbol_rejected ... ok
test personality_boundary::tests::test_negative_macro_rules_definition_containing_literal_rejected ... ok
test personality_boundary::tests::test_negative_cfg_not_test_rejected ... ok
test personality_boundary::tests::test_negative_macro_invocation_containing_literal_rejected ... ok
test personality_boundary::tests::test_negative_cfg_feature_containing_test_word_rejected ... ok
test personality_boundary::tests::test_negative_cfg_any_test_and_prod_feature_rejected ... ok
test personality_boundary::tests::test_negative_custom_lib_path_rejected ... ok
test personality_boundary::tests::test_negative_unannotated_mod_tests_filename_rejected ... ok
test personality_boundary::tests::test_negative_direct_dependency_rejected ... ok
test personality_boundary::tests::test_positive_annotated_mod_arbitrary_name_allowed ... ok
test personality_boundary::tests::test_negative_missing_allowlisted_crate_rejected ... ok
test personality_boundary::tests::test_negative_missing_transitive_node_rejected ... ok
test personality_boundary::tests::test_positive_cfg_all_test_and_foo_allowed ... ok
test personality_boundary::tests::test_negative_missing_target_cannot_fall_back_to_other_source ... ok
test personality_boundary::tests::test_positive_test_only_oracle_assertions_allowed ... ok
test personality_boundary::tests::test_negative_no_scanned_source_files_rejected ... ok
test personality_boundary::tests::test_positive_prose_comments_allowed ... ok
test personality_boundary::tests::test_negative_renamed_alias_dependency_rejected ... ok
test personality_boundary::tests::test_negative_unresolved_registry_dependency_rejected ... ok
test personality_boundary::tests::test_positive_typed_caller_values_allowed ... ok
test personality_boundary::tests::test_negative_target_conditioned_build_dependency_rejected ... ok
test personality_boundary::tests::test_negative_optional_transitive_dependency_rejected ... ok
test personality_boundary::tests::test_inherited_test_module_and_production_filename ... ok
test personality_boundary::tests::test_positive_fixture_substrate_passes ... ok
test personality_boundary::tests::test_positive_dev_only_dependency_allowed ... ok

test result: ok. 26 passed; 0 failed; 0 ignored; 0 measured; 0 filtered out; finished in 0.01s

     Running unittests src/bin/check-contracts.rs (target/debug/deps/check_contracts-a07a3282bcf7acb8)

running 0 tests

test result: ok. 0 passed; 0 failed; 0 ignored; 0 measured; 0 filtered out; finished in 0.00s

     Running unittests src/bin/check-personality-boundary.rs (target/debug/deps/check_personality_boundary-6b2c2853d0118524)

running 0 tests

test result: ok. 0 passed; 0 failed; 0 ignored; 0 measured; 0 filtered out; finished in 0.00s

     Running unittests src/bin/generate-inventory.rs (target/debug/deps/generate_inventory-173da34c40a0ff15)

running 0 tests

test result: ok. 0 passed; 0 failed; 0 ignored; 0 measured; 0 filtered out; finished in 0.00s

     Running tests/claims.rs (target/debug/deps/claims-39cd1f3f25b5944f)

running 6 tests
test claim_id_rejects_invalid_format ... ok
test claim_id_accepts_valid_format ... ok
test claim_serialization_round_trip ... ok
test violation_demonstrated_requires_known_bad_revision ... ok
test registry_loads_claims_successfully ... ok
test live_registry_loads_all_claims ... ok

test result: ok. 6 passed; 0 failed; 0 ignored; 0 measured; 0 filtered out; finished in 0.02s

     Running tests/evaluate.rs (target/debug/deps/evaluate-cdcde7c226e6ac3b)

running 14 tests
test instrumented_observation_cannot_supply_timing_evidence ... ok
test semantic_mismatch_fails_closed ... ok
test uninstrumented_timing_observation_cannot_claim_structural_completeness ... ok
test native_syscall_contract_requires_measured_zero_counters ... ok
test dropped_events_fail_closed ... ok
test exact_budget_success_and_failure ... ok
test timing_ratio_failure_fails_closed ... ok
test fixture_mismatch_fails_closed ... ok
test native_syscall_contract_rejects_unbound_execution_evidence ... ok
test missing_metric_fails_closed ... ok
test affine_failure_reports_smallest_scale_point ... ok
test unresolved_signed_binding_is_not_execution_coverage ... ok
test structural_budget_applies_only_to_named_layer ... ok
test upper_bound_budget_failure ... ok

test result: ok. 14 passed; 0 failed; 0 ignored; 0 measured; 0 filtered out; finished in 0.05s

     Running tests/inventory.rs (target/debug/deps/inventory-6c57045156b074b2)

running 2 tests
test inventory_covers_entire_aarch64_table ... ok
test inventory_serializes_to_valid_json ... ok

test result: ok. 2 passed; 0 failed; 0 ignored; 0 measured; 0 filtered out; finished in 0.03s

     Running tests/registry.rs (target/debug/deps/registry-abda6f8ad5bc62c0)

running 10 tests
test contract_ids_reject_empty_or_non_lowercase_segments ... ok
test non_toml_contract_entries_are_rejected ... ok
test affine_budgets_require_three_scale_points ... ok
test unknown_work_metrics_are_rejected_as_toml ... ok
test surfaces_must_reference_registered_contracts ... ok
test missing_budget_rationale_is_rejected ... ok
test unknown_binding_layers_are_rejected_as_toml ... ok
test fields_from_another_budget_kind_are_rejected_as_toml ... ok
test duplicate_contract_ids_are_rejected ... ok
test futex_contract_has_structural_and_runtime_authority ... ok

test result: ok. 10 passed; 0 failed; 0 ignored; 0 measured; 0 filtered out; finished in 0.02s

     Running tests/write_seek_bindings.rs (target/debug/deps/write_seek_bindings-70ca487a96bca399)

running 1 test
test write_seek_has_real_signed_and_docker_bindings ... ok

test result: ok. 1 passed; 0 failed; 0 ignored; 0 measured; 0 filtered out; finished in 0.02s

   Compiling carrick-vmm-hvf v0.1.0 (/Users/tjfontaine/.codex/worktrees/el1-completion/carrick/crates/carrick-vmm-hvf)
   Compiling carrick-runtime v0.1.0 (/Users/tjfontaine/.codex/worktrees/el1-completion/carrick/crates/carrick-runtime)
   Compiling carrick-engine v0.1.0 (/Users/tjfontaine/.codex/worktrees/el1-completion/carrick/crates/carrick-engine)
   Compiling carrick-cli v0.1.0 (/Users/tjfontaine/.codex/worktrees/el1-completion/carrick/crates/carrick-cli)
    Finished `test` profile [unoptimized + debuginfo] target(s) in 11.92s
     Running unittests src/main.rs (target/debug/deps/carrick-8b310b579c24d4bb)

running 190 tests
test amplification_profile::tests::a_quiet_host_receipt_round_trips_through_the_header ... ok
test amplification_profile::tests::bundled_amplification_program_matches_the_capture_side_copy ... ok
test amplification_profile::tests::guest_slot_decodes_carrick_only_and_canonical_numbers ... ok
test amplification_profile::tests::program_digest_is_the_digest_of_the_bundled_template ... ok
test amplification_profile::tests::the_capture_paths_own_header_is_accepted_by_this_reader ... ok
test amplification_profile::tests::the_consumer_drop_record_is_required_and_must_be_zero ... ok
test amplification_profile::tests::the_header_must_name_a_digest_pinned_image_and_an_argv_digest ... ok
test args::tests::amplification_compare_requires_both_ledgers_but_not_output ... ok
test args::tests::authenticated_vm_ledger_requires_external_provenance ... ok
test args::tests::build_output_conflicts_with_push ... ok
test args::tests::hvpatch_core_lifecycle_profile_is_cli_selectable ... ok
test args::tests::hvpatch_exec_runtime_stages_profile_is_cli_selectable ... ok
test args::tests::hvpatch_identity_host_safety_profile_is_cli_selectable ... ok
test args::tests::hvpatch_k1_lifecycle_profile_is_cli_selectable ... ok
test args::tests::lldb_snapshot_accepts_an_existing_scoped_run ... ok
test args::tests::network_inspect_accepts_multiple_names_like_docker ... ok
test args::tests::preflight_quiet_host_is_a_profile_scoped_trace_flag ... ok
test args::tests::trace_strict_script_exit_is_explicit_and_requires_a_script ... ok
test args::tests::volume_inspect_accepts_multiple_names_like_docker ... ok
test commands::tests::build_source_marker_is_always_explicit_and_versioned ... ok
test commands::tests::kaniko_argv_cache_no_repo ... ok
test commands::tests::kaniko_argv_cache_with_repo ... ok
test commands::tests::kaniko_argv_default_no_cache_flags ... ok
test commands::tests::kaniko_argv_never_uses_new_run ... ok
test commands::tests::kaniko_argv_no_cache_wins_over_cache ... ok
test commands::tests::kaniko_argv_no_push_maps_flags ... ok
test commands::tests::kaniko_argv_push_omits_out_mount_and_no_push ... ok
test commands::tests::legacy_custom_trace_allows_missing_exit_but_rejects_loss_or_interruption ... ok
test commands::tests::network_connect_ipam_config_preserves_ipv4_and_ipv6 ... ok
test commands::tests::network_ipam_config_preserves_docker_cli_metadata ... ok
test commands::tests::parse_network_mode_accepts_container_target_name ... ok
test commands::tests::parse_network_mode_accepts_custom_bridge_name ... ok
test commands::tests::preserve_build_archive_keeps_exact_bytes_and_rejects_overwrite ... ok
test commands::tests::strict_custom_trace_requires_a_zero_exit_receipt ... ok
test debug::tests::deadline_capture_collects_kernel_ledger_before_lldb_freezes_the_carrier ... ok
test debug::tests::deadline_capture_dumps_on_the_fatal_hold_before_the_deadline ... ok
test debug::tests::deadline_capture_keeps_enough_event_history_for_cross_thread_waits ... ok
test debug::tests::deadline_capture_leaves_running_targets_for_lldb_to_stop ... ok
test debug::tests::deadline_capture_revalidates_scoped_identity_before_attach_and_signal ... ok
test debug::tests::decodes_tier_b_data_abort_syndrome ... ok
test debug::tests::fatal_hold_line_names_the_carrier_pid_to_attach ... ok
test debug::tests::lldb_core_capture_keeps_modified_guest_and_runtime_memory ... ok
test debug_amplification::tests::a_ledger_from_an_older_program_still_parses ... ok
test debug_amplification::tests::amplification_comparison_differences_two_ledgers_in_exact_integers ... ok
test debug_amplification::tests::amplification_comparison_is_canonical_and_self_validating ... ok
test debug_amplification::tests::amplification_comparison_of_identical_ledgers_is_exactly_zero ... ok
test debug_amplification::tests::amplification_comparison_publishes_without_clobbering ... ok
test debug_amplification::tests::amplification_comparison_refuses_a_strict_superset_rather_than_intersecting ... ok
test debug_amplification::tests::amplification_comparison_refuses_every_determinant_crossing ... ok
test debug_amplification::tests::amplification_ledger_publishes_without_clobbering ... ok
test debug_amplification::tests::amplification_ledger_refuses_a_declared_join_that_never_armed ... ok
test debug_amplification::tests::amplification_ledger_refuses_a_dropped_capture_and_a_missing_drop_section ... ok
test debug_amplification::tests::amplification_ledger_refuses_a_guest_op_the_canonical_table_does_not_define ... ok
test debug_amplification::tests::amplification_ledger_refuses_a_per_op_sum_that_misses_the_independent_total ... ok
test debug_amplification::tests::amplification_ledger_refuses_a_truncated_maximum_roster ... ok
test debug_amplification::tests::amplification_ledger_refuses_an_unauthenticated_program ... ok
test debug_amplification::tests::amplification_ledger_refuses_host_work_attributed_to_an_op_with_no_service_window ... ok
test debug_amplification::tests::amplification_ledger_reports_the_expected_service_window_control_flow ... ok
test debug_amplification::tests::amplification_ledger_resolves_every_guest_op_through_the_canonical_table ... ok
test debug_amplification::tests::amplification_ledger_round_trips_byte_identically ... ok
test debug_amplification::tests::amplification_ledger_subtracts_the_instruments_own_calls_from_the_primary_ratios ... ok
test debug_core::tests::recovers_full_gpr_fp_and_tls_authority ... ok
test debug_core::tests::rejects_a_file_too_short_for_a_header ... ok
test debug_core::tests::rejects_a_non_elf_file ... ok
test debug_core::tests::rejects_duplicate_per_thread_architecture_notes ... ok
test debug_core::tests::rejects_load_and_note_overflow_mutations ... ok
test debug_core::tests::rejects_malformed_program_header_geometry_without_panicking ... ok
test debug_core::tests::rejects_wrong_elf_identity_and_missing_mandatory_auxv ... ok
test debug_exec_stamps::tests::complete_fixture_reconciles_cpu_and_relationships ... ok
test debug_exec_stamps::tests::duplicate_terminal_lifecycle_stamp_fails_closed ... ok
test debug_exec_stamps::tests::missing_exec_phase_fails_closed ... ok
test debug_exec_stamps::tests::reaped_child_without_exported_exit_lifecycle_fails_closed ... ok
test debug_exec_stamps::tests::v1_and_truncated_exports_fail_closed ... ok
test hvpatch_core_profile::tests::accepts_one_complete_joined_generation ... ok
test hvpatch_core_profile::tests::reassembles_transport_order_but_rejects_temporal_sequence_mutation ... ok
test hvpatch_core_profile::tests::rejects_every_missing_or_duplicate_record_class ... ok
test hvpatch_core_profile::tests::rejects_loss_generation_drift_and_producer_failure ... ok
test hvpatch_core_profile::tests::rejects_syntactically_valid_arbitrary_digest_and_artifact_mutation ... ok
test hvpatch_core_profile::tests::rejects_zero_incomplete_bounded_and_failed_authority ... ok
test hvpatch_exec_runtime_profile::tests::accepts_dtrace_buffer_reordering_within_one_exec_sequence ... ok
test hvpatch_exec_runtime_profile::tests::accepts_exactly_six_unique_stages_for_each_completed_exec ... ok
test hvpatch_exec_runtime_profile::tests::rejects_completion_guest_asid_drift_reported_by_producer ... ok
test hvpatch_exec_runtime_profile::tests::rejects_completion_guest_tid_drift_reported_by_producer ... ok
test hvpatch_exec_runtime_profile::tests::rejects_empty_missing_duplicate_and_unbalanced_streams ... ok
test hvpatch_exec_runtime_profile::tests::rejects_timeout_provider_error_drops_and_interruption ... ok
test hvpatch_identity_host_safety_profile::tests::accepts_complete_lossless_host_safe_stream ... ok
test hvpatch_identity_host_safety_profile::tests::rejects_host_escape_missing_selector_and_lossy_capture ... ok
test hvpatch_k1_profile::tests::accepts_exact_k1_lifecycle ... ok
test hvpatch_k1_profile::tests::profile_selection_embeds_the_strict_k1_program ... ok
test hvpatch_k1_profile::tests::rejects_birth_terminal_and_count_corruption ... ok
test hvpatch_k1_profile::tests::rejects_unknown_fields_and_versions ... ok
test hvpatch_k1_profile::tests::rejects_vm_timeout_error_drop_and_interruption_evidence ... ok
test lifecycle::tests::bridge_network_attachments_pin_implicit_ips_to_source_container_name ... ok
test lifecycle::tests::carrier_entry_reexec_argv_preserves_store_and_exact_id ... ok
test lifecycle::tests::concurrent_launch_grant_sources_are_cloexec_and_disjoint ... ok
test lifecycle::tests::configured_stop_signal_is_linux_or_fails_closed_for_ambiguous_legacy_state ... ok
test lifecycle::tests::container_ids_are_unique_within_one_process_and_second ... ok
test lifecycle::tests::control_exec_rejects_named_users_and_malformed_env ... ok
test lifecycle::tests::control_exec_request_uses_numeric_user_workdir_and_only_exec_env_overrides ... ok
test lifecycle::tests::create_and_relaunch_preserve_explicit_hvpatch_backend ... ok
test lifecycle::tests::detached_readiness_accepts_only_an_exact_clean_terminal_receipt ... ok
test lifecycle::tests::detached_readiness_requires_running_control_from_the_exact_child ... ok
test lifecycle::tests::initial_api_metadata_is_part_of_the_created_state ... ok
test lifecycle::tests::launch_request_keeps_lifecycle_fields_beside_the_engine_request ... ok
test lifecycle::tests::lifecycle_host_kill_is_confined_to_exact_startup_rollback ... ok
test lifecycle::tests::parse_signal_pins_linux_numbers_and_standard_names ... ok
test lifecycle::tests::ps_row_json_renders_bridge_published_ports ... ok
test lifecycle::tests::rebuild_request_for_shared_network_uses_targets_current_mode ... ok
test lifecycle::tests::rebuild_request_preserves_all_bridge_network_attachments ... ok
test lifecycle::tests::rebuild_request_preserves_custom_bridge_network_identity ... ok
test lifecycle::tests::rebuild_request_reproduces_run_inputs_split_not_merged ... ok
test lifecycle::tests::rebuild_request_scopes_aliases_to_selected_custom_bridge_network ... ok
test lifecycle::tests::render_format_field_access ... ok
test lifecycle::tests::render_format_json_dot_dumps_object ... ok
test lifecycle::tests::render_format_missing_field_is_no_value ... ok
test lifecycle::tests::reset_for_relaunch_clears_volatile_state ... ok
test lifecycle::tests::resolve_stop_signal_precedence_flag_over_image_over_none ... ok
test lifecycle::tests::select_tail_more_than_available_returns_all ... ok
test lifecycle::tests::select_tail_none_returns_all ... ok
test lifecycle::tests::select_tail_returns_last_line_without_trailing_newline ... ok
test lifecycle::tests::select_tail_returns_last_n_lines_with_trailing_newline ... ok
test lifecycle::tests::select_tail_zero_is_empty ... ok
test lifecycle::tests::start_preflight_rejects_occupied_tcp_published_port ... ok
test lifecycle::tests::start_preflight_rejects_occupied_udp_published_port ... ok
test lifecycle::tests::stop_grace_uses_flag_then_config_then_default ... ok
test perf_stats::tests::bootstrap_median_ratio_is_seeded_and_pinned ... ok
test perf_stats::tests::bootstrap_median_ratio_rejects_empty_or_zero_baseline ... ok
test perf_stats::tests::noisy_when_spread_is_wide ... ok
test perf_stats::tests::paired_bootstrap_matches_checked_in_binary64_fixture ... ok
test perf_stats::tests::paired_bootstrap_rejects_empty_ratios ... ok
test perf_stats::tests::paired_sign_probability_is_exact_and_rejects_invalid_counts ... ok
test perf_stats::tests::summarize_basic_percentiles ... ok
test perf_stats::tests::summarize_empty_is_none ... ok
test quiet_host::tests::a_busy_host_is_waited_out_and_the_settling_time_is_receipted ... ok
test quiet_host::tests::a_dirty_host_is_refused_by_name_rather_than_measured ... ok
test quiet_host::tests::a_host_that_never_settles_is_refused_instead_of_waited_on_forever ... ok
test quiet_host::tests::a_quiet_host_is_accepted_immediately_and_receipts_what_it_saw ... ok
test quiet_host::tests::a_receipt_that_contradicts_its_own_ceiling_is_refused_on_read ... ok
test runtime_util::fork_isolation_tests::block_on_oci_leaves_no_live_runtime ... ok
test runtime_util::tests::bridge_publish_accepts_port_remap ... ok
test runtime_util::tests::bridge_publish_accepts_udp_port_remap ... ok
test runtime_util::tests::host_publish_still_rejects_remap ... ok
test runtime_util::tests::publish_identity_map_accepted ... ok
test runtime_util::tests::publish_malformed_rejected ... ok
test runtime_util::tests::publish_remap_rejected ... ok
test runtime_util::tests::volume_ro_with_z_is_readonly ... ok
test runtime_util::tests::volume_unknown_option_rejected ... ok
test runtime_util::tests::volume_z_option_accepted_as_rw ... ok
test serve::build::tests::collects_repeated_t_tags ... ok
test serve::build::tests::empty_query_uses_defaults ... ok
test serve::build::tests::malformed_buildargs_is_ignored_not_fatal ... ok
test serve::build::tests::ndjson_frame_appends_newline ... ok
test serve::build::tests::nocache_true_variants ... ok
test serve::build::tests::parses_custom_dockerfile_and_nocache ... ok
test serve::build::tests::parses_single_tag_and_default_dockerfile ... ok
test serve::build::tests::rejects_traversal_paths ... ok
test serve::build::tests::unpack_extracts_a_gzipped_tar ... ok
test serve::build::tests::url_decodes_buildargs_json ... ok
test serve::handlers::archive_control_tests::archive_query_path_is_percent_decoded_and_rejects_malformed_or_traversing_input ... ok
test serve::handlers::archive_control_tests::docker_archive_stat_header_carries_exact_carrier_metadata ... ok
test serve::handlers::archive_control_tests::stopped_archive_fails_closed_after_the_exact_lifecycle_lock ... ok
test serve::handlers::exec_control_tests::exec_api_registry_is_hard_capped_and_expires_abandoned_entries ... ok
test serve::handlers::exec_control_tests::noninteractive_api_output_uses_docker_multiplex_framing ... ok
test serve::handlers::exec_control_tests::transport_failure_preserves_the_exact_guest_result ... ok
test serve::handlers::lifecycle_transaction_tests::api_auto_remove_requires_the_exact_terminal_incarnation ... ok
test serve::handlers::lifecycle_transaction_tests::rename_rechecks_name_claim_and_release_atomically ... ok
test serve::resources::tests::docker_filters_accepts_compose_object_form ... ok
test serve::router::archive_body_tests::archive_body_collector_preserves_bounded_chunks ... ok
test serve::router::archive_body_tests::archive_body_collector_preserves_transport_errors ... ok
test serve::router::archive_body_tests::archive_body_collector_stops_at_the_first_oversized_chunk ... ok
test serve::spawn::tests::api_wait_reports_unknown_when_carrier_dies_without_receipt ... ok
test supervisor_perf::tests::emit_is_a_no_op_with_zero_new_calls_when_profiling_is_off ... ok
test supervisor_perf::tests::forked_child_inheriting_the_recorded_pid_does_not_emit ... ok
test supervisor_perf::tests::format_matches_the_documented_wire_contract ... ok
test supervisor_perf::tests::guard_matrix_only_recorded_and_matching_pid_would_emit ... ok
test supervisor_perf::tests::real_self_and_children_rusage_reads_succeed_and_are_wall_bounded ... ok
test supervisor_perf::tests::rusage_total_cpu_ns_rejects_a_negative_timeval ... ok
test supervisor_perf::tests::rusage_total_cpu_ns_sums_user_and_system_in_nanoseconds ... ok
test supervisor_perf::tests::top_level_process_emits_exactly_one_line_when_recorded_and_profiling ... ok
test supervisor_perf::tests::write_line_atomically_survives_concurrent_writers_and_stays_line_delimited ... ok
test trace_cli::tests::core_artifact_survives_sudo_argv_reconstruction ... ok
test trace_cli::tests::global_store_survives_both_trace_argv_reconstructions ... ok
test trace_cli::tests::profile_capture_bound_survives_sudo_argv_reconstruction ... ok
test trace_cli::tests::strict_script_exit_contract_survives_sudo_argv_reconstruction ... ok
test trace_cli::tests::sudo_argv_preserves_profile_paths_identity_and_environment ... ok
test trace_cli::tests::trace_child_identity_record_is_sorted_and_exact ... ok
test trace_profile::tests::capture_bound_is_substituted_per_profile_slot ... ok
test trace_profile::tests::capture_bound_refuses_a_template_without_exactly_one_slot ... ok
test trace_profile::tests::capture_bound_refuses_values_the_program_cannot_honour ... ok
test trace_profile::tests::trace_profile_kind_strings_and_runtime_profile ... ok

test result: ok. 190 passed; 0 failed; 0 ignored; 0 measured; 0 filtered out; finished in 0.71s

    Finished `test` profile [unoptimized + debuginfo] target(s) in 0.07s
     Running unittests src/lib.rs (target/debug/deps/carrick_host-ef41a449deed23e5)

running 74 tests
test clock::tests::tick_scale_is_available_and_ticks_advance ... ok
test clock::tests::uptime_clock_reads_and_advances_monotonically ... ok
test futex_key::tests::keys_are_never_zero ... ok
test futex_key::tests::same_file_same_offset_same_key_regardless_of_fd ... ok
test futex_key::tests::unstatable_fd_reports_fallback_base ... ok
test guest_cpu::tests::active_run_is_visible_before_commit ... ok
test guest_cpu::tests::add_then_sum_accumulates ... ok
test guest_cpu::tests::adopted_child_reap_waits_for_transition_and_consumes_once ... ok
test guest_cpu::tests::adopted_child_wait_single_scan_classifies_pending_then_reaps ... ok
test guest_cpu::tests::adopted_reap_keeps_namespace_member_record_for_pid_translation ... ok
test guest_cpu::tests::adopted_record_exit_is_waitable_even_when_caller_did_not_preclassify_it ... ok
test guest_cpu::tests::child_ptrace_stop_marker_lives_until_report_or_reap ... ok
test guest_cpu::tests::clone_parent_registration_is_adopted_immediately ... ok
test guest_cpu::tests::direct_child_ptrace_stop_pending_excludes_adopted_children ... ok
test guest_cpu::tests::direct_children_for_wait_excludes_adopted_children ... ok
test guest_cpu::tests::exact_run_receipt_excludes_wrapper_bookkeeping ... ok
test guest_cpu::tests::fork_time_claim_exhaustion_is_an_error_not_an_abort ... ok
test guest_cpu::tests::guest_cpu_drain_keeps_namespace_member_record_published ... ok
test guest_cpu::tests::guest_cpu_stale_ref_cannot_drain_same_numeric_pid_reuse ... ok
test guest_cpu::tests::native_provider_reports_darwin_cpu_monotonically ... ok
test guest_cpu::tests::parent_publish_by_ref_survives_a_second_prepare ... ok
test guest_cpu::tests::prefork_child_marks_adopted_when_recorded_parent_differs_from_host_parent ... ok
test guest_cpu::tests::prefork_record_is_complete_when_child_publishes_host_pid ... ok
test guest_cpu::tests::ptrace_stop_marker_persists_on_prefork_record ... ok
test guest_cpu::tests::virtual_ptrace_detach_clears_ownership_before_resume ... ok
test guest_cpu::tests::virtual_ptrace_kill_is_terminal ... ok
test guest_cpu::tests::virtual_ptrace_rollback_cannot_resurrect_terminal_or_reused_record ... ok
test guest_cpu::tests::virtual_ptrace_stop_is_reported_once_then_resumed ... ok
test guest_cpu::tests::virtual_ptrace_stop_request_distinguishes_busy_and_detached ... ok
test guest_cpu::tests::virtual_ptrace_stop_token_expires_after_resume ... ok
test guest_cpu::tests::virtual_ptrace_token_cannot_control_reused_pid ... ok
test guest_cpu::tests::wait_any_park_target_is_any_child_never_the_first ... ok
test host_facts::hostname_tests::caps_at_the_63_char_label_limit ... ok
test host_facts::hostname_tests::drops_spaces_and_punctuation_a_computername_may_carry ... ok
test host_facts::hostname_tests::empty_or_all_invalid_yields_none_so_caller_falls_back ... ok
test host_facts::hostname_tests::takes_short_label_and_keeps_valid_chars ... ok
test host_facts::tests::exposed_cpu_selection_falls_back_without_performance_level ... ok
test host_facts::tests::exposed_cpu_selection_prefers_performance_level_when_present ... ok
test host_facts::tests::logical_cpu_count_is_cached_stable ... ok
test host_facts::tests::logical_cpu_count_is_sane ... ok
test host_facts::tests::physical_cpu_count_is_sane ... ok
test host_facts::tests::physical_cpu_selection_prefers_total_physical_then_cluster_sum ... ok
test host_mapping::tests::map_private_file_is_cow_and_outlives_the_source_fd ... ok
test host_mapping::tests::map_shared_file_does_not_leak_host_fds_across_cycles ... ok
test host_mapping::tests::overlay_shared_file_view_tracks_later_file_writes ... ok
test host_mapping::tests::owned_host_mapping_unmaps_on_drop ... ok
test host_mapping::tests::private_anon_uses_host_shared_backing_for_hvf_coherence ... ok
test host_proc::accounting_smoke::resident_bytes_in_ranges_measures_touched_pages ... ok
test host_proc::accounting_smoke::self_cpu_matches_getrusage_units ... ok
test host_proc::accounting_smoke::self_resource_usage_does_not_crash ... ok
test host_proc::accounting_smoke::self_thread_cpu_does_not_crash ... ok
test host_proc::imp::direct_vm_reservation_tests::canonical_direct_gap_sentinel_is_rejected_and_preserved ... ok
test host_proc::imp::direct_vm_reservation_tests::canonical_dyld_delegated_empty_tuple_is_accepted ... ok
test host_proc::imp::direct_vm_reservation_tests::exact_allocatable_reservation_rolls_back_replacement ... ok
test host_proc::imp::direct_vm_reservation_tests::fork_child_canonical_unnested_dyld_gap_is_accepted ... ok
test host_proc::imp::direct_vm_reservation_tests::fork_child_split_canonical_range_is_accepted_segmentwise ... ok
test host_proc::imp::direct_vm_reservation_tests::generic_shared_readonly_mapping_is_rejected ... ok
test host_proc::imp::direct_vm_reservation_tests::guard_region_is_rejected ... ok
test host_proc::imp::proctitle_tests::declines_titles_with_no_guest_name ... ok
test host_proc::imp::proctitle_tests::extracts_guest_name_after_last_colon_space ... ok
test host_proc::imp::proctitle_tests::reduces_a_full_command_line_label_to_a_single_token_comm ... ok
test host_proc::imp::proctitle_tests::truncates_to_linux_comm_length ... ok
test internal_fd::tests::duplicate_returns_new_high_fd_leaving_original_open ... ok
test internal_fd::tests::relocate_moves_above_floor_and_closes_original ... ok
test ulock::imp::reexec_tests::failed_waiter_adoption_closes_the_transport_fd ... ok
test ulock::imp::reexec_tests::inherited_waiter_authority_maps_same_slots_and_rejects_identity_change ... ok
test ulock::tests::between_slice_wake_leaves_one_claimable_credit ... ok
test ulock::tests::eintr_exit_does_not_absorb_woken_peer_credit ... ok
test ulock::tests::wait_returns_nonneg_on_value_mismatch ... ok
test ulock::tests::wait_times_out_with_etimedout ... ok
test ulock::tests::waiter_counts_are_visible_across_threads ... ok
test ulock::tests::wake_counted_excludes_woken_but_unexited_waiters ... ok
test ulock::tests::wake_counts_self_woken_waiters_exactly_once ... ok
test ulock::tests::wake_with_no_waiters_is_nonfatal ... ok

test result: ok. 74 passed; 0 failed; 0 ignored; 0 measured; 0 filtered out; finished in 2.57s

    Finished `test` profile [unoptimized + debuginfo] target(s) in 0.16s
     Running unittests src/lib.rs (target/debug/deps/carrick_vfs-b64f878273ffc91e)

running 253 tests
test apfs::fs_default_tests::default_backend_is_host_without_feature ... ok
test apfs::tests::split_at_last_paren_handles_name_without_paren ... ok
test apfs::tests::split_at_last_paren_handles_typical_name ... ok
test darwin_fs::tests::copyfile_clone_or_data_copies_between_file_descriptors ... ok
test apfs::tests::parse_apfs_list_returns_empty_when_name_absent ... ok
test apfs::tests::parse_apfs_list_finds_named_case_sensitive_volume ... ok
test apfs::tests::parse_apfs_list_reports_unmounted_volume ... ok
test fs_backend::memory::retained_object_tests::overwrite_preserves_identity_but_recreate_allocates_a_new_object ... ok
test fs_backend::shared_file_range_tests::ranges_match_materialized_bytes_at_dirty_and_sparse_boundaries ... ok
test fs_backend::shared_file_range_tests::tiny_range_at_large_sparse_offset_does_not_materialize_file ... ok
test fs_backend::memory::retained_object_tests::retained_object_survives_rename_unlink_and_observes_mutation ... ok
test fs_backend::memory::retained_object_tests::retained_object_reads_sparse_dirty_prefix_without_materializing_tail ... ok
test fs_backend::tests::attach_shares_an_existing_scratch_across_handles ... ok
test fs_backend::tests::authority_root_mode_roundtrip_uses_root_fd ... ok
test fs_backend::tests::authority_attached_handles_observe_directory_rename ... ok
test fs_backend::tests::authority_fast_fs_disabled_keeps_namei_functional ... ok
test fs_backend::tests::chmod_on_a_socket_marker_node_replaces_its_creation_mode ... ok
test fs_backend::tests::authority_chmod_symlink_never_changes_host_target ... ok
test fs_backend::tests::durability_reopen_distinguishes_unsupported_from_disk_failure ... ok
test fs_backend::tests::fork_descendant_does_not_claim_reexec_cleanup_lock ... ok
test fs_backend::tests::device_marker_flips_dir_overlay_interference ... ok
test fs_backend::tests::authority_directory_symlink_retarget_drops_cached_alias ... ok
test fs_backend::tests::failed_metadata_lookup_consumes_cleanup_budget ... ok
test fs_backend::tests::background_discovery_cannot_retire_a_scratch_under_the_root_creation_lock ... ok
test fs_backend::tests::host_backend_reexec_authority_reattaches_exact_root ... ok
test fs_backend::tests::failed_delete_attempt_consumes_cleanup_budget_without_counting_success ... ok
test fs_backend::tests::host_backend_reexec_authority_transfers_ephemeral_cleanup ... ok
test fs_backend::tests::host_backend_reexec_authority_rejects_substituted_root ... ok
test fs_backend::tests::host_checked_remove_distinguishes_unlink_failure_from_absence ... ok
test fs_backend::tests::authority_owner_alias_targets_scratch_inode ... ok
test fs_backend::tests::host_dirent_stream_refuses_marker_node_classification ... ok
test fs_backend::tests::host_dirent_stream_preserves_names_types_and_inodes ... ok
test fs_backend::tests::host_child_names_only_immediate ... ok
test fs_backend::tests::host_fast_open_containment_failure_falls_back_without_serving ... ok
test fs_backend::tests::host_fast_open_fifo_routes_to_nonblocking_open ... ok
test fs_backend::tests::create_raw_fd_applies_the_guest_mode_on_the_held_fd ... ok
test fs_backend::tests::host_extract_layers_streams_into_scratch ... ok
test fs_backend::tests::host_fast_open_serves_regular_file_fd_centrically ... ok
test fs_backend::tests::host_fast_open_rejects_unicode_aliased_name ... ok
test fs_backend::tests::host_fast_open_symlink_leaf_falls_back_to_resolving_path ... ok
test fs_backend::tests::host_file_head_follows_symlinks_like_file_contents ... ok
test fs_backend::tests::host_lookup_kind_fast_cases_preserve_symlink_fallback ... ok
test fs_backend::tests::host_guest_xattr_api_hides_all_internal_carrick_names ... ok
test fs_backend::tests::host_file_head_matches_contents_prefix ... ok
test fs_backend::tests::host_lpath_xattrs_do_not_follow_final_symlink ... ok
test fs_backend::tests::host_open_raw_fd_then_set_mode_visible_via_fget_xattr ... ok
test fs_backend::tests::host_open_create_write_read ... ok
test fs_backend::tests::host_mkdir_then_stat ... ok
test fs_backend::tests::host_open_create_and_trunc_keep_the_capstd_path ... ok
test fs_backend::tests::host_rename_overlay_file ... ok
test fs_backend::tests::host_rejects_path_escape ... ok
test fs_backend::tests::host_readonly_open_upgrades_in_place_for_shared_map ... ok
test fs_backend::tests::host_resolve_following_enforces_symlink_hop_limit ... ok
test fs_backend::tests::host_statfs_reports_the_open_backing_volume ... ok
test fs_backend::tests::host_rename_distinguishes_unowned_source_from_operation_error ... ok
test fs_backend::tests::host_unlink_hides_rootfs_path ... ok
test fs_backend::tests::host_seed_from_rootfs_materializes_through_cap_dir ... ok
test fs_backend::tests::host_watch_fds_caches_source_fd_for_stable_fifo ... ok
test fs_backend::tests::layered_directory_entries_hide_internal_sidecar_names ... ok
test fs_backend::tests::host_set_mode_roundtrips_via_xattr_even_when_inaccessible ... ok
test fs_backend::tests::layered_dirent_stream_hides_memory_lower_sidecars ... ok
test fs_backend::tests::memory_backend_rejects_native_reexec_authority ... ok
test fs_backend::tests::host_child_names_are_bounded_before_archive_sorting ... ok
test fs_backend::tests::immutable_oldest_tree_is_quarantined_without_starving_newer_trash ... ok
test fs_backend::tests::memory_child_names_only_immediate ... ok
test fs_backend::tests::memory_child_names_are_bounded_before_archive_sorting ... ok
test fs_backend::tests::memory_mkdir_then_stat ... ok
test fs_backend::tests::memory_file_head_matches_contents_prefix ... ok
test fs_backend::tests::memory_open_create_write_read ... ok
test fs_backend::tests::memory_unlink_hides_rootfs_path ... ok
test fs_backend::tests::memory_normalize_strips_root_and_collapses_dots ... ok
test fs_backend::tests::memory_rename_overlay_file ... ok
test fs_backend::tests::lookup_kind_and_metadata_is_served_from_the_stat_cache ... ok
test fs_backend::tests::open_host_watch_fd_does_not_block_on_writerless_fifo ... ok
test fs_backend::tests::moved_marker_node_keeps_the_destination_directory_interference_tracked ... ok
test fs_backend::tests::plain_tree_stat_fill_is_the_inode_alone ... ok
test fs_backend::tests::open_trusted_dir_fd_trusts_only_byte_exact_paths ... ok
test fs_backend::tests::sidecar_rename_endpoints_skip_when_either_side_unresolved ... ok
test fs_backend::tests::hostfs_teardown_has_no_process_creation_surface ... ok
test fs_backend::tests::host_deep_path_ops_beyond_path_max ... ok
test fs_backend::tests::stat_cache_serves_unchanged_inodes_across_content_churn ... ok
test fs_backend::tests::stat_cache_anchors_one_parent_dirfd_per_directory ... ok
test fs_backend::tests::deep_retired_chain_makes_progress_each_checkpoint ... ok
test fs_resolve_cache::tests::a_mutation_racing_the_lookup_births_a_stale_entry ... ok
test fs_resolve_cache::tests::absent_key_misses ... ok
test fs_resolve_cache::tests::dir_generation_advances_monotonically ... ok
test fs_resolve_cache::tests::hit_is_served_until_the_generation_moves_on ... ok
test fs_resolve_cache::tests::path_and_dir_generations_are_independent_words ... ok
test fs_resolve_cache::tests::shared_generation_advances_monotonically ... ok
test fs_backend::tests::host_new_in_parallel_allocation_survives_sweeper ... ok
test layer_cache::tests::clone_children_preserves_top_level_symlink ... ok
test layer_cache::tests::empty_layers_declines_cache ... ok
test layer_cache::tests::immutable_entry_is_reused_without_populating_a_scratch ... ok
test layer_cache::tests::immutable_entry_keys_changed_stacks_and_ignores_incomplete_builds ... ok
test layer_cache::tests::same_device_true_within_one_dir ... ok
test pathcodec::tests::ascii_is_identity ... ok
test pathcodec::tests::genuine_pua_window_char_is_reescaped_and_roundtrips ... ok
test pathcodec::tests::has_escaped_flags_only_when_escaped ... ok
test pathcodec::tests::osstring_roundtrip ... ok
test pathcodec::tests::undecodable_bytes_roundtrip ... ok
test pathcodec::tests::valid_utf8_unicode_preserved ... ok
test layer_cache::tests::stack_key_is_stable_and_order_sensitive ... ok
test rootfs::tests::extraction_fidelity_cyclic_parent_graph_is_refused ... ok
test rootfs::tests::extraction_fidelity_directory_header_updates_existing_mode ... ok
test rootfs::tests::extraction_fidelity_directory_symlink_header_updates_target_mode ... ok
test rootfs::tests::extraction_fidelity_readonly_directory_allows_later_file_and_whiteout ... ok
test rootfs::tests::extraction_fidelity_opaque_whiteout_reports_permission_refusal ... ok
test fs_backend::tests::trusted_dirent_stream_owns_its_seek_offset ... ok
test rootfs::tests::extraction_fidelity_whiteout_reports_permission_refusal ... ok
test rootfs::tests::extraction_fidelity_symlinks_survive_child_first_materialization ... ok
test rootfs::tests::immutable_lower_absent_parent_proves_every_child_absent ... ok
test rootfs::tests::extraction_root_opaque_whiteout_removes_lower_layer_contents ... ok
test rootfs::tests::layer_extraction_directory_symlink_cycle_is_an_error ... ok
test rootfs::tests::later_layer_hardlink_replaces_existing_alias_without_truncating_target ... ok
test rootfs::tests::layer_extraction_directory_symlink_resolves_relative_to_parent ... ok
test rootfs::tests::immutable_lower_lists_a_directory_after_two_misses ... ok
test rootfs::tests::layer_extraction_rejects_parent_escape ... ok
test rootfs::tests::layer_extraction_directory_symlink_traversal ... ok
test rootfs::tests::layer_extraction_rejects_relative_symlink_escape ... ok
test rootfs::tests::layer_path_escaping_root_is_rejected ... ok
test rootfs::tests::layer_path_with_parent_dir_collapses ... ok
test rootfs::tests::layer_root_and_absolute_paths_normalize ... ok
test rootfs::tests::resolve_reads_hardlinked_applet ... ok
test rootfs::tests::layer_extraction_refuses_absolute_symlink_escape ... ok
test rootfs::tests::layer_extraction_whiteout_cannot_remove_scratch_parent ... ok
test rootfs::tests::resolve_walks_through_directory_symlinks ... ok
test rootfs::tests::rootfs_path_escaping_via_root_then_parent_is_rejected ... ok
test rootfs::tests::symlink_target_escaping_root_from_shallow_path_is_rejected ... ok
test rootfs::tests::symlink_target_escaping_root_via_second_parent_dir_is_rejected ... ok
test rootfs::tests::symlink_target_one_parent_dir_pops_one_segment ... ok
test rootfs::tests::symlink_target_with_curdir_resolves ... ok
test rootfs::tests::symlink_target_with_multiple_parent_dirs_resolves_within_root ... ok
test rootfs::tests::symlink_target_with_parent_dir_resolves_within_root ... ok
test rootfs::tests::rootfs_extract_to_dir_directory_symlink_traversal ... ok
test vfs::bind::tests::bind_open_exclusive_create_on_symlink_returns_eexist ... ok
test vfs::bind::tests::bind_open_follows_symlink_when_nofollow_not_set ... ok
test vfs::bind::tests::mount_point_cannot_be_removed_but_contents_can ... ok
test vfs::bind::tests::bind_open_symlink_to_file_nofollow_returns_eloop ... ok
test vfs::bind::tests::bind_open_symlink_to_directory_nofollow_returns_eloop ... ok
test vfs::bind::tests::readonly_bind_still_erofs ... ok
test vfs::bind::tests::relative_host_source_is_frozen_as_absolute_authority ... ok
test vfs::bind::tests::readdir_hides_internal_sidecar_entries ... ok
test vfs::dentry::tests::test_dentry_cache_dir_generation ... ok
test vfs::dentry::tests::test_dentry_cache_exchange_preserves_both_entries ... ok
test fs_backend::tests::startup_orphan_discovery_is_bounded_on_a_wide_root ... ok
test vfs::dentry::tests::test_dentry_cache_inode_invalidation_and_hard_links ... ok
test vfs::dentry::tests::test_dentry_cache_positive_and_negative ... ok
test fs_backend::tests::wide_live_root_cannot_hide_retired_cleanup ... ok
test fs_backend::tests::repeated_short_runs_reduce_oldest_trash_without_async_worker ... ok
test vfs::dentry::tests::test_dentry_cache_symlink ... ok
test vfs::dentry::tests::test_dentry_cache_with_lower_rootfs ... ok
test vfs::dentry::tests::test_lower_negative_cached_after_one_probe ... ok
test vfs::dentry::tests::test_warm_cache_per_entry_invalidation ... ok
test vfs::etc_services::tests::etc_services_is_overridable ... ok
test vfs::etc_services::tests::serves_etc_services_with_smtp ... ok
test vfs::mount::tests::dot_and_dotdot_in_path_are_canonicalised ... ok
test vfs::mount::tests::empty_mounts_resolves_nothing ... ok
test vfs::mount::tests::insertion_order_does_not_affect_resolution ... ok
test vfs::mount::tests::longest_prefix_mount_routing_and_component_boundaries ... ok
test vfs::mount::tests::longest_prefix_wins ... ok
test vfs::mount::tests::mount_children_of_synthesizes_direct_and_nested_children ... ok
test vfs::mount::tests::mount_points_iter_returns_longest_first ... ok
test vfs::mount::tests::override_does_not_leak_to_a_subpath_or_sibling ... ok
test vfs::mount::tests::override_is_canonicalised_for_store_and_lookup ... ok
test vfs::mount::tests::override_path_makes_resolution_fall_through ... ok
test vfs::mount::tests::prefix_match_respects_component_boundary ... ok
test vfs::mount::tests::re_mounting_replaces_in_place ... ok
test vfs::mount::tests::relative_paths_are_rejected ... ok
test vfs::mount::tests::resolve_relative_strips_mount_prefix ... ok
test vfs::mount::tests::root_mount_catches_everything ... ok
test vfs::mount::tests::trailing_slash_on_mount_point_normalised ... ok
test vfs::namespace_mutation::tests::changed_parent_mapping_revalidates_even_when_identity_set_matches ... ok
test vfs::namespace_mutation::tests::historical_parent_identities_do_not_accumulate ... ok
test vfs::namespace_mutation::tests::inverse_parent_pairs_are_reserved_without_deadlock ... ok
test vfs::namespace_mutation::tests::logical_parent_reservation_excludes_competing_memory_mutation ... ok
test vfs::namespace_mutation::tests::resolver_error_and_callback_error_release_reservations ... ok
test vfs::namespace_mutation::tests::same_parent_is_excluded_through_publication ... ok
test vfs::namespace_mutation::tests::second_resolution_capability_lives_through_publication ... ok
test vfs::namespace_mutation::tests::unrelated_parent_progresses_during_publication ... ok
test vfs::resolvconf::tests::content_is_valid_resolv_conf ... ok
test vfs::resolvconf::tests::directive_match_is_token_aligned ... ok
test vfs::resolvconf::tests::explicit_launch_snapshot_is_filtered_without_a_utility ... ok
test vfs::resolvconf::tests::host_network_without_override_refuses_an_unusable_launch_snapshot ... ok
test vfs::resolvconf::tests::lookup_is_a_regular_file ... ok
test vfs::resolvconf::tests::lookup_other_path_is_enoent ... ok
test vfs::resolvconf::tests::network_modes_that_own_or_disable_dns_do_not_require_a_host_snapshot ... ok
test vfs::resolvconf::tests::open_read_returns_bytes_open_write_is_eacces ... ok
test vfs::resolvconf::tests::rendered_nameserver_precedes_provider_fallback ... ok
test vfs::resolvconf::tests::resolv_conf_is_overridable ... ok
test vfs::resolvconf::tests::usable_nameserver_validation_rejects_empty_and_malformed_snapshots ... ok
test vfs::rootfs::tests::dentry_kind_does_not_refill_invalidated_metadata ... ok
test vfs::rootfs::tests::host_lookup_nofollow_fast_path_preserves_symlink_and_fifo_types ... ok
test vfs::rootfs::tests::is_directory_layered ... ok
test vfs::rootfs::tests::lookup_missing_is_enoent ... ok
test vfs::rootfs::tests::lookup_nofollow_uses_authoritative_sparse_upper_miss_without_reprobing_overlay ... ok
test vfs::rootfs::tests::lookup_overlay_file_uses_metadata_without_loading_contents ... ok
test vfs::dentry::tests::test_dentry_concurrent_eviction_lookup_fallback_no_enoent ... ok
test vfs::rootfs::tests::lookup_rootfs_dir ... ok
test vfs::rootfs::tests::lookup_rootfs_file ... ok
test vfs::rootfs::tests::mkdir_existing_root_returns_eexist_without_weakening_empty_path ... ok
test vfs::rootfs::tests::lookup_overlong_pathname_returns_enametoolong_before_enoent ... ok
test vfs::rootfs::tests::mkdir_layered_eexist ... ok
test vfs::rootfs::tests::mkdir_file_parent_is_enoent ... ok
test vfs::rootfs::tests::mkdir_then_lookup ... ok
test vfs::rootfs::tests::mkdir_no_parent_is_enoent ... ok
test vfs::rootfs::tests::open_for_dispatch_directory_reports_the_directory_without_listing_it ... ok
test vfs::rootfs::tests::open_for_dispatch_excl_on_existing_is_eexist ... ok
test vfs::rootfs::tests::open_for_dispatch_not_found_create_signals_caller ... ok
test vfs::rootfs::tests::open_for_dispatch_host_file_uses_raw_fd_without_loading_contents ... ok
test vfs::rootfs::tests::open_for_dispatch_overlay_file ... ok
test vfs::rootfs::tests::open_for_dispatch_prefers_combined_host_fd_metadata ... ok
test vfs::rootfs::tests::open_for_dispatch_rootfs_file_with_writable_promotes ... ok
test vfs::rootfs::tests::open_overlay_trunc_clears_bytes ... ok
test vfs::rootfs::tests::open_rootfs_file_returns_bytes ... ok
test vfs::rootfs::tests::overlay_shadows_rootfs ... ok
test vfs::rootfs::tests::open_write_to_rootfs_only_is_erofs ... ok
test vfs::rootfs::tests::readdir_layered ... ok
test vfs::rootfs::tests::rename_directory_over_file_is_enotdir ... ok
test vfs::rootfs::tests::rename_directory_over_nonempty_directory_is_enotempty ... ok
test vfs::rootfs::tests::rename_file_over_directory_is_eisdir ... ok
test vfs::rootfs::tests::rename_between_host_hardlinks_keeps_both_dentries ... ok
test vfs::rootfs::tests::rename_missing_source_is_enoent ... ok
test vfs::rootfs::tests::rename_overlay_file_to_new_path ... ok
test vfs::rootfs::tests::rename_noreplace_between_host_hardlinks_returns_eexist_without_mutation ... ok
test vfs::rootfs::tests::rename_prepare_and_publish_share_the_parent_reservation ... ok
test vfs::rootfs::tests::rename_rootfs_file_promotes_into_overlay ... ok
test vfs::rootfs::tests::rename_with_no_replace_rejects_existing ... ok
test vfs::rootfs::tests::test_rootfs_vfs_fset_owner_and_fset_mode ... ok
test vfs::rootfs::tests::tombstone_shadows_rootfs ... ok
test vfs::rootfs::tests::truncate_rejects_unbounded_in_memory_file_growth ... ok
test vfs::rootfs::tests::test_rootfs_vfs_create_node_kinds_after_negative_lookup ... ok
test vfs::rootfs::tests::unlink_dir_returns_eisdir ... ok
test vfs::rootfs::tests::unlink_tombstones_rootfs_path ... ok
test vfs::rootfs::tests::unlink_missing_returns_enoent ... ok
test vfs::sparse_buffer::overwrite_storage_controller::small_overwrites_do_not_retain_full_suffix_allocations_controller ... ok
test vfs::sparse_buffer::tests::chunk_overwrite_split_and_middle_mutation ... ok
test vfs::sparse_buffer::tests::equality_checks_trailing_partial_chunk_controller ... ok
test vfs::sparse_buffer::tests::partial_eq_without_dense_allocation ... ok
test vfs::sparse_buffer::tests::sequential_page_writes_and_distant_reads_perform_bounded_work ... ok
test vfs::sparse_buffer::tests::sparse_buffer_preserves_holes_and_bounded_allocation ... ok
test vfs::sparse_buffer::tests::sparse_buffer_punch_hole_releases_extents ... ok
test vfs::sparse_buffer::tests::sparse_buffer_seek_data_and_seek_hole_preserves_extents ... ok
test vfs::sparse_buffer::tests::sparse_buffer_truncate_cycle_offsets ... ok
test vfs::sparse_buffer::tests::write_range_overflow_fails_closed ... ok
test vfs::sparse_buffer::tests::bounded_traversal_and_sparse_chunk_accounting ... ok
test vfs::dentry::tests::test_dentry_cache_repeated_mkdir_rmdir_cycles ... ok
test fs_backend::tests::authority_nested_listings_have_independent_offsets ... ok
test vfs::dentry::tests::test_dentry_cache_memory_bounded_eviction_leaf_first ... ok
test vfs::dentry::tests::test_dentry_cache_pinned_directory_survives_eviction ... ok
test vfs::dentry::tests::test_dentry_cache_5000_dirs_preserves_earlier_entry ... ok
test fs_backend::tests::hostfs_teardown_retires_large_tree_before_recursive_cleanup ... ok
test fs_backend::tests::startup_sweep_enqueues_partially_cleaned_trash_without_blocking ... ok
test fs_backend::tests::startup_sweep_retires_unlocked_orphan_before_cleanup ... ok

test result: ok. 253 passed; 0 failed; 0 ignored; 0 measured; 38 filtered out; finished in 4.84s

    Finished `test` profile [unoptimized + debuginfo] target(s) in 0.14s
     Running unittests src/lib.rs (target/debug/deps/carrick_vfs-b64f878273ffc91e)

running 38 tests
test fs_backend::tests::serial_host::dir_cache_refuses_a_symlink_that_escapes_the_sandbox ... ok
test fs_backend::tests::serial_host::dir_cache_resolves_a_directory_once_and_reuses_it ... ok
test fs_backend::tests::serial_host::dir_cache_survives_a_file_create_and_unlink_storm ... ok
test fs_backend::tests::serial_host::dir_cache_survives_directory_tree_deletion ... ok
test fs_backend::tests::serial_host::host_all_opens_are_nonblocking ... ok
test fs_backend::tests::serial_host::host_backend_reexec_authority_preserves_sparse_upper_fast_miss ... ok
test fs_backend::tests::serial_host::host_backend_survives_libc_fork_for_etc_hosts ... ok
test fs_backend::tests::serial_host::host_descriptor_exhaustion_is_refused_not_unavailable ... ok
test fs_backend::tests::serial_host::host_descriptor_exhaustion_stays_shut_after_lower_fd_released ... ok
test fs_backend::tests::serial_host::host_may_have_fifo_nodes_tracks_durable_marker ... ok
test fs_backend::tests::serial_host::layered_listing_reflects_every_upper_contribution_to_a_lower_directory ... ok
test fs_backend::tests::serial_host::marker_nodes_flip_dir_overlay_interference ... ok
test fs_backend::tests::serial_host::rename_stops_the_old_directory_path_from_resolving ... ok
test fs_backend::tests::serial_host::sparse_upper_fast_absence_disarms_before_a_symlink_is_visible ... ok
test fs_backend::tests::serial_host::test_decode_getattrlist_cmn_name_malformed_buffer_rejections ... ok
test fs_backend::tests::serial_host::test_getdents64_2000_entries_host_openat_and_stat_budget ... ok
test fs_backend::tests::serial_host::test_getdents64_marker_node_per_directory_interference_budget ... ok
test fs_backend::tests::serial_host::test_mkdir_2000_siblings_host_openat_budget ... ok
test fs_backend::tests::serial_host::test_mkdir_mode_fidelity_under_host_umask ... ok
test fs_backend::tests::serial_host::test_mkdir_under_resolved_parent_zero_openat_budget ... ok
test fs_backend::tests::serial_host::test_name_matches_on_disk_bounds_directory_entry_visits_with_siblings ... ok
test fs_backend::tests::serial_host::test_name_matches_on_disk_hardlinks_symlinks_directories ... ok
test fs_backend::tests::serial_host::test_open_trusted_dir_fd_reuses_cached_dir_fd ... ok
test fs_backend::tests::serial_host::test_stat_existing_path_namei_zero_host_openat ... ok
test fs_backend::tests::serial_host::trusted_plain_dirent_stream_does_not_repeat_marker_xattr_probe ... ok
test fs_backend::tests::serial_host::warm_dir_cache_1000_ops_under_4_deep_tree_bounds_opens_and_eviction_visits ... ok
test fs_backend::tests::serial_host::warm_dir_cache_bounds_path_walk_opens_per_guest_op ... ok
test vfs::rootfs::tests::serial_host::fast_readonly_open_does_not_infer_a_miss_through_a_lower_symlink ... ok
test vfs::rootfs::tests::serial_host::fast_readonly_open_proves_a_missing_leaf_below_a_contained_lower_directory ... ok
test vfs::rootfs::tests::serial_host::fast_readonly_open_refuses_an_upper_shadow ... ok
test vfs::rootfs::tests::serial_host::fast_readonly_open_uses_the_immutable_lower_when_the_sparse_upper_is_absent ... ok
test vfs::rootfs::tests::serial_host::immutable_host_lower_merges_shadows_and_tombstones_without_mutation ... ok
test vfs::rootfs::tests::serial_host::lower_layer_xattr_returns_enodata ... ok
test vfs::rootfs::tests::serial_host::readonly_immutable_host_lower_open_keeps_a_real_host_file ... ok
test vfs::rootfs::tests::serial_host::rename_between_shared_lower_upper_hardlinks_keeps_both_dentries ... ok
test vfs::rootfs::tests::serial_host::sparse_upper_ancestor_whiteout_hides_the_immutable_lower_subtree ... ok
test vfs::rootfs::tests::serial_host::test_namespace_mutation_work ... ok
test vfs::rootfs::tests::serial_host::writable_host_lower_open_copies_up_to_a_fork_coherent_host_file ... ok

test result: ok. 38 passed; 0 failed; 0 ignored; 0 measured; 253 filtered out; finished in 0.68s

    Finished `test` profile [unoptimized + debuginfo] target(s) in 0.19s
     Running unittests src/lib.rs (target/debug/deps/carrick_kernel-962f3aa478f0e998)

running 2131 tests
test container::tests::make_id_is_64_hex_and_stable ... ok
test container::tests::name_registry_lock_never_aliases_a_container_lifecycle_stripe ... ok
test container::tests::pid_alive_rejects_nonpositive ... ok
test container::tests::reconciled_status_marks_dead_running_as_exited ... ok
test container::tests::short_id_is_12_chars ... ok
test container::tests::lifecycle_lock_refuses_a_symlink_file ... ok
test container::tests::persisting_a_legacy_container_tightens_its_directory ... ok
test container::tests::persisted_container_state_is_private ... ok
test container::tests::load_reports_path_and_recreate_action_for_incompatible_backend ... ok
test container_policy::tests::denying_fstat_requires_fast_path_visibility ... ok
test container_policy::tests::denying_clock_gettime_requires_fast_path_visibility ... ok
test container_policy::tests::docker_default_model_never_denies_identity_fast_path ... ok
test container_policy::tests::docker_default_observes_argument_conditional_personality ... ok
test core_dump::oracle_validation::emit_core_for_an_independent_reader ... ok
test core_dump::oracle_validation::emit_pn_xnum_core_for_an_independent_reader ... ok
test container_policy::tests::entries_are_sorted_and_deduped_for_lookup ... ok
test container_policy::tests::docker_default_model_passes_unlisted_syscalls_through ... ok
test container_policy::tests::docker_default_model_denies_keyring_family_perf_and_bpf_with_eperm ... ok
test core_dump::tests::crashing_thread_is_written_first ... ok
test core_dump::tests::file_note_carries_triples_then_paths ... ok
test container::tests::run_config_round_trips_and_defaults_when_missing ... ok
test container::tests::launch_ticket_is_one_shot_and_losing_entry_cannot_overwrite_winner ... ok
test container::tests::managed_terminal_state_is_bound_to_the_exact_control_incarnation ... ok
test core_dump::tests::note_payloads_match_the_oracle_sizes ... ok
test container::tests::short_id_is_well_distributed ... ok
test core_dump::tests::bounded_writer_rejects_missing_and_duplicate_thread_authority ... ok
test core_dump::tests::ordinary_core_keeps_a_literal_e_phnum_and_empty_sh_info ... ok
test core_dump::tests::header_declares_an_aarch64_core ... ok
test core_dump::tests::large_sparse_vma_core_dump_emits_sparse_pt_load_without_memory_amplification ... ok
test core_dump::tests::serialized_validator_rejects_bad_header_and_segment_bounds ... ok
test core_dump::tests::every_thread_gets_a_prstatus_note ... ok
test core_dump::tests::undumped_region_keeps_its_mapping ... ok
test core_dump::tests::writer_and_serialized_validator_reject_overlapping_load_vmas ... ok
test core_dump::tests::bounded_writer_truncates_a_core_larger_than_the_limit ... ok
test core_dump::tests::sparse_core_limit_negative_controls ... ok
test deadlock_watchdog::tests::the_watchdog_arms_once_per_carrier ... ok
test deadlock_watchdog::tests::a_zero_deadlock_window_is_not_representable ... ok
test dispatch::abi_args::tests::fd_from_arg_truncates_to_i32 ... ok
test dispatch::abi_args::tests::guest_len_rejects_absurd ... ok
test dispatch::abi_args::tests::guest_ptr_preserves_u64 ... ok
test cred_ipc::tests::publication_cache_key_distinguishes_forked_host_processes ... ok
test dispatch::abi_args::tests::pid_signal_read_pid_t_width ... ok
test deadlock_watchdog::tests::private_capture_base_refuses_symlinks ... ok
test deadlock_watchdog::tests::a_private_capture_directory_is_created_owned_and_restricted ... ok
test core_dump::tests::sparse_core_limit_preserves_emitted_extent_offsets_controller ... ok
test core_dump::tests::large_sparse_vma_build_payload_preserves_full_filesz_with_sparse_extents ... ok
test dispatch::a_backing_with_no_open_description_answers_generic_questions_without_aborting ... ok
test dispatch::archive::tests::archive_export_stream_contains_requested_tree_and_metadata ... ok
test dispatch::archive::tests::archive_import_applies_validated_tree_and_metadata ... ok
test dispatch::archive::tests::archive_export_stops_lazy_mount_enumeration_at_limit_plus_one ... ok
test dispatch::archive::tests::archive_import_never_writes_under_a_mounted_destination ... ok
test dispatch::archive::tests::archive_export_never_falls_back_to_unbounded_mount_readdir ... ok
test dispatch::bpf::tests::array_map_errno_shape ... ok
test dispatch::archive::tests::archive_import_rejects_parent_traversal_before_mutation ... ok
test dispatch::bpf::tests::array_map_is_preallocated_and_zeroed ... ok
test dispatch::bpf::tests::create_validates_geometry ... ok
test dispatch::bpf::tests::bpf_map_and_prog_readiness_reports_in_and_out ... ok
test dispatch::archive::tests::archive_import_rejects_symlink_pivot_before_mutation ... ok
test dispatch::bpf::tests::hash_map_state_machine ... ok
test dispatch::bpf::tests::validator_rejects_structural_garbage ... ok
test dispatch::bpf::tests::get_next_key_iterates_and_terminates ... ok
test dispatch::bpf::tests::validator_accepts_the_ltp_return_zero_program ... ok
test dispatch::container_caps_tests::root_task_capabilities_come_from_its_container ... ok
test dispatch::archive::tests::archive_import_rolls_back_earlier_entries_after_late_backend_failure ... ok
test dispatch::container_caps_tests::launch_policy_follows_the_containers_grant ... ok
test dispatch::closing_unpolled_pipe_does_not_materialize_readiness_fds ... ok
test dispatch::container_clock_tests::clock_adjtime_offset_singleshot_moves_realtime ... ok
test dispatch::archive::tests::archive_export_rejects_more_than_the_cumulative_entry_budget ... ok
test dispatch::container_clock_tests::clock_adjtime_privileged_roundtrips_all_adj_modes ... ok
test dispatch::container_clock_tests::clock_adjtime_privileged_rejects_tick_outside_linux_bounds ... ok
test dispatch::container_clock_tests::clock_adjtime_rejects_out_of_range_values_with_einval ... ok
test dispatch::container_clock_tests::clock_adjtime_read_reports_time_ok_by_default ... ok
test dispatch::container_clock_tests::clock_adjtime_reports_time_error_when_sta_unsync_set ... ok
test dispatch::container_clock_tests::clock_adjtime_setoffset_moves_realtime ... ok
test dispatch::container_clock_tests::clock_adjtime_unprivileged_modifying_modes_fail_with_eperm ... ok
test core_dump::tests::program_header_count_past_e_phnum_uses_pn_xnum ... ok
test dispatch::container_clock_tests::clock_gettime_realtime_reads_the_callers_container_domain ... ok
test dispatch::container_clock_tests::clock_settime_rejects_realtime_before_monotonic_uptime ... ok
test dispatch::container_clock_tests::clock_settime_moves_only_the_callers_container ... ok
test dispatch::container_clock_tests::timerfd_ready_bad_destination_consumes_expiration ... ok
test dispatch::container_clock_tests::blocking_timerfd_read_keeps_its_description_across_close_and_fd_reuse ... ok
test dispatch::container_policy_dispatch_tests::docker_default_policy_keeps_identity_fast_path ... ok
test dispatch::container_clock_tests::timerfd_deadline_is_bound_to_the_creating_containers_clock ... ok
test dispatch::container_policy_dispatch_tests::fork_projection_brk_grow_and_shrink_tracks_heap_and_revision ... ok
test dispatch::container_policy_dispatch_tests::deferred_anonymous_copied_fork_preserves_residency_and_isolates_state ... ok
test dispatch::container_policy_dispatch_tests::deferred_anonymous_copied_fork_applies_dontfork_and_wipeonfork ... ok
test dispatch::container_policy_dispatch_tests::fork_projection_brk_growth_does_not_inherit_modified_tail_semantics ... ok
test dispatch::container_policy_dispatch_tests::fork_projection_copied_is_total_and_holes_are_absent ... ok
test dispatch::container_policy_dispatch_tests::fork_projection_rejects_invalid_gapped_overflow_unaligned_overlapping_fail_closed ... ok
test dispatch::container_policy_dispatch_tests::fork_projection_invalid_semantic_vma_is_rejected_by_prepare ... ok
test dispatch::container_policy_dispatch_tests::policy_applies_on_threaded_dispatch_path_too ... ok
test dispatch::container_policy_dispatch_tests::policy_denies_keyring_family_with_eperm_before_handler ... ok
test dispatch::container_policy_dispatch_tests::policy_miss_passes_through_to_handler ... ok
test dispatch::container_policy_dispatch_tests::policy_denial_reports_as_policy_not_unimplemented ... ok
test dispatch::container_policy_dispatch_tests::prepared_fork_mm_clone_vm_uses_exact_dispatch_mm_authority_arc ... ok
test dispatch::container_policy_dispatch_tests::prepared_fork_mm_copied_child_authority_is_independent_of_parent ... ok
test dispatch::container_policy_dispatch_tests::prepared_fork_mm_copied_fork_request_names_real_parent_mm ... ok
test dispatch::container_policy_dispatch_tests::policy_survives_execve_time_dispatcher_resets ... ok
test dispatch::container_policy_dispatch_tests::clone_vm_distinct_dispatcher_cannot_claim_sole_mm_with_peer_active ... ok
test dispatch::container_policy_dispatch_tests::prepared_fork_mm_rejects_replaced_authority_with_equal_revision ... ok
test dispatch::container_policy_dispatch_tests::prepared_fork_mm_mode_requires_structurally_matching_mm_identities ... ok
test dispatch::container_policy_dispatch_tests::prepared_fork_mm_rejects_wrong_child_identity_at_install ... ok
test dispatch::container_policy_dispatch_tests::threaded_sched_yield_reaches_the_vcpu_scheduler ... ok
test dispatch::container_policy_dispatch_tests::synthetic_device_stat_source_reports_chardev_and_rdev ... ok
test dispatch::container_policy_dispatch_tests::prepared_fork_mm_install_excludes_peer_vma_publication ... ok
test dispatch::container_policy_dispatch_tests::unconfined_add_key_and_keyctl_succeed_unprivileged ... ok
test dispatch::container_policy_dispatch_tests::unconfined_opt_out_reaches_the_real_keyring_handlers ... ok
test dispatch::core_publication::tests::atomic_core_publication_has_one_success_edge ... ok
test dispatch::core_publication::tests::core_publication_cleanup_does_not_truncate_symlink_target_on_unlink_failure ... ok
test dispatch::core_publication::tests::core_publication_rejects_a_snapshot_cwd_without_a_directory_parent ... ok
test dispatch::core_publication::tests::core_publication_follows_symlink_cwd_to_bind_mount ... ok
test dispatch::core_publication::tests::core_publication_rejects_read_only_bind_mount ... ok
test dispatch::core_publication::tests::core_publication_rejects_symlink_at_temp_path_without_truncating_target ... ok
test dispatch::core_publication::tests::crash_quorum_completes_when_a_live_participant_withdraws ... ok
test dispatch::core_publication::tests::core_publication_on_bind_mount_rollback_removes_host_artifact ... ok
test dispatch::core_publication::tests::crash_register_authority_is_generation_exact ... ok
test dispatch::core_publication::tests::core_publication_routes_to_bind_mount_on_host ... ok
test dispatch::core_publication::tests::crash_withdrawal_never_retracts_a_published_register_file ... ok
test dispatch::core_publication::tests::crash_quorum_completes_without_a_thread_that_left_its_vcpu_loop ... ok
test dispatch::core_publication::tests::post_publication_cleanup_failure_is_explicit_and_invalidates_artifact ... ok
test dispatch::core_publication::tests::core_snapshot_reads_rlimit_from_supplied_task_outside_dispatch_scope ... ok
test dispatch::core_publication::tests::published_core_remains_rollback_owned_until_wait_commit ... ok
test dispatch::core_publication::tests::hvpatch_root_binding_rekeys_prepared_dispatch_mm_to_committed_kernel_mm ... ok
test dispatch::core_publication::tests::sparse_core_publication_failure_cleanup_on_in_memory_vfs ... ok
test dispatch::core_publication::tests::sparse_core_publication_on_in_memory_vfs_preserves_holes_and_bounds_allocation ... ok
test dispatch::core_publication::tests::wait_owned_rollback_failure_is_explicit_and_invalidates_artifact ... ok
test dispatch::creds::setid_tests::set_privileged_sets_all_three ... ok
test dispatch::creds::identity_snapshot_tests::snapshot_mirrors_getpid_and_cred_snapshot ... ok
test dispatch::core_publication::tests::every_publication_failpoint_leaves_no_final_or_temporary_file ... ok
test dispatch::creds::setid_tests::set_unprivileged_changes_only_effective_and_gates_value ... ok
test dispatch::creds::setid_tests::setre_saved_id_follows_when_euid_differs_from_old_real ... ok
test dispatch::creds::identity_snapshot_tests::setgroups_publishes_exact_kernel_authority_including_empty_set ... ok
test dispatch::core_publication::tests::core_publication_on_bind_mount_failpoints_leave_no_artifacts ... ok
test dispatch::creds::setid_tests::setre_saved_id_follows_when_real_changes ... ok
test dispatch::creds::setid_tests::setre_saved_id_unchanged_when_euid_equals_old_real ... ok
test dispatch::creds::setid_tests::setre_unprivileged_rejects_foreign_real ... ok
test dispatch::creds::setid_tests::setres_privileged_sets_anything_and_keeps_minus_one ... ok
test dispatch::creds::setid_tests::setres_unprivileged_restricts_to_current_ids ... ok
test dispatch::executable_authority::tests::fork_clone_shares_object_but_copies_display_state ... ok
test dispatch::executable_authority::tests::deleted_display_does_not_retarget_when_name_is_reused ... ok
test dispatch::epoll_kqueue_tests::wake_parked_makes_poll_fd_readable ... ok
test dispatch::executable_authority::tests::registry_rewrites_executable_beneath_renamed_and_exchanged_directories ... ok
test dispatch::executable_authority::tests::dispatcher_memory_source_retains_live_inode_across_namespace_changes ... ok
test dispatch::executable_authority::tests::registry_updates_only_the_affected_hardlink_display ... ok
test dispatch::executable_authority::tests::in_memory_rootfs_source_preserves_non_executable_mode ... ok
test dispatch::executable_authority::tests::proc_exe_fd_keeps_original_source_after_process_exec_identity_changes ... ok
test dispatch::executable_authority::tests::retained_host_source_survives_rename_and_replacement ... ok
test dispatch::executable_authority::tests::retained_host_source_rechecks_execute_mode_on_exact_object ... ok
test dispatch::executable_authority::tests::retained_host_source_survives_unlink ... ok
test dispatch::fd_table::tests::fd_table_host_backed_pread_failure_surfaces_errno_in_read ... ok
test dispatch::executable_authority::tests::retained_host_source_observes_writes_to_exact_object_after_rename ... ok
test dispatch::fd_table::tests::file_contents_host_backed_lifecycle ... ok
test dispatch::fd_table::tests::file_contents_dense_lifecycle ... ok
test dispatch::fd_table::tests::host_file_offset_proof_is_shared_and_only_zero_is_safe ... ok
test dispatch::fd_table::tests::file_contents_rootfs_backed_lifecycle ... ok
test dispatch::fd_table::tests::fd_table_host_backed_resize_failure_surfaces_errno_in_ftruncate ... ok
test dispatch::fd_table::tests::mapped_file_reference_release_does_not_close_a_live_fd ... ok
test dispatch::fd_wait::tests::admission_duplicates_host_registration_before_the_original_closes ... ok
test dispatch::fd_wait::tests::independently_admitted_fd_waits_have_distinct_identity ... ok
test dispatch::fd_table::tests::in_memory_tcp_fin_waits_for_last_fd_and_in_flight_socket_reference ... ok
test dispatch::fd_table::tests::mapped_file_reference_survives_last_fd_and_releases_last_fragment ... ok
test dispatch::fd_table::tests::host_socket_authority_rejects_replaced_backing_identity ... ok
test dispatch::creds::identity_snapshot_tests::container_pid_identity_isolated ... ok
test dispatch::fd_table::tests::owned_inode_identity_survives_path_replacement_and_aliasing ... ok
test dispatch::fd_wait::tests::pending_poll_does_not_write_guest_pollfd_before_terminal_completion ... ok
test dispatch::fd_wait::tests::repark_preserves_the_original_absolute_caller_deadline ... ok
test dispatch::fs::ioctl::tests::pidfd_get_info_recognizes_compatible_struct_sizes ... ok
test dispatch::fd_wait::tests::terminal_poll_updates_only_revents_not_saved_input_fields ... ok
test dispatch::fs::pipe::tests::aggregate_fault_truncates_staged_current_suffix_at_copy_boundary ... ok
test dispatch::fs::pipe::tests::aggregate_blocking_write_excludes_unadmitted_later_vectors ... ok
test dispatch::fs::pipe::tests::in_memory_pipe_capacity_and_resize ... ok
test dispatch::fs::ioctl::tests::pidfd_get_info_reports_exit_after_pidfd_receipt_survives ... ok
test dispatch::fs::pipe::tests::in_memory_pipe_basic_read_write ... ok
test dispatch::fs::pipe::tests::in_memory_pipe_broken_pipe_and_eof ... ok
test dispatch::fs::pipe::tests::in_memory_pipe_interrupted_write_returns_eintr_when_unwritten ... ok
test dispatch::fs::pipe::tests::in_memory_pipe_blocking_write_to_full_parks_on_readiness ... ok
test dispatch::fs::pipe::tests::in_memory_pipe_nonblocking_eagain ... ok
test dispatch::fs::ioctl::tests::inet_in_memory_socket_fionread_and_siocoutq ... ok
test dispatch::fs::pipe::tests::in_memory_pipe_write_with_room_ignores_pending_interrupt ... ok
test dispatch::fs::pipe::tests::in_memory_pipe_zero_length_write_returns_zero ... ok
test dispatch::fs::rw::writev_pipe_copy_tests::later_fault_keeps_only_completed_aggregate_copy_blocks ... ok
test dispatch::fs::rw::writev_pipe_copy_tests::later_fault_never_truncates_the_already_admitted_current_vector ... ok
test dispatch::fs::pipe::tests::parked_large_write_keeps_writer_functional_after_numeric_close ... ok
test dispatch::fs::pipe::tests::in_memory_pipe_write_readiness_requires_pipe_buf_room ... ok
test dispatch::fs::state::fork_clone_tests::forked_runtime_io_shares_output_buffers_and_preserves_sink ... ok
test dispatch::fs::state::forked_descendants_capture_tests::forked_descendants_share_one_capture_sink ... ok
test dispatch::fs::stat::tests::name_to_handle_at_rejects_conflicting_handle_intent ... ok
test dispatch::fs::stat::tests::host_stream_stats_distinguish_devices_and_preserve_pipe_identity ... ok
test dispatch::fs::state::stdio_sink_tests::captured_sink_fills_the_run_result_buffers ... ok
test dispatch::fs::state::stdio_sink_tests::captured_dup_redirection_captures_to_stdout ... ok
test dispatch::fs::state::stdio_sink_tests::captured_stream_separation_with_dup2 ... ok
test dispatch::fs::state::stdio_sink_tests::forked_runtime_io_shares_the_piped_writer ... ok
test dispatch::fs::state::sparse_identity_tests::sparse_writes_follow_owned_inode_across_path_replacement ... ok
test dispatch::fs::state::stdio_sink_tests::child_writes_to_duped_stdio_after_fork_captured ... ok
test dispatch::fs::state::stdio_sink_tests::forked_child_output_streamed_to_piped_sink ... ok
test dispatch::fs::state::stdio_sink_tests::forked_child_output_captured_into_parent_buffers ... ok
via3
via3
test dispatch::fs::state::stdio_sink_tests::interleaved_parent_and_child_writes_preserve_pipeline_order ... ok
test dispatch::fs::state::stdio_sink_tests::piped_dup_and_stream_separation ... ok
test dispatch::fs::state::stdio_sink_tests::inherit_dup_redirection_sequence_returns_success ... ok
test dispatch::fs::stat::tests::name_to_handle_at_returns_identity_only_fid ... ok
test dispatch::fs::state::stdio_sink_tests::piped_writer_errors_surface_as_the_guest_write_errno ... ok
test dispatch::fs::state::stdio_sink_tests::stderr_kept_separate_from_stdout_across_fork ... ok
test dispatch::fs::state::stdio_sink_tests::try_rootfs_vfs_mut_fails_when_shared ... ok
test dispatch::fs::state::stdio_sink_tests::write_to_fd1_and_fd2_lands_in_the_piped_sink_not_the_capture_buffer ... ok
test dispatch::fs::tests::acquire_exec_source_overlong_path_returns_enametoolong_before_enoent ... ok
test dispatch::fs::tests::async_thread_owner_is_bound_to_the_exact_container_generation ... ok
test dispatch::fs::tests::async_process_group_owner_is_bound_to_the_exact_container_generation ... ok
test dispatch::fs::tests::chroot_rebases_absolute_resolution ... ok
test dispatch::fs::tests::async_owner_never_follows_a_reused_internal_pid ... ok
test dispatch::fs::tests::async_process_owner_is_bound_to_the_exact_container_generation ... ok
test dispatch::fs::tests::bind_mount_rejects_o_directory_for_regular_file ... ok
test dispatch::fs::tests::cross_mount_rename_and_link_boundary_semantics ... ok
test dispatch::archive::tests::archive_import_holds_the_overlay_transaction_during_validation ... ok
test dispatch::fs::tests::deep_cwd_allows_legal_relative_resolution_and_chdir_beyond_path_max ... ok
test container::tests::lifecycle_lock_serializes_threads_in_the_same_process ... ok
test dispatch::fs::tests::close_retires_the_fd_open_path_entry ... ok
test dispatch::fs::tests::bind_mount_setxattr_reports_unsupported_instead_of_missing ... ok
test dispatch::fs::tests::dropped_reactor_record_lock_wait_retracts_its_edge ... ok
test dispatch::fs::tests::f_setlkw_cycle_reports_edeadlk_instead_of_parking_forever ... ok
test dispatch::fs::tests::dispatch_threaded_pipe_reader_write_shared_ebadf_not_enosys ... ok
test dispatch::fs::tests::dnotify_child_attrib_matches_macos_private_tmp_alias ... ok
test dispatch::fs::tests::dnotify_child_attrib_queues_parent_before_child ... ok
test dispatch::fs::tests::dentry_fast_open_preserves_nofollow_after_following_stat ... ok
test dispatch::fs::tests::fcntl_pipe_set_capacity_preserves_authority_fatal_without_direct_fallback ... ok
test dispatch::fs::tests::final_pipe_description_close_disarms_fasync_registration ... ok
test dispatch::fs::tests::flock_retirement_waits_for_final_duplicate_reference ... ok
test dispatch::fs::tests::fd_allocator_cursor_reuses_closed_hole_then_advances ... ok
test dispatch::fs::tests::fcntl_f_created_query_semantics ... ok
test dispatch::fs::tests::flock_wait_lease_retires_its_exact_description_after_slot_close ... ok
test dispatch::fs::tests::foreign_numeric_proc_pid_never_aliases_the_callers_fd_table ... ok
test dispatch::fs::tests::fcntl_pipe_host_pipe_accounting_and_set_capacity ... ok
test dispatch::fs::tests::fcntl_pipe_set_capacity_semantic_errors ... ok
test container::tests::name_registry_lock_serializes_concurrent_creators ... ok
test dispatch::fs::tests::fcntl_pipe_set_capacity_routes_through_canonical_authority ... ok
test dispatch::archive::tests::archive_transaction_blocks_a_concurrent_symlink_pivot ... ok
test dispatch::fs::tests::fs_view_direct_construction_and_operations ... ok
test dispatch::fs::tests::flush_target_survives_guest_close ... ok
test dispatch::fs::tests::hvpatch_classic_record_lock_replacement_splits_only_the_callers_range ... ok
test dispatch::fs::tests::hvpatch_classic_record_locks_conflict_by_task_generation_and_release_on_close ... ok
test dispatch::fs::tests::hvpatch_flock_shared_and_exclusive_semantics ... ok
test dispatch::fs::tests::hvpatch_ofd_locks_conflict_with_posix_and_other_ofd ... ok
test dispatch::fs::tests::host_file_lseek_does_not_publish_description_mutation ... ok
test dispatch::fs::tests::inet4_ioctl_view_uses_linux_interface_names ... ok
test dispatch::fs::tests::host_file_write_does_not_publish_description_mutation ... ok
test dispatch::fs::tests::host_flush_injection_is_the_real_dispatch_operation ... ok
test dispatch::fs::tests::chroot_no_search_permission_precedes_capability_error ... ok
test dispatch::fs::tests::legacy_aio_nowait_empty_pipe_publishes_eagain_completion ... ok
test dispatch::fs::tests::host_sparse_extents_preserve_linux_holes_inside_apfs_allocations ... ok
test dispatch::fs::tests::memfd_proc_self_fd_reopen_access_mode_and_seals ... ok
test dispatch::fs::tests::memory_file_open_does_not_duplicate_path_record_for_proc_fd ... ok
test dispatch::fs::tests::memfd_proc_self_fd_reopen_trunc_shares_inode ... ok
test dispatch::fs::tests::non_pipe_access_mode_readv_writev_and_splice_precedence ... ok
test dispatch::fs::tests::openat2_resolve_beneath_rejects_dotdot_escape ... ok
test dispatch::fs::tests::openat2_resolve_no_magiclinks_rejects_proc_fd_reopen ... ok
test dispatch::fs::tests::openat2_resolve_no_xdev_rejects_proc_mount_crossing ... ok
test dispatch::fs::tests::openat2_resolve_in_root_rejects_absolute_escape ... ok
test dispatch::fs::tests::openat2_resolve_in_root_clamps_parent_components_at_dirfd ... ok
test dispatch::fs::tests::openat2_rejects_unknown_and_invalid_opath_flag_combinations ... ok
test dispatch::fs::tests::pipe_end_direction_matrix_and_fd_lifecycle_closure ... ok
test dispatch::fs::tests::proc_exe_open_fd_tracks_dentry_and_reads_retained_live_object ... ok
test dispatch::fs::tests::host_mkdirat_existing_root_returns_eexist ... ok
test dispatch::fs::tests::lseek_data_and_hole_across_backends ... ok
test dispatch::fs::tests::procmap_query_reports_exact_next_filter_and_name_contracts ... ok
test dispatch::fs::tests::reactor_polled_f_setlkw_cycle_reports_edeadlk ... ok
test dispatch::fs::tests::pselect6_counts_in_memory_pipe_write_end_writable ... ok
test dispatch::fs::tests::pselect6_parks_full_pipe_write_end_on_readiness_pipe_pollin ... ok
test dispatch::fs::tests::pwrite64_to_memfd_returns_without_deadlock ... ok
test dispatch::fs::tests::mknodat_special_node_in_setgid_parent_inherits_gid_without_setgid ... ok
test dispatch::fs::tests::readv_host_write_guard_finishes_every_exposed_range_on_error ... ok
test dispatch::fs::tests::proc_self_fd_reopen_overlay_file_write_after_reopen_visible_in_reopened ... ok
test dispatch::fs::tests::readonly_destination_offsets::read_delivers_writable_page_prefix_before_readonly_page ... ok
test dispatch::fs::tests::proc_self_fd_reopen_offsets_are_independent ... ok
test dispatch::fs::tests::openat2_resolve_no_symlinks_rejects_link_path ... ok
test dispatch::fs::tests::rlimit_fsize_straddling_regular_write_returns_only_the_limit_prefix ... ok
test dispatch::fs::tests::splice_block_captures_output_slot_and_rejects_same_number_reuse ... ok
test dispatch::fs::tests::readonly_destination_offsets::readv_efault_into_readonly_destination_preserves_host_file_offset ... ok
test dispatch::fs::tests::readonly_destination_offsets::read_efault_into_readonly_destination_preserves_host_file_offset ... ok
test dispatch::fs::tests::splice_pushback_moves_owned_full_chunks_without_copy ... ok
test dispatch::fs::tests::splice_pushback_keeps_large_stages_chunked ... ok
test dispatch::fs::tests::readonly_destination_offsets::readv_partial_delivery_advances_offset_by_delivered_bytes_only ... ok
test dispatch::fs::tests::sendfile_and_copy_file_range_reject_synthetic_device ... ok
test dispatch::fs::tests::splice_synthetic_devices_pipe_capacity_and_nonblocking ... ok
test dispatch::fs::tests::splice_pipe_to_writable_null_and_zero_devices_consumes_bytes ... ok
test dispatch::fs::tests::splice_synthetic_devices_access_mode_and_offset_rules ... ok
test dispatch::fs::tests::sendfile_rejects_invalid_and_read_only_destinations_before_copying ... ok
test dispatch::fs::tests::splice_host_file_to_pipe_returns_short_and_advances_offset ... ok
test dispatch::fs::tests::staged_splice_bytes_on_shared_description_survives_draining_table ... ok
test dispatch::fs::tests::staged_splice_pipe_bytes_preserve_fifo_order ... ok
test dispatch::fs::tests::staged_splice_pipe_bytes_are_visible_to_read ... ok
test dispatch::fs::tests::tee_in_memory_destination_reader_closed_epipe_and_sigpipe ... ok
test dispatch::fs::tests::tee_in_memory_basic_non_consuming_copy ... ok
test dispatch::fs::tests::sync_file_range_rejects_synthetic_character_device_with_espipe ... ok
test dispatch::fs::tests::terminal_retirement_finalizes_each_logical_lock_registry_once ... ok
test dispatch::fs::tests::tee_in_memory_empty_source_backpressure_and_eof ... ok
test dispatch::fs::tests::terminal_retirement_releases_flock_and_ofd_record_locks ... ok
test dispatch::fs::tests::splice_synthetic_devices_to_pipe_transfers_bytes_or_eof ... ok
test dispatch::fs::tests::tee_in_memory_validation_and_same_pipe_precedence ... ok
test dispatch::fs::tests::stat_following_final_symlink_cycle_returns_eloop ... ok
test dispatch::fs::tests::tee_in_memory_full_destination_backpressure ... ok
test dispatch::fs::tests::hvpatch_blocking_classic_record_lock_wakes_after_unlock ... ok
test dispatch::fs::tests::test_seekholemap_truncate_write_cycle ... ok
test dispatch::fs::tests::test_stat_absolute_path_after_chroot ... ok
test dispatch::fs::tests::test_creat_through_guest_created_symlink_to_dir ... ok
test dispatch::fs::tests::socket_marker_disables_streaming_and_keeps_layered_parity ... ok
test dispatch::fs::tests::test_intermediate_symlink_loop_returns_eloop ... ok
test dispatch::fs::tests::threaded_dispatch_synthetic_device_write_routes_without_unhandled_syscall ... ok
test dispatch::fs::tests::test_rmdir_after_unlinking_files ... ok
test dispatch::fs::tests::test_rename_symlink_into_symlinked_dir_preserves_symlink ... ok
test dispatch::fs::tests::f_add_seals_waits_for_alias_dispatch_and_publishes_under_same_exclusion ... ok
test dispatch::fs::tests::test_stat_and_lookup_dot_leaf ... ok
test dispatch::fs::tests::truncate_follows_final_symlink_cycle_to_eloop ... ok
test dispatch::fs::tests::tiocspgrp_distinguishes_invalid_ids_from_absent_groups ... ok
test dispatch::fs::tests::test_path_resolution_observable_behavior_pinned ... ok
test dispatch::fs::tests::vfs_open_fallthrough_does_not_build_open_context ... ok
test dispatch::fs::tests::trusted_dirfd_lane_serves_nofollow_directory_probe_enotdir ... ok
test dispatch::fs::tests::trusted_dirfd_lane_falls_back_for_special_shapes ... ok
test dispatch::fs::tests::vmsplice_in_memory_pipe_writer_is_bounded_by_available_capacity ... ok
test dispatch::fs::tests::vmsplice_in_memory_pipe_writer_full_nonblocking_returns_eagain ... ok
test dispatch::fs::tests::trusted_dirfd_lane_serves_walk_and_recurses ... ok
test dispatch::fs::tests::vmsplice_in_memory_pipe_writer_full_blocking_parks_on_write_readiness_pollin ... ok
test dispatch::hvpatch_in_process_fork_tests::fcntl_pipe_set_capacity_works_on_successor_table_after_close_range_unshare ... ok
test dispatch::hvpatch_in_process_fork_tests::dispatcher_fork_clone_splits_process_state_without_duping_descriptions ... ok
test dispatch::fs::tests::trusted_dirfd_stat_matches_slow_path ... ok
test dispatch::hvpatch_in_process_fork_tests::hvpatch_inherited_fd_close_is_not_the_last_logical_reference ... ok
test dispatch::hvpatch_in_process_fork_tests::hvpatch_close_range_unshare_splits_clone_files_before_closing_child_fd ... ok
test dispatch::hvpatch_in_process_fork_tests::final_target_close_detaches_epoll_owner_from_another_file_table ... ok
test dispatch::hvpatch_in_process_fork_tests::hvpatch_child_dup3_does_not_detach_parent_epoll_interest ... ok
test dispatch::hvpatch_in_process_fork_tests::in_memory_file_open_handle_survives_fork_and_reexec_filtering ... ok
test dispatch::hvpatch_in_process_fork_tests::hvpatch_exiting_task_fds_retire_while_task_is_still_registered ... ok
test dispatch::hvpatch_in_process_fork_tests::hvpatch_pi_futex_owner_uses_kernel_linux_tid ... ok
test dispatch::fs::tests::two_live_containers_project_mutated_uts_and_netns_through_guest_surfaces ... ok
test dispatch::hvpatch_in_process_fork_tests::hvpatch_exit_notification_observes_retired_inherited_pipe_writer ... ok
test dispatch::fs::tests::trusted_getdents_streams_layered_identical_entries ... ok
test dispatch::inzone_tcp::ppoll_on_inzone_listener_registers_a_dual_host_peers_only_source ... ok
test dispatch::inzone_tcp::pselect6_inzone_listener_with_pending_connection_returns_ready_instead_of_parking ... ok
test dispatch::inzone_tcp::pselect6_on_inzone_listener_registers_a_dual_host_peers_only_source ... ok
test dispatch::inzone_tcp::poll_on_listener_reports_in_zone_queued_connection ... ok
test dispatch::inzone_tcp::blocking_read_on_empty_in_zone_socket_parks_instead_of_eagain ... ok
test dispatch::inzone_tcp::readiness_agrees_when_one_connection_is_queued ... ok
test dispatch::inzone_tcp::ppoll_on_inzone_accepted_stream_registers_a_probed_pollin_source ... ok
test dispatch::inzone_tcp::pselect6_on_inzone_accepted_stream_registers_a_probed_pollin_source ... ok
test dispatch::io_pipe::host_wait_policy_tests::regular_file_writes_stay_inline_while_waitable_streams_release_the_executor ... ok
test dispatch::inzone_tcp::closing_listener_with_queued_half_gives_econnreset_eof ... ok
test dispatch::inzone_tcp::refused_nonblocking_inzone_connect_leaves_socket_reconnectable ... ok
test dispatch::ioring::tests::close_sqe_accepts_and_records_bare_stdout_and_stderr ... ok
test dispatch::ioring::tests::close_sqe_rejects_missing_nonstdio_fd ... ok
test dispatch::inzone_tcp::connect_accept_pairs_in_zone_with_no_host_accept ... ok
test dispatch::inzone_tcp::tcp_oob_urgent_data_readiness_and_recv ... ok
test dispatch::inzone_tcp::tcp_splice_socket_to_pipe_and_pipe_to_socket ... ok
test dispatch::ioring::tests::close_sqe_marks_redirected_stdin_closed_and_reuses_fd_zero ... ok
test dispatch::inzone_tcp::sendto_on_in_zone_stream_validates_the_ignored_destination ... ok
test dispatch::ioring::tests::layout_rounds_entries_to_power_of_two_and_sizes_regions ... ok
test dispatch::ioring::tests::params_describe_the_layout ... ok
test dispatch::ioring::tests::unknown_opcode_completes_with_einval_not_io ... ok
test dispatch::ioring::tests::nop_completes_with_zero_and_preserves_user_data ... ok
test dispatch::ioring::tests::serviced_opcode_runs_io_and_returns_its_result ... ok
test dispatch::kernel_context::tests::entering_hvpatch_lane_unpublishes_legacy_projection_only_once ... ok
test dispatch::ioring::tests::close_sqe_retires_exact_mqueue_registration_and_netlink_retention ... ok
test dispatch::ioring::tests::io_uring_block_captures_sqe_slot_and_rejects_same_number_reuse ... ok
test dispatch::kernel_context::tests::lifecycle_credential_scope_uses_the_exact_nonleader_context ... ok
test dispatch::kernel_context::tests::logical_exec_workdir_is_validated_before_exact_context_mutation ... ok
test dispatch::kernel_context::tests::logical_execvp_skips_non_executable_path_candidates ... ok
test dispatch::ioring::tests::cross_process_lock_unlock_is_idempotent ... ok
test dispatch::kernel_context::tests::one_task_adapter_registers_explicit_linux_tid_for_backend_thread ... ok
test dispatch::ioring::tests::copied_mm_clones_exact_attachments_and_clone_vm_shares_mm ... ok
test dispatch::kernel_context::tests::try_bootstrap_one_task_binding_succeeds ... ok
test dispatch::kernel_context::tests::one_task_thread_registration_copies_the_exact_nonleader_credentials ... ok
test dispatch::ioring::tests::mapping_attachment_splits_and_keeps_backing_after_final_fd_close ... ok
test dispatch::mem::backing::tests::host_alias_abort_preserves_replaced_vma_lock_residency_bus_and_seal_metadata ... ok
test dispatch::mem::backing::tests::core_file_provenance_keeps_mmap_offset_and_excludes_anonymous_exec ... ok
test dispatch::mem::backing::tests::host_alias_inventory_commits_trims_and_fork_clones_exact_ranges ... ok
test dispatch::mem::backing::tests::exact_partial_granule_replacement_splits_owner_without_reusing_live_storage ... ok
test dispatch::mem::backing::tests::hvpatch_fixed_va_aliases_do_not_consume_the_legacy_monotonic_ipa_cursor ... ok
test dispatch::mem::backing::tests::indeterminate_repoint_policy_retains_old_and_candidate_storage ... ok
test dispatch::kernel_context::tests::one_task_rebind_copies_complete_credential_values ... ok
test dispatch::ioring::tests::exec_survivor_keeps_description_but_new_mm_has_no_attachments ... ok
test dispatch::kernel_context::tests::logical_exec_workdir_checks_target_credentials_before_mutation ... ok
test dispatch::kernel_context::tests::logical_exec_target_user_workdir_and_path_share_one_exact_resource_scope ... ok
test dispatch::mem::backing::tests::mmap_private_hostfile_backend_refusal_falls_back_to_snapshot ... ok
test dispatch::mem::backing::tests::mmap_private_hostfile_lazy_backend_does_not_publish_backing_at_map_time ... ok
test dispatch::mem::backing::tests::mmap_private_hostfile_lowers_file_backed_and_publishes_bus_tail ... ok
test dispatch::mem::backing::tests::mmap_shared_is_never_offered_the_lowering_and_exec_private_is_admitted ... ok
test dispatch::mem::backing::tests::range_owned_metadata_removal_clears_every_mmap_classification ... ok
test dispatch::mem::backing::tests::readonly_host_fd_cannot_carry_a_writable_shared_file_mapping ... ok
test dispatch::mem::backing::tests::private_repoint_failure_preserves_prior_overlay_owner_and_vma ... ok
test dispatch::mem::backing::tests::replacement_commit_trims_every_predecessor_classification_to_prefix_and_suffix ... ok
test dispatch::mem::brk::tests::brk_growth_past_rlimit_data_returns_the_unchanged_break ... ok
test dispatch::mem::backing::tests::shared_owner_middle_replacement_then_unmap_reuses_only_middle ... ok
test dispatch::mem::backing::tests::shared_owner_prefix_replacement_then_unmap_reuses_only_prefix ... ok
test dispatch::mem::backing::tests::shared_owner_suffix_replacement_then_unmap_reuses_only_suffix ... ok
test dispatch::mem::clock_stub_range_tests::overlap_guard_covers_edges_and_overflow ... ok
test dispatch::mem::brk::tests::brk_heap_real_vma_page_transitions ... ok
test dispatch::mem::brk::tests::brk_shrink_scrubs_backing_before_regrowth ... ok
test dispatch::mem::fault::tests::first_touch_arming_answers_and_splits_exactly_like_a_scan ... ok
test dispatch::mem::fault::tests::committed_growdown_page_still_routes_to_mutation_authority ... ok
test dispatch::mem::fault::tests::committed_first_touch_page_still_routes_to_mutation_authority ... ok
test dispatch::mem::fault::tests::first_touch_arming_coalesces_adjacent_equal_protections ... ok
test dispatch::mem::fault::tests::growdown_cannot_claim_raw_clock_transport ... ok
test dispatch::mem::fault::tests::growdown_metadata_is_trimmed_with_mapping_teardown ... ok
test dispatch::mem::fault::tests::mprotect_none_over_armed_first_touch_page_retires_and_rearms_the_pending_edit ... ok
test dispatch::mem::fault::tests::mprotect_over_armed_first_touch_page_keeps_the_leaf_invalid_with_new_prot ... ok
test dispatch::mem::fault::tests::mprotect_over_committed_first_touch_page_does_not_rearm_it ... ok
test dispatch::mem::madvise::tests::eager_mlock_uses_committed_vma_metadata_before_lazy_backing_is_resident ... ok
test dispatch::mem::madvise::tests::eager_lock_paths_populate_mincore_residency ... ok
test dispatch::mem::madvise::tests::mincore_mapped_first_and_last_with_hole_is_enomem ... ok
test dispatch::mem::madvise::tests::madvise_reports_vma_rejection_before_unmapped_hole_enomem ... ok
test dispatch::mem::madvise::tests::mincore_onfault_lock_is_not_resident_until_page_is_touched ... ok
test dispatch::mem::madvise::tests::mincore_overflowing_length_is_enomem_not_abort ... ok
test dispatch::mem::madvise::tests::mincore_unmapped_end_page_is_enomem_not_abort ... ok
test dispatch::mem::routing_characterization_tests::mem_routing_matches_canonical_fixture_0_to_500 ... ok
test dispatch::mem::tests::a_prot_none_reserve_does_not_raise_the_writable_watermark ... ok
test dispatch::mem::tests::a_writable_mapping_raises_the_watermark_and_forces_a_later_scrub ... ok
test dispatch::mem::tests::adjacent_compatible_anonymous_dynamic_mappings_coalesce ... ok
test dispatch::mem::tests::alias_window_advisory_hint_is_honored_without_consuming_low_arena ... ok
test dispatch::mem::tests::alias_window_advisory_hint_with_protection_maps_alias ... ok
test dispatch::mem::tests::anonymous_mmap_residency_tracks_populate_first_touch_and_dontneed ... ok
test dispatch::mem::tests::backend_mmap_arena_is_not_classified_as_an_alias ... ok
test dispatch::mem::tests::clock_stub_protection_adjacent_ranges_remain_mutable ... ok
test dispatch::mem::fault::tests::dontneed_first_touch_restores_an_executable_leaf ... ok
test dispatch::mem::backing::tests::brk_waits_for_host_alias_idle ... ok
test dispatch::mem::tests::clock_stub_protection_fixed_mmap ... ok
test dispatch::mem::tests::clock_stub_protection_mprotect ... ok
test dispatch::mem::tests::clock_stub_protection_nonfixed_hint_is_not_a_target ... ok
test dispatch::mem::tests::clock_stub_protection_munmap ... ok
test dispatch::mem::tests::committed_high_alias_mprotect_readonly_edits_guest_page_tables ... ok
test dispatch::mem::tests::clock_stub_protection_mremap_source_and_destination ... ok
test dispatch::mem::tests::committed_high_alias_mprotect_reports_backend_edit_failure ... ok
test dispatch::mem::tests::committed_low_vma_can_materialize_before_raw_backing_exists ... ok
test dispatch::mem::tests::committed_vma_coverage_rejects_holes_and_accepts_adjacent_mappings ... ok
test dispatch::mem::tests::core_maps_exclude_carricks_el1_only_kernel_hole ... ok
test dispatch::mem::tests::core_maps_keep_guest_visible_neighbours_of_the_kernel_hole ... ok
test dispatch::mem::tests::concurrent_exec_mmap_does_not_commit_consumed_protection_failure_outside_arena ... ok
test dispatch::mem::tests::core_vma_projection_subtracts_map_fixed_replacement_from_live_heap ... ok
test dispatch::mem::tests::data_va_bytes_counts_only_private_writable_mappings_and_the_heap ... ok
test dispatch::mem::tests::demand_paged_shared_anon_keeps_best_effort_mapping_on_protection_failure ... ok
test dispatch::mem::tests::dynamic_mapping_overlap_uses_sorted_boundaries ... ok
test dispatch::mem::tests::disabled_rlimits_bypass_vma_projection_and_locks ... ok
test dispatch::mem::tests::file_private_fixed_shared_aperture_repoints_snapshot_and_publishes_map_time_bus_tail ... ok
test dispatch::mem::tests::free_regions_coalesce_adjacent ... ok
test dispatch::mem::tests::free_regions_coalesce_overlap_and_keep_disjoint ... ok
test dispatch::mem::backing::tests::installing_host_alias_blocks_sibling_mapping_dispatch_until_resolution ... ok
test dispatch::mem::tests::fresh_private_anonymous_mmap_skips_zero_write ... ok
test dispatch::mem::tests::every_mmap_refusal_names_itself ... ok
test dispatch::mem::tests::guest_vma_occupancy_excludes_hidden_arenas_but_includes_live_ranges ... ok
test dispatch::mem::tests::host_alias_map_droppable_reaches_keeponfork_rejection_metadata ... ok
test dispatch::mem::tests::hvpatch_sparse_semantic_arena_stays_identity_while_low_fixed_hole_aliases ... ok
test dispatch::mem::tests::hvpatch_low_fixed_hole_maps_a_host_alias ... ok
test dispatch::mem::tests::high_va_private_anonymous_mmap_returns_empty_alias_payload ... ok
test dispatch::mem::tests::large_vma_mmap_overlapping_hint_and_fixed_replacement ... ok
test dispatch::mem::tests::large_vma_mmap_host_alias_transaction_abort_rollback ... ok
test dispatch::mem::tests::large_vma_mmap_reserve_fresh_error_rollback ... ok
test dispatch::mem::tests::large_vma_mmap_prot_none_mprotect_subranges_and_munmap ... ok
test dispatch::mem::tests::large_vma_mmap_rw_noreserve_deferred_subrange_mprotect_and_munmap ... ok
test dispatch::mem::tests::locked_ranges_insert_keeps_the_set_sorted_and_merged ... ok
test dispatch::mem::tests::lowering_the_cursor_drops_free_regions_left_above_it ... ok
test dispatch::mem::tests::lowering_the_cursor_still_absorbs_regions_contiguous_below ... ok
test dispatch::mem::tests::lowering_the_cursor_truncates_a_region_that_straddles_it ... ok
test dispatch::mem::tests::lazy_high_va_commit_preserves_shared_reservation_provenance ... ok
test dispatch::mem::tests::mem_authority_fork_is_independent_after_one_existing_state_clone ... ok
test dispatch::mem::tests::mem_authority_revises_once_per_published_vma_transaction ... ok
test dispatch::mem::tests::lazy_anonymous_mmap_arms_first_touch_without_accessible_backing ... ok
test dispatch::mem::tests::mmap_publishes_shared_rx_and_private_fixed_replacement ... ok
test dispatch::mem::tests::mixed_rx_and_r_mremap_source_is_rejected_without_broadening_permissions ... ok
test dispatch::mem::backing::tests::mincore_waits_for_host_alias_idle ... ok
test dispatch::mem::tests::clock_stub_protection_overflow_and_empty_requests ... ok
test dispatch::mem::tests::mmap_refuses_growth_past_rlimit_as_with_enomem ... ok
test dispatch::mem::tests::mremap_boot_heap_fallback_accepts_live_prefix_and_rejects_hidden_suffix ... ok
test dispatch::mem::tests::moving_shared_mremap_fails_before_private_copy_or_metadata_mutation ... ok
test dispatch::mem::tests::mremap_boot_region_metadata_fallback_preserves_exact_properties ... ok
test dispatch::mem::tests::mremap_fork_semantics_preserve_splits_across_move_and_grow ... ok
test dispatch::mem::tests::mremap_fork_semantics_preserve_splits_across_shrink ... ok
test dispatch::mem::tests::mremap_dontunmap_moves_contents_and_leaves_the_source_zeroed ... ok
test dispatch::mem::tests::mremap_fixed_relocates_to_the_named_destination_and_reclaims_the_source ... ok
test dispatch::mem::tests::mmap_shared_validate_rejects_anonymous_but_keeps_file_and_unknown_flag_rules ... ok
test dispatch::mem::tests::mremap_rejects_boot_region_source_spanning_multiple_regions ... ok
test dispatch::mem::tests::mremap_rejects_hidden_mmap_backing_boot_region ... ok
test dispatch::mem::tests::munmap_clears_read_only_tracking_before_writable_reuse ... ok
test dispatch::mem::tests::mremap_shrink_unmap_failure_keeps_source_metadata_and_allocator ... ok
test dispatch::mem::tests::mremap_rejects_hidden_shared_and_private_aperture_boot_regions ... ok
test dispatch::mem::tests::munmap_hole_cannot_fall_back_to_boot_metadata_during_mremap ... ok
test dispatch::mem::tests::native16k_allows_multithreaded_exec_mprotect_for_translation_backend ... ok
test dispatch::mem::tests::native16k_identity_mprotect_propagates_backend_failure ... ok
test dispatch::mem::tests::native16k_rejects_multithreaded_exec_mprotect ... ok
test dispatch::mem::tests::native16k_allows_private_alias_write_exec_for_translation_backend ... ok
test dispatch::mem::tests::native16k_rejects_multithreaded_write_exec_mmap ... ok
test dispatch::mem::tests::native16k_rejects_shared_write_exec_mmap ... ok
test dispatch::mem::tests::native16k_rejects_multithreaded_write_exec_mprotect ... ok
test dispatch::mem::backing::tests::proc_mem_snapshot_waits_for_install_and_returns_one_coherent_generation ... ok
test dispatch::mem::backing::tests::msync_waits_for_host_alias_idle ... ok
test dispatch::mem::tests::native16k_rejects_write_exec_alias_mmap ... ok
test dispatch::mem::tests::native16k_rejects_shared_write_exec_mprotect ... ok
test dispatch::mem::tests::native16k_shared_provenance_survives_partial_mprotect ... ok
test dispatch::mem::tests::next_mmap_address_allocates_large_vmas_in_canonical_high_va_space ... ok
test dispatch::mem::tests::next_mmap_address_canonical_high_va_hint_and_gap_search ... ok
test dispatch::mem::tests::odd_shared_mmap_tracks_logical_length_and_granule_reservation ... ok
test dispatch::mem::tests::native16k_rejects_write_exec_alias_mprotect ... ok
test dispatch::mem::tests::removing_a_fixed_range_splits_the_region_it_lands_inside ... ok
test dispatch::mem::tests::next_mmap_address_honours_file_offset_congruence ... ok
test dispatch::mem::tests::private_file_snapshot_computes_identical_bus_tail_for_memfd_synthetic_and_host_sources ... ok
test dispatch::mem::tests::next_mmap_address_reuses_freed_arena_region ... ok
test dispatch::mem::tests::private_overlay_mremap_shrink_carves_source_tail_and_reuses_only_storage ... ok
test dispatch::mem::tests::reused_private_anonymous_mmap_zeroes_backing_without_zero_write ... ok
test dispatch::mem::tests::secretmem_range_is_retired_by_mapping_metadata_removal ... ok
test dispatch::mem::tests::secretmem_range_registry_records_queries_and_splits ... ok
test dispatch::mem::tests::reset_memory_state_on_execve_resets_arenas_and_preserves_auxv_snapshot ... ok
test dispatch::mem::tests::shared_anonymous_mremap_shrink_retains_shared_prefix_metadata ... ok
test dispatch::mem::tests::shared_anonymous_high_advisory_hint_is_selected_then_committed_lazily ... ok
test dispatch::mem::tests::shared_anon_deferred_setter_failure_rolls_back_before_commit ... ok
test dispatch::mem::tests::shared_file_fixed_mremap_moves_page_and_preserves_file_offset ... ok
test dispatch::mem::tests::shared_aperture_partial_and_shifted_sources_reject_before_backend_mutation ... ok
test dispatch::mem::tests::revision_checked_publication_excludes_concurrent_vma_mutation ... ok
test dispatch::mem::tests::shared_file_fixed_mremap_repoint_failure_lowers_to_enomem ... ok
test dispatch::mem::tests::shared_file_fixed_mremap_rejects_missing_maymove_or_overlapping_ranges ... ok
test dispatch::mem::tests::trim_dynamic_maps_preserves_sorted_order_without_full_resort ... ok
test dispatch::mem::tests::shared_fixed_mremap_move_fails_before_source_mutation ... ok
test dispatch::mem::vma::tests::coalesce_preserves_dontdump_policy_on_subrange ... ok
test dispatch::mem::vma::tests::boot_vma_preserves_file_subranges_and_anonymous_bss ... ok
test dispatch::mem::vma::tests::vma_map_empty_and_subrange_nonexistent_operations ... ok
test dispatch::mem::tests::shared_fixed_mremap_shrink_fails_before_source_tail_mutation ... ok
test dispatch::mem::tests::shared_mremap_shrink_unmap_failure_keeps_live_length_and_tail_accounting ... ok
test dispatch::mem::vma::tests::vma_map_offset_math_and_coalesce ... ok
test dispatch::mem::vma::tests::vma_map_lifecycle_sequence ... ok
test dispatch::mem::vma::tests::vma_map_out_of_order_and_overlapping_insert ... ok
test dispatch::mem::vma::tests::vma_snapshot_projects_permissions_and_splits_kernel_hidden_coverage ... ok
test dispatch::mem::vma::tests::vma_projection_preserves_adjacency_and_removes_unmapped_boot_ranges ... ok
test dispatch::mem::backing::tests::pending_host_alias_transaction_drop_aborts_and_notifies_waiters ... ok
test dispatch::mm_authority::mm_executor_release_tests::caller_mm_executor_is_absent_during_operation_and_exact_identity_is_restored ... ok
test dispatch::mem::tests::shared_mmap_refreshes_an_independently_opened_vfs_inode ... ok
test dispatch::mm_authority::mm_transaction_tests::begin_transaction_increments_and_decrements_topology_depth ... ok
test dispatch::mm_authority::mm_executor_release_tests::caller_mm_executor_is_restored_when_operation_returns_error ... ok
test dispatch::mm_authority::mm_executor_release_tests::caller_mm_executor_reports_dispatcher_binding_drift_after_reentry ... ok
test dispatch::mm_mutation::tests::permit_is_bound_to_the_exact_guard_and_mm_coordinator ... ok
test dispatch::mount_api::tests::fsconfig_cmd_round_trips_known_range_and_rejects_unknown ... ok
test dispatch::mount_api::tests::new_superblock_context_stages_then_defers_create ... ok
test dispatch::mount_api::tests::reconfigure_context_defers_reconfigure_and_refuses_create ... ok
test dispatch::mount_api::tests::shape_commands_take_no_arguments ... ok
test dispatch::mount_api::tests::shape_set_binary_requires_positive_aux ... ok
test dispatch::mount_api::tests::shape_set_fd_rejects_negative_aux ... ok
test dispatch::mount_api::tests::shape_set_flag_requires_bare_key ... ok
test dispatch::mount_api::tests::shape_set_string_requires_key_and_value ... ok
test dispatch::mount_api::tests::supported_fs_types_match_proc_filesystems ... ok
test dispatch::mem::madvise::tests::anonymous_discard_avoids_scrub_contract ... ok
test dispatch::mount_retirement_tests::terminal_mount_retirement_waits_for_every_dispatch_and_archive_alias ... ok
test dispatch::mqueue::tests::blocking_mqueue_deterministic_deadline_enrolls_virtual_due ... ok
test dispatch::mem::vma::tests::vma_map_mutation_complexity_is_logarithmic_plus_affected ... ok
test dispatch::mqueue::tests::blocking_mqueue_replans_absolute_deadline_after_realtime_steps ... ok
test dispatch::mqueue::tests::another_description_for_same_queue_cannot_unregister_owner ... ok
test dispatch::mem::madvise::tests::readonly_private_anonymous_dontneed_retires_populated_residency ... ok
test dispatch::mqueue::tests::blocking_mqueue_send_completes_with_captured_payload_after_space_wake ... ok
test dispatch::mqueue::tests::blocking_mqueue_receive_subscribes_then_completes_captured_copyout ... ok
test dispatch::mqueue::tests::cloexec_last_owner_alias_clears_with_parent_global_reference ... ok
test dispatch::mqueue::tests::blocking_mqueue_timeout_and_cancel_settle_receiver_with_stale_clone ... ok
test dispatch::mqueue::tests::closing_thread_registration_releases_retained_netlink_reference ... ok
test dispatch::mqueue::tests::closing_a_plain_fd_never_walks_the_file_table ... ok
test dispatch::mqueue::tests::copied_file_table_thread_exit_closes_owner_registration_exactly_once ... ok
test dispatch::mqueue::tests::host_thread_unregister_route_is_unchanged ... ok
test dispatch::mqueue::tests::copied_file_table_owner_exit_purges_registration_despite_parent_description_ref ... ok
test dispatch::mqueue::tests::dup_keeps_registration_until_last_description_reference_closes ... ok
test dispatch::mqueue::tests::exec_transfer_rebinds_registration_to_successor_file_table ... ok
test dispatch::mqueue::tests::hvpatch_unregister_and_delivery_never_follow_reused_pid ... ok
test dispatch::mqueue::tests::mq_deadline_expiry_is_measured_on_the_guest_clock ... ok
test dispatch::mqueue::tests::inherited_parent_close_does_not_clear_child_registration ... ok
test dispatch::mqueue::tests::priority_ordering_and_fifo ... ok
test dispatch::mm_authority::mm_executor_release_tests::caller_mm_executor_is_restored_before_operation_panic_resumes ... ok
test dispatch::mm_authority::mm_executor_release_tests::host_wait_releases_mm_and_cpu_then_restores_both_even_on_unwind ... ok
test dispatch::mqueue::tests::last_mqueue_description_close_clears_registration_for_replacement_generation ... ok
test dispatch::mqueue::tests::mqueue_syscall_round_trip ... ok
test dispatch::mm_authority::mm_executor_release_tests::retired_host_wait_keeps_mm_unadmitted_on_return_and_unwind ... ok
test dispatch::mqueue::tests::hvpatch_thread_notification_keeps_registrants_exact_netlink_description ... ok
test dispatch::mqueue::tests::validate_names ... ok
test dispatch::mqueue::tests::hvpatch_cross_task_signal_targets_exact_registrant_with_sender_identity ... ok
test dispatch::mqueue::tests::registration_holds_description_read_lock_until_queue_publication ... ok
test dispatch::mqueue::tests::sigev_none_registration_blocks_a_second_registration ... ok
test dispatch::mqueue::tests::shared_table_peer_close_in_exec_commit_window_rebinds_exact_owner ... ok
test dispatch::native_execution::tests::real_mutation_drain_cannot_pass_until_execution_scope_ends ... ok
test dispatch::native_execution::tests::replacing_dispatch_participation_cannot_detach_native_running_authority ... ok
test dispatch::native_execution::tests::raised_pause_refuses_entry_and_rolls_back_running ... ok
test dispatch::mqueue::tests::shared_file_table_survives_nonfinal_thread_exit ... ok
test dispatch::mqueue::tests::shared_file_table_owner_exit_purges_without_closing_shared_alias ... ok
test dispatch::net::epoll_ops::epoll_edge_sample_tests::partial_read_progress_rebinds_the_lower_growth_threshold ... ok
test dispatch::net::epoll_ops::epoll_edge_sample_tests::readiness_sample_before_io_cannot_relatch_consumed_edge ... ok
test dispatch::net::epoll_ops::epoll_edge_sample_tests::unchanged_masked_edge_stays_disarmed_until_io_progress ... ok
test dispatch::net::epoll_ops::epoll_edge_sample_tests::writable_capacity_does_not_poison_read_growth_baseline ... ok
test dispatch::native_execution::tests::memory_control_preserves_external_stops_and_rejects_wrong_lease ... ok
test dispatch::native_execution::tests::stop_request_does_not_acknowledge_running_and_entry_takes_no_occupancy_lock ... ok
test dispatch::native_execution::tests::unwind_clears_running_before_admission_is_removed ... ok
test dispatch::net::epoll_ops::epoll_interest_tests::et_write_latch_temporarily_disarms_host_write_filter ... ok
test dispatch::net::epoll_ops::nested_epoll_readiness_tests::empty_inner_epoll_has_no_false_in_on_poll_or_outer_epoll ... ok
test dispatch::net::epoll_ops::epoll_interest_tests::et_terminal_latch_disarms_host_filters ... ok
test dispatch::native_execution::tests::wrong_context_and_transferred_lease_cannot_reuse_admission ... ok
test dispatch::net::epoll_ops::epoll_interest_tests::in_memory_pipe_host_filters_follow_the_linux_endpoint_direction ... ok
test dispatch::net::epoll_ops::nested_epoll_readiness_tests::nested_epoll_drain_and_rearm ... ok
test dispatch::net::epoll_ops::nested_epoll_readiness_tests::nested_epoll_dup_close_reuse ... ok
test dispatch::net::epoll_ops::nested_epoll_readiness_tests::nested_epoll_et_and_oneshot ... ok
test dispatch::net::epoll_ops::nested_epoll_readiness_tests::nested_epoll_negative_control_control_wake_no_false_readiness ... ok
test dispatch::net::epoll_ops::nested_epoll_readiness_tests::nested_epoll_ppoll_continuation_yield_and_wake ... ok
test dispatch::net::lifecycle::accept4_flag_tests::detects_connected_stream_without_consuming_data ... ok
test dispatch::net::lifecycle::accept4_flag_tests::rejects_unknown_flags_before_accept_side_effects ... ok
test dispatch::net::epoll_ops::synthetic_datagram_readiness_tests::queued_synthetic_datagram_is_epollin_ready ... ok
test dispatch::net::lifecycle::connect_loopback_tests::buffer_shorter_than_sin_addr_is_a_noop_not_a_panic ... ok
test dispatch::net::lifecycle::connect_loopback_tests::inaddr_any_rewrites_to_loopback_preserving_port ... ok
test dispatch::net::lifecycle::connect_loopback_tests::non_inet_family_is_untouched_even_when_address_is_zero ... ok
test dispatch::net::lifecycle::connect_loopback_tests::real_ipv4_address_is_left_untouched ... ok
test dispatch::net::lifecycle::host_stream_socket_read_eof_tests::detects_peer_half_close_while_payload_remains_buffered ... ok
test dispatch::net::lifecycle::icmp_ping_tests::loopback_echo_reply_is_queued_with_valid_checksum ... ok
test dispatch::net::lifecycle::icmp_ping_tests::bind_zero_skips_host_occupied_ephemeral_candidate_without_leaking_lease ... ok
test dispatch::net::epoll_ops::dns_gateway_wake_tests::dns_gateway_reply_wakes_parked_epoll_instance ... ok
test dispatch::net::netlink_readiness_tests::epoll_ctl_rejects_alias_of_same_epoll_description_with_einval ... ok
test dispatch::net::netlink_readiness_tests::epoll_ctl_rejects_two_description_cycle_with_eloop ... ok
test dispatch::net::netlink_readiness_tests::epoll_and_poll_agree_that_a_queued_netlink_dump_is_readable ... ok
test dispatch::net::netlink_readiness_tests::epoll_ctl_tracks_the_synthetic_registration_count ... ok
test dispatch::net::netlink_readiness_tests::epoll_readiness_does_not_recursively_sample_host_backed_registrations ... ok
test dispatch::net::netlink_readiness_tests::epoll_readiness_tracks_stored_target_identity_after_fd_close_and_reuse ... ok
test dispatch::net::netlink_readiness_tests::epoll_description_with_ready_synthetic_child_is_pollin_and_epollin_ready ... ok
test dispatch::net::netlink_readiness_tests::in_memory_socket_rdhup_is_not_implicit ... ok
test dispatch::net::netlink_readiness_tests::host_pipe_readiness_suppresses_out_below_pipe_buf_threshold ... ok
test dispatch::net::netlink_readiness_tests::netlink_send_reply_wakes_parked_epoll_waiter ... ok
test dispatch::net::netlink_readiness_tests::pidfd_readiness_transitions_to_in_when_exit_is_published ... ok
test dispatch::net::netlink_readiness_tests::poll_and_epoll_negative_and_absent_fd_semantics ... ok
test dispatch::net::netlink_readiness_tests::poll_reports_pollnval_for_installed_closed_description ... ok
test dispatch::net::netlink_readiness_tests::poll_and_epoll_readiness_agree_for_every_installed_description_kind ... ok
test dispatch::net::netlink_readiness_tests::queued_dispatch_inotify_event_is_readable_without_a_host_vnode_edge ... ok
test dispatch::net::packet::tests::tpacket_v3_rejects_private_area_larger_than_block ... ok
test dispatch::net::recverr::tests::a_second_error_queue_socket_cannot_share_the_address ... ok
test dispatch::net::recverr::tests::a_socket_without_recverr_is_untouched ... ok
test dispatch::net::netlink_readiness_tests::staged_splice_bytes_are_pollin_and_epollin_ready_through_readiness_authority ... ok
test dispatch::net::netlink_readiness_tests::unconnected_stream_socket_reports_pollhup_and_epollhup_immediately ... ok
test dispatch::net::recverr::tests::an_error_is_delivered_to_the_queue_and_drains_to_eagain ... ok
test dispatch::net::scm_rights::tests::a_dup_of_the_placeholder_claims_the_parked_description ... ok
test dispatch::net::sctp::tests::eor_marks_the_end_of_a_message_not_a_drained_buffer ... ok
test dispatch::net::scm_rights::tests::gc_releases_a_placeholder_nobody_can_receive_any_more ... ok
test dispatch::net::scm_rights::tests::abort_returns_the_references_of_an_unsent_batch ... ok
test dispatch::net::send_recv::host_dgram_msg_trunc_tests::widens_the_host_receive_without_widening_the_guest_copy ... ok
test dispatch::net::send_recv::inet_in_memory_socket_tests::inet_in_memory_msg_more_hides_bytes_until_uncorking_send ... ok
test dispatch::net::send_recv::inet_in_memory_socket_tests::inet_in_memory_socket_recv_msg_peek_does_not_consume ... ok
test dispatch::net::send_recv::inet_in_memory_socket_tests::inet_in_memory_socket_closed_peer_send_epipe_and_sigpipe ... ok
test dispatch::net::send_recv::inet_in_memory_socket_tests::unconnected_inet_stream_sendto_returns_epipe_and_sigpipe ... ok
test dispatch::net::send_recv::recvmmsg_tests::recvmmsg_rejects_malformed_timeout_with_einval ... ok
test dispatch::net::send_recv::recvmmsg_tests::recvmmsg_null_timeout_is_not_validated ... ok
test dispatch::net::sockopt::ipv6_addrform_tests::ipv6_addrform_relabels_guest_family ... ok
test dispatch::net::sockopt::mcast_membership_tests::mcast_leave_without_join_is_eaddrnotavail ... ok
test dispatch::net::sockopt::mcast_membership_tests::mcast_membership_is_per_socket_state ... ok
test dispatch::net::sockopt::mcast_membership_tests::fresh_in_memory_accepted_socket_does_not_inherit_multicast_membership ... ok
test dispatch::net::support::tests::address_family_translation_covers_bsd_families_and_passthrough ... ok
test dispatch::net::sockopt::in_memory_sockopt_tests::inet_in_memory_socket_tcp_nodelay_round_trip_and_af_unix_enoprotoopt ... ok
test dispatch::net::support::tests::bridge_netlink_reports_eth0_address_and_default_route ... ok
test dispatch::net::support::tests::epoll_interest_selection_preserves_hup_err_observability ... ok
test dispatch::net::support::tests::bridge_netlink_snapshot_exposes_each_attachment ... ok
test dispatch::native_execution::tests::same_mm_readers_remain_simultaneously_admitted_at_all_scales ... ok
test dispatch::net::support::staged_splice_readiness_tests::staged_splice_pipe_bytes_are_pollin_ready ... ok
test dispatch::net::support::tests::host_fd_has_oob_detects_pending_urgent_byte ... ok
test dispatch::net::support::tests::host_socket_install_forces_host_nonblocking_even_for_blocking_guest_fd ... ok
test dispatch::net::support::tests::host_to_linux_sockaddr_unix_falls_back_to_xattr_across_processes ... ok
test dispatch::net::support::tests::inet_raw_socket_uses_unprivileged_datagram_carrier ... ok
test dispatch::net::support::tests::ip_mreq_source_is_remapped_to_darwin_field_order ... ok
test dispatch::net::support::tests::ipv4_sockaddr_round_trips_between_linux_and_host_layouts ... ok
test dispatch::net::support::tests::message_flag_translation_maps_supported_flags_and_ignores_linux_only_flags ... ok
test dispatch::net::support::tests::netlink_rtm_getroute_synthesizes_terminated_route_dump ... ok
test dispatch::net::support::tests::plain_membership_and_short_buffers_are_left_alone ... ok
test dispatch::net::support::tests::pollevent_translation_preserves_rdhup_hup_err_and_pri ... ok
test dispatch::net::support::tests::scm_credentials_parse_roundtrips ... ok
test dispatch::net::support::tests::host_to_linux_sockaddr_unix_does_not_leak_private_hash_path_without_metadata ... ok
test dispatch::net::support::tests::scm_credentials_record_has_linux_cmsg_layout ... ok
test dispatch::net::support::tests::scm_rights_guest_buffer_roundtrips ... ok
test dispatch::net::support::tests::scm_rights_host_buffer_roundtrips ... ok
test dispatch::net::support::tests::scm_rights_parse_ignores_non_scm_records ... ok
test dispatch::net::support::tests::scm_rights_truncates_when_cap_too_small ... ok
test dispatch::net::support::tests::sockopt_optname_recognition_scopes_einval_remap ... ok
test dispatch::net::support::tests::stream_buffer_widening_covers_inet_stream_sockets ... ok
test dispatch::net::support::tests::stream_buffer_widening_covers_accepted_inet_stream_sockets ... ok
test dispatch::net::support::tests::stream_buffer_widening_covers_unix_stream_sockets ... ok
test dispatch::net::support::tests::unnamed_unix_local_addr_reports_af_unix_not_unspec ... ok
test dispatch::net::support::tests::write_linux_sockaddr_truncates_to_guest_buffer_and_reports_required_len ... ok
test dispatch::net::support::tests::socketpair_inet_raw_protocol_zero_returns_eprotonosupport ... ok
test dispatch::net::support::tests::socketpair_syscall_widens_both_host_stream_buffers ... ok
test dispatch::net::support::tests::two_bridge_network_model_drives_guest_visible_renderers ... ok
test dispatch::net::unix_pure::tests::abstract_namespace_bind_connect ... ok
test dispatch::net::unix_pure::tests::dgram_socket_round_trip ... ok
test dispatch::net::unix_pure::tests::in_memory_mock_http_round_trip ... ok
test dispatch::net::unix_pure::tests::inet_stream_local_shut_rd_poll_mask_epollrdhup ... ok
test dispatch::net::unix_pure::tests::inet_stream_inline_oob_peek_at_mark_is_non_mutating ... ok
test dispatch::net::unix_pure::tests::inet_stream_oob_mark_caps_then_normal_read_crosses_it ... ok
test dispatch::net::unix_pure::tests::inet_stream_oob_peek_and_inline_toggle_preserve_the_mark ... ok
test dispatch::net::unix_pure::tests::inet_stream_oob_urgent_data_round_trip ... ok
test dispatch::net::unix_pure::tests::inet_stream_peer_close_poll_mask_preserves_data_then_reports_hup_after_drain_and_send ... ok
test dispatch::net::unix_pure::tests::inet_stream_peer_shut_wr_poll_mask_epollrdhup_and_recv_buffered_then_eof ... ok
test dispatch::net::unix_pure::tests::inet_stream_repeated_oob_supersedes_and_materializes_old_byte ... ok
test dispatch::net::unix_pure::tests::inet_stream_reset_is_reported_once_by_recv_then_eof_and_epipe ... ok
test dispatch::net::unix_pure::tests::inet_stream_so_sndbuf_bounds_send_and_clears_epollout ... ok
test dispatch::net::unix_pure::tests::inet_tcp_stream_explicit_sender_and_receiver_caps_constrained_by_both ... ok
test dispatch::net::unix_pure::tests::inet_tcp_stream_explicit_so_rcvbuf_caps_send_and_clears_epollout ... ok
test dispatch::net::unix_pure::tests::inet_tcp_stream_default_autotunes_send_capacity_above_visible_so_buf ... ok
test dispatch::net::unix_pure::tests::sctp_stream_message_boundaries_and_eor ... ok
test dispatch::net::unix_pure::tests::sctp_stream_does_not_autotune_beyond_default_buffer ... ok
test dispatch::net::unix_pure::tests::socketpair_stream_round_trip ... ok
test dispatch::net::unix_pure::tests::tcp_abortive_close_error_can_be_consumed_by_send_first ... ok
test dispatch::net::unix_pure::tests::tcp_abortive_final_close_preserves_delivered_data_then_reports_reset ... ok
test dispatch::net::unix_pure::tests::tcp_empty_send_after_fin_does_not_consume_the_admitted_write ... ok
test dispatch::net::unix_pure::tests::tcp_final_close_preserves_data_fin_and_write_error_transition ... ok
test dispatch::net::unix_pure::tests::tcp_final_close_with_unread_receive_data_reports_reset ... ok
test dispatch::net::unix_pure::tests::tcp_shutdown_rdwr_keeps_peer_alive_for_reset_transition ... ok
test dispatch::net::unix_pure::tests::unix_stream_does_not_autotune_beyond_default_buffer ... ok
test dispatch::net::unix_pure::tests::unix_stream_final_close_keeps_existing_epipe_semantics ... ok
test dispatch::net::unix_pure::tests::unix_stream_local_shut_rd_poll_mask_epollrdhup ... ok
test dispatch::net::wait_source_tests::bare_stdio_classifies_as_host ... ok
test dispatch::net::wait_source_tests::host_socket_classifies_as_host ... ok
test dispatch::net::unix_pure::tests::autotuned_tcp_write_wake_leaves_room_for_the_next_queued_write ... ok
test dispatch::net::wait_source_tests::in_memory_socket_classifies_as_description ... ok
test dispatch::net::wait_source_tests::negative_guest_fd_yields_none_and_never_a_host_target ... ok
test dispatch::net::wait_source_tests::inzone_listener_classifies_as_dual_host_peers_only ... ok
test dispatch::overlay_dispatch_tests::anchored_wait_fds_keep_host_fd_live_after_open_file_drop ... ok
test dispatch::net::wait_source_tests::readiness_pipe_classifies_as_dual_latched ... ok
test dispatch::overlay_dispatch_tests::blocking_host_write_from_owned_bytes_reuses_buffer_storage ... ok
test dispatch::overlay_dispatch_tests::clone_preserves_parent_and_tid_pointer_semantics_for_fork_path ... ok
test dispatch::overlay_dispatch_tests::clone3_preserves_parent_and_tid_pointer_semantics_for_fork_path ... ok
test dispatch::overlay_dispatch_tests::blocked_sendfile_captures_input_and_output_before_input_reuse ... ok
test dispatch::overlay_dispatch_tests::dns_overrides_render_resolv_conf ... ok
test dispatch::overlay_dispatch_tests::dispatcher_shares_pty_table_with_dev_mounts ... ok
test dispatch::overlay_dispatch_tests::clone_thread_requires_thread_bit_not_pthread_superset ... ok
test dispatch::overlay_dispatch_tests::empty_epoll_interest_add_publishes_the_shared_mutation_source ... ok
test dispatch::native_execution::tests::native_memory_service_parks_until_the_exact_pause_ends ... ok
test dispatch::overlay_dispatch_tests::empty_epoll_wait_captures_epfd_and_rejects_same_number_reuse ... ok
test dispatch::overlay_dispatch_tests::epoll_close_rebinds_shared_host_fd_survivor ... ok
test dispatch::overlay_dispatch_tests::epoll_et_delivers_listener_edge_after_accept_drain ... ok
test dispatch::overlay_dispatch_tests::epoll_et_delivers_listener_edge_without_read_byte_growth ... ok
test dispatch::overlay_dispatch_tests::dropping_drained_exec_generation_does_not_release_surviving_slot_twice ... ok
test dispatch::overlay_dispatch_tests::epoll_et_delivers_new_host_edge_while_level_still_ready ... ok
test dispatch::overlay_dispatch_tests::epoll_et_host_then_inzone_arrival_tracks_separate_latches ... ok
test dispatch::overlay_dispatch_tests::epoll_et_inzone_then_host_arrival_tracks_separate_latches ... ok
test dispatch::overlay_dispatch_tests::epoll_et_read_via_dup_rearms_registered_sibling ... ok
test dispatch::overlay_dispatch_tests::epoll_et_write_eagain_after_partial_write_keeps_write_filter_armed ... ok
test dispatch::overlay_dispatch_tests::epoll_watched_reuse_recomputes_registry_without_retargeting_successor ... ok
test dispatch::overlay_dispatch_tests::eventfd_write_records_the_host_readiness_transition ... ok
test dispatch::overlay_dispatch_tests::every_migrated_syscall_is_claimed_by_the_normalized_table ... ok
test dispatch::overlay_dispatch_tests::exec_helpers_never_resurrect_a_shadowed_or_tombstoned_lower ... ok
test dispatch::overlay_dispatch_tests::exec_host_fs_fallback_off_for_container_dispatchers ... ok
test dispatch::overlay_dispatch_tests::fd_install_helpers_reserve_single_and_pair_slots_atomically ... ok
test dispatch::overlay_dispatch_tests::fresh_shared_anon_mmap_skips_zero_write ... ok
test dispatch::overlay_dispatch_tests::generic_description_state_outlives_the_backing_close ... ok
test dispatch::overlay_dispatch_tests::host_alias_transaction_id_overflow_returns_typed_error ... ok
test dispatch::overlay_dispatch_tests::host_syscall_result_translates_captured_host_errno ... ok
test dispatch::overlay_dispatch_tests::host_write_kind_classifies_common_host_fds ... ok
test dispatch::mem::tests::mem_authority_snapshot_honors_deadline_contention ... ok
test dispatch::overlay_dispatch_tests::inode_for_path_reflects_identity_not_textual_spelling ... ok
test dispatch::overlay_dispatch_tests::inode_fast_path_matches_existing_raw_normalization ... ok
test dispatch::overlay_dispatch_tests::join_rootfs_path_normalizes_relative_components ... ok
test dispatch::overlay_dispatch_tests::io_uring_fd_generic_operations_match_linux_anonymous_inode_semantics ... ok
test dispatch::overlay_dispatch_tests::kernel_exec_publication_filters_cloexec_descriptors ... ok
test dispatch::overlay_dispatch_tests::large_blocking_host_pipe_write_hands_off_after_partial_progress ... ok
test dispatch::overlay_dispatch_tests::known_pipe2_flag_is_silent ... ok
test dispatch::overlay_dispatch_tests::large_nonblocking_host_pipe_write_uses_small_ready_window ... ok
test dispatch::overlay_dispatch_tests::large_nonblocking_host_socket_write_uses_small_ready_window ... ok
test dispatch::overlay_dispatch_tests::linux_errno_constants_match_kernel_uapi ... ok
test dispatch::overlay_dispatch_tests::mutation_classifier_exactly_matches_the_typed_handler_tables ... ok
test dispatch::overlay_dispatch_tests::non_private_futex_wake_checks_shared_mapping_lookup ... ok
test dispatch::net::unix_pure::tests::concurrent_poll_recv_on_both_halves_never_deadlocks ... ok
test dispatch::overlay_dispatch_tests::mkdirat_creates_overlay_dir_and_fstatat_sees_it ... ok
test dispatch::overlay_dispatch_tests::read_futex_word_falls_back_to_shared_mapping ... ok
test dispatch::overlay_dispatch_tests::openat_o_creat_then_write_then_read_round_trips ... ok
test dispatch::overlay_dispatch_tests::read_guest_c_string_reads_in_chunks_not_one_byte_at_a_time ... ok
test dispatch::overlay_dispatch_tests::read_kernel_prefix_zero_fills_truncated_clone_args_and_rejects_overlarge_reads ... ok
test dispatch::overlay_dispatch_tests::read_kernel_struct_accepts_unaligned_abi_reads_and_rejects_bad_pointers ... ok
test dispatch::overlay_dispatch_tests::private_futex_wake_skips_shared_mapping_lookup ... ok
test dispatch::overlay_dispatch_tests::resolve_exec_path_absolutizes_relative_against_cwd ... ok
test dispatch::overlay_dispatch_tests::renameat_moves_overlay_backed_file ... ok
test dispatch::overlay_dispatch_tests::retained_exec_generation_does_not_keep_cloexec_pipe_writer_alive ... ok
test dispatch::overlay_dispatch_tests::shared_futex_wake_routes_through_platform_seam ... ok
test dispatch::overlay_dispatch_tests::staged_read_rearm_consumes_no_file_table_authority ... ok
test dispatch::overlay_dispatch_tests::staged_write_rearm_consumes_no_file_table_authority ... ok
test dispatch::overlay_dispatch_tests::reused_shared_anon_mmap_zeroes_recycled_range ... ok
test dispatch::overlay_dispatch_tests::exec_helpers_use_bounded_reads_and_host_files_from_immutable_lower ... ok
test dispatch::overlay_dispatch_tests::staged_write_rearm_does_not_follow_reused_writer_number ... ok
test dispatch::overlay_dispatch_tests::staged_write_rearm_includes_current_owners_of_the_same_description ... ok
test dispatch::overlay_dispatch_tests::staged_write_rearm_distinguishes_error_eagain_and_progress ... ok
test dispatch::overlay_dispatch_tests::status_flags_are_one_value_owned_by_description_common ... ok
test dispatch::overlay_dispatch_tests::staged_write_rearm_preserves_modified_events_and_data ... ok
test dispatch::overlay_dispatch_tests::threaded_futex_wait_zero_but_present_timeout_parks_with_zero_deadline ... ok
test dispatch::overlay_dispatch_tests::staged_write_rearm_includes_a_registration_added_while_io_is_pending ... ok
test dispatch::overlay_dispatch_tests::threaded_independent_dispatch_support_matches_handler_table ... ok
test dispatch::overlay_dispatch_tests::unknown_pipe2_flag_is_recorded_in_compat_report ... ok
test dispatch::overlay_dispatch_tests::unknown_syscall_returns_enosys_without_panicking ... ok
test dispatch::overlay_dispatch_tests::wait_fds_empty_with_guest_slots_preserves_empty_authority ... ok
test dispatch::overlay_dispatch_tests::unlinkat_on_rootfs_file_then_openat_returns_enoent ... ok
test dispatch::overlay_dispatch_tests::with_host_network_shows_linux_link_names ... ok
test dispatch::perf::tests::attr_oversize_with_dirty_tail_is_size_mismatch ... ok
test dispatch::perf::tests::attr_oversize_with_zero_tail_is_accepted ... ok
test dispatch::overlay_dispatch_tests::unix_accept_unnamed_peer_writes_family_only_sockaddr ... ok
test dispatch::perf::tests::attr_size_below_ver0_is_size_mismatch ... ok
test dispatch::perf::tests::attr_reserved_flag_bit_is_invalid ... ok
test dispatch::perf::tests::attr_size_zero_reads_as_ver0 ... ok
test dispatch::perf::tests::attr_unknown_read_format_bit_is_invalid ... ok
test dispatch::overlay_dispatch_tests::try_set_credentials_and_cwd_succeed ... ok
test dispatch::perf::tests::counter_lifecycle_reset_enable_read_disable ... ok
test dispatch::perf::tests::encode_matches_the_man_page_order ... ok
test dispatch::perf::tests::confined_policy_denies_perf_event_open_with_eperm ... ok
test dispatch::overlay_dispatch_tests::with_network_mounts_sys_class_net_from_model ... ok
test dispatch::perf::tests::counter_measures_its_own_thread_not_the_calling_host_process ... ok
test dispatch::perf::tests::open_hardware_and_unknown_events_are_enoent ... ok
test dispatch::perf::tests::grouped_events_open_and_dummy_counts_zero ... ok
test dispatch::perf::tests::read_sizes_match_the_format ... ok
test dispatch::perf::tests::open_sampling_event_is_refused_not_faked ... ok
test dispatch::perf::tests::open_size_mismatch_is_e2big_and_writes_supported_size_back ... ok
test dispatch::proc::affinity_tests::affinity_bytes_round_trip ... ok
test dispatch::perf::tests::open_rejects_bad_target_combinations ... ok
test dispatch::proc::affinity_tests::affinity_to_bytes_truncates_and_pads ... ok
test dispatch::proc::hvpatch_identity_tests::hvpatch_gettid_reports_the_kernel_thread_identity ... ok
test dispatch::proc::hvpatch_identity_tests::hvpatch_subreaper_inheritance_uses_linux_visible_pid ... ok
test dispatch::pipe_lifecycle_tracks_logical_fd_references_across_dup_and_close ... ok
test dispatch::proc::hvpatch_wait_status_tests::hvpatch_waitid_decodes_linux_terminal_wait_status ... ok
test dispatch::proc::futex_timeout_tests::futex_wait_zero_but_present_timeout_parks_with_zero_deadline ... ok
test dispatch::proc::kernel_process_dispatch_tests::hvpatch_pidfd_open_status_flags_and_nonblock_toggle ... ok
test dispatch::proc::kernel_process_dispatch_tests::hvpatch_pidfd_getfd_duplicates_the_target_description_and_kcmp_observes_it ... ok
test dispatch::proc::kernel_process_dispatch_tests::hvpatch_ptrace_cont_immediately_revokes_memory_access_before_settlement ... ok
test dispatch::proc::kernel_process_dispatch_tests::hvpatch_ptrace_memory_rejects_holes_stale_targets_and_non_tracers ... ok
test dispatch::proc::kernel_process_dispatch_tests::hvpatch_ptrace_memory_enforces_target_authority_before_address_validation ... ok
test dispatch::perf::tests::time_enabled_accrues_and_id_ioctl_reports_the_event_id ... ok
test dispatch::proc::kernel_process_dispatch_tests::hvpatch_ptrace_memory_rejects_unaligned_word_address ... ok
test dispatch::proc::kernel_process_dispatch_tests::hvpatch_ptrace_memory_rejects_unsettled_pending_stop_target ... ok
test dispatch::proc::kernel_process_dispatch_tests::hvpatch_ptrace_memory_rejects_missing_or_wrong_execution_lease ... ok
test dispatch::proc::kernel_process_dispatch_tests::hvpatch_ptrace_memory_rejects_traced_but_running_target ... ok
test dispatch::proc::kernel_process_dispatch_tests::hvpatch_ptrace_memory_supports_clone_vm_distinct_task_same_mm ... ok
test dispatch::proc::kernel_process_dispatch_tests::hvpatch_ptrace_memory_witness_rejects_resume_restop_aba ... ok
test dispatch::proc::kernel_process_dispatch_tests::hvpatch_ptrace_poke_preserves_mutation_witness_and_write_error_domains ... ok
test dispatch::proc::kernel_process_dispatch_tests::hvpatch_ptrace_peek_preserves_high_bit_and_all_ones_word ... ok
test dispatch::proc::kernel_process_dispatch_tests::hvpatch_ptrace_peekdata_reads_exact_foreign_word_for_exact_tracer ... ok
test dispatch::proc::kernel_process_dispatch_tests::hvpatch_ptrace_peektext_and_peekdata_are_equivalent ... ok
test dispatch::proc::kernel_process_dispatch_tests::hvpatch_ptrace_pokedata_changes_only_exact_target_under_cow ... ok
test dispatch::proc::kernel_process_dispatch_tests::hvpatch_ptrace_poketext_accepts_rx_mapping_and_preserves_cow_peer ... ok
test dispatch::proc::kernel_process_dispatch_tests::hvpatch_ptrace_poketext_and_pokedata_are_equivalent_for_writable_mapping ... ok
test dispatch::net::epoll_ops::nested_epoll_readiness_tests::nested_epoll_3_levels_deep_wake ... ok
test dispatch::proc::kernel_process_dispatch_tests::kernel_blocking_waits_park_on_logical_children ... ok
test dispatch::proc::kernel_process_dispatch_tests::hvpatch_ptrace_poketext_rejects_prot_none_and_nonexecutable_ranges ... ok
test dispatch::proc::kernel_process_dispatch_tests::kernel_ptrace_attach_reports_guest_target_semantics ... ok
test dispatch::proc::kernel_process_dispatch_tests::kernel_process_group_waits_use_a_broad_wake_selector ... ok
test dispatch::net::epoll_ops::nested_epoll_readiness_tests::threaded_eventfd_nested_epoll_wake ... ok
test dispatch::proc::kernel_process_dispatch_tests::process_vm_foreign_mm_errno_distinguishes_target_from_caller_staleness ... ok
test dispatch::proc::kernel_process_dispatch_tests::kernel_wait_dispatch_validates_and_reports_echild ... ok
test dispatch::proc::kernel_process_dispatch_tests::kernel_ptrace_stop_wait_and_control_are_task_scoped ... ok
test dispatch::proc::kernel_process_dispatch_tests::process_vm_readv_exact_caller_without_lease_succeeds ... ok
test dispatch::proc::kernel_process_dispatch_tests::process_vm_lease_consumer_limited_to_process_vm_syscalls ... ok
test dispatch::proc::kernel_process_dispatch_tests::process_vm_readv_exact_current_routes_to_self_copy ... ok
test dispatch::proc::kernel_process_dispatch_tests::kernel_waitid_filters_unrequested_stop_and_finds_exited_sibling ... ok
test dispatch::proc::kernel_process_dispatch_tests::process_vm_readv_foreign_first_fault_returns_efault ... ok
test dispatch::proc::kernel_process_dispatch_tests::process_vm_readv_later_foreign_fault_returns_completed_prefix ... ok
test dispatch::proc::kernel_process_dispatch_tests::process_vm_readv_reads_the_exact_foreign_mm ... ok
test dispatch::proc::kernel_process_dispatch_tests::process_vm_readv_local_single_iovec_mid_fault_returns_completed_prefix ... ok
test dispatch::proc::kernel_process_dispatch_tests::process_vm_readv_remote_single_iovec_mid_fault_returns_completed_prefix ... ok
test dispatch::proc::kernel_process_dispatch_tests::process_vm_readv_re_retains_a_stale_lease ... ok
test dispatch::proc::kernel_process_dispatch_tests::process_vm_readv_routes_to_exact_distinct_target_payloads ... ok
test dispatch::proc::kernel_process_dispatch_tests::process_vm_readv_stale_target_returns_esrch ... ok
test dispatch::proc::kernel_process_dispatch_tests::process_vm_writev_changes_only_the_exact_foreign_target ... ok
test dispatch::net::epoll_ops::nested_epoll_readiness_tests::nested_epoll_active_wait_cancel_and_retirement ... ok
test dispatch::proc::kernel_process_dispatch_tests::process_vm_writev_first_foreign_fault_is_efault_without_mutation ... ok
test dispatch::proc::kernel_process_dispatch_tests::process_vm_writev_internal_zero_remote_iovec_preserves_exact_shorter_total ... ok
test dispatch::proc::kernel_process_dispatch_tests::process_vm_writev_resolves_ordinary_then_acquires_only_target_mm_mutation ... ok
test dispatch::proc::kernel_process_dispatch_tests::process_vm_readv_scatter_reads_once_per_remote_page ... ok
test dispatch::proc::kernel_process_dispatch_tests::process_vm_readv_wrong_or_stale_caller_lease_returns_efault ... ok
test dispatch::proc::kernel_process_dispatch_tests::process_vm_writev_later_foreign_fault_returns_completed_prefix ... ok
test dispatch::proc::kernel_process_dispatch_tests::process_vm_writev_internal_zero_local_iovec_preserves_exact_shorter_total ... ok
test dispatch::proc::kernel_process_dispatch_tests::process_vm_writev_local_single_iovec_mid_fault_returns_completed_prefix ... ok
test dispatch::proc::kernel_process_dispatch_tests::syscall_requires_execution_lease_matches_selected_canonical_numbers ... ok
test dispatch::proc::kernel_process_dispatch_tests::process_vm_writev_reuses_one_compound_for_two_remote_subranges ... ok
test dispatch::proc::kernel_process_dispatch_tests::process_vm_zero_length_ordering_matches_clean_room_oracle ... ok
test dispatch::proc::process_vm_copy_tests::copies_only_the_shorter_length ... ok
test dispatch::proc::process_vm_copy_tests::empty_vectors_transfer_zero_bytes ... ok
test dispatch::proc::process_vm_copy_tests::first_access_fault_is_efault ... ok
test dispatch::proc::process_vm_copy_tests::scatter_one_source_into_three_dests ... ok
test dispatch::proctitle::tests::carrier_label_is_scoped_and_counts_live_containers ... ok
test dispatch::proctitle::tests::scoped_label_is_not_matched_by_another_runs_grep ... ok
test dispatch::pty_registry::tests::a_dropped_master_description_is_not_findable ... ok
test dispatch::pty_registry::tests::a_master_is_findable_only_while_it_is_open ... ok
test dispatch::request::captured_metadata_tests::captured_stack_pointer_needs_no_backend_read ... ok
test dispatch::request::captured_metadata_tests::missing_stack_pointer_reads_backend_once_and_preserves_failure ... ok
test dispatch::proc::process_identity_dispatch_tests::identity_syscalls_answer_the_calling_process_and_outlive_its_exit ... ok
test dispatch::retval::tests::returned_i32_widening ... ok
test dispatch::retval::tests::returned_isize_validation ... ok
test dispatch::retval::tests::returned_len_or_errno_fallback ... ok
test dispatch::resources::tests::retained_scope_cannot_hide_a_nested_exact_context ... ok
test dispatch::retval::tests::returned_fd_conversion ... ok
test dispatch::proc::kernel_process_dispatch_tests::seccomp_entry_points_close_fd_ceiling_even_without_identity_mapping ... ok
test dispatch::retval::tests::returned_len_overflow_and_success ... ok
test dispatch::retval::tests::returned_offset_validation ... ok
test dispatch::retval::tests::returned_ptr_overflow_and_success ... ok
test dispatch::retval::tests::returned_u16_widening ... ok
test dispatch::retval::tests::returned_raw_u64_preserves_high_bit ... ok
test dispatch::retval::tests::returned_u32_widening ... ok
test dispatch::retval::tests::returned_u64_or_errno_test ... ok
test dispatch::retval::tests::returned_u64_overflow_and_success ... ok
test dispatch::rootfs_helpers::exec_vector_tests::exec_argument_string_can_exceed_path_max ... ok
test dispatch::rootfs_helpers::exec_vector_tests::path_limit_and_unmapped_exec_string_errors_are_preserved ... ok
test dispatch::rootfs_helpers::exec_vector_tests::exec_vector_rejects_payload_beyond_linux_arg_max ... ok
test dispatch::rosetta_handshake_tests::faulting_address_returns_efault ... ok
test dispatch::rosetta_handshake_tests::info_ioctl_returns_zero_and_zeroes_buffer ... ok
test dispatch::proc::process_identity_dispatch_tests::container_pid_identity_isolated ... ok
test dispatch::rosetta_handshake_tests::non_rosetta_ioctl_passes_through ... ok
test dispatch::proc::process_identity_dispatch_tests::live_groups_and_session_keep_their_namespace_ids_after_leader_reap ... ok
test dispatch::routing::routing_tests::dispatch_error_file_authority_fatal_lowers_to_run_fatal ... ok
test dispatch::routing::routing_tests::authority_call_rejects_table_id_mismatch_as_fatal ... ok
test dispatch::routing::routing_tests::every_routed_number_resolves ... ok
test dispatch::routing::routing_tests::unrouted_number_does_not_resolve ... ok
test dispatch::routing::routing_tests::dispatcher_activates_one_authenticated_file_authority_root ... ok
test dispatch::routing::routing_tests::authority_call_operates_on_successor_table_without_launch_root_comparison ... ok
test dispatch::scm_rights_tests::file_slot_from_open_description_with_common_preserves_common ... ok
test dispatch::rootfs_helpers::exec_vector_tests::exec_string_limit_includes_terminating_nul_and_returns_e2big ... ok
test dispatch::scm_rights_tests::fd_wait_outcomes_pin_poll_select_and_plain_wait_for_same_fd_set ... ok
test dispatch::scm_rights_tests::update_fs_umask_typed_error_on_exited_task ... ok
test dispatch::scm_rights_tests::a_host_backed_file_crosses_scm_rights_as_the_same_description ... ok
test dispatch::scm_rights_tests::unread_in_flight_rights_are_released_when_the_receiver_never_reads ... ok
test dispatch::signal::tests::cross_process_xsig_policy_routes_unhostable_signals ... ok
test dispatch::signal::tests::child_exit_signal_pump_predicate_tracks_observable_dispositions ... ok
test dispatch::scm_rights_tests::carrick_owned_pipe_ends_cross_scm_rights_as_shared_descriptions ... ok
test dispatch::signal::tests::clone_thread_inherits_signal_mask_without_pending_or_altstack ... ok
test dispatch::signal::tests::dispatcher_action_binding_is_the_captured_kernel_sighand ... ok
test dispatch::signal::tests::default_ignored_sigchld_does_not_wake_sigsuspend_without_a_handler ... ok
test dispatch::signal::tests::exec_rekey_preserves_survivor_mask_and_pending_but_retires_siblings ... ok
test dispatch::signal::tests::exact_pidfd_signal_preserves_queued_siginfo ... ok
test dispatch::rosetta_handshake_tests::license_ioctl_writes_blob_when_rosetta_present ... ok
test dispatch::signal::tests::fork_child_retires_sibling_thread_signal_state ... ok
test dispatch::signal::tests::hvpatch_blocks_every_guest_selector_before_xsig_or_host_kill ... ok
test dispatch::signal::tests::fork_child_rekeys_active_handler_frames_for_ss_onstack ... ok
test dispatch::signal::tests::fork_child_clears_old_and_new_pending_signal_state ... ok
test dispatch::signal::tests::hvpatch_threaded_tkill_is_kernel_native_fifo_coalesced_and_exact ... ok
test dispatch::signal::tests::hvpatch_signal_observes_zombie_until_reap ... ok
test dispatch::signal::tests::hvpatch_process_signal_target_accepts_live_member_tid ... ok
test dispatch::signal::tests::generated_thread_signal_reports_the_exact_container_visible_sender_pid ... ok
test dispatch::signal::tests::namespace_member_xsig_policy_routes_catchable_standard_signals ... ok
test dispatch::signal::tests::execve_resets_caught_handlers_preserves_sig_ign_and_clears_altstack ... ok
test dispatch::signal::tests::pending_hints_never_hide_deliverable_signals ... ok
test dispatch::signal::tests::kernel_group_signal_validates_logical_membership_without_host_transport ... ok
test dispatch::signal::tests::per_tid_delivery_does_not_steal_process_directed_payload ... ok
test dispatch::signal::tests::process_directed_pending_is_consumable_by_any_thread ... ok
test dispatch::signal::tests::process_child_exit_predicate_follows_surviving_thread_masks ... ok
test dispatch::signal::tests::kernel_group_signal_finds_surviving_members_after_leader_reap ... ok
test dispatch::signal::tests::rt_signal_survives_handler_mask_restore ... ok
test dispatch::signal::tests::ring_drain_discards_thread_directed_for_exited_tid ... ok
test dispatch::signal::tests::rt_sigsuspend_keeps_temp_mask_only_when_a_caught_handler_will_run ... ok
test dispatch::signal::tests::ring_drain_publishes_process_directed_signal_visible_to_non_drainer ... ok
test dispatch::signal::tests::rt_signals_queue_while_standard_signals_coalesce ... ok
test dispatch::signal::tests::ring_drain_routes_thread_directed_to_target_tid_only ... ok
test dispatch::signal::tests::sibling_thread_signal_snapshots_current_handler_action ... ok
test dispatch::signal::tests::sa_resethand_resets_disposition_to_default_on_handler_entry ... ok
test dispatch::signal::tests::rt_sigsuspend_releases_dispatch_before_waiting ... ok
test dispatch::signal::tests::ring_drain_target_tid_zero_stays_process_directed ... ok
test dispatch::signal::tests::siglongjmp_stale_altstack_frame_is_reconciled_from_guest_sp ... ok
test dispatch::signal::tests::sigaltstack_reports_ss_onstack_and_rejects_reconfigure_while_on_stack ... ok
test dispatch::signal::tests::thread_directed_pending_action_survives_later_ignore_disposition ... ok
test dispatch::statx_sync_flags_are_mutually_exclusive ... ok
test dispatch::signal::tests::wait_predicate_does_not_interrupt_for_default_ignored_signal ... ok
test dispatch::signal::tests::thread_signal_to_guest_main_tid_routes_to_registry_main_thread ... ok
test dispatch::syslog::tests::syslog_admin_without_syslog_is_denied_controller ... ok
test dispatch::syslog::tests::syslog_native_capability_controls_parity ... ok
test dispatch::syslog::tests::syslog_unprivileged_returns_eperm_for_all_actions ... ok
test dispatch::signal::tests::wait_predicate_sees_shared_process_pending ... ok
test dispatch::syslog::tests::syslog_wait_on_fds_readiness_poll_and_continuation ... ok
test dispatch::synthetic_proc_snapshot_and_in_process_fork_do_not_deadlock ... ok
test dispatch::sysv::ipc_set_tests::aborted_host_alias_leaves_sysv_attachment_and_nattch_exact ... ok
test dispatch::syslog::tests::syslog_with_cap_syslog_validation_and_actions ... ok
test dispatch::sysv::ipc_set_tests::explicit_shmat_rejects_dynamic_vma_overlap_before_alias_install ... ok
test dispatch::syslog::tests::syslog_wait_queue_and_partial_read_drain_interleaving ... ok
test dispatch::sysv::ipc_set_tests::explicit_shmat_rejects_real_boot_vma_overlap_before_alias_install ... ok
test dispatch::sysv::ipc_set_tests::immediate_semop_never_registers_a_blocked_waiter ... ok
test dispatch::sysv::ipc_set_tests::receipt_same_shmid_deadlock_reproducer_evidence ... ignored, controller receipt documenting pre-fix commit 560ce940e timeout vs fixed execution
test dispatch::sysv::ipc_set_tests::logical_sempid_is_shared_across_in_process_fork_clones ... ok
test dispatch::sysv::ipc_set_tests::logical_wait_counts_are_shared_across_in_process_fork_clones ... ok
test dispatch::sysv::ipc_set_tests::guest_nowait_semop_fails_immediately_instead_of_polling ... ok
test dispatch::sysv::ipc_set_tests::removed_and_recreated_same_key_generations_keep_independent_counts ... ok
test dispatch::sysv::ipc_set_tests::remap_file_pages_observes_removed_attached_generation ... ok
test dispatch::sysv::ipc_set_tests::scoped_host_sem_key_separates_run_scopes ... ok
test dispatch::sysv::ipc_set_tests::logical_fork_shares_namespace_but_retires_only_its_own_attachments ... ok
test dispatch::sysv::ipc_set_tests::retained_semop_generation_closes_wake_before_enroll_and_drop_unwinds_counts ... ok
test dispatch::sysv::ipc_set_tests::retained_semop_keeps_array_atomic_and_completes_exact_set ... ok
test dispatch::sysv::ipc_set_tests::pending_shmat_survives_sibling_rmid_and_commits_exact_generation ... ok
test dispatch::sysv::ipc_set_tests::retained_semop_tombstone_cannot_retarget_and_keeps_deadline ... ok
test dispatch::sysv::ipc_set_tests::shmdt_success_retires_all_committed_mmap_metadata_before_attachment ... ok
test dispatch::sysv::ipc_set_tests::sysv_ipc_stamps_follow_the_guest_clock ... ok
test dispatch::sysv::ipc_set_tests::sysv_scope_falls_back_when_no_active_context ... ok
test dispatch::sysv::ipc_set_tests::shmctl_ipc_set_stores_mode_and_round_trips_via_ipc_stat ... ok
test dispatch::sysv::ipc_set_tests::shmctl_rmid_authorizes_the_owner_even_without_write_mode_bits ... ok
test dispatch::sysv::ipc_set_tests::sysv_scope_reads_container_run_id ... ok
test dispatch::sysv::lock_authority::tests::permit_lifetimes_and_types_are_strictly_bound ... ok
test dispatch::sysv::lock_authority::tests::paired_lock_authority_operates_on_live_dispatcher ... ok
test dispatch::sysv::ipc_set_tests::semctl_getpid_reports_namespace_visible_operator ... ok
test dispatch::tests::dispatcher_fork_clone_splits_process_state_without_duping_descriptions ... ok
test dispatch::sysv::ipc_set_tests::unpublished_fork_drop_does_not_leak_inherited_nattch ... ok
test dispatch::tests::interceptor_chain_arc_is_inherited_by_fork ... ok
test dispatch::tests::interception_order_completion_reports_actual_return_once ... ok
test dispatch::tests::interceptor_disables_identity_fast_path ... ok
test dispatch::tests::interceptor_registration_preserves_order ... ok
test dispatch::time::rlimit_tests::check_cpu_limits_enforces_container_budget ... ok
test dispatch::tests::interception_policy_kill_cannot_be_downgraded_by_observer ... ok
test dispatch::time::rlimit_tests::check_cpu_limits_leaves_rlimit_cpu_to_the_watchdog ... ok
test dispatch::time::rlimit_tests::unknown_resource_cannot_be_constructed ... ok
test dispatch::time::rlimit_tests::nofile_uses_process_override ... ok
test dispatch::time::rlimit_tests::thread_cpu_surfaces_read_exact_logical_thread_accounting ... ok
test dispatch::wait_authority::wait_fds_tests::adapter_classification_follows_the_parks_own_reactor_entries ... ok
test dispatch::wait_authority::wait_fds_tests::a_park_with_no_host_object_and_no_events_leaves_its_slot_unclassified ... ok
test dispatch::wait_authority::wait_fds_tests::from_registrations_lowers_only_host_backed_sources_to_the_reactor ... ok
test dispatch::wait_authority::wait_fds_tests::redispatch_authority_omits_missing_watched_slots_but_requires_strict_slots ... ok
test dispatch::wait_plan::tests::assemble_orders_revents_by_request_index ... ok
test dispatch::wait_plan::tests::assemble_batches_all_host_sources_into_one_poll ... ok
test dispatch::wait_plan::tests::assemble_returns_not_ready_when_may_block_is_false ... ok
test dispatch::wait_plan::tests::assemble_parks_a_mixed_set_with_retained_descriptions ... ok
test dispatch::wait_plan::tests::assemble_samples_description_for_dual_host_peers_only_even_when_host_is_idle ... ok
test dispatch::wait_plan::tests::assemble_samples_description_for_latched_dual_only_when_the_host_edge_fired ... ok
test dispatch::wait_source::tests::description_source_has_no_host_target_and_is_always_probed ... ok
test dispatch::wait_plan::tests::poll_reports_pollnval_for_a_closed_fd_and_counts_it_ready ... ok
test dispatch::wait_source::tests::dual_source_requires_both_a_host_target_and_an_interest ... ok
test dispatch::wait_source::tests::host_source_has_no_description_interest ... ok
test dispatch::wait_source::tests::latched_coverage_is_unrepresentable_without_a_host_target ... ok
test dispatch::wait_source::tests::wait_interest_rejects_empty_events ... ok
test event_ring::tests::a_plausible_name_without_the_terminator_does_not_fire ... ok
test event_ring::tests::archive_magic_payload_is_not_a_member_header ... ok
test event_ring::tests::ar_member_header_payload_is_detected ... ok
test dispatch::tests::interception_order_applies_to_both_dispatch_entry_points ... ok
test dispatch::wait_plan::tests::select_fails_with_ebadf_for_a_closed_fd ... ok
test event_ring::tests::dsr_fault_events_preserve_full_width_pc_address_signal_and_esr ... ok
test event_ring::tests::concurrent_wrap_never_accepts_payload_from_another_generation ... ok
test event_ring::tests::futex_events_preserve_full_width_address_and_lifecycle_detail ... ok
test event_ring::tests::event_ring_records_preemption_lifecycle_events ... ok
test event_ring::tests::generation_protocol_reports_busy_gap_overwrite_torn_and_unknown_kind ... ok
test event_ring::tests::generation_protocol_accepts_only_matching_complete_slot ... ok
test event_ring::tests::generations_remain_ordered_across_the_old_high_bit_boundary ... ok
test event_ring::tests::hvpatch_executor_records_exact_guest_claim_and_load_boundaries ... ok
test event_ring::tests::hvpatch_blocked_continuation_preserves_syscall_and_family ... ok
test event_ring::tests::hvpatch_executor_records_process_leader_boundary_and_settlement ... ok
test event_ring::tests::hvpatch_process_exit_records_publication_boundary ... ok
test event_ring::tests::hvpatch_thread_teardown_event_carries_guest_process_thread_and_phase ... ok
test event_ring::tests::hvpatch_wait_event_carries_guest_identity_class_phase_and_fd_count ... ok
test event_ring::tests::in_flight_writer_is_not_superseded_after_ring_wrap ... ok
test event_ring::tests::ordinary_and_short_payloads_do_not_fire ... ok
test event_ring::tests::hvpatch_wait_target_joins_guest_child_pid_to_wait_id ... ok
test event_ring::tests::signal_restart_event_ring_preserves_full_width_values ... ok
test event_ring::tests::slot_layout_matches_lldb_wire_reader ... ok
test event_ring::tests::syslog_event_ring_encoding_and_decoding ... ok
test eventfd_shm::tests::alloc_initializes_and_counters_are_shared_by_index ... ok
test exec_helpers::tests::debug_stop_signal_selector_accepts_comma_list ... ok
test event_ring::tests::concurrent_reader_never_accepts_a_mixed_generation ... ok
test event_ring::tests::hvpatch_wait_snapshot_correlates_identity_registers_and_primary_fd ... ok
test exec_helpers::tests::ptrace_signal_stop_route_keeps_sigkill_terminal ... ok
test exec_helpers::tests::ptrace_signal_stop_route_delivers_normally_after_native_detach ... ok
test exec_helpers::tests::ptrace_signal_stop_route_preserves_host_and_virtualizes_native_stops ... ok
test exec_helpers::tests::ptrace_signal_stop_retries_busy_owner_without_losing_signal ... ok
test exec_helpers::tests::build_run_image_for_accepts_x86_64_machine ... ok
test fanotify::tests::a_forked_clone_of_the_registry_shares_marks_with_its_parent ... ok
test fanotify::tests::a_dead_group_stops_matching_and_its_marks_are_pruned ... ok
test dispatch::overlay_dispatch_tests::epoll_close_recycle_does_not_drop_interest ... ok
test fanotify::tests::child_events_need_event_on_child ... ok
test fanotify::tests::event_record_matches_the_fanotify_event_metadata_wire_layout ... ok
test fanotify::tests::flush_is_scoped_to_one_mark_class ... ok
test fanotify::tests::ignore_mask_subtracts_from_the_delivered_mask ... ok
test fanotify::tests::ignoring_everything_suppresses_the_event_entirely ... ok
test fanotify::tests::inode_mark_reports_the_object_itself ... ok
test fanotify::tests::mount_mark_covers_the_whole_subtree_but_not_a_sibling_prefix ... ok
test fanotify::tests::mask_filters_events_the_mark_did_not_ask_for ... ok
test fanotify::tests::one_group_marked_twice_gets_one_merged_event ... ok
test fanotify::tests::ondir_gates_directory_objects_and_never_leaks_into_the_wire_mask ... ok
test fanotify::tests::path_containment_compares_whole_components ... ok
test exec_helpers::tests::resolve_shebang_splices_interpreter_from_bounded_head ... ok
test fanotify::tests::queue_is_fifo_and_readiness_tracks_it ... ok
test fanotify::tests::removing_event_on_child_stops_child_events_but_keeps_self_events ... ok
test fanotify::tests::removing_the_last_bit_drops_the_mark_and_a_second_remove_reports_missing ... ok
test fanotify::tests::report_tid_reports_the_thread_not_the_group ... ok
test file_authority::root::tests::file_authority_run_does_not_keep_launch_root_alive ... ok
test file_authority::root::tests::file_authority_has_no_host_helper_process_path ... ok
test file_authority::root::tests::launch_creates_in_carrier_authority ... ok
test file_authority::root::tests::mixed_ordinary_and_canonical_requests_share_sequence_without_collision ... ok
test file_authority::tests::authority_domains_round_trip_only_through_named_constructors ... ok
test file_authority::tests::an_authority_backing_kind_can_be_added_without_editing_the_backing_module ... ok
test file_authority::tests::access_modes_reject_disallowed_io_without_publishing_a_revision ... ok
test file_authority::tests::canonical_entry_completed_canonical_replayed_through_ordinary_is_fatal ... ok
test file_authority::tests::canonical_entry_completed_model_replayed_through_canonical_is_fatal ... ok
test file_authority::tests::canonical_entry_duplicate_with_mismatched_target_sidecar_is_fatal ... ok
test file_authority::tests::canonical_entry_identical_retry_after_close_and_reuse_replays_committed_result ... ok
test file_authority::tests::canonical_entry_rejects_model_command_fatally ... ok
test file_authority::tests::canonical_paths_reject_ambiguous_spellings ... ok
test file_authority::tests::canonical_pipe_capacity_accounting_mismatch_is_fatal_invariant_violation ... ok
test file_authority::tests::canonical_pipe_capacity_host_pipe_ebusy_leaves_state_and_revisions_unchanged ... ok
test file_authority::tests::canonical_pipe_capacity_host_pipe_updates_exact_description_and_shared_capacity ... ok
test file_authority::tests::canonical_pipe_capacity_in_memory_updates_both_ends_and_publishes_one_revision ... ok
test file_authority::tests::canonical_pipe_capacity_outcome_carries_exact_description_id_and_published_revision ... ok
test file_authority::tests::canonical_pipe_capacity_in_memory_ebusy_leaves_state_and_revisions_unchanged ... ok
test file_authority::tests::canonical_pipe_capacity_rejects_non_pipe_as_not_pipe ... ok
test file_authority::tests::canonical_pipe_capacity_rejects_closed_slot_as_not_pipe ... ok
test file_authority::tests::canonical_pipe_capacity_stale_slot_token_does_not_mutate_replacement ... ok
test file_authority::tests::conflicting_duplicate_request_is_run_fatal ... ok
test file_authority::tests::client_exit_reclaims_direct_capability_leases ... ok
test file_authority::tests::direct_epoll_allows_duplicate_descriptor_registrations ... ok
test file_authority::tests::capability_lease_purpose_matrix_rejects_mismatched_purposes_and_distinguishes_descriptors ... ok
test file_authority::tests::direct_epoll_lifecycle_tracks_forked_tables ... ok
test file_authority::tests::direct_event_counter_saturation_matches_linux ... ok
test file_authority::tests::direct_epoll_rejects_sixth_nesting_level ... ok
test file_authority::tests::direct_host_streams_own_io_and_poll_capabilities ... ok
test file_authority::tests::direct_pipe_streams_preserve_shared_state_and_endpoint_lifetime ... ok
test file_authority::tests::direct_signalfd_masks_are_authority_owned ... ok
test file_authority::tests::direct_mapping_attachments_outlive_slots_and_split_on_unmap ... ok
test file_authority::tests::direct_io_uring_owns_both_backing_capabilities ... ok
test file_authority::tests::direct_timer_expiration_is_authority_owned ... ok
test file_authority::tests::direct_transport_replays_terminal_mutation_without_reapplying_it ... ok
test file_authority::tests::direct_transport_executes_the_complete_model_trace ... ok
test file_authority::tests::direct_transports_match_bounded_table_mutations ... ok
test file_authority::tests::dup_and_hardlink_preserve_distinct_slot_and_namespace_reference_domains ... ok
test file_authority::tests::direct_transports_match_epoll_model ... ok
test file_authority::tests::exec_of_shared_table_leaves_other_sharers_cloexec_slots_reachable ... ok
test file_authority::tests::exec_successor_unshares_table_and_drops_only_cloexec_slots ... ok
test file_authority::tests::exiting_one_shared_table_client_preserves_slots_for_the_other ... ok
test file_authority::tests::fork_copies_slots_but_shares_authority_owned_offset_and_vfs_bytes ... ok
test file_authority::tests::pipe_authority_direction_and_stream_sharing_survives_fork_copy ... ok
test file_authority::tests::direct_transports_transfer_scoped_host_capability_leases ... ok
test file_authority::tests::production_root_binding_names_the_kernel_table_without_creating_a_model_table ... ok
test file_authority::tests::pipe_authority_direction_and_stream_sharing_survives_share_table_and_exec ... ok
test file_authority::tests::rename_between_hardlinks_to_the_same_object_is_a_noop ... ok
test file_authority::tests::rename_replaces_namespace_target_without_destroying_open_target ... ok
test file_authority::tests::shared_table_uses_each_callers_process_domain_nofile_ceiling ... ok
test file_authority::tests::unlink_keeps_open_vfs_object_alive_until_last_description_closes ... ok
test host_tty::tests::cc_index_table_is_within_darwin_bounds ... ok
test host_tty::tests::get_host_termios_returns_none_for_non_tty ... ok
test host_tty::tests::isatty_for_pipe_is_false ... ok
test host_tty::tests::cc_table_round_trip_vintr ... ok
test host_tty::tests::make_raw_non_tty_returns_error ... ok
test host_tty::tests::make_raw_clears_icanon_and_echo ... ok
test host_tty::tests::round_trip_lflag_canonical_bits ... ok
test host_tty::tests::make_raw_snapshot_survives_restore ... ok
test host_tty::tests::with_sigttou_blocked_masks_during_closure_and_restores ... ok
test inotify::readiness_tests::dispatch_enqueue_makes_the_inotify_poll_fd_readable ... ok
test inotify::readiness_tests::short_read_rearms_dispatch_queue_level_readiness ... ok
test inotify::registry_tests::encode_event_raw_lays_out_header_and_padded_name ... ok
test inotify::registry_tests::identical_successive_records_coalesce_until_read ... ok
test exec_helpers::tests::resolve_shebang_leaves_binaries_untouched_and_clamps_long_lines ... ok
test dispatch::overlay_dispatch_tests::epoll_et_pipe_eof_not_lost_under_concurrent_churn ... ok
test inotify::registry_tests::registry_clone_observes_later_watch_and_removal_updates ... ok
test inotify::registry_tests::registry_notify_fd_event_delivers_to_both_parent_and_self ... ok
test inotify::registry_tests::registry_path_removal_preserves_other_watch_aliases ... ok
test inotify::registry_tests::oracle_churn_and_serial_full_shapes ... ok
test inotify::registry_tests::bounded_queue_appends_single_overflow_marker_then_drops ... ok
test inotify::registry_tests::registry_rename_replacement_removes_displaced_reverse_entries ... ok
test inotify::registry_tests::registry_routes_self_child_and_move_to_the_right_watch ... ok
test inotify::registry_tests::registry_unregister_removes_all_alias_paths ... ok
test inotify::registry_tests::registry_unregister_and_rename_path_update_routing ... ok
test inotify::tests::removed_watch_does_not_name_its_successor ... ok
test inotify::registry_tests::maintained_queued_bytes_equals_the_true_pending_sum ... ok
test inotify::tests::mask_translation_round_trips_common_events ... ok
test kernel::address::tests::composes_validated_stage1_root_and_asid ... ok
test kernel::address::tests::rejects_unaligned_or_out_of_range_stage1_roots ... ok
test inotify::tests::watch_descriptor_wrap_skips_live_watches ... ok
test inotify::tests::vnode_watch_reports_file_modification_as_in_modify ... ok
test kernel::clone_plan::tests::fork_lifecycle_flags_have_typed_modes ... ok
test kernel::clone_plan::tests::invalid_linux_flag_dependencies_fail_closed ... ok
test kernel::builder::tests::kernel_builder_with_clock_and_policy ... ok
test kernel::clone_plan::tests::separate_tasks_may_share_vm_sighand_files_and_fs ... ok
test kernel::clone_plan::tests::thread_group_does_not_imply_shared_files_or_fs_context ... ok
test dispatch::sysv::ipc_set_tests::semop_wait_counts_rise_while_parked_and_unwind_on_every_exit ... ok
test kernel::container::clock_domain_tests::clock_change_callback_can_reenter_and_drop_its_subscription ... ok
test kernel::container::clock_domain_tests::clock_change_subscription_rejects_a_stale_snapshot ... ok
test kernel::container::clock_domain_tests::advance_on_non_deterministic_returns_unsupported_mode ... ok
test kernel::container::clock_domain_tests::controlled_domain_refuses_realtime_step ... ok
test kernel::container::clock_domain_tests::adjtimex_state_defaults_and_mutation ... ok
test kernel::container::clock_domain_tests::deterministic_domain_starts_at_zero_and_advances ... ok
test kernel::container::clock_domain_tests::deterministic_auto_advance_wakes_waiters_in_deadline_order ... ok
test kernel::container::clock_domain_tests::deterministic_subscription_auto_advance_publishes_callback_and_drop_disarms ... ok
test kernel::container::clock_domain_tests::frozen_domain_reports_exact_base_and_refuses_guest_shift ... ok
test kernel::container::clock_domain_tests::offset_domain_refuses_guest_shift ... ok
test kernel::container::clock_domain_tests::scaled_domain_scales_timeout_and_time_rationally ... ok
test kernel::container::clock_domain_tests::signed_duration_arithmetic ... ok
test kernel::container::clock_domain_tests::step_realtime_offset_ns_advances_clock_and_bumps_epoch ... ok
test kernel::container::clock_domain_tests::system_domain_starts_unshifted ... ok
test kernel::carrier_process::tests::dispatcher_bind_attaches_both_snapshot_tables_to_the_test_backend ... ok
test kernel::container::clock_domain_tests::vvar_word_adds_the_signed_offset_with_wrapping ... ok
test kernel::container::clock_domain_tests::two_domains_hold_independent_offsets ... ok
test kernel::container::tests::container_ids_are_unique_and_never_a_host_pid ... ok
test kernel::container::tests::a_container_publishes_its_init_exactly_once ... ok
test kernel::container::tests::registry_id_refuses_path_traversal ... ok
test kernel::container::tests::run_id_scope_component_matches_the_arena_sanitizer ... ok
test kernel::container::tests::unmanaged_context_has_no_registry_identity ... ok
test kernel::container::tests::reference_model_container_is_unmanaged_and_fresh ... ok
test kernel::continuation::tests::cancellation_before_drive_prevents_fresh_host_work ... ok
test dispatch::sysv::ipc_set_tests::semget_new_set_at_semmni_returns_enospc_without_inserting ... ok
test kernel::continuation::tests::cancelled_contended_record_locks_do_not_consume_shared_worker_capacity ... ok
test kernel::continuation::tests::capture_uses_live_lease_mm_and_independent_asid_authority ... ok
test kernel::continuation::tests::carrier_wait_service_try_new_succeeds ... ok
test kernel::continuation::tests::child_wait_enrolled_after_the_exit_edge_still_sees_it ... ok
test kernel::continuation::tests::continuation_carried_through_unconsumed_lease_resumes_on_next_claim ... ok
test kernel::continuation::tests::continuation_family_event_codes_are_stable_unique_and_nonzero ... ok
test kernel::continuation::tests::control_quantum_preserves_sleep_poll_and_futex_until_real_readiness ... ok
test kernel::continuation::tests::a_reactor_cycle_visits_only_its_pollable_registrations ... ok
test kernel::continuation::tests::controller_carrier_wait_service_cancellation_and_retirement ... ok
test kernel::container::clock_domain_tests::guest_observed_monotonic_under_deterministic_and_scaled ... ok
test file_authority::tests::serialized_client_requests_replace_prior_dedup_entries ... ok
test kernel::continuation::tests::controller_in_flight_callback_rejected_on_retired_or_recycled_registration ... ok
test kernel::continuation::tests::controller_mixed_ppoll_netlink_real_service_wake ... ok
test kernel::continuation::tests::deterministic_rendezvous_enrollment_vs_reactor_host_write_interleaving ... ok
test kernel::continuation::tests::controller_nested_epoll_5_levels_deep_real_service_wake ... ok
test kernel::continuation::tests::diagnostic_names_the_wait_and_whether_a_producer_can_still_reach_it ... ok
test kernel::continuation::tests::controller_nested_epoll_real_service_wake ... ok
test kernel::continuation::tests::duplicate_ready_and_cancel_after_ready_are_rejected_without_extra_wake ... ok
test kernel::continuation::tests::enrollment_samples_signal_pending_before_continuation_capture ... ok
test kernel::continuation::tests::event_after_binding_clear_before_settlement_commit_queues_once ... ok
test kernel::continuation::tests::drain_waker_runs_outside_operation_gate_lock ... ok
test kernel::continuation::tests::epoll_strict_owner_and_watched_source_authority_have_distinct_resume_results ... ok
test kernel::continuation::tests::event_after_destination_load_before_resume_kicks_exact_generation_once ... ok
test kernel::continuation::tests::event_before_enrollment_is_durable_and_settles_runnable_once ... ok
test kernel::continuation::tests::event_during_switching_out_save_is_durable_and_queues_once ... ok
test kernel::continuation::tests::every_registration_mutation_goes_through_the_indexed_mutators ... ok
test kernel::continuation::tests::failed_initial_submission_retires_exact_runnable_without_queue_row ... ok
test kernel::continuation::tests::exhaustive_real_dispatch_shapes_become_owned_send_static_continuations ... ok
test kernel::continuation::tests::hvpatch_fd_less_wait_authorizes_empty_slot_authority ... ok
test kernel::continuation::tests::fd_wait_subscription_rejects_close_reuse_before_redispatch ... ok
test kernel::continuation::tests::futex_wait_ignores_unrelated_task_event_until_generation_changes ... ok
test kernel::continuation::tests::hvpatch_child_enrollment_requires_a_real_task_event ... ok
test kernel::continuation::tests::hvpatch_fd_wait_without_explicit_slot_authority_fails_closed ... ok
test kernel::continuation::tests::hvpatch_resolves_child_selectors_in_kernel_domain ... ok
test kernel::continuation::tests::ignored_lower_signal_does_not_hide_next_exact_deliverable_reservation ... ok
test kernel::continuation::tests::incoming_drain_waker_clone_runs_outside_registration_locks ... ok
test kernel::continuation::tests::incoming_task_waker_clone_runs_outside_registration_locks ... ok
test kernel::continuation::tests::hvpatch_synthetic_negative_fd_wait_accepts_slot_authority_and_task_event_wakes ... ok
test kernel::continuation::tests::indefinite_registration_has_no_synthetic_timeout_or_periodic_probe_deadline ... ok
test kernel::continuation::tests::kernel_owned_continuation_does_not_form_a_thread_or_kernel_arc_cycle ... ok
test kernel::continuation::tests::kernel_signal_reservation_is_atomic_across_two_waiters_and_two_instances ... ok
test kernel::continuation::tests::partial_blocking_write_never_restarts_after_caught_sa_restart_signal ... ok
test kernel::continuation::tests::real_readiness_between_control_queue_and_claim_is_not_lost ... ok
test kernel::continuation::tests::kernel_signal_reservation_linearizes_disposition_and_mask_changes ... ok
test kernel::continuation::tests::replaced_drain_waker_drops_outside_registration_locks ... ok
test kernel::continuation::tests::replaced_task_waker_drops_outside_registration_locks ... ok
test kernel::continuation::tests::reserved_signal_keeps_exact_action_when_opposite_restart_signal_arrives_before_resume ... ok
test kernel::container::clock_domain_tests::deterministic_threads_wait_and_wake_on_advance ... ok
test kernel::continuation::tests::retained_fd_wait_rejects_close_reuse_before_sampling_its_pinned_target ... ok
test kernel::continuation::tests::select_and_sleep_guest_writes_revalidate_exact_mm_before_any_access ... ok
test kernel::continuation::tests::same_task_same_mm_revision_drift_reauthorizes_variant_resources ... ok
test kernel::continuation::tests::shared_reactor_drives_write_record_signal_and_vfork_sources ... ok
test kernel::continuation::tests::shared_reactor_rechecks_private_futex_and_shared_word_producer_state ... ok
test kernel::continuation::tests::shared_wait_service_is_bounded_and_blocked_tasks_own_no_executor ... ok
test kernel::continuation::tests::shared_reactor_observes_real_fd_and_timer_readiness_without_private_waiters ... ok
test kernel::continuation::tests::signal_readiness_honors_replace_additive_ignore_and_live_restart_action ... ok
test kernel::continuation::tests::signal_restart_is_derived_from_captured_kernel_action_not_event_input ... ok
test kernel::continuation::tests::stale_and_reused_token_rejection_prevents_cross_wait_resurrection ... ok
test kernel::continuation::tests::stale_task_mm_fd_and_registration_generations_never_wake_successors ... ok
test kernel::continuation::tests::syslog_read_continuation_cancellation_and_retirement ... ok
test kernel::continuation::tests::idle_256_indefinite_waits_use_one_blocking_poll_without_probe_storm ... ok
test kernel::continuation::tests::the_reactor_work_set_answers_exactly_what_a_full_scan_would ... ok
test kernel::continuation::tests::timeout_signal_exec_exit_and_drop_cleanup_are_literal_for_every_family ... ok
test kernel::container::clock_domain_tests::deterministic_wait_virtual_respects_host_deadline ... ok
test kernel::continuation::tests::readiness_cancellation_race_has_one_registration_winner_and_one_cleanup ... ok
test kernel::continuation::tests::unrelated_waiter_progress_during_concurrent_host_write ... ok
test kernel::continuation::tests::vfork_parent_owns_exact_parent_child_relationship_and_release_token ... ok
test kernel::continuation::tests::wait_enrollment_gap::a_producer_edge_is_never_lost_whichever_side_of_enrollment_it_lands ... ok
test kernel::continuation::tests::wait_enrollment_gap::every_wait_queue_kind_survives_a_wake_in_the_enrollment_gap ... ok
test kernel::continuation::tests::wait_enrollment_gap::inzone_listener_wakes_from_host_kqueue_and_from_description_queue ... ok
test kernel::continuation::tests::wait_enrollment_gap::wait_queue_kind_enumeration_is_exhaustive ... ok
test kernel::continuation::tests::syslog_read_continuation_real_fd_event_and_redispatch ... ok
test kernel::continuation::tests::timerfd_rearm_wakes_retained_read_before_old_deadline ... ok
test kernel::control::archive::tests::archive_metadata_does_not_allocate_a_transfer_capability ... ok
test kernel::control::archive::tests::archive_runtime_refuses_table_overflow_and_oversized_chunks ... ok
test kernel::control::archive::tests::archive_runtime_reaps_idle_records_before_capacity_admission ... ok
test kernel::control::archive::tests::archive_runtime_releases_payload_after_failed_final_apply ... ok
test kernel::control::archive::tests::archive_runtime_transfers_multiple_bounded_chunks_through_real_vfs ... ok
test kernel::continuation::tests::cancellation_during_inflight_host_write_competing_with_ready_event_drains_safely ... ok
test dispatch::proc::kernel_process_dispatch_tests::hvpatch_ptrace_scoped_guard_blocks_concurrent_cont_and_detach ... ok
test kernel::continuation::tests::recheck_registration_race_rejects_late_publication_and_requeues_reserved_signal ... ok
test kernel::continuation::tests::timerfd_read_continuation_waits_for_dispatcher_arm_then_completes_read ... ok
test kernel::control::exec::tests::dropped_publishing_work_completes_acknowledged_capability_with_terminal_failure ... ok
test kernel::control::exec::tests::coalesced_control_wakes_retain_every_simultaneous_exec_request ... ok
test kernel::continuation::tests::shared_word_lifetime_and_safety_through_cancellation_retirement ... ok
test kernel::control::exec::tests::abandoned_complete_result_expires_and_releases_capacity ... ok
test kernel::control::exec::tests::wait_is_a_nonblocking_consume_poll_for_running_work ... ok
test kernel::control::exec::tests::publishing_work_acknowledges_without_waiting_for_exact_admission ... ok
test kernel::control::endpoint::tests::claim_refuses_a_connected_endpoint_without_using_recorded_pid_liveness ... ok
test kernel::control::endpoint::tests::claim_reclaims_a_stale_record_only_after_the_endpoint_refuses_connect ... ok
test kernel::control::tests::archive_paths_are_guest_absolute_and_lexically_contained ... ok
test kernel::control::tests::authoritative_exec_admission_has_a_bounded_transport_deadline_beyond_polling ... ok
test kernel::control::endpoint::tests::current_owner_is_a_nonce_bound_record_not_a_pid_liveness_probe ... ok
test kernel::control::tests::exec_capability_is_returned_only_after_consumer_admission_and_tracks_result ... ok
test kernel::control::tests::exec_table_capacity_refuses_new_admission ... ok
test kernel::control::tests::every_validate_true_exec_request_fits_the_wire_frame ... ok
test kernel::control::tests::endpoint_refuses_a_preplanted_symlink_directory ... ok
test kernel::control::tests::endpoint_is_private_and_does_not_embed_container_id ... ok
test kernel::control::exec::tests::claimed_work_cancels_cleanly_before_publication_deadline ... ok
test kernel::control::tests::authenticated_exec_returns_an_opaque_same_carrier_capability ... ok
test kernel::control::tests::invalid_exec_is_rejected_before_same_carrier_admission ... ok
test kernel::control::tests::authenticated_archive_chunks_mutate_only_the_carrier_vfs ... ok
test kernel::control::tests::maximum_archive_chunk_fits_one_control_frame ... ok
test kernel::control::tests::maximum_captured_exec_result_fits_one_control_frame ... ok
test kernel::control::tests::exec_without_scheduler_admission_fails_closed ... ok
test kernel::control::tests::managed_control_refuses_to_overwrite_a_terminal_state ... ok
test kernel::control::tests::stale_nonce_cannot_mutate_the_kernel ... ok
test kernel::control::tests::status_and_signal_use_the_exact_control_incarnation ... ok
test kernel::control::tests::managed_guard_publishes_exact_normal_exit ... ok
test kernel::core::tests::context_captures_one_coherent_resource_generation ... ok
test kernel::control::tests::unknown_persisted_state_schema_is_refused_before_connect ... ok
test kernel::core::tests::containers_in_one_kernel_have_distinct_ids ... ok
test kernel::core::tests::dropped_vfork_release_subscription_is_not_called ... ok
test kernel::control::tests::stale_task_is_reported_by_name_before_authority_echo_validation ... ok
test kernel::control::tests::managed_guard_publishes_fail_closed_terminal_before_release ... ok
test kernel::core::tests::kernel_context_resolves_its_own_container ... ok
test kernel::core::tests::process_attribute_lookups_by_pid_use_exact_task_id_and_reject_misses ... ok
test kernel::core::tests::process_group_prio_targets_matches_live_group_members_and_filters_dead_members ... ok
test kernel::core::tests::vfork_parent_wait_try_subscribe_release_exhaustion ... ok
test kernel::core::tests::vfork_release_subscription_is_atomic_durable_and_exactly_once ... ok
test kernel::core::tests::root_adapter_preserves_observed_pid_and_all_associations ... ok
test kernel::core::tests::task_binding_signal_snapshot_survives_a_retired_leader ... ok
test kernel::core::tests::task_binding_captures_explicit_worker_identity_and_rejects_stale_generation ... ok
test kernel::control::tests::timed_out_exec_work_cannot_admit_or_complete_later ... ok
test kernel::cpu_limit::tests::hard_limit_wins_and_ends_scheduling ... ok
test kernel::cpu_limit::tests::infinite_soft_with_finite_hard_only_waits_for_the_hard_point ... ok
test kernel::cpu_limit::tests::raising_the_soft_limit_moves_the_next_delivery_out ... ok
test kernel::cpu_limit::tests::recheck_delay_is_bounded_and_scaled_by_threads ... ok
test kernel::cpu_limit::tests::soft_limit_fires_then_repeats_once_per_second ... ok
test kernel::cpu_limit::tests::within_both_limits_schedules_the_soft_point ... ok
test kernel::crash_capture::tests::crash_quorum_collects_parked_registers_from_blocked_sibling_without_vote ... ok
test kernel::crash_capture::tests::crash_quorum_collects_published_registers_from_retiring_sibling ... ok
test kernel::crash_capture::tests::crash_quorum_refreshes_membership_after_retirement ... ok
test kernel::control::tests::running_exec_wait_poll_does_not_monopolize_status_connection ... ok
test kernel::cpu_limit::tests::scan_delivers_sigxcpu_then_sigkill_from_the_task_own_cpu ... ok
test kernel::crash_capture::tests::crash_quorum_waits_for_runnable_sibling_without_vote_or_parked_registers ... ok
test kernel::debug::endpoint::tests::an_empty_run_id_is_refused ... ok
test kernel::debug::endpoint::tests::an_unbindable_path_is_refused_by_name ... ok
test kernel::debug::endpoint::tests::distinct_run_ids_get_distinct_endpoints ... ok
test kernel::debug::endpoint::tests::a_live_owner_is_never_stolen ... ok
test kernel::debug::endpoint::tests::claim_creates_private_directories ... ok
test kernel::debug::endpoint::tests::the_default_layout_fits_the_af_unix_path_limit ... ok
test kernel::debug::endpoint::tests::a_dead_owner_is_reclaimed ... ok
test kernel::debug::endpoint::tests::a_socket_with_no_owner_record_is_refused_rather_than_stolen ... ok
test kernel::debug::post_mortem::tests::the_pid_one_zombie_names_itself_in_the_summary ... ok
test kernel::debug::endpoint::tests::the_path_hashes_the_run_id_and_never_embeds_it ... ok
test kernel::debug::post_mortem::tests::a_capture_without_a_kernel_records_a_truncation_instead_of_failing ... ok
test kernel::debug::endpoint::tests::a_recycled_live_pid_without_a_listener_is_reclaimed ... ok
test kernel::debug::endpoint::tests::an_old_incarnation_cannot_release_a_new_listener ... ok
test kernel::control::tests::managed_guard_quiesces_before_publishing_the_terminal_outcome ... ok
test kernel::debug::endpoint::tests::reclaiming_our_own_record_is_idempotent ... ok
test kernel::debug::tests::host_wait_census_rejects_impossible_counts_and_duplicate_ownership ... ok
test kernel::debug::tests::new_scheduler_and_executor_tables_parse_and_wire_names ... ok
test kernel::debug::tests::a_second_server_cannot_steal_a_live_endpoint ... ok
test kernel::debug::tests::the_client_reports_a_named_error_when_no_run_is_listening ... ok
test kernel::debug::tests::shutdown_releases_the_socket ... ok
test kernel::debug::tests::aux_provider_absent_returns_empty_tables_with_marker ... ok
test kernel::debug::tests::aux_provider_present_populates_aux_tables_and_marker ... ok
test kernel::debug::tests::unknown_table_names_are_rejected_by_name ... ok
test kernel::debug::tests::a_second_distinct_aux_provider_cannot_replace_the_carrier_owner ... ok
test kernel::debug::tests::validation_rejects_a_broken_join ... ok
test kernel::debug::tests::validation_rejects_a_duplicate_id ... ok
test kernel::debug::tests::validation_rejects_a_missing_requested_table ... ok
test kernel::debug::tests::validation_rejects_a_partial_frame ... ok
test kernel::debug::tests::validation_rejects_an_unknown_response_schema ... ok
test kernel::debug::wire::tests::a_frame_over_the_cap_is_refused_before_allocating ... ok
test kernel::debug::wire::tests::a_truncated_payload_is_refused_rather_than_returned_short ... ok
test kernel::debug::wire::tests::an_expired_deadline_reports_a_timeout_not_an_io_error ... ok
test kernel::debug::wire::tests::decode_rejects_json_with_trailing_content ... ok
test kernel::debug::wire::tests::round_trip_frame_preserves_payload_and_half_closes ... ok
test kernel::debug::wire::tests::trailing_bytes_after_the_declared_payload_are_refused ... ok
test kernel::debug::wire::tests::framing_round_trips_over_a_real_socket_pair ... ok
test kernel::debug::tests::a_filtered_request_carries_exactly_the_requested_tables ... ok
test kernel::debug::tests::a_live_server_serves_every_table_from_one_coherent_snapshot ... ok
test kernel::debug::tests::the_same_aux_provider_registered_twice_is_projected_once ... ok
test kernel::exec::tests::exit_cannot_reparent_an_exec_reserved_child ... ok
test kernel::exec::tests::failed_replacement_mm_preparation_restores_shared_child_and_reservation ... ok
test kernel::debug::tests::thread_row_carries_exec_invalidation_pending ... ok
test kernel::exec::tests::every_exec_failpoint_preserves_published_generation ... ok
test kernel::exec::tests::reservations_block_mutation_and_foreign_preparations_fail_closed ... ok
test kernel::exec::tests::test_exec_prepare_error_exec_variant_errno ... ok
test kernel::exec::tests::test_exec_prepare_error_invalid_host_pid_variant_errno ... ok
test kernel::exec::tests::surviving_nonleader_exec_reconstitutes_a_retired_leader_claim ... ok
test kernel::exec::tests::shared_mm_child_exec_publishes_distinct_backend_without_mutating_parent ... ok
test kernel::exec::tests::nonleader_exec_replaces_thread_group_and_drains_old_objects ... ok
test kernel::exec::tests::test_exec_prepare_error_io_variant_errno ... ok
test kernel::exec::tests::test_exec_prepare_error_kernel_operation_variant_errno ... ok
test kernel::exec::tests::test_exec_prepare_error_kernel_variant_errno ... ok
test kernel::exec::tests::test_exec_prepare_error_linux_variant_errno ... ok
test kernel::fd_ceiling::tests::disable_before_registration_is_permanent ... ok
test kernel::fd_ceiling::tests::registration_receives_existing_maximum ... ok
test kernel::fd_ceiling::tests::repeated_registration_retains_one_publisher ... ok
test kernel::frame_inventory::tests::duplicate_mapping_inside_one_reserved_batch_is_rejected_atomically ... ok
test kernel::frame_inventory::tests::every_event_failpoint_rolls_back_the_whole_batch ... ok
test kernel::frame_inventory::tests::guessed_ids_cannot_forge_a_reserved_transaction_capability ... ok
test kernel::fd_ceiling::tests::publication_is_monotonic_under_concurrency ... ok
test kernel::frame_inventory::tests::kernel_apply_receipt_is_opaque_mm_and_mapping_frame_exact ... ok
test kernel::frame_inventory::tests::invalid_lifecycle_ordering_and_duplicate_mapping_roll_back_exactly ... ok
test kernel::frame_inventory::tests::one_frame_can_join_aliases_from_distinct_mms ... ok
test kernel::frame_inventory::tests::per_mm_mapping_counts_track_the_mapping_table ... ok
test kernel::frame_inventory::tests::protect_then_atomic_unmap_retire_advances_generation_and_reclaims_rows ... ok
test kernel::frame_inventory::tests::completed_mapping_churn_reclaims_rows_and_provenance ... ok
test kernel::frame_inventory::tests::published_mapping_can_split_into_exact_subranges_of_the_same_frame ... ok
test kernel::frame_inventory::tests::rejects_an_unreserved_new_frame_even_with_a_reserved_mapping ... ok
test kernel::frame_inventory::tests::rejects_duplicate_transaction_generation_length_order_and_cross_mm_reuse ... ok
test kernel::frame_inventory::tests::retirement_batch_query_matches_point_queries_across_shared_and_private_frames ... ok
test kernel::frame_inventory::tests::provenance_entropy_batch_discards_inherited_and_failed_bytes ... ok
test kernel::frame_inventory::tests::provenance_entropy_batch_refills_once_per_eight_tokens ... ok
test kernel::frame_inventory::tests::shared_frame_aliases_and_copied_frames_have_exact_sorted_joins ... ok
test kernel::frame_inventory::tests::sparse_40_gib_extent_stays_one_k1_frame_and_mapping ... ok
test kernel::frame_inventory::tests::unpublished_prepare_rolls_back_without_revision_or_join_changes ... ok
test kernel::frame_inventory::tests::unpublished_apply_receipt_rolls_back_only_its_exact_mm_mappings ... ok
test kernel::frame_inventory::tests::unused_candidate_ids_burn_in_the_runtime_registry ... ok
test kernel::identity_page::tests::identity_gate_stays_shut_over_an_unpublishable_pid ... ok
test kernel::identity_page::tests::identity_page_stamp_surfaces_guest_memory_write_failure ... ok
test kernel::identity_page::tests::identity_stamp_closes_the_shim_gate_before_publishing_a_new_pid ... ok
test kernel::frame_inventory::tests::retirement_emptiness_is_decided_under_the_applying_lock ... ok
test kernel::identity_page::tests::raw_clock_gate_requires_every_semantic_and_visibility_precondition ... ok
test kernel::ids::tests::group_and_session_ids_preserve_the_leader_domain ... ok
test kernel::ids::tests::linux_ids_reject_zero_and_negative_values ... ok
test kernel::ids::tests::object_ids_are_nonzero_and_never_reused ... ok
test kernel::ids::tests::restored_file_description_ids_advance_the_process_wide_allocator ... ok
test kernel::mm_access::tests::cow_broken_type_invariants_and_guard_containment ... ok
test kernel::mm_access::tests::an_uninitialized_context_cannot_supply_execution_authority ... ok
test kernel::mm_access::tests::current_mm_rejects_same_identity_lease_from_another_kernel ... ok
test kernel::mm_access::tests::cow_broken_is_stale_after_any_revision_or_owner_generation_changes ... ok
test kernel::mm_access::tests::current_mm_rejects_scheduler_authority_for_a_different_mm ... ok
test kernel::mm_access::tests::foreign_cow_one_compound_authorizes_sequential_subrange_writes_through_runtime_facade ... ok
test kernel::mm_access::tests::current_mm_rejects_another_threads_execution_lease ... ok
test kernel::mm_access::tests::execution_mm_validation_does_not_snapshot_mappings ... ok
test kernel::mm_access::tests::foreign_cow_rejects_genuine_proof_with_inflated_semantic_span ... ok
test kernel::mm_access::tests::foreign_cow_rejects_wrong_mapping_frame_physical_range_and_current_owner ... ok
test kernel::mm_access::tests::foreign_cow_rejects_receipts_with_any_advanced_revision_domain ... ok
test kernel::mm_access::tests::foreign_cow_rejects_internally_consistent_transport_forgery ... ok
test kernel::mm_access::tests::foreign_cow_write_separates_copied_parent_and_child_at_the_same_va ... ok
test kernel::frame_inventory::tests::high_alias_frame_keeps_constant_size_apply_state ... ok
test kernel::mm_access::tests::foreign_mm_rejects_a_churning_backend_snapshot ... ok
test kernel::mm_access::tests::foreign_write_no_fault_control_commits_exact_bytes_and_records_phase_counters ... ok
test kernel::mm_access::tests::foreign_mm_rejects_another_threads_execution_lease ... ok
test kernel::mm_access::tests::foreign_mm_rejects_same_identity_lease_from_another_kernel ... ok
test kernel::mm_access::tests::foreign_write_receipt_rejection_cannot_follow_target_mutation ... ok
test kernel::mm_access::tests::foreign_write_transport_error_cannot_follow_target_mutation ... ok
test kernel::mm_access::tests::instruction_fetch_rejects_readable_non_executable_memory ... ok
test kernel::mm_access::tests::instruction_fetch_borrows_exact_lease_and_detects_revision_changes ... ok
test kernel::mm_access::tests::foreign_write_revision_recheck_cannot_follow_target_mutation ... ok
test kernel::mm_access::tests::mm_access_authority_exhausts_a_fixed_retry_budget ... ok
test kernel::mm_access::tests::mm_access_authority_rejects_nonempty_reads_without_owner_generations ... ok
test kernel::mm_access::tests::mm_access_authority_retries_from_a_fresh_snapshot_and_authenticates_receipt ... ok
test kernel::mm_access::tests::retained_foreign_token_keeps_the_exact_mm_across_target_exec_and_retirement ... ok
test kernel::mm_access::tests::native_data_borrow_refuses_unimplemented_transport_and_each_stale_revision ... ok
test kernel::fd_ceiling::tests::concurrent_registration_and_publication_are_serialized ... ok
test kernel::mm_occupancy::tests::a_pause_of_z_drains_a_vcpu_switched_from_y_to_z ... ok
test kernel::mm_access::tests::token_bound_ranges_require_permissions_and_complete_vma_coverage ... ok
test kernel::mm_occupancy::tests::a_retired_publication_is_closed_unbound_and_freed ... ok
test kernel::mm_occupancy::tests::a_published_gate_follows_the_mm_fence ... ok
test kernel::mm_access::tests::stale_task_key_is_rejected_after_pid_reuse ... ok
test kernel::mm_occupancy::tests::a_zone_vcpu_moved_off_the_mm_is_drained_while_it_stays_in_guest ... ok
test kernel::mm_occupancy::tests::a_vcpu_without_a_mailbox_keeps_one_host_slot_per_thread ... ok
test kernel::mm_occupancy::tests::rejected_install_still_drains_original_before_granting_mutation ... ok
test kernel::mm_occupancy::tests::every_vcpu_running_an_mm_is_counted_whatever_process_it_loaded ... ok
test kernel::mm_transaction::tests::committed_transaction_succeeds ... ok
test kernel::mm_transaction::tests::uncommitted_transaction_discards_on_drop ... ok
test kernel::netns::tests::a_host_with_no_uplink_mirrors_to_loopback_only ... ok
test kernel::mm_occupancy::tests::an_unloaded_admission_vacates_its_slot_and_reoccupies_where_it_is_loaded ... ok
test kernel::mm_occupancy::tests::vacating_one_occupant_preserves_the_other_and_unwind_vacates ... ok
test kernel::netns::tests::the_host_mirror_shows_a_linux_namespace_not_a_mac ... ok
test kernel::netns::tests::containers_do_not_share_root_uts_or_net ... ok
test kernel::netns::tests::republishing_a_view_reaches_holders_of_the_namespace ... ok
test kernel::objects::credentials::tests::credentials_from_values_constructs_exact_fields ... ok
test kernel::mm_occupancy::tests::failed_crash_participation_vacates_the_slot ... ok
test kernel::netns::tests::two_net_namespaces_answer_the_same_question_differently ... ok
test kernel::objects::process::tests::compact_zombie_does_not_retain_task_resources ... ok
test kernel::objects::session::tests::group_and_session_objects_hold_typed_namespace_claims ... ok
test kernel::objects::session::tests::group_claim_from_another_registry_is_rejected ... ok
test kernel::objects::signal::tests::default_ignore_signals_are_not_terminating ... ok
test kernel::objects::signal::tests::pending_queue_coalesces_standard_and_preserves_realtime_fifo_payloads ... ok
test kernel::exec::tests::dropped_preparation_resumes_active_sibling_before_releasing_reservation ... ok
test kernel::objects::signal::tests::pending_queue_mismatched_signal_returns_typed_error ... ok
test kernel::objects::signal::tests::sighand_retains_full_actions_and_exec_preserves_only_ignore ... ok
test kernel::objects::process::tests::thread_group_plan_cannot_create_a_new_task_shared_bundle ... ok
test kernel::objects::signal::tests::child_exit_interest_distinguishes_sigwait_from_sigsuspend_restore_mask ... ok
test kernel::objects::process::tests::pidfd_target_does_not_keep_task_alive ... ok
test kernel::objects::signal::tests::task_pending_hint_never_hides_authoritative_queue_state ... ok
test kernel::objects::signal::tests::signal_authority_preserves_thread_first_same_signum_provenance ... ok
test kernel::objects::signal::tests::thread_signal_lifecycle_transforms_preserve_linux_owners ... ok
test kernel::objects::signal::tests::tracked_live_protections_upgrade_maperr_but_unmapped_does_not ... ok
test kernel::objects::task::tests::an_rlimit_belongs_to_one_task_not_to_whoever_writes_it ... ok
test kernel::objects::task::tests::fork_probe_sibling_count_saturates_at_u32_max ... ok
test kernel::objects::task::tests::clone_flags_control_each_shared_object_independently ... ok
test kernel::objects::task::tests::legal_thread_clone_can_copy_files_and_fs_independently ... ok
test kernel::objects::task::tests::fork_inherits_rlimits_as_a_copy ... ok
test kernel::objects::task::tests::fork_child_inherits_parent_container ... ok
test kernel::objects::task::tests::replace_rlimit_shows_the_writer_the_current_value ... ok
test kernel::objects::task::tests::fork_shares_the_uts_namespace_and_unshare_copies_it ... ok
test kernel::objects::task::tests::task_owns_threads_without_a_strong_back_link_cycle ... ok
test kernel::objects::task::tests::ptrace_transient_command_state_is_cleared_by_non_ptrace_transitions ... ok
test kernel::objects::task::tests::fork_shares_the_net_namespace_and_unshare_leaves_the_sibling_alone ... ok
test kernel::objects::task::tests::task_wake_generation_is_durable_without_a_lane_waker ... ok
test kernel::objects::task::tests::task_wake_subscription_publishes_before_lane_waker_and_unregisters_on_drop ... ok
test kernel::objects::tests::admitted_slot_stability_after_lowering_rlimit ... ok
test kernel::objects::task::tests::the_default_set_is_the_single_source_for_every_resource ... ok
test kernel::objects::tests::authenticated_commit_rejects_mismatched_reservation_id ... ok
test kernel::objects::tests::capture_slot_or_stdio_authority_authorizes_bare_stdio_slots ... ok
test kernel::objects::tests::cancellation_does_not_hold_reserved_slots_while_awaiting_next_fd ... ok
test kernel::objects::tests::description_common_socket_cork_and_peer_cred_accessors ... ok
test kernel::objects::tests::epoll_rejects_self_and_nested_edges_and_uses_weak_targets ... ok
test kernel::objects::tests::copied_tables_share_ceiling_while_standalone_tables_are_isolated ... ok
test kernel::objects::tests::epoll_wake_handle_wakes_after_its_file_table_drops ... ok
test kernel::objects::tests::fd_slot_authority_rejects_close_and_same_number_reuse_before_successor_access ... ok
test kernel::objects::tests::file_slot_hasher_preserves_the_i32_descriptor_domain ... ok
test kernel::objects::tests::exact_slot_reservation_linear_winner_and_isolation ... ok
test kernel::objects::tests::for_exec_closes_bare_stdio_with_cloexec ... ok
test kernel::objects::tests::fork_exec_and_external_exec_tables_retain_the_carrier_authority ... ok
test kernel::objects::tests::concurrent_file_table_insertions_publish_the_largest_descriptor ... ok
test kernel::objects::tests::fork_shares_description_pushback_cell ... ok
test kernel::objects::tests::low_limit_early_bound_check ... ok
test kernel::objects::tests::reservation_rollback_and_cursor_rewind_on_drop ... ok
test kernel::objects::tests::resolve_slot_authority_rejects_mismatched_table_id_or_generation ... ok
test kernel::objects::tests::resolve_slot_authority_returns_exact_arc_or_stale_across_lock_boundary_never_replacement ... ok
test kernel::objects::tests::resolve_slot_authority_resolver_wins_returns_exact_arc_before_queued_writer_replaces_slot ... ok
test kernel::objects::tests::retired_table_rejects_reserved_slot_commits_and_releases_reservations ... ok
test kernel::objects::tests::sequential_reservations_allocate_contiguous_slots ... ok
test kernel::objects::tests::slot_lease_rejects_stale_authority_after_reuse ... ok
test kernel::objects::tests::socket_cork_staging_taking_and_enabling ... ok
test kernel::objects::tests::install_publishes_before_slot_visibility ... ok
test kernel::objects::tests::write_guard_settles_only_touched_slots ... ok
test kernel::objects::tests::write_guard_publishes_before_slot_visibility ... ok
test kernel::objects::thread::tests::stale_crash_participation_release_cannot_clear_a_successor ... ok
test kernel::objects::thread::tests::thread_exit_predecessor_for_exec_mints_linear_authority ... ok
test kernel::objects::thread::tests::thread_fail_unsettled_execution_lease_exhausted_generation ... ok
test kernel::objects::thread::tests::thread_invalidate_execution_for_exec_exhausted_generation ... ok
test kernel::operations::exit::tests::a_zombie_left_behind_by_its_namespace_init_names_container_retirement ... ok
test kernel::operations::exit::tests::child_exit_posts_sigchld_with_siginfo_to_parent_when_blocked ... ok
test kernel::operations::exit::tests::child_exit_wake_callback_does_not_hold_registry_lock ... ok
test kernel::operations::exit::tests::child_exit_wakes_enrolled_parent_even_when_signal_is_none_or_ignored ... ok
test kernel::operations::exit::tests::child_exit_receipt_uses_parent_committed_during_reservation_wait ... ok
test kernel::operations::exit::tests::child_exit_with_default_ignore_unblocked_does_not_post_to_parent ... ok
test kernel::operations::exit::tests::child_exit_with_ignored_signal_does_not_post_to_parent ... ok
test kernel::operations::exit::tests::child_exit_with_none_signal_does_not_post_to_parent ... ok
test kernel::operations::exit::tests::child_signaled_exit_posts_cld_killed_to_parent ... ok
test kernel::operations::exit::tests::exact_generation_exit_waits_for_reservation_release_and_is_idempotent ... ok
test kernel::operations::exit::tests::childless_exit_does_not_reserve_the_root_adopter ... ok
test kernel::operations::exit::tests::exit_notification_runs_after_reservation_release ... ok
test kernel::operations::exit::tests::exiting_parent_reparents_live_and_zombie_children_to_root ... ok
test kernel::operations::exit::tests::explicit_subreaper_adopts_orphans_at_exit_publication ... ok
test kernel::operations::exit::tests::prepared_task_exit_publishes_reparenting_and_subscriber_once ... ok
test kernel::operations::exit::tests::root_exit_before_descendant_exit_allows_orphan_teardown ... ok
test kernel::operations::exit::tests::prepared_task_exit_reserves_affected_graph_and_drop_unlocks_it ... ok
test kernel::operations::exit::tests::task_exit_subscribers_observe_live_zombie_and_unknown_targets ... ok
test kernel::operations::exit::tests::task_participant_witness_rejects_a_stale_exact_owner ... ok
test kernel::operations::exit::tests::task_mints_distinct_fork_and_crash_sibling_witnesses ... ok
test kernel::operations::exit::tests::thread_exit_participants_require_an_exact_survivor ... ok
test kernel::operations::identity::credential_authority_tests::exec_retains_callers_credential_object ... ok
test kernel::operations::identity::credential_authority_tests::fork_copies_values_with_distinct_credential_identity ... ok
test kernel::operations::identity::credential_authority_tests::fork_from_nonleader_copies_the_callers_divergent_credentials ... ok
test kernel::operations::identity::credential_authority_tests::replaced_callers_resources_reject_stale_exec_context ... ok
test kernel::operations::identity::credential_authority_tests::sibling_credential_publication_does_not_stale_exact_exec_caller ... ok
test kernel::operations::identity::credential_authority_tests::sibling_credential_publication_does_not_stale_exact_fork_caller ... ok
test kernel::operations::identity::credential_authority_tests::sibling_thread_credential_cow_diverges_only_calling_thread ... ok
test kernel::operations::identity::credential_authority_tests::stale_context_cannot_publish_credentials ... ok
test kernel::operations::identity::tests::umask_updates_every_live_clone_fs_peer_without_sharing_identity ... ok
test kernel::operations::session::tests::controlling_tty_uses_kernel_session_and_foreground_group ... ok
test kernel::operations::session::tests::identity_failpoint_does_not_publish_partial_group ... ok
test kernel::operations::session::tests::non_session_leader_cannot_acquire_controlling_tty ... ok
test kernel::operations::session::tests::orphaned_process_group_check_ignores_zombie_members ... ok
test kernel::operations::session::tests::parent_cannot_change_process_group_after_child_exec ... ok
test kernel::operations::session::tests::process_identity_answers_per_process_and_survives_exit ... ok
test kernel::operations::session::tests::registry_publishes_new_session_and_group_together ... ok
test kernel::operations::session::tests::registry_serializes_process_group_membership_transitions ... ok
test kernel::operations::session::tests::relay_signal_posts_to_exact_kernel_foreground_group ... ok
test kernel::operations::session::tests::relay_signal_waits_for_controlling_foreground_group_then_flushes ... ok
test kernel::operations::session::tests::retiring_container_revokes_only_its_controlling_tty ... ok
test kernel::operations::session::tests::set_process_group_enforces_parent_session_and_group_policy_atomically ... ok
test kernel::operations::session::tests::setsid_refuses_with_eperm_while_a_group_named_by_the_caller_pid_survives ... ok
test kernel::operations::session::tests::two_containers_keep_independent_tty_state_and_relay_routes_exactly ... ok
test kernel::operations::signal::tests::a_posted_signal_lands_in_the_target_queue_only ... ok
test kernel::operations::signal::tests::a_thread_directed_signal_requires_exact_task_membership_and_lands_on_that_thread ... ok
test kernel::operations::signal::tests::authorized_group_selection_never_follows_a_reused_group_number ... ok
test kernel::operations::signal::tests::authorized_sigcont_wakes_the_parent_current_at_publication ... ok
test kernel::operations::signal::tests::authorized_signal_never_follows_a_reused_numeric_pid ... ok
test kernel::operations::signal::tests::broadcast_excludes_the_caller_and_init ... ok
test kernel::operations::signal::tests::carrier_control_honors_default_signal_protection_for_namespace_init ... ok
test kernel::operations::signal::tests::carrier_control_signal_is_bound_to_the_exact_task_generation ... ok
test kernel::operations::signal::tests::delivery_wakes_the_target_after_the_signal_is_pending ... ok
test kernel::operations::signal::tests::exact_authorized_self_signals_preserve_process_and_thread_queue_ownership ... ok
test kernel::mm_occupancy::tests::rejected_install_preserves_live_pause_endpoint ... ok
test kernel::operations::signal::tests::exact_thread_signal_admission_has_one_realtime_queue_winner ... ok
test kernel::operations::signal::tests::job_control_stop_and_continue_are_task_scoped_and_waitable ... ok
test kernel::objects::tests::slot_lease_reader_wins_before_queued_reuse_and_pins_exact_description ... ok
test kernel::objects::tests::exec_freeze_blocks_table_mutation_until_publication_boundary ... ok
test kernel::objects::tests::file_table_retirement_waits_for_admitted_functional_use ... ok
test kernel::operations::signal::tests::newer_stop_without_sigcont_does_not_cancel_dequeued_stop ... ok
test kernel::operations::signal::tests::posting_to_an_unknown_or_exiting_task_reports_no_delivery ... ok
test kernel::operations::signal::tests::ptrace_attach_denies_a_non_dumpable_target_without_cap_sys_ptrace ... ok
test kernel::operations::signal::tests::process_signal_authority_survives_leader_thread_exit ... ok
test kernel::operations::signal::tests::process_group_membership_comes_from_the_kernel ... ok
test kernel::operations::signal::tests::ptrace_attach_stops_a_non_child_and_tracer_exit_detaches_it ... ok
test kernel::operations::signal::tests::ptrace_stop_is_plain_waitable_and_only_exact_tracer_can_resume ... ok
test kernel::operations::signal::tests::ptrace_resume_preserves_exact_synchronous_fault_provenance ... ok
test kernel::operations::signal::tests::ptrace_resume_before_tracee_settlement_keeps_the_stop_authoritative ... ok
test kernel::operations::signal::tests::sigcont_cancels_a_second_dequeued_stop_after_the_first_stops_the_task ... ok
test kernel::operations::signal::tests::realtime_signals_queue_and_standard_signals_collapse ... ok
test kernel::operations::signal::tests::sigcont_cancels_every_stop_dequeued_before_its_default_action ... ok
test kernel::operations::signal::tests::sigcont_cancels_a_stop_dequeued_before_its_default_action ... ok
test kernel::operations::signal::tests::sigcont_generation_discards_pending_stop_signals_task_wide ... ok
test kernel::operations::signal::tests::sigkill_invalidates_a_stop_dequeued_before_fatal_delivery ... ok
test kernel::operations::signal::tests::signal_target_enumeration_excludes_tasks_that_have_begun_exit ... ok
test kernel::operations::signal::tests::sigkill_resumes_a_stopped_task_without_wcontinued ... ok
test kernel::operations::signal::tests::signal_authorization_uses_kernel_credentials_sessions_and_init_sighand ... ok
test kernel::operations::signal::tests::stale_stop_action_cannot_borrow_a_newer_stop_generation ... ok
test kernel::operations::signal::tests::stop_generation_discards_pending_sigcont_task_wide ... ok
test kernel::operations::tests::child_start_gate_opens_only_after_fork_publication ... ok
test kernel::operations::tests::dropped_fork_reservation_restores_identity_claim_counts ... ok
test kernel::operations::tests::copied_mm_fork_freezes_dispatch_before_capturing_ring_attachments ... ok
test kernel::operations::tests::dropped_fork_preparation_cancels_materialized_child_gate ... ok
test kernel::operations::tests::dropped_published_fork_fail_safe_starts_instead_of_leaking_task ... ok
test file_authority::root::tests::same_client_requests_cannot_overtake_an_in_flight_round_trip ... ok
test kernel::operations::tests::every_thread_failpoint_restores_claims_and_resource_references ... ok
test kernel::operations::tests::every_prepare_failpoint_leaves_registry_unchanged ... ok
test kernel::operations::tests::every_identity_and_exit_failpoint_restores_registry_state ... ok
test kernel::operations::tests::external_peer_root_has_no_init_wait_edge_and_retains_only_stdio_files ... ok
test kernel::operations::tests::exact_pidfd_generation_never_follows_a_reused_numeric_pid ... ok
test kernel::operations::tests::fork_child_gets_its_own_capability_sets_and_user_namespace ... ok
test kernel::operations::tests::fork_publishes_task_and_independently_selected_resources ... ok
test kernel::operations::tests::fork_reservation_stays_undiscoverable_until_backend_commit ... ok
test kernel::operations::tests::ioprio_is_per_process_inherited_at_fork_and_independent_thereafter ... ok
test kernel::operations::tests::fork_parent_selection_and_failpoint_preserve_exact_parentage ... ok
test kernel::operations::tests::legacy_aio_authority_follows_mm_sharing_not_file_table_sharing ... ok
test kernel::operations::tests::mm_authority_relation_distinguishes_copied_and_shared_clone_vm_tasks ... ok
test kernel::operations::tests::nice_is_per_process_inherited_at_fork_and_independent_thereafter ... ok
test kernel::operations::tests::reserved_pidfd_subscription_arms_only_with_fork_commit ... ok
test kernel::operations::tests::fork_reservation_enforces_rlimit_nproc_per_real_uid ... ok
test kernel::operations::tests::reservation_cannot_cross_kernel_identity ... ok
test kernel::operations::tests::stale_identity_reservations_cannot_commit ... ok
test kernel::operations::identity::credential_authority_tests::credential_publication_waits_for_task_reservation_without_recapture ... ok
test kernel::operations::thread::tests::dead_leader_claim_survives_task_exit_and_zombie_reap_until_context_drain ... ok
test kernel::operations::thread::tests::concurrent_thread_preparations_publish_against_the_latest_revision ... ok
test kernel::operations::tests::vfork_parent_gate_releases_once_on_exec_or_exit ... ok
test kernel::operations::thread::tests::prepared_thread_publication_busy_is_nonblocking_and_exactly_woken ... ok
test kernel::operations::thread::tests::prepared_thread_publication_waits_for_an_overlapping_task_transaction ... ok
test kernel::operations::thread::tests::sibling_publication_does_not_stale_a_fork_context ... ok
test kernel::operations::thread::tests::operation_lifetime_reservations_allow_thread_prepare_but_serialize_publication ... ok
test kernel::operations::thread::tests::every_thread_exit_failpoint_preserves_the_live_thread ... ok
test kernel::operations::thread::tests::sibling_publication_does_not_stale_a_thread_clone_context ... ok
test kernel::operations::thread::tests::sibling_publication_does_not_stale_thread_exit ... ok
test kernel::operations::thread::tests::thread_clone_keeps_task_shared_but_can_copy_files_and_fs ... ok
test kernel::operations::thread::tests::thread_clone_reservation_keeps_tid_private_until_commit ... ok
test kernel::operations::thread::tests::sweep_retired_threads_for_process_sweeps_only_matching_process ... ok
test kernel::operations::thread::tests::thread_clone_drop_cancels_before_publish_and_starts_after_publish ... ok
test kernel::operations::thread::tests::thread_exit_unpublishes_before_draining_its_tid_claim ... ok
test kernel::operations::thread::tests::thread_start_gate_opens_only_after_clone_publication ... ok
test kernel::operations::thread::tests::thread_reservation_waits_for_an_overlapping_task_transaction ... ok
test kernel::operations::wait::tests::overlapping_parent_fork_and_child_auto_exit_respects_reservation ... ok
test kernel::operations::wait::tests::clone_child_with_non_sigchld_exit_signal_is_not_autoreaped_when_sigchld_ignored ... ok
test kernel::operations::wait::tests::exit_notification_allows_consuming_wait ... ok
test kernel::operations::wait::tests::autoreap_does_not_charge_rusage_children_and_consumed_wait_does ... ok
test kernel::operations::wait::tests::wait_child_class_follows_wait_options ... ok
test kernel::operations::wait::tests::sigchld_set_to_sig_ign_autoreaps_child_in_kernel ... ok
test kernel::operations::wait::tests::sigchld_with_sa_nocldwait_autoreaps_child_in_kernel ... ok
test kernel::operations::wait::tests::wait_child_can_select_an_authoritative_guest_process_group ... ok
test kernel::registry::tests::allocator_wraps_and_skips_live_claims ... ok
test kernel::operations::wait::tests::zombie_holds_numeric_claim_until_consuming_wait ... ok
test kernel::registry::tests::dropped_reservation_rolls_back_without_publication ... ok
test kernel::registry::tests::process_group_keeps_reaped_leader_number_reserved ... ok
test kernel::operations::wait::tests::wait_partitions_children_by_exit_signal ... ok
test kernel::registry::tests::root_bootstrap_preserves_exact_tgid ... ok
test kernel::registry::tests::session_keeps_reaped_leader_number_reserved ... ok
test kernel::registry::tests::task_and_thread_ids_share_one_namespace ... ok
test kernel::scheduler::host_wait::tests::host_wait_census_reports_contention_without_waiting ... ok
test kernel::scheduler::tests::a_block_whose_target_was_reaped_settles_instead_of_killing_the_executor ... ok
test kernel::scheduler::tests::a_cross_cpu_wake_in_the_pre_park_window_is_not_lost ... ok
test kernel::scheduler::tests::a_duplicate_exact_publication_coalesces_onto_the_queued_row ... ok
test kernel::scheduler::tests::a_burst_onto_one_cpu_wakes_every_parked_executor_through_the_chain ... ok
test kernel::scheduler::tests::a_transition_rejection_is_fatal_unless_the_target_left_the_graph ... ok
test kernel::scheduler::tests::a_returning_host_waiter_wakes_the_guest_idle_borrower_of_its_cpu ... ok
test kernel::scheduler::tests::a_spare_returns_a_lent_cpu_before_claiming_more_work ... ok
test kernel::scheduler::tests::a_wake_for_an_admitted_unpublished_key_is_durable_but_not_claimable ... ok
test kernel::scheduler::tests::a_wake_lands_on_exactly_one_guest_cpu ... ok
test kernel::scheduler::tests::a_wake_whose_target_was_reaped_is_rejected_not_fatal ... ok
test kernel::scheduler::tests::a_wake_of_a_zombie_is_classified_exited_not_reaped ... ok
test kernel::scheduler::tests::a_wake_whose_target_was_reaped_retires_the_authority_it_stranded ... ok
test kernel::scheduler::tests::a_woken_task_returns_to_the_cpu_it_last_ran_on ... ok
test kernel::scheduler::tests::an_affinity_mask_of_one_cpu_pins_every_placement ... ok
test kernel::scheduler::tests::a_yield_whose_target_was_reaped_settles_instead_of_killing_the_executor ... ok
test kernel::scheduler::tests::an_executor_serves_its_own_cpu_before_it_steals ... ok
test kernel::scheduler::tests::authority_rollover_rejects_stale_or_wrong_successor_without_loss_or_duplication ... ok
test kernel::scheduler::tests::blocked_state_has_no_executor_binding ... ok
test kernel::scheduler::tests::blocked_wake_queues_exactly_one_row_for_the_next_generation ... ok
test kernel::scheduler::tests::close_between_blocked_transition_and_enqueue_cannot_strand_runnable_generation ... ok
test kernel::scheduler::tests::close_drains_with_spare_executors_parked ... ok
test kernel::scheduler::tests::an_idle_announcement_is_counted_per_executor_not_per_cpu ... ok
test kernel::debug::post_mortem::tests::a_capture_round_trips_through_the_written_directory ... ok
test kernel::scheduler::tests::control_wake_during_guest_retry_does_not_invent_a_blocked_continuation ... ok
test kernel::scheduler::tests::close_winning_root_admission_race_publishes_no_stale_authority ... ok
test kernel::scheduler::tests::controller_close_before_and_after_park ... ok
test kernel::scheduler::tests::controller_close_negative_control_uncounted_worker_does_not_manufacture_obligation ... ok
test kernel::scheduler::tests::controller_close_duplicate_and_stale_retirement ... ok
test kernel::scheduler::tests::controller_close_normal_wake_and_exit ... ok
test kernel::scheduler::tests::controller_close_spare_executor_parks_and_retires ... ok
test kernel::scheduler::tests::controller_close_parked_executor_wakes_runs_and_retires_across_census_race ... ok
test kernel::scheduler::tests::current_failed_generation_cannot_admit_root_authority ... ok
test kernel::scheduler::tests::exec_rebind_rejects_old_full_token_and_accepts_successor_token ... ok
test kernel::scheduler::tests::current_exited_generation_cannot_admit_root_authority ... ok
test kernel::mm_access::tests::mm_access_authority_enforces_one_overall_deadline_across_attempts ... ok
test kernel::scheduler::tests::exec_retarget_rejects_lease_asid_identity_not_minted_by_transition ... ok
test kernel::scheduler::tests::executor_rebind_between_directory_validation_and_delivery_never_interrupts_successor ... ok
test kernel::scheduler::tests::late_kick_token_cannot_affect_the_executor_epoch_successor ... ok
test kernel::scheduler::tests::generic_wake_racing_shared_futex_settlement_cannot_fabricate_wake ... ok
test kernel::scheduler::tests::exited_grant_cannot_authorize_a_descendant_during_close ... ok
test kernel::scheduler::tests::live_unrelated_process_cannot_be_admitted_as_a_descendant ... ok
test kernel::scheduler::tests::generic_wake_racing_vfork_settlement_cannot_resume_parent ... ok
test kernel::scheduler::tests::post_close_blocked_wake_is_rejected_without_changing_blocked_state ... ok
test kernel::scheduler::tests::proc_state_helper_renders_runnable_and_running_as_r_and_blocked_as_s ... ok
test kernel::scheduler::tests::lone_task_thousands_of_syscalls_never_arm_resched_or_snapshot ... ok
test kernel::scheduler::tests::placement_never_targets_a_cpu_with_no_executor ... ok
test kernel::scheduler::tests::releasing_an_unpublished_authority_drops_the_row_it_was_holding ... ok
test kernel::scheduler::tests::queue_key_static_shape_contains_only_thread_key_and_execution_generation ... ok
test kernel::scheduler::tests::running_wake_emits_one_exact_kick_after_the_transition_unlocks ... ok
test kernel::scheduler::tests::runnable_wake_is_idempotent_and_never_duplicates_the_row ... ok
test kernel::scheduler::tests::scheduler_summary_returns_and_does_not_self_deadlock ... ok
test kernel::scheduler::tests::scheduler_summary_reports_run_queue_locked_instead_of_blocking ... ok
test kernel::scheduler::tests::close_wakes_all_waiters_rejects_new_roots_and_drains_recursive_publication ... ok
test kernel::scheduler::tests::settle_exec_consumed_exited_rejects_mismatched_authority ... ok
test kernel::scheduler::tests::switching_out_wake_never_kicks_old_executor_and_forces_runnable_settlement ... ok
test kernel::scheduler::tests::settle_exec_consumed_exited_settles_terminal_and_cleans_up ... ok
test kernel::scheduler::tests::stale_thread_key_and_tid_reuse_lookalike_are_rejected ... ok
test kernel::scheduler::tests::take_discards_stale_rows_and_claims_only_the_exact_current_generation ... ok
test kernel::scheduler::tests::two_concurrent_wakes_coalesce_to_one_exact_row ... ok
test kernel::scheduler::tests::vfork_exec_release_follows_exact_scheduler_retarget ... ok
test kernel::scheduler::tests::wake_racing_switch_out_is_durable_and_settles_runnable_once ... ok
test kernel::scheduler::tests::unregister_clears_live_binding_and_preemption_authority ... ok
test kernel::snapshot::tests::a_dangling_mapping_is_a_forensic_finding_not_a_refused_capture ... ok
test kernel::snapshot::tests::a_clean_graph_captures_with_no_findings ... ok
test kernel::snapshot::tests::duplicate_and_broken_bidirectional_joins_fail_closed ... ok
test kernel::snapshot::tests::malformed_backend_rows_and_mapping_joins_are_rejected ... ok
test kernel::snapshot::tests::epoch_and_revision_races_exhaust_three_retries ... ok
test kernel::snapshot::tests::pointer_distinct_stable_identity_collision_fails_closed ... ok
test kernel::snapshot::tests::pointer_distinct_bundle_key_collision_fails_closed ... ok
test kernel::snapshot::tests::every_dangling_mapping_is_named_not_just_the_first ... ok
test kernel::snapshot::tests::retired_threads_remain_explicitly_draining ... ok
test kernel::snapshot::tests::reaped_zombie_context_and_bundles_drain_independently ... ok
test kernel::snapshot::tests::retained_exec_context_and_bundles_drain_until_their_own_last_owner ... ok
test kernel::snapshot::tests::snapshot_is_owned_sorted_and_strictly_joined ... ok
test kernel::snapshot::tests::snapshot_joins_multiple_ring_mappings_and_mapping_owned_description ... ok
test kernel::scheduler::tests::one_executor_preempts_two_compute_generations_and_signal_wake_is_prompt ... ok
test kernel::tests::description_common_survives_the_closed_transition_and_counts_fd_refs ... ok
test kernel::tests::exec_invalidation_cannot_revoke_a_switching_out_lease_before_destructive_save ... ok
test kernel::tests::failed_container_root_preparation_publishes_no_identity_or_epoch ... ok
test kernel::tests::container_retirement_uses_task_exit_settlement_before_reaping ... ok
test kernel::tests::failed_pid_membership_commit_rolls_back_every_staged_root_edge ... ok
test kernel::tests::retirement_close_rejects_prepared_thread_and_new_fork_admission ... ok
test kernel::tests::fork_and_thread_clone_allocate_namespace_local_identity ... ok
test kernel::tests::retirement_reused_tid_cannot_alias_a_surviving_stale_thread_ref ... ok
test kernel::tests::same_visible_process_group_is_selected_only_inside_its_container ... ok
test kernel::tests::thread_execution_claims_exact_generation_and_parks ... ok
test kernel::tests::thread_execution_cpu_intervals_never_inherit_between_logical_tasks ... ok
test kernel::tests::thread_execution_dropped_unsettled_lease_fails_closed ... ok
test kernel::tests::thread_execution_lease_owns_complete_mm_and_asid_authority ... ok
test kernel::snapshot::tests::unavailable_authority_and_contention_fail_closed ... ok
test kernel::tests::thread_execution_rejects_same_key_lease_from_another_kernel ... ok
test kernel::tests::thread_execution_exec_transfers_runner_and_accounting_not_cpu_state ... ok
test kernel::tests::thread_execution_reclaim_publishes_and_reclaims_exact_typed_state ... ok
test kernel::tests::thread_execution_restore_rejects_wrong_architecture_and_version ... ok
test kernel::tests::thread_execution_x86_rejects_invalid_xsave_and_resume_payload_sizes ... ok
test kernel::tests::thread_execution_switching_out_preserves_exact_owner ... ok
test kernel::tests::thread_execution_stale_owner_and_generation_cannot_settle ... ok
test kernel::tty::tests::pty_master_vintr_delivers_sigint_to_foreground_pgrp_and_not_others ... ok
test kernel::tty::tests::pty_master_write_noflsh_preserves_preceding_input ... ok
test kernel::tests::two_container_roots_share_one_kernel_graph ... ok
test kernel::tty::tests::pty_master_write_vlnext_quotes_signal_byte ... ok
test kernel::operations::wait::tests::wait_consume_never_returns_unconsumed_zombie_under_interleaved_exit ... ok
test kernel::wait_set::tests::enrollment_drop_unregisters ... ok
test kernel::tty::tests::pty_master_write_without_foreground_pgrp_drops_byte_and_no_signal ... ok
test kernel::wait_set::tests::lost_wake_ready_before_sleep_does_not_hang ... ok
test kernel::tty::tests::pty_master_write_without_isig_passes_through ... ok
test keyring::tests::a_non_keyring_destination_is_enotdir ... ok
test keyring::tests::a_nonexistent_serial_is_enokey_for_every_operation ... ok
test keyring::tests::a_search_skips_dead_keys_rather_than_reporting_them ... ok
test keyring::tests::add_key_rejects_a_payload_the_type_cannot_hold ... ok
test keyring::tests::adding_an_existing_description_updates_it_in_place ... ok
test keyring::tests::an_absent_key_type_is_enodev_not_einval ... ok
test keyring::tests::clear_empties_a_keyring_but_keeps_it_usable ... ok
test keyring::tests::invalidate_makes_the_serial_stop_resolving ... ok
test keyring::tests::keyring_read_serialises_links_and_reports_the_full_length ... ok
test keyring::tests::possession_alone_can_grant_and_deny ... ok
test keyring::tests::request_key_denied_by_the_destination_links_nothing ... ok
test keyring::tests::request_key_finds_an_existing_key_by_type_and_description ... ok
test keyring::tests::request_key_with_callout_info_negates_and_links_the_key ... ok
test keyring::tests::request_key_without_callout_info_links_nothing ... ok
test keyring::tests::revoked_and_expired_keys_report_their_own_errno ... ok
test keyring::tests::string_validation_matches_the_documented_limits ... ok
test keyring::tests::unlink_removes_exactly_one_link_and_reports_a_missing_one ... ok
test keyring::tests::user_keyrings_are_per_namespace_uid_and_not_forgeable_by_name ... ok
test namespace::pid::tests::dropping_a_region_releases_its_slot_and_members_for_reuse ... ok
test namespace::pid::tests::explicit_retire_releases_once_and_drop_is_then_a_no_op ... ok
test namespace::pid::tests::failed_slot_release_does_not_falsely_mark_the_region_released ... ok
test namespace::pid::tests::fill_member_preserves_generation_scoped_ptrace_state ... ok
test namespace::pid::tests::in_progress_registration_slot_is_not_visible ... ok
test namespace::pid::tests::pidns_descriptors ... ok
test kernel::operations::thread::tests::context_capture_never_mixes_association_generations ... ok
test namespace::pid::tests::reaped_member_slot_can_be_reused_without_recycling_ns_pid ... ok
test namespace::pid::tests::reusable_record_claim_has_single_winner ... ok
test namespace::pid::tests::shared_region_alloc_register_translate ... ok
test namespace::pid::tests::stale_holder_cannot_read_or_mutate_a_reused_namespace_slot ... ok
test namespace::pid::tests::sweep_keeps_records_awaiting_a_live_guest_reap ... ok
test namespace::pid::tests::sweep_preserves_record_owned_by_namespace_transition ... ok
test namespace::pid::tests::sweep_releases_records_of_gone_owners_with_no_live_waiter ... ok
test namespace::pid::tests::sweep_skips_live_owners_and_tid_entries ... ok
test namespace::pid::tests::two_regions_in_one_arena_are_disjoint_and_pid_1_names_each_own_init ... ok
test kernel::wait_set::tests::wake_pipe_host_poll_integration ... ok
test namespace::pid::tests::unregister_stale_ref_cannot_release_same_numeric_pid_reuse ... ok
test namespace::process::tests::docker_default_excludes_sys_ptrace ... ok
test namespace::process::tests::docker_default_excludes_sys_resource ... ok
test namespace::process::tests::docker_default_excludes_syslog_and_ipc_owner ... ok
test namespace::process::tests::docker_default_has_setuid_setgid ... ok
test namespace::process::tests::docker_default_status_lines_match_observed ... ok
test namespace::process::tests::docker_default_with_grants_raises_effective_permitted_bounding_only ... ok
test namespace::process::tests::every_modelled_capability_has_a_docker_name ... ok
test namespace::process::tests::full_caps_covers_modeled_range ... ok
test namespace::process::tests::full_caps_is_map_write_privileged ... ok
test namespace::user::tests::fresh_ns_has_empty_maps ... ok
test namespace::user::tests::gid_map_before_deny_is_eperm_for_unprivileged ... ok
test kernel::tests::container_root_publication_is_all_or_nothing_for_concurrent_readers ... ok
test namespace::user::tests::identity_predicate ... ok
test namespace::user::tests::identity_renders_like_docker ... ok
test namespace::user::tests::identity_translates_one_to_one ... ok
test namespace::user::tests::initial_ns_is_identity ... ok
test namespace::user::tests::malformed_map_write_is_einval ... ok
test namespace::user::tests::parse_accepts_identity_full_extent ... ok
test namespace::user::tests::parse_rejects_malformed ... ok
test namespace::user::tests::parse_rejects_overlapping_inside ... ok
test namespace::user::tests::parse_rejects_overlapping_outside ... ok
test namespace::user::tests::parse_rejects_range_overflow ... ok
test namespace::user::tests::parse_rejects_too_many_lines ... ok
test namespace::user::tests::parse_rejects_zero_length ... ok
test namespace::user::tests::parse_single_and_multi_line ... ok
test namespace::user::tests::privileged_can_write_arbitrary_map ... ok
test namespace::user::tests::setgroups_write_validates_value ... ok
test namespace::user::tests::translate_inside_outside_and_overflow ... ok
test namespace::user::tests::uid_map_is_write_once ... ok
test namespace::user::tests::unprivileged_single_id_rule ... ok
test network::dns::tests::host_lookup_filters_to_ipv4 ... ok
test network::dns::tests::builds_a_record_response ... ok
test network::dns::tests::unknown_a_query_returns_nxdomain ... ok
test network::interposer::tests::http_mock_route_matching ... ok
test network::inzone::tests::backlog_bounds_the_queue_and_dequeue_is_fifo ... ok
test network::interposer::tests::interposer_ip_and_hostname_routing ... ok
test network::inzone::tests::dequeue_changes_pending_without_advancing_arrival_generation ... ok
test network::inzone::tests::dual_stack_guest_owned_endpoint_refuses_an_ipv4_connect ... ok
test network::inzone::tests::dual_stack_wildcard_blocks_ipv4_but_v6only_does_not ... ok
test network::inzone::tests::ephemeral_ports_are_unique_per_scope_and_visible_to_bind ... ok
test network::inzone::tests::explicit_pending_claim_blocks_ephemeral_allocation_and_rolls_back ... ok
test network::inzone::tests::explicit_port_reservation_is_visible_to_bind_and_releases_cleanly ... ok
test network::inzone::tests::listener_reservation_rolls_back_on_drop_and_commits_exactly_once ... ok
test network::inzone::tests::mapped_v6_bind_conflicts_with_its_ipv4_peer ... ok
test network::inzone::tests::opaque_leases_do_not_release_a_newer_claim ... ok
test network::inzone::tests::mapped_v6_listener_resolves_its_ipv4_peer ... ok
test network::inzone::tests::port_zero_admission_applies_reuse_intent_before_host_bind ... ok
test network::inzone::tests::port_zero_bind_admission_keeps_the_actual_wildcard_bind_address ... ok
test network::inzone::tests::readiness_snapshot_advances_with_direct_enqueue ... ok
test network::inzone::tests::provider_resolve_connect_prefers_in_zone_then_falls_through ... ok
test network::inzone::tests::readiness_snapshot_advances_with_reserved_enqueue ... ok
test network::inzone::tests::reuse_requires_opt_in_from_every_conflicting_binding ... ok
test network::inzone::tests::reuseaddr_allows_only_another_reuseaddr_or_combined_reuseport_binding ... ok
test network::inzone::tests::reuseaddr_bind_cannot_overlap_an_active_listener ... ok
test network::inzone::tests::reuseport_group_gets_the_shortest_queue ... ok
test network::inzone::tests::v4_and_v6_claims_with_the_same_port_are_independent ... ok
test network::inzone::tests::v4mapped_target_resolves_to_exact_and_wildcard_v4_listeners ... ok
test network::inzone::tests::v6only_wildcard_does_not_resolve_ipv4_connect ... ok
test network::inzone::tests::wildcard_listener_matches_loopback_destination_in_its_scope ... ok
test network::model::tests::bridge_model_exposes_each_attachment_as_stable_eth_index ... ok
test network::model::tests::bridge_model_has_loopback_primary_link_default_and_connected_routes ... ok
test network::model::tests::non_bridge_modes_do_not_synthesize_bridge_links ... ok
test network::model::tests::hosts_model_uses_primary_address_gateway_and_extra_host_overrides ... ok
test network::model::tests::resolver_model_uses_bridge_gateway_and_preserves_overrides ... ok
test kernel::wait_set::tests::wake_wakes_waiter ... ok
test network::socket_namespace::tests::a_closed_socket_leaves_no_address_for_the_fd_that_reuses_it ... ok
test network::socket_namespace::tests::a_condemned_record_is_only_unlinked_while_it_still_holds_the_condemned_bytes ... ok
test network::socket_namespace::tests::a_republished_record_replaces_its_predecessor_atomically ... ok
test network::socket_namespace::tests::a_record_claiming_a_different_key_is_refused ... ok
test network::socket_namespace::tests::bridge_gateway_connects_to_host_loopback ... ok
test network::socket_namespace::tests::bridge_connect_to_registered_peer_rewrites_to_loopback ... ok
test network::socket_namespace::tests::a_dead_instances_private_realm_is_reclaimed_whole ... ok
test network::socket_namespace::tests::bridge_loopback_endpoint_is_not_visible_to_different_namespace ... ok
test network::socket_namespace::tests::bridge_loopback_endpoint_is_visible_inside_same_namespace ... ok
test network::socket_namespace::tests::destroy_namespace_releases_published_udp_port ... ok
test network::socket_namespace::tests::destroy_namespace_releases_published_tcp_port ... ok
test network::socket_namespace::tests::distinct_host_fds_do_not_share_a_recorded_address ... ok
test network::socket_namespace::tests::destroy_namespace_removes_fork_coherent_endpoint_files ... ok
test network::socket_namespace::tests::dns_service_alias_returns_multiple_same_bridge_records ... ok
test network::socket_namespace::tests::does_not_resolve_different_bridge_virtual_endpoint ... ok
test kernel::wait_set::tests::deadline_arithmetic ... ok
test namespace::pid::tests::public_register_waits_for_in_progress_adoption_instead_of_duplicating ... ok
test network::socket_namespace::tests::endpoint_reclaim_bounds_a_large_dead_owner_directory ... ok
test network::socket_namespace::tests::endpoint_reclaim_removes_dead_owner_records_and_keeps_live_ones ... ok
test network::socket_namespace::tests::endpoint_reclaim_stops_at_its_budget ... ok
test network::socket_namespace::tests::materialize_bind_maps_container_ip_to_loopback ... ok
test network::socket_namespace::tests::loopback_endpoints_are_private_to_their_instance ... ok
test network::socket_namespace::tests::materialize_bind_rejects_foreign_container_ip ... ok
test network::socket_namespace::tests::multi_network_dns_name_lookup_is_scoped_to_shared_bridges ... ok
test network::socket_namespace::tests::multi_network_bind_and_connect_use_the_matching_attachment_bridge ... ok
test network::socket_namespace::tests::multi_network_guest_hosts_entries_include_all_attached_bridges ... ok
test network::socket_namespace::tests::multi_network_service_names_are_visible_on_each_attached_bridge ... ok
test network::socket_namespace::tests::multi_network_wildcard_listen_reserves_each_attachment_bridge_port ... ok
test network::socket_namespace::tests::multi_network_wildcard_recording_is_scoped_to_owning_namespace ... ok
test network::socket_namespace::tests::publish_tcp_conflict_reports_stable_error ... ok
test network::socket_namespace::tests::named_bridge_endpoints_stay_shared_across_instances ... ok
test kernel::scheduler::tests::stale_or_mismatched_row_records_discard_receipt ... ok
test namespace::pid::tests::unregister_reaped_waits_for_member_publication_transition ... ok
test network::socket_namespace::tests::publish_udp_conflict_reports_stable_error ... ok
test network::socket_namespace::tests::destroy_namespace_keeps_other_leases_alive ... ok
test network::socket_namespace::tests::publish_udp_forwards_after_container_endpoint_registers ... ok
test network::socket_namespace::tests::publish_tcp_forwards_after_container_endpoint_registers ... ok
test network::socket_namespace::tests::publish_tcp_forwards_from_fork_coherent_endpoint_file ... ok
test kernel::operations::signal::tests::exact_task_event_publication_serializes_exit_and_wakes_after_publish ... ok
test network::socket_namespace::tests::records_guest_visible_local_address_for_rewritten_bind ... ok
test network::socket_namespace::tests::publish_tcp_forwards_client_bytes_that_arrive_after_the_target_speaks_first ... ok
test network::socket_namespace::tests::resolves_same_bridge_virtual_endpoint ... ok
test network::socket_namespace::tests::service_names_are_visible_from_separate_provider_instance ... ok
test network::socket_namespace::tests::stale_endpoint_file_reclaims_reverse_record ... ok
test network::socket_namespace::tests::tcp_proxy_propagates_half_close_in_both_directions ... ok
test network::socket_namespace::tests::translate_host_source_reads_fork_coherent_endpoint_files ... ok
test network::socket_namespace::tests::translates_peer_source_from_different_bridge_namespace ... ok
test network::socket_namespace::tests::translates_peer_source_registered_on_attachment_bridge ... ok
test network::tests::bridge_namespace_is_instance_scoped_before_the_provider_sees_it ... ok
test network::tests::bridge_provider_creates_nonzero_lease ... ok
test network::tests::bridge_provider_reports_v1_socket_capability_boundaries ... ok
test network::tests::host_mode_freezes_one_linux_shaped_host_wire_snapshot ... ok
test network::tests::host_provider_refuses_only_registry_owned_nonlistener_endpoint ... ok
test network::socket_namespace::tests::unnamed_bridge_endpoints_are_private_per_instance ... ok
test network::tests::host_provider_reports_host_capabilities ... ok
test network::tests::network_mode_none_denies_ipv4_connects ... ok
test observe::auditor::tests::test_auditor_chain_abort_propagation ... ok
test observe::auditor::tests::test_auditor_chain_all_ten_events_dispatch ... ok
test observe::auditor::tests::test_container_auditors_registry ... ok
test observe::auditor::tests::test_displays ... ok
test observe::budget::tests::budget_generation_stamps_are_monotonic ... ok
test observe::budget::tests::budget_disabled_path_costs_nothing ... ok
test observe::budget::tests::budget_partial_write_clamping_at_boundary ... ok
test observe::budget::tests::budget_syscall_quota_enforcement ... ok
test observe::fault::tests::kill_action ... ok
test observe::budget::tests::budget_two_process_fork_inheritance_and_shared_budget ... ok
test observe::fault::tests::network_partition_injects_econnrefused ... ok
test observe::fault::tests::probability_condition_is_deterministic ... ok
test observe::fault::tests::oom_after_injects_enomem_after_count ... ok
test observe::fault::tests::short_write_action ... ok
test observe::fault::tests::task_scoped_counts_are_independent ... ok
test observe::tests::intercepted_syscall_preserves_request_identity_and_original_arguments ... ok
test observe::tests::interceptor_chain_applies_cumulative_rewrites_without_mutating_original_request ... ok
test observe::tests::interceptor_chain_empty_preserves_request_without_proposed_outcome ... ok
test network::socket_namespace::tests::service_records_republish_into_a_reclaimed_shard ... ok
test observe::tests::interceptor_chain_errno_stops_later_interceptors ... ok
test observe::tests::interceptor_chain_return_stops_later_interceptors ... ok
test observe::tests::interceptor_chain_lowers_callback_panic_to_calling_container_id ... ok
test observe::tests::interceptor_contract_is_thread_safe ... ok
test observe::fault::tests::slow_disk_injects_delay ... ok
test network::socket_namespace::tests::published_relay_refuses_a_record_from_another_namespace ... ok
test observe::tests::syscall_args_are_immutable_six_words ... ok
test observe::tests::process_info_exposes_container_identity ... ok
test observe::tests::test_all_sandbox_preset_syscalls_exist_in_abi_table ... ok
test observe::tests::test_audit_observer_bounded_ring ... ok
test observe::tests::test_compat_reporter_as_observer_on_return ... ok
test observe::tests::test_container_policy_as_first_observer ... ok
test observe::tests::test_deny_all_policy_derives_fast_path_visibility ... ok
test observe::tests::test_exit_status_conversion ... ok
test observe::tests::test_deny_getpid_rule_derives_fast_path_visibility ... ok
test observe::tests::test_fast_path_visibility_control ... ok
test observe::tests::test_policy_observer_typed_rules ... ok
test observe::tests::test_sandbox_observer_preset_composition ... ok
test observe::tests::test_fork_inheritance_and_lifecycle_events ... ok
test observe::tests::test_sandbox_observer_propagates_derived_fast_path_visibility ... ok
test observe::tests::test_user_observer_deny_and_pipeline_order ... ok
test network::socket_namespace::tests::published_relay_serves_a_record_that_claims_no_namespace ... ok
test page_profile::tests::hvpatch_request_rejects_non_hvf_hosts_and_cross_isa_guests ... ok
test page_profile::tests::hvpatch_request_uses_linux_geometry_on_macos_aarch64 ... ok
test observe::tests::test_zero_overhead_when_no_observers ... ok
test pty_relay::tests::allocate_opens_master_and_tty_slave ... ok
test observe::tests::test_user_observer_kill ... ok
test network::socket_namespace::tests::fork_tracked_socket_drop_serializes_overlapping_removals ... ok
test pty_relay::tests::isig_control_echoes_caret_notation_when_echoctl_is_enabled ... ok
test pty_relay::tests::incremental_signal_order_matches_host_input_queue_flush ... ok
test pty_relay::tests::noflsh_preserves_pre_signal_input_otherwise_signal_flushes_it ... ok
test pty_relay::tests::retired_sigwinch_pipe_cannot_be_reused_by_an_inflight_handler ... ok
test pty_relay::tests::relay_copies_both_directions_and_stops_on_eof ... ok
test pty_relay::tests::propagate_winsize_copies_rows_cols_to_master ... ok
test pty_relay::tests::signal_control_bytes_are_consumed_before_host_pty_transport ... ok
test pty_relay::tests::stop_with_no_pending_master_output_returns ... ok
test pty_relay::tests::signal_echo_queues_without_blocking_on_a_saturated_pty ... ok
test pty_relay::tests::vlnext_delivers_literal_signal_byte_through_host_line_discipline ... ok
test pty_relay::tests::vlnext_quote_state_survives_relay_read_boundaries ... ok
test run_result::tests::a_signalled_exec_failure_is_distinguishable_from_exit_127 ... ok
test run_result::tests::the_signal_form_ignores_the_companion_exit_code ... ok
test pty_relay::tests::vlnext_quotes_a_signal_control_byte ... ok
test run_state::tests::clearing_hvpatch_process_releases_run_state_only_record ... ok
test run_state::tests::clearing_namespace_process_preserves_member_record ... ok
test run_state::tests::encode_decode_roundtrips ... ok
test network::socket_namespace::tests::published_relay_serves_an_exec_shaped_record_from_its_own_namespace ... ok
test run_state::tests::late_parent_seed_never_regresses_a_published_state ... ok
test run_state::tests::hvpatch_task_leader_publishes_under_linux_task_id ... ok
test run_state::tests::pack_unpack_pairs_pid_with_state ... ok
test network::socket_namespace::tests::fork_tracked_socket_drop_serializes_stale_fd_number_reuse ... ok
test run_state::tests::publish_adopts_the_existing_process_record ... ok
test run_state::tests::publish_guest_tid_skips_the_thread_group_leader ... ok
test run_state::tests::publish_then_read_back_for_several_pids ... ok
test run_state::tests::republish_updates_in_place ... ok
test run_state::tests::published_prefers_a_live_state_over_a_booting_seed_duplicate ... ok
test run_state::tests::seed_adopts_an_empty_metadata_record_without_duplicating ... ok
test run_state::tests::stat_char_maps_running_and_booting_to_r_blocked_to_s ... ok
test run_state::tests::seed_publishes_booting_when_nothing_is_published ... ok
test run_state::tests::worker_tid_entry_does_not_collide_with_process_pid_entry ... ok
test run_state::tests::worker_tid_visible_only_until_it_exits ... ok
test seccomp::tests::arch_and_arg_loads_and_jset_work ... ok
test seccomp::tests::deny_filter_blocks_target_and_allows_others ... ok
test seccomp::tests::install_enforces_the_complete_filter_path_and_overhead ... ok
test seccomp::tests::installing_a_filter_closes_the_live_identity_gate ... ok
test seccomp::tests::is_active_does_not_take_the_programs_lock ... ok
test seccomp::tests::is_active_tracks_installed_filters_and_never_reverts ... ok
test seccomp::tests::kill_process_filter_is_not_silently_ignored ... ok
test seccomp::tests::malformed_or_runaway_filter_fails_closed ... ok
test seccomp::tests::seccomp_data_arch_follows_guest_abi ... ok
test seccomp::tests::state_stacks_filters_and_takes_most_restrictive ... ok
test seccomp::tests::strict_mode_kills_everything_except_linux_strict_set ... ok
test seccomp::tests::x86_guest_survives_its_own_arch_gated_profile ... ok
test syslog::capacity_edge_controller::syslog_oversized_newline_record_respects_capacity_controller ... ok
test syslog::controller_regressions::syslog_console_off_on_restores_default_controller ... ok
test syslog::controller_regressions::syslog_independent_clear_and_consuming_cursors ... ok
test syslog::controller_regressions::syslog_oversized_record_respects_capacity_controller ... ok
test syslog::controller_regressions::syslog_read_all_fits_newest_complete_records ... ok
test syslog::formatted_capacity_matrix_controller::formatted_capacity_matrix_controller ... ok
test syslog::tests::syslog_append_and_read_consuming ... ok
test syslog::tests::syslog_buffer_wrapping_and_cursor_advancement ... ok
test syslog::tests::syslog_console_level_controls ... ok
test syslog::tests::syslog_empty_ring_behavior ... ok
test syslog::tests::syslog_multithreaded_append_read_race ... ok
test syslog::tests::syslog_partial_consuming_read ... ok
test syslog::tests::syslog_read_all_does_not_advance_consuming_cursor ... ok
test syslog::tests::syslog_read_clear_and_clear ... ok
test vdso_policy::tests::interceptor_requires_syscall_vdso ... ok
test vdso_policy::tests::vdso_clock_policy_selects_syscall_stubs_for_controlled_monotonic_or_frozen ... ok
test vdso_policy::tests::vdso_debug_control_is_opt_out ... ok
test vfs::dev::tests::dev_ptmx_open_allocates_pty ... ok
test vfs::dev::tests::lookup_and_open_tty0 ... ok
test vfs::dev::tests::lookup_known_devs ... ok
test vfs::dev::tests::lookup_ptmx ... ok
test run_state::tests::clear_guest_process_timeout_returns_busy_error ... ok
test vfs::dev::tests::lookup_unknown_dev_is_enoent ... ok
test vfs::dev::tests::open_nonblock_sets_status_flag ... ok
test vfs::dev::tests::open_synthetic_devices_returns_synthetic_handle ... ok
test vfs::dev::tests::open_unknown_is_enoent ... ok
test vfs::dev::tests::readdir_on_non_dev_is_enotdir ... ok
test vfs::dev::tests::readdir_lists_all_passthroughs ... ok
test vfs::dev::tests::tty0_independent_opens_share_termios_and_winsize ... ok
test vfs::devpts::tests::alloc_lookup_free_roundtrip ... ok
test vfs::devpts::tests::fork_child_close_cannot_free_parent_owned_pty ... ok
test vfs::devpts::tests::free_if_owner_only_frees_for_owning_pid ... ok
test vfs::devpts::tests::devpts_lookup_and_readdir_track_live_ptys ... ok
test vfs::devpts::tests::freed_parent_pty_index_is_not_resurrected_by_child_open ... ok
test vfs::proc::cpus_allowed_renders_the_threads_own_mask_not_the_online_set ... ok
test vfs::proc::proc_stat_line_renders_exact_logical_user_and_system_ticks ... ok
test vfs::devpts::tests::open_master_returns_fd_and_slave_name ... ok
test vfs::proc::synthetic_self_thread_and_peer_stat_use_published_logical_cpu ... ok
test vfs::proc::synthetic_zombie_stat_uses_exact_published_rusage ... ok
test vfs::proc::targeted_peer_status_does_not_materialize_full_process_census ... ok
test vfs::proc::tests::cpuinfo_block_matches_guest_arch ... ok
test vfs::proc::tests::container_task_census_isolated ... ok
test vfs::proc::tests::devices_has_char_and_block_sections ... ok
test vfs::proc::tests::exe_cwd_root_lstat_as_symlinks ... ok
test vfs::proc::tests::flat_self_files_present ... ok
test vfs::proc::tests::foreign_live_memory_is_refused_not_fabricated ... ok
test vfs::proc::tests::foreign_pid_oom_score_adj_is_per_process ... ok
test vfs::proc::tests::hvpatch_numeric_self_directory_uses_authoritative_identity ... ok
test vfs::proc::tests::graph_backed_proc_rejects_carrier_pid_absent_from_graph ... ok
test vfs::proc::tests::hvpatch_proc_uses_authoritative_linux_thread_snapshot ... ok
test vfs::proc::tests::live_peer_identity_comes_from_the_kernel_graph ... ok
test vfs::proc::tests::logical_zombie_is_rendered_without_a_host_process ... ok
test vfs::proc::tests::lookup_known_file_returns_file ... ok
test vfs::proc::tests::lookup_root_returns_directory ... ok
test vfs::proc::tests::lookup_unknown_proc_is_enoent ... ok
test vfs::proc::tests::net_dev_uses_linux_iface_names_not_darwin ... ok
test vfs::proc::tests::net_dir_readlinks_to_self_net ... ok
test vfs::proc::tests::kernel_graph_proc_child_task_directory_and_liveness ... ok
test vfs::proc::tests::ns_dir_and_links ... ok
test vfs::proc::tests::open_cpuinfo_returns_bytes ... ok
test vfs::proc::tests::open_proc_self_fd_does_not_evaluate_heavy_providers ... ok
test vfs::proc::tests::open_self_cmdline_uses_executable_path ... ok
test vfs::proc::tests::open_write_is_eacces ... ok
test vfs::proc::tests::peer_net_directory_uses_the_container_graph_for_lookup_open_and_readdir ... ok
test vfs::proc::tests::peer_pid_directory_exists_in_the_kernel_graph ... ok
test vfs::proc::tests::peer_task_directory_lists_graph_tids ... ok
test vfs::proc::tests::net_files_present_with_headers ... ok
test vfs::proc::tests::proc_maps_uses_vfs_owned_context ... ok
test vfs::proc::tests::proc_net_exposes_each_bridge_attachment ... ok
test vfs::proc::tests::proc_net_for_none_mode_does_not_leak_host_uplink ... ok
test vfs::proc::tests::proc_config_reports_loop_device_support_and_guest_isa ... ok
test vfs::proc::tests::proc_net_resolves_as_directory_with_self_alias ... ok
test vfs::proc::tests::proc_net_route_uses_bridge_gateway ... ok
test vfs::proc::tests::proc_one_renders_init_not_the_reader ... ok
test vfs::proc::tests::proc_stat_btime_follows_the_guest_clock ... ok
test vfs::proc::tests::proc_sys_hostname_uses_open_context_hostname ... ok
test vfs::proc::tests::proc_top_level_enumerates_graph_processes ... ok
test vfs::proc::tests::proc_pid_dir_enumerates_and_lists_files ... ok
test vfs::proc::tests::proc_uptime_is_nonzero_on_first_read_and_tracks_boottime ... ok
test vfs::proc::tests::proc_top_level_readdir_breadth ... ok
test vfs::proc::tests::recognizes_proc_self_mem_paths ... ok
test vfs::proc::tests::self_auxv_serves_captured_image_else_at_null ... ok
test vfs::proc::tests::self_environ_is_nul_separated_and_byte_exact ... ok
test vfs::proc::tests::self_fd_dir_lists_open_fds_as_symlinks ... ok
test vfs::proc::tests::self_fdinfo_dir_lists_open_fds_as_files ... ok
test vfs::proc::tests::self_io_has_seven_labeled_lines ... ok
test vfs::proc::tests::self_is_traversable_dir_that_readlinks_to_pid ... ok
test vfs::proc::tests::self_stat_state_uses_tracked_leader_state ... ok
test vfs::proc::tests::self_stat_has_exactly_52_fields ... ok
test vfs::proc::tests::self_stat_uses_explicit_kernel_identity_when_present ... ok
test vfs::proc::tests::self_status_reflects_live_credentials_and_groups ... ok
test vfs::proc::tests::self_status_has_new_labels_and_sane_vmsize ... ok
test vfs::proc::tests::sigq_denominator_matches_limits_max_pending_signals ... ok
test vfs::proc::tests::smaps_pairs_maps_lines_with_fields ... ok
test vfs::proc::tests::stat_btime_is_nonzero_recent ... ok
test vfs::proc::tests::synthetic_file_cpuinfo_keys_off_context_arch ... ok
test vfs::proc::tests::sysctl_boot_id_is_stable_and_nonzero ... ok
test vfs::proc::tests::sysctl_file_table_reports_host_backed_budget ... ok
test vfs::proc::tests::sysctl_io_uring_disabled_is_readonly_like_docker ... ok
test vfs::proc::tests::sysctl_leaf_values_match_oracle ... ok
test vfs::proc::tests::sysctl_readdir_lists_children ... ok
test vfs::proc::tests::sysctl_dirs_resolve_as_directories ... ok
test vfs::proc::tests::thread_self_readlinks_to_task_tid ... ok
test vfs::proc::tests::sysctl_uuid_is_fresh_v4_each_read ... ok
test vfs::proc::tests::tunable_write_parses_target_pid_and_range ... ok
test vfs::proc::tests::unknown_peer_pid_is_not_fabricated ... ok
test vfs::proc::tests::uptime_is_seconds_since_boot_not_epoch ... ok
test vfs::proc::tests::writable_tunables_open_for_write_others_eacces ... ok
test vfs::sys::tests::default_sys_class_net_shows_a_linux_namespace_not_the_host ... ok
test vfs::sys::tests::hugepages_directory_matches_ltp_probe_path ... ok
test vfs::sys::tests::lookup_cpu_online_returns_file ... ok
test vfs::sys::tests::lookup_root_returns_directory ... ok
test vfs::sys::tests::lookup_unknown_sys_is_enoent ... ok
test vfs::sys::tests::open_cgroup_controllers_returns_bytes ... ok
test vfs::sys::tests::open_write_is_eacces ... ok
test vfs::proc::tests::top_level_readdir_has_self_threadself_net_sys ... ok
test vfs::sys::tests::sys_class_net_renders_the_namespace_it_is_mounted_in ... ok
test vfs::sys::tests::sys_registry_renders_kernel_random_files ... ok
test wedge_capture::tests::a_label_cannot_escape_the_capture_root ... ok
test wedge_capture::tests::capture_directory_is_private_owned_and_named_for_the_probe ... ok
test wedge_capture::tests::a_complete_capture_names_both_artifacts_and_a_manifest ... ok
test run_state::tests::namespace_adoption_claim_defeats_concurrent_process_retirement ... ok
test wedge_capture::tests::one_capture_per_carrier_lifetime ... ok
test wedge_capture::tests::capture_timeout_still_reaps_and_names_the_directory ... ok
test wedge_capture::tests::empty_backtrace_is_an_error_not_a_capture ... ok
test observe::tests::interceptor_chain_terminal_action_stops_all_later_callbacks ... ok
test pty_relay::tests::relay_does_not_spin_on_dev_null_stdin ... ok
test observe::tests::interceptor_rewrites_preserve_request_identity ... ok
test run_state::tests::claim_record_returns_exhausted_error_when_arena_full ... ok
test kernel::operations::tests::bounded_operation_sequences_preserve_registry_invariants ... ok
test run_state::tests::table_covers_ltp_futex_cmp_requeue_fanout ... ok
test dispatch::mm_authority::mm_transaction_tests::mm_transaction_guard_construction_is_only_begin_transaction ... ok

test result: ok. 2130 passed; 0 failed; 1 ignored; 0 measured; 104 filtered out; finished in 0.97s

    Finished `test` profile [unoptimized + debuginfo] target(s) in 0.15s
     Running unittests src/lib.rs (target/debug/deps/carrick_kernel-962f3aa478f0e998)

running 104 tests
test dispatch::container_policy_dispatch_tests::serial_host::policy_is_inherited_by_forked_children ... ok
test dispatch::fifo_beacon::tests::serial_host::parked_reader_and_writer_cleanup_drains_presence_and_removes_beacon ... ok
test dispatch::fifo_beacon::tests::serial_host::rdwr_registration_asserts_both_presence_pipes ... ok
test dispatch::fifo_beacon::tests::serial_host::readers_present_becomes_readable_and_unreadable_on_close ... ok
test dispatch::fifo_beacon::tests::serial_host::register_close_requires_a_live_host_fd_owner ... ok
test dispatch::fifo_beacon::tests::serial_host::writer_reopen_rearms_a_live_reader_beacon ... ok
test dispatch::fifo_beacon::tests::serial_host::writers_present_becomes_readable_and_unreadable_on_close ... ok
test dispatch::fs::tests::serial_host::absolute_lower_fast_open_refuses_nofollow_symlink_semantics ... ok
test dispatch::fs::tests::serial_host::absolute_readonly_open_can_install_an_upper_absent_lower_file_directly ... ok
test dispatch::fs::tests::serial_host::deep_tree_lookups_and_negative_opens_via_dentry_cache ... ok
test dispatch::fs::tests::serial_host::directory_listing_is_taken_at_read_time_not_open_time ... ok
test dispatch::fs::tests::serial_host::fstat_caches_host_xattrs_and_invalidates_on_mutators ... ok
test dispatch::fs::tests::serial_host::immutable_lower_directory_path_stat_matches_its_fd_stat ... ok
test dispatch::fs::tests::serial_host::immutable_lower_path_stat_reports_real_mtime_and_nlink ... ok
test dispatch::fs::tests::serial_host::immutable_lower_reports_one_inode_through_stat_fstat_and_getdents ... ok
test dispatch::fs::tests::serial_host::test_guest_openat_1000_files_in_one_dir_host_openat_budget ... ok
test dispatch::fs::tests::serial_host::test_mkdirat_under_resolved_parent_zero_openat_budget ... ok
test dispatch::fs::tests::serial_host::trusted_immutable_lower_falls_back_after_an_upper_shadow ... ok
test dispatch::fs::tests::serial_host::trusted_immutable_lower_serves_walk_recursively_while_upper_is_unchanged ... ok
test dispatch::fs::tests::serial_host::trusted_immutable_lower_stat_preserves_layered_guest_identity ... ok
test dispatch::fs::tests::serial_host::trusted_upper_only_directory_seeds_the_lane_and_streams ... ok
test dispatch::fs::tests::serial_host::tty0_legacy_termio_set_variants_round_trip ... ok
test dispatch::fs::tests::serial_host::tty0_tcflsh_accepts_linux_selectors_and_rejects_invalid ... ok
test dispatch::fs::tests::serial_host::tty0_two_opens_share_termios_and_winsize ... ok
test dispatch::inzone_tcp::serial_host::inzone_tcp_disconnect_rebind_accepted_stream ... ok
test dispatch::inzone_tcp::serial_host::inzone_tcp_disconnect_rebind_and_reconnect ... ok
test dispatch::inzone_tcp::serial_host::inzone_tcp_disconnect_rebind_lifecycle ... ok
test dispatch::ioring::tests::serial_host::host_fork_observes_shared_queue_bytes ... ok
test dispatch::mem::backing::tests::serial_host::clean_private_repoint_failure_does_not_commit_shared_file_writeback ... ok
test dispatch::mem::backing::tests::serial_host::dropping_unconsumed_host_alias_outcome_closes_fd_and_aborts_transaction ... ok
test dispatch::mem::backing::tests::serial_host::mmap_private_hostfile_hatch_zero_keeps_snapshot_path ... ok
test dispatch::mem::backing::tests::serial_host::mmap_private_hostfile_refusal_with_unstattable_fd_keeps_legacy_success ... ok
test dispatch::mem::backing::tests::serial_host::partial_shared_file_munmaps_write_exact_fragments_and_close_once ... ok
test dispatch::mem::tests::serial_host::darwin_private_file_mapping_detaches_from_truncate ... ok
test dispatch::mem::tests::serial_host::indeterminate_private_repoint_failure_fails_stopped ... carrick fatal [dispatch::mmap_overlay]: private repoint failure entered indeterminate state during overlay
ok
test dispatch::mem::tests::serial_host::post_repoint_protection_failure_aborts_instead_of_publishing_split_ownership ... carrick fatal [dispatch::mmap_overlay]: protect_range failed on repointed memory range during private overlay: host mapping operation failed: injected private protection failure
ok
test dispatch::mem::tests::serial_host::private_overlay_middle_replacement_carves_exact_storage ... ok
test dispatch::mem::tests::serial_host::private_overlay_prefix_replacement_carves_exact_storage ... ok
test dispatch::mem::tests::serial_host::private_overlay_suffix_replacement_carves_exact_storage ... ok
test dispatch::mem::tests::serial_host::shared_anon_persistent_rollback_failure_aborts_concurrent_exec_backend ... carrick fatal [dispatch::mmap_rollback]: shared-anon rollback unmap failed under concurrent-exec protection
ok
test dispatch::net::netlink_readiness_tests::serial_host::named_fifo_terminal_readiness_reports_implicit_hup ... ok
test dispatch::net::reuseport::tests::serial_host::a_lone_member_is_not_shared ... ok
test dispatch::net::reuseport::tests::serial_host::an_ungrouped_socket_is_untouched ... ok
test dispatch::net::reuseport::tests::serial_host::leaving_keeps_the_cursor_in_range ... ok
test dispatch::net::reuseport::tests::serial_host::leaving_prunes_the_member_and_empty_groups ... ok
test dispatch::net::reuseport::tests::serial_host::siblings_exclude_self_and_start_at_the_cursor ... ok
test dispatch::net::reuseport::tests::serial_host::socket_type_separates_groups ... ok
test dispatch::net::reuseport::tests::serial_host::stealing_is_gated_on_the_turn_but_own_draining_is_not ... ok
test dispatch::net::reuseport::tests::serial_host::two_members_alternate_deterministically ... ok
test dispatch::overlay_dispatch_tests::serial_host::epoll_et_repolls_host_level_when_mux_misses_wake ... ok
test dispatch::overlay_dispatch_tests::serial_host::non_cloexec_classic_record_lock_survives_exec_transfer ... ok
test dispatch::signal::tests::serial_host::cross_process_sigqueue_checks_guest_credentials_before_ring_capacity ... ok
test dispatch::signal::tests::serial_host::cross_process_sigqueue_signal_zero_checks_guest_credentials ... ok
test dispatch::signal::tests::serial_host::queued_signal_copies_siginfo_before_validating_selector ... ok
test dispatch::signal::tests::serial_host::queued_signal_nonpositive_target_errno_depends_on_syscall_shape ... ok
test dispatch::signal::tests::serial_host::retired_cross_process_sigqueue_transport_returns_esrch_without_host_fallback ... ok
test dispatch::signal::tests::serial_host::sigqueueinfo_payload_uses_resolved_guest_main_thread_key ... ok
test dispatch::sysv::ipc_set_tests::serial_host::existing_shmget_rejects_a_larger_requested_size ... ok
test dispatch::sysv::ipc_set_tests::serial_host::message_queue_hot_path_does_not_rewrite_identity_file ... ok
test dispatch::sysv::ipc_set_tests::serial_host::msg_queue_wait_outcome_owns_send_state_without_executor_tls ... ok
test dispatch::sysv::ipc_set_tests::serial_host::proc_sysvipc_rendering_races_attachment_cleanup_and_paired_mutation_without_deadlock ... 
running 1 test
test dispatch::sysv::ipc_set_tests::serial_host::proc_sysvipc_rendering_races_attachment_cleanup_and_paired_mutation_without_deadlock ... ok

test result: ok. 1 passed; 0 failed; 0 ignored; 0 measured; 2234 filtered out; finished in 0.26s

ok
test dispatch::sysv::ipc_set_tests::serial_host::remapped_shmat_same_shmid_does_not_deadlock_and_preserves_accounting ... 
running 1 test
test dispatch::sysv::ipc_set_tests::serial_host::remapped_shmat_same_shmid_does_not_deadlock_and_preserves_accounting ... ok

test result: ok. 1 passed; 0 failed; 0 ignored; 0 measured; 2234 filtered out; finished in 0.00s

ok
test dispatch::sysv::ipc_set_tests::serial_host::semctl_setall_witness_revalidates_identity_and_fails_eidrm_when_removed ... ok
test dispatch::sysv::ipc_set_tests::serial_host::semctl_setall_witness_revalidates_permissions_and_fails_eacces_when_mode_revoked ... ok
test dispatch::sysv::ipc_set_tests::serial_host::semctl_setall_witness_succeeds_and_updates_values_when_valid ... ok
test dispatch::sysv::ipc_set_tests::serial_host::shmdt_ambiguous_backend_unmap_failure_aborts_with_sigabrt ... carrick fatal [dispatch::sysv_shmdt]: ambiguous unmap failure leaving split shared memory backend ownership
ok
test dispatch::sysv::ipc_set_tests::serial_host::watchdog_kills_and_reaps_on_deadlock_timeout ... 
running 1 test
test dispatch::sysv::ipc_set_tests::serial_host::watchdog_kills_and_reaps_on_deadlock_timeout ... ok
test el1_delegation::tests::serial_host::a_demoted_description_never_reenters_the_zone ... ok
test el1_delegation::tests::serial_host::a_pending_description_recalls_on_host_access ... ok
test el1_delegation::tests::serial_host::a_second_open_joins_the_zone_with_its_own_offset ... ok
test el1_delegation::tests::serial_host::a_user_copy_failure_falls_back_instead_of_serving ... ok
test el1_delegation::tests::serial_host::accessor_on_a_delegated_description_recalls_it_first ... ok
test el1_delegation::tests::serial_host::an_fd_number_the_table_reassigns_is_forgotten_by_el1 ... ok
test el1_delegation::tests::serial_host::closing_one_member_keeps_the_inode_in_the_zone ... ok
test el1_delegation::tests::serial_host::contended_host_lock_yields_until_the_holder_releases ... ok
test el1_delegation::tests::serial_host::forwarded_operations_are_served_on_the_host_without_recall ... ok
test el1_delegation::tests::serial_host::in_memory_files_are_never_delegated ... ok
test el1_delegation::tests::serial_host::inspecting_a_delegated_description_leaves_it_in_the_zone ... ok
test el1_delegation::tests::serial_host::mapping_recalls_and_blocks_delegation ... ok
test el1_delegation::tests::serial_host::recall_during_delegation_rolls_the_delegation_back ... ok
test el1_delegation::tests::serial_host::recall_path_by_identity_recalls_only_that_inode ... ok
test el1_delegation::tests::serial_host::recall_writes_back_bytes_size_and_offset ... ok
test el1_delegation::tests::serial_host::sync_by_inode_writes_back_only_what_the_zone_owns ... ok
test el1_delegation::tests::serial_host::sync_writes_back_in_zone_bytes_without_recalling ... ok
test exec_stamps::tests::serial_host::related_and_reap_records_bind_the_exact_child ... ok
test exec_stamps::tests::serial_host::run_completion_carries_the_transitive_child_cpu_denominator ... ok
test exec_stamps::tests::serial_host::spawned_guest_process_exit_exports_both_terminal_stamps_before_raw_exit ... ok
test exec_stamps::tests::serial_host::stamp_appends_one_line_per_phase_when_gated ... ok
test file_authority::tests::serial_host::rejected_direct_adoptions_close_transferred_capabilities ... ok
test kernel::container::tests::serial_host::from_process_env_falls_back_to_the_carrier_pid_scope ... ok
test kernel::container::tests::serial_host::from_process_env_reads_a_managed_detached_carrier ... ok
test kernel::container::tests::serial_host::from_process_env_refuses_an_unsafe_registry_id ... ok
test kernel::container::tests::serial_host::from_process_env_treats_an_empty_run_id_as_absent ... ok
test kernel::continuation::tests::serial_host::event_future_cancelled_observation_drains_inflight_operation_safely ... 
running 1 test
test kernel::continuation::tests::serial_host::event_future_cancelled_observation_drains_inflight_operation_safely ... ok

test result: ok. 1 passed; 0 failed; 0 ignored; 0 measured; 2234 filtered out; finished in 5.01s

ok
test kernel::continuation::tests::serial_host::fd_wait_pins_exact_open_description_until_cleanup_and_rejects_reuse ... ok
test kernel::continuation::tests::serial_host::lock_ordering_opposing_locks_rendezvous_completes_without_deadlock ... 
running 1 test
test kernel::continuation::tests::serial_host::lock_ordering_opposing_locks_rendezvous_completes_without_deadlock ... ok

test result: ok. 1 passed; 0 failed; 0 ignored; 0 measured; 2234 filtered out; finished in 0.00s

ok
test kernel::control::tests::serial_host::exec_status_and_wait_return_and_consume_exact_terminal_result ... ok
test kernel::debug::tests::serial_host::a_request_without_an_action_reads_rather_than_aborts ... ok
test kernel::debug::tests::serial_host::an_abort_request_is_acknowledged_and_latched_exactly_once ... ok
test kernel::scheduler::tests::serial_host::an_absent_but_non_terminal_target_is_a_lost_transition_not_a_reap ... ok
test network::socket_namespace::tests::serial_host::forked_child_resolves_private_realm_endpoints_across_the_fork ... ok
test network::socket_namespace::tests::serial_host::forked_child_resolves_service_and_endpoint_records_across_the_fork ... ok
test network::socket_namespace::tests::serial_host::published_relays_of_two_instances_do_not_cross_wire ... ok
test run_state::tests::serial_host::parent_seed_races_child_blocked_publish_across_fork ... ok

test result: ok. 104 passed; 0 failed; 0 ignored; 0 measured; 2131 filtered out; finished in 6.33s

   Compiling carrick-vmm-hvf v0.1.0 (/Users/tjfontaine/.codex/worktrees/el1-completion/carrick/crates/carrick-vmm-hvf)
   Compiling carrick-runtime v0.1.0 (/Users/tjfontaine/.codex/worktrees/el1-completion/carrick/crates/carrick-runtime)
    Finished `test` profile [unoptimized + debuginfo] target(s) in 18.61s
     Running unittests src/lib.rs (target/debug/deps/carrick_runtime-0726f530c4c06db7)

running 627 tests
test binfmt::tests::aarch64_elf_does_not_match ... ok
test binfmt::tests::non_elf_and_truncated_do_not_match ... ok
test binfmt::tests::x86_64_exec_and_dyn_elf_match_rosetta ... ok
test carrier::tests::a_second_different_scheduling_policy_is_refused_not_ignored ... ok
test carrier::tests::abandoned_and_failed_explicit_generations_release_owner_gate ... ok
test carrier::tests::artifact_publication_failure_is_stable_and_never_retried ... ok
test carrier::tests::carrier_keeps_mount_census_live_until_mount_destruction_finishes ... ok
test carrier::tests::carrier_runtime_owns_prepared_running_retired_and_close_transitions ... ok
test carrier::tests::concurrent_kernel_boot_publishes_one_graph_and_directory ... ok
test carrier::tests::concurrent_public_shutdown_publishes_one_artifact_and_returns_equal_results ... ok
test carrier::tests::concurrent_shutdown_claims_the_destructor_exactly_once ... ok
test carrier::tests::destructor_failure_releases_claim_without_publishing_close_and_retry_succeeds ... ok
test carrier::tests::dropped_first_root_activation_rolls_back_and_allows_retry ... ok
test carrier::tests::dropping_running_lease_marks_carrier_failed_without_decrementing_census ... ok
test carrier::tests::duplicate_later_root_is_rejected_before_initializer_side_effects ... ok
test carrier::tests::duplicate_reserve_preserves_prepared_owner_record ... ok
test carrier::tests::duplicate_reserve_preserves_running_owner_record_and_census ... ok
test carrier::tests::explicit_and_implicit_owners_never_join_ambiently ... ok
test carrier::tests::explicit_carrier_owns_one_cleanup_scope_and_distinct_container_run_ids ... ok
test carrier::tests::failed_container_retirement_retains_the_exact_running_lease_for_retry ... ok
test carrier::tests::failed_first_kernel_boot_rolls_slot_back_to_vacant ... ok
test carrier::tests::first_root_services_publish_only_inside_final_activation ... ok
test carrier::tests::fork_child_reset_invalidates_inherited_carrier_and_window_together ... ok
test carrier::tests::independent_carrier_gate_requires_closed_generation_and_final_lease_drop ... ok
test carrier::tests::later_root_post_publication_initialization_failure_retires_only_that_root ... ok
test carrier::tests::later_root_publication_failure_drops_prepared_effects_and_allows_retry ... ok
test carrier::tests::later_root_waits_until_first_root_activation_commits ... ok
test carrier::tests::lifecycle_windows_are_generation_scoped_rebased_and_capacity_safe ... ok
test carrier::tests::panicking_first_kernel_boot_releases_claim_and_root_publication ... ok
test carrier::tests::prepared_close_race_never_releases_custody_before_exact_rollback ... ok
test dtrace_consumer::post_child_linger_tests::hatch_contract_zero_disables_absent_is_sixty_seconds_number_overrides ... ok
test dtrace_consumer::tests::bsd_dtrace_drop_ordinals_and_categories_are_pinned ... ok
test dtrace_consumer::tests::default_trace_options_print_remaining_aggregates ... ok
test dtrace_consumer::tests::join_ids_formats_comma_separated_decimal_ids ... ok
test dtrace_consumer::tests::native_amplification_capture_bound_is_a_substitutable_declared_parameter ... ok
test dtrace_consumer::tests::native_amplification_declares_buffer_headroom_over_the_fs_census ... ok
test dtrace_consumer::tests::native_amplification_emits_its_drop_section_unconditionally ... ok
test dtrace_consumer::tests::native_amplification_separates_inherited_window_closes_from_drops ... ok
test dtrace_consumer::tests::native_amplification_substitutes_one_header_and_one_terminal_roster ... ok
test dtrace_consumer::tests::native_shape_template_is_snapshot_only_and_tracks_one_population ... ok
test dtrace_consumer::tests::native_shape_template_tracks_lifecycle_and_exact_sections ... ok
test dtrace_consumer::tests::native_wall_copies_one_canonical_host_catalog ... ok
test dtrace_consumer::tests::native_wall_reports_dtrace_fault_details ... ok
test dtrace_consumer::tests::native_wall_reserves_space_for_wide_dynamic_values ... ok
test dtrace_consumer::tests::native_wall_watchdog_allows_perturbed_cold_builds_to_finish ... ok
test dtrace_consumer::tests::observed_compile_exec_and_go_failures_precede_child_launch ... ok
test dtrace_consumer::tests::observed_post_continue_failures_retain_exact_loss_and_interruption_report ... ok
test dtrace_consumer::tests::observed_public_surface_preserves_launch_state_on_failure ... ok
test dtrace_consumer::tests::post_stop_callback_returns_owned_value_and_maps_errors ... ok
test dtrace_consumer::tests::record_consumer_reads_exit_status_from_record_payload_without_formatting_it ... ok
test dtrace_consumer::tests::trace_exec_argv_with_credentials_uses_self_demoting_child ... ok
test dtrace_consumer::tests::trace_exec_argv_without_credentials_runs_child_directly ... ok
test dtrace_symbols::tests::apple_public_abi_layouts_are_exact ... ok
test dtrace_symbols::tests::apple_symbol_declarations_link_without_opening_dtrace ... ok
test dtrace_symbols::tests::borrowed_conversion_rejects_bad_strings_ranges_and_lookup_results ... ok
test dtrace_symbols::tests::borrowed_records_are_deep_copied_before_backing_storage_reuse ... ok
test dtrace_symbols::tests::census_aggregate_reconciliation_detects_internal_drift ... ok
test dtrace_symbols::tests::census_failure_classes_come_from_actual_lookup_validation_sources ... ok
test dtrace_symbols::tests::census_status_histogram_and_raw_fallback_are_aggregate_only ... ok
test dtrace_symbols::tests::census_trigger_matches_only_the_observed_mach_kernel_shape ... ok
test dtrace_symbols::tests::live_name_copy_accepts_bounded_private_and_aux_names_but_rejects_raw_fallback ... ok
test dtrace_symbols::tests::lookup_census_rejects_swapped_results_without_address_values ... ok
test dtrace_symbols::tests::lookup_census_reports_owner_duplicate_and_address_set_counts ... ok
test dtrace_symbols::tests::object_callback_captures_conversion_error_and_always_returns_zero ... ok
test dtrace_symbols::tests::object_info_status_does_not_decode_poisoned_output_and_copies_buffers ... ok
test dtrace_symbols::tests::optional_object_file_normalizes_empty_but_rejects_invalid_values ... ok
test dtrace_symbols::tests::other_zero_text_kernel_object_still_refines_and_publishes ... ok
test dtrace_symbols::tests::refinement_mismatch_diagnostic_preserves_the_valid_none_file_policy ... ok
test dtrace_symbols::tests::refinement_mismatch_diagnostics_name_every_changed_field_in_stable_order ... ok
test dtrace_symbols::tests::refinement_mismatch_diagnostics_report_only_the_changed_fields ... ok
test dtrace_symbols::tests::refinement_never_queries_nonzero_objects_and_rejects_ambiguous_names ... ok
test dtrace_symbols::tests::refinement_rejects_mismatched_records_and_unresolved_ranges ... ok
test dtrace_symbols::tests::resolver_orders_identity_update_iteration_and_lookups_once ... ok
test dtrace_symbols::tests::resolver_preserves_nonzero_object_publication_before_lookups ... ok
test dtrace_symbols::tests::sampled_overlay_empty_set_uses_sha256_of_empty_bytes ... ok
test dtrace_symbols::tests::sampled_overlay_exact_partition_is_sorted_hashed_and_identity_free ... ok
test dtrace_symbols::tests::sampled_overlay_preserves_non_census_status_for_frame_role_rejection ... ok
test dtrace_symbols::tests::sampled_overlay_rejects_duplicate_and_overlapping_results ... ok
test dtrace_symbols::tests::sampled_overlay_rejects_duplicate_requested_addresses ... ok
test dtrace_symbols::tests::sampled_overlay_rejects_each_empty_identity_field ... ok
test dtrace_symbols::tests::sampled_overlay_rejects_invalid_symbol_ranges_and_offsets ... ok
test dtrace_symbols::tests::sampled_overlay_rejects_missing_and_extra_results ... ok
test dtrace_symbols::tests::snapshot_consumes_the_live_symbolizer ... ok
test dtrace_symbols::tests::snapshot_rejects_invalid_identity_objects_symbols_and_conflicts ... ok
test dtrace_symbols::tests::snapshot_sorting_dedup_and_exact_reconciliation_are_deterministic ... ok
test dtrace_symbols::tests::unresolved_text_census_skips_object_info_after_one_update_and_iteration ... ok
test dtrace_symbols::tests::unresolved_text_runs_a_sorted_lookup_census_but_never_publishes ... ok
test dtrace_symbols::tests::zero_text_kernel_object_is_refined_once_before_symbol_lookup ... ok
test el1_census::tests::aggregate_fails_closed_on_empty_or_unknown_input ... ok
test el1_census::tests::aggregate_sums_by_number_and_ranks_by_host_cpu ... ok
test el1_census::tests::summarize_names_the_top_class_and_the_syscall_share ... ok
test execute::exit_code_tests::cached_lower_existing_overlay_stays_conservative ... ok
test execute::exit_code_tests::cached_lower_hatch_preserves_materialized_root_setup ... ok
test execute::exit_code_tests::cached_lower_setup_leaves_the_per_run_upper_sparse ... ok
test execute::exit_code_tests::not_executable_maps_to_126_class_only ... ok
test execute::exit_code_tests::not_found_maps_to_127_class_only ... ok
test execute::exit_code_tests::seed_guest_baseline_adds_bridge_host_gateway_names ... ok
test execute::exit_code_tests::seed_guest_baseline_does_not_shadow_rootfs_symlinks ... ok
test execute::exit_code_tests::seed_guest_baseline_expands_extra_host_gateway_token ... ok
test execute::exit_code_tests::seed_guest_baseline_extra_hosts_override_generated_gateway_name ... ok
test execute::exit_code_tests::seed_guest_baseline_writes_extra_hosts_entries ... ok
test execute::exit_code_tests::seed_guest_baseline_writes_requested_hostname_surfaces ... ok
test host_process::tests::prepare_is_idempotent ... ok
test hvpatch::asid::tests::allocates_distinct_nonzero_asids_until_exhausted ... ok
test hvpatch::asid::tests::cancelled_preinstall_load_does_not_require_an_invalidation ... ok
test hvpatch::asid::tests::fresh_asids_are_consumed_before_a_retired_identifier_is_recycled ... ok
test hvpatch::asid::tests::generation_overflow_does_not_consume_a_reusable_numeric_asid ... ok
test hvpatch::asid::tests::hardware_dirty_partial_load_survives_concurrent_retirement_until_invalidated ... ok
test hvpatch::asid::tests::recycled_numeric_asid_receives_a_distinct_strong_generation ... ok
test hvpatch::asid::tests::rejects_retiring_an_asid_that_is_not_live ... ok
test hvpatch::asid::tests::retired_asid_is_quarantined_until_tlb_flush_is_acknowledged ... ok
test hvpatch::asid::tests::retirement_closes_new_loads_and_waits_for_an_in_flight_load ... ok
test hvpatch::asid::tests::retirement_needs_one_broadcast_invalidation_of_its_exact_generation ... ok
test hvpatch::asid::tests::unpublished_asid_returns_without_entering_retirement_quarantine ... ok
test hvpatch::info_page::tests::info_page_layout_is_stable_and_fits_one_linux_page ... ok
test hvpatch::info_page::tests::serializes_fields_little_endian_and_zero_fills_the_page ... ok
test hvpatch::island::tests::credential_and_ppid_sites_trap_instead_of_reading_a_shared_page ... ok
test hvpatch::island::tests::generates_smart_island_for_getpid ... ok
test hvpatch::island::tests::generates_smart_island_for_gettid ... ok
test hvpatch::island::tests::phase_one_island_has_one_svc_and_non_linking_return_per_patch_site ... ok
test hvpatch::mm_resources::tests::aborted_final_exec_reservation_never_touched_predecessor_loads ... ok
test hvpatch::mm_resources::tests::active_exec_marker_rejects_every_same_mm_mutator_before_topology_changes ... ok
test hvpatch::mm_resources::tests::active_exec_reservation_leaves_unrelated_mm_operations_independent ... ok
test hvpatch::mm_resources::tests::delayed_old_generation_cleanup_cannot_touch_reused_pid ... ok
test hvpatch::mm_resources::tests::dropping_dirty_final_reservation_restores_predecessor_and_quarantines_replacement ... ok
test hvpatch::mm_resources::tests::dropping_dirty_retained_reservation_quarantines_replacement_and_clears_marker ... ok
test hvpatch::mm_resources::tests::duplicate_exact_generation_does_not_consume_prepared_root_slot ... ok
test hvpatch::mm_resources::tests::eventual_exec_reservation_waits_then_recomputes_final_owner_disposition ... ok
test hvpatch::mm_resources::tests::exec_abort_uses_the_same_exact_marker_validation_as_commit ... ok
test hvpatch::mm_resources::tests::exec_allocates_fresh_asid_and_root_without_mutating_the_old_observer ... ok
test hvpatch::mm_resources::tests::exec_commit_consumes_pinned_disposition_and_publishes_one_coherent_replacement ... ok
test hvpatch::mm_resources::tests::exec_commit_rejects_task_generation_id_and_predecessor_mismatches_fail_closed ... ok
test hvpatch::mm_resources::tests::exec_reservation_pins_shared_and_final_predecessor_dispositions ... ok
test hvpatch::mm_resources::tests::exec_reservation_waits_for_an_in_flight_shared_publication ... ok
test hvpatch::mm_resources::tests::explicit_dirty_final_abort_orders_replacement_predecessor_marker_settlement ... ok
test hvpatch::mm_resources::tests::explicit_exec_abort_restores_retained_and_final_topology_for_exact_retry ... ok
test hvpatch::mm_resources::tests::explicit_exec_abort_returns_dirty_replacement_quarantine_for_both_dispositions ... ok
test hvpatch::mm_resources::tests::failure_after_exec_marker_insertion_clears_marker_and_permits_exact_retry ... ok
test hvpatch::mm_resources::tests::failure_after_replacement_allocation_settles_replacement_before_marker_clear ... ok
test hvpatch::mm_resources::tests::final_exec_reservation_keeps_predecessor_loadable_until_commit ... ok
test hvpatch::mm_resources::tests::published_backend_retires_only_after_tlb_acknowledgement ... ok
test hvpatch::mm_resources::tests::reserve_vs_shared_publish_barriers_cover_both_linearization_orders ... ok
test hvpatch::mm_resources::tests::reserve_vs_shared_retire_barriers_cover_both_linearization_orders ... ok
test hvpatch::mm_resources::tests::shared_mm_child_does_not_retire_parent_lease ... ok
test hvpatch::mm_resources::tests::shared_mm_child_exec_replaces_only_its_edge ... ok
test hvpatch::mm_resources::tests::shared_publication_is_refused_at_admission_while_an_exec_reservation_is_active ... ok
test hvpatch::mm_resources::tests::sibling_exit_retirement_is_admitted_through_the_owner_set_edit_hold ... ok
test hvpatch::mm_resources::tests::unpublished_child_preparation_rolls_back_root_slot_and_asid ... ok
test hvpatch::patcher::tests::classifies_clobbered_x8_between_movz_and_svc_as_unknown ... ok
test hvpatch::patcher::tests::classifies_dynamic_x8_as_unknown ... ok
test hvpatch::patcher::tests::classifies_svc_at_offset_zero_as_unknown ... ok
test hvpatch::patcher::tests::encodes_forward_and_backward_b_at_range_edges ... ok
test hvpatch::patcher::tests::patched_syscall_branch_does_not_write_the_guest_link_register ... ok
test hvpatch::patcher::tests::patches_only_svc_zero_and_records_a_manifest ... ok
test hvpatch::patcher::tests::preserves_svc_shaped_data_skipped_by_a_forward_branch ... ok
test hvpatch::patcher::tests::rejects_an_island_outside_every_patched_sites_branch_range ... ok
test hvpatch::patcher::tests::rejects_unaligned_addresses_but_preserves_trailing_region_bytes ... ok
test hvpatch::patcher::tests::resolves_syscall_number_one_instruction_prior ... ok
test hvpatch::patcher::tests::resolves_syscall_number_two_instructions_prior_with_non_clobbering_argument ... ok
test hvpatch::patcher::tests::resolves_syscall_number_with_32bit_w8 ... ok
test hvpatch::stage1_mm::tests::a_publication_during_a_service_stays_owed ... ok
test hvpatch::stage1_mm::tests::child_retirement_returns_extension_slots_leaving_parent_untouched ... ok
test hvpatch::stage1_mm::tests::clean_inflight_abort_retirement_completes_after_the_load_cancels ... ok
test hvpatch::stage1_mm::tests::clean_inflight_load_cancellation_stays_cancelled_across_retirement_rollback ... ok
test hvpatch::stage1_mm::tests::clean_replacement_abort_releases_exact_unpublished_asid_and_root ... ok
test hvpatch::stage1_mm::tests::committed_mm_reuses_neither_asid_nor_root_until_all_residency_acks ... ok
test hvpatch::stage1_mm::tests::concurrent_carrier_roots_allocate_distinct_asids_and_root_slots ... ok
test hvpatch::stage1_mm::tests::dirty_inflight_load_cancellation_survives_retirement_rollback_as_resident ... ok
test hvpatch::stage1_mm::tests::dirty_replacement_abort_quarantines_until_exact_invalidation_completes ... ok
test hvpatch::stage1_mm::tests::dirty_resident_replacement_abort_has_the_same_quarantine_requirement ... ok
test hvpatch::stage1_mm::tests::dropped_preparation_returns_root_slot_and_asid_without_retirement_proof ... ok
test hvpatch::stage1_mm::tests::dropped_retirement_preparation_reopens_the_exact_live_predecessor ... ok
test hvpatch::stage1_mm::tests::dropping_dirty_replacement_without_settlement_quarantines_permanently ... ok
test hvpatch::stage1_mm::tests::explicit_abort_classifies_hardware_exposure_atomically ... ok
test hvpatch::stage1_mm::tests::extension_slots_return_to_free_root_slots_on_retirement ... ok
test hvpatch::stage1_mm::tests::fails_closed_when_vma_authority_is_unbound ... ok
test hvpatch::stage1_mm::tests::failure_after_allocator_preparation_restores_exact_generation_and_retry ... ok
test hvpatch::stage1_mm::tests::failure_after_lease_gate_transition_restores_an_exact_retry ... ok
test hvpatch::stage1_mm::tests::failure_after_residency_preparation_restores_every_earlier_layer ... ok
test hvpatch::stage1_mm::tests::hvpatch_task_binding_carries_the_exact_shared_mm_residency_authority ... ok
test hvpatch::stage1_mm::tests::implicit_drop_classifies_hardware_exposure_atomically ... ok
test hvpatch::stage1_mm::tests::no_work_current_mm_reentry_never_enters_cow_invalidation_slow_path ... ok
test hvpatch::stage1_mm::tests::old_observer_keeps_its_binding_after_exec_and_retirement ... ok
test hvpatch::stage1_mm::tests::one_service_on_any_vcpu_covers_a_publication_for_every_vcpu ... ok
test hvpatch::stage1_mm::tests::page_table_root_slots_scale_to_the_complete_arena ... ok
test hvpatch::stage1_mm::tests::pre_entry_service_records_coverage_only_after_hardware_success ... ok
test hvpatch::stage1_mm::tests::quarantined_root_slot_is_skipped_then_reused_exactly_after_completion ... ok
test hvpatch::stage1_mm::tests::reusable_root_slot_stays_quarantined_without_backend_retirement_receipt ... ok
test hvpatch::stage1_mm::tests::rollback_keeps_load_and_root_publication_blocked_until_every_layer_restores ... ok
test hvpatch::tests::active_exec_reservation_rejects_later_shared_child_bind ... ok
test hvpatch::tests::assigns_a_near_island_to_each_distant_executable_region ... ok
test hvpatch::tests::child_wait_reports_still_running_during_an_overlapping_exit_reservation ... ok
test hvpatch::tests::clone_vm_dispatchers_share_before_exec_and_isolate_after ... ok
test hvpatch::tests::clone_vm_dispatchers_share_vma_mutations_bidirectionally_before_exec ... ok
test hvpatch::tests::copied_mm_dispatchers_keep_vma_mutations_private ... ok
test hvpatch::tests::copied_mm_fork_keeps_the_prepared_stage1_backend ... ok
test hvpatch::tests::destructive_exec_defers_vfork_parent_release_until_scheduler_publication ... ok
test hvpatch::tests::dispatcher_binding_attaches_root_and_fork_child_vma_sources ... ok
test hvpatch::tests::dispatcher_binding_preserves_launch_fs_context ... ok
test hvpatch::tests::dropped_exec_preparation_keeps_old_vma_observer_live ... ok
test hvpatch::tests::dropping_armed_exec_terminates_siblings_without_publishing_replacement_mm ... ok
test hvpatch::tests::every_hvpatch_image_publishes_host_identity_before_preparation ... ok
test hvpatch::tests::exec_keeps_old_and_replacement_mm_observers_permanently_distinct ... ok
test hvpatch::tests::exec_mm_authority_commit_promotes_only_calling_dispatcher ... ok
test hvpatch::tests::exec_mm_authority_is_private_until_commit_and_drop_abandons_it ... ok
test hvpatch::tests::exec_mm_authority_promotion_does_not_wait_for_shared_parent_alias_transaction ... ok
test hvpatch::tests::exec_mm_authority_promotion_waits_for_active_predecessor_dispatch ... ok
test hvpatch::tests::exec_publication_rejects_process_backend_drift_before_freeze ... ok
test hvpatch::tests::exec_replacement_is_repatched_for_the_hvpatch_backend ... ok
test hvpatch::tests::failed_final_owner_freeze_rolls_back_every_mm_authority ... ok
test hvpatch::tests::foreign_mm_live_snapshot_tracks_real_backend_vma_and_inventory_authorities ... ok
test hvpatch::tests::fork_child_binding_does_not_recapture_through_a_retired_parent_leader ... ok
test hvpatch::tests::hvpatch_root_bootstrap_identity_is_linux_init ... ok
test hvpatch::tests::leaves_tpidr_el0_reads_unmodified ... ok
test hvpatch::tests::nonleader_exec_preparation_reselects_survivor_after_leader_retirement ... ok
test hvpatch::tests::nonleader_exec_promotes_the_authoritative_hvpatch_survivor ... ok
test hvpatch::tests::prepares_loaded_text_with_near_island_and_fixed_info_page ... ok
test hvpatch::tests::process_adapter_publishes_and_retires_through_kernel_authority ... ok
test hvpatch::tests::process_adapter_reports_task_scoped_stop_and_continue_wait_status ... ok
test hvpatch::tests::process_context_retains_container_identity_after_task_retirement ... ok
test hvpatch::tests::process_group_leader_setsid_failure_is_eperm ... ok
test hvpatch::tests::process_mm_retirement_requires_external_invalidation_before_release ... ok
test hvpatch::tests::process_parent_pid_follows_authoritative_orphan_reparenting ... ok
test hvpatch::tests::process_timer_delivery_targets_only_the_exact_hvpatch_task ... ok
test hvpatch::tests::root_kernel_mm_keeps_the_exact_stage1_backend ... ok
test hvpatch::tests::shared_child_private_exec_accepts_later_dispatcher_vma_binding ... ok
test hvpatch::tests::shared_mm_exec_never_freezes_retained_parent_backend ... ok
test hvpatch::tests::shared_mm_fork_keeps_kernel_mm_and_vfork_release_authoritative ... ok
test hvpatch::tests::unacknowledged_exec_vma_change_cannot_detach_the_old_observer ... ok
test hvpatch::tests::waitid_siginfo_uses_the_visible_pid_retained_by_the_wait_receipt ... ok
test interactive_supervisor::tests::concurrent_interactive_session_admission_is_rejected_and_reusable ... ok
test prepare::tests::execute_releases_pid_placement_after_the_run ... ok
test prepare::tests::hvpatch_uses_container_entrypoint_resolution ... ok
test prepare::tests::hvpatch_uses_container_entrypoint_resolution_for_every_container_in_one_carrier ... ok
test prepare::tests::named_initial_identity_reads_the_already_prepared_rootfs ... ok
test prepare::tests::named_initial_identity_reads_the_materialized_host_root ... ok
test prepare::tests::prepare_failure_releases_pid_placement ... ok
test prepare::tests::prepare_on_holds_and_rolls_back_the_exact_carrier_lease ... ok
test prepare::tests::prepared_run_is_single_use_and_extensions_seal_at_prepare ... ok
test prepare::tests::run_outcome_preserves_typed_interceptor_panics ... ok
test prepare::tests::runtime_extensions_preserve_interceptor_registration_order ... ok
test prepare::tests::stdio_mode_and_extension_must_agree ... ok
test rosetta_detection_tests::binfmt_without_interpreter_line_is_none ... ok
test rosetta_detection_tests::parses_rosetta_binfmt_interpreter_path ... ok
test runtime::exec::tests::cache_classifier_accepts_only_little_endian_aarch64_elf ... ok
test runtime::exec::tests::prepared_exec_cache_is_shared_by_in_process_fork ... ok
test runtime::exec::tests::production_hvpatch_exec_builder_emits_only_asid_scoped_leaves ... ok
test runtime::rosetta_tests::aarch64_binary_is_not_redirected ... ok
test runtime::rosetta_tests::dynamic_x86_64_target_is_flagged_so_rosetta_gets_at_base ... ok
test runtime::rosetta_tests::non_elf_is_not_redirected ... ok
test runtime::rosetta_tests::rosetta_argv_passes_program_argv0_through_not_the_interpreter ... ok
test runtime::rosetta_tests::rosetta_license_blob_is_sourced_from_binary_if_present ... ok
test runtime::rosetta_tests::static_x86_64_target_is_not_flagged_dynamic ... ok
test runtime::rosetta_tests::x86_64_binary_redirects_to_rosetta_preserving_program_argv0 ... ok
test runtime::tests::entrypoint_path_search_resolves_bare_command_like_execvp ... ok
test runtime::tests::entrypoint_program_passes_through_plain_elf ... ok
test runtime::tests::entrypoint_program_resolves_shebang_to_interpreter ... ok
test runtime::tests::hardware_tso_debug_control_only_suppresses_requested_tso ... ok
test runtime::tests::interception_blocking_write_partial_completion_publishes_actual_value_once ... ok
test runtime::tests::interception_nonreturning_rt_sigreturn_and_exit_retire_without_publication ... ok
test runtime::tests::interception_nonreturning_signal_death_retires_without_publication ... ok
test runtime::tests::interception_nonreturning_successful_exec_retires_without_publication ... ok
test runtime::tests::interception_redispatch_reuses_one_prepared_envelope_once_and_twice ... ok
test runtime::tests::namespace_supervisor_launch_surface_is_deleted ... ok
test runtime::tests::runtime_host_process_creation_inventory_is_exact_and_shrinking ... ok
test runtime::tests::setup_failure_has_one_vm_teardown_and_runtime_error_artifact ... ok
test threaded_loop::tests::dropped_initial_inventory_guard_removes_the_uncommitted_publication ... ok
test threaded_loop::tests::hvpatch_main_registry_id_is_linux_init ... ok
test threaded_loop::tests::initial_inventory_abandons_reservation_when_backend_staging_fails ... ok
test threaded_loop::tests::initial_inventory_is_hvpatch_only_and_publishes_once_to_exact_mm ... ok
test vcpu_loop::binding::bootstrap_thread_child_probe_ordinal_is_append_only ... ok
test vcpu_loop::binding::tests::alias_install_publishes_inventory_before_releasing_the_topology_lock ... ok
test vcpu_loop::binding::tests::alias_inventory_applies_to_the_syscall_context_mm ... ok
test vcpu_loop::binding::tests::control_exec_complete_restores_exact_blocked_frame_and_vfork_identity ... ok
test vcpu_loop::binding::tests::control_exec_completion_clear_then_rechecks_coalesced_queue ... ok
test vcpu_loop::binding::tests::control_exec_retry_carries_exact_blocked_frame_and_vfork_identity ... ok
test vcpu_loop::binding::tests::deferred_thread_clone_parks_on_the_admission_epoch ... ok
test vcpu_loop::binding::tests::exec_replacement_treats_removed_sibling_as_done_after_flag_clears ... ok
test vcpu_loop::binding::tests::failed_crash_admission_suppresses_registry_publication ... ok
test vcpu_loop::binding::tests::fork_barrier_raise_uses_durable_threads_when_sibling_owns_no_executor ... ok
test vcpu_loop::binding::tests::fork_owner_registration_ignores_raised_barrier_and_preserves_phase ... ok
test vcpu_loop::binding::tests::guest_run_accounting_uses_non_aliasing_engine_receipts ... ok
test vcpu_loop::binding::tests::hvpatch_child_output_writer_drains_payload_larger_than_a_pipe ... ok
test vcpu_loop::binding::tests::hvpatch_migration_endpoint_routes_task_wake_to_exact_scheduler_generation ... ok
test vcpu_loop::binding::tests::initial_execution_authority_precedes_registration_and_guest_run ... ok
test vcpu_loop::binding::tests::installed_scheduler_rejection_never_falls_back_to_broad_task_wake_authority ... ok
test vcpu_loop::binding::tests::missing_terminal_publication_fails_but_an_externally_settled_sibling_stays_thread_done ... ok
test vcpu_loop::binding::tests::occupancy_precedes_registry_publication ... ok
test vcpu_loop::binding::tests::persistent_error_after_exit_starts_waits_for_process_physical_retirement ... ok
test vcpu_loop::binding::tests::persistent_exec_drain_retains_leader_result_until_exact_completion ... ok
test vcpu_loop::binding::tests::persistent_exec_stop_control_wakes_unreleased_vfork_parent_without_guest_readiness ... ok
test vcpu_loop::binding::tests::persistent_exec_terminal_check_precedes_blocked_vfork_resume ... ok
test vcpu_loop::binding::tests::persistent_root_wait_does_not_outrun_sibling_terminal_mount_owner ... ok
test vcpu_loop::binding::tests::persistent_root_waits_for_physical_retirement_after_error_result ... ok
test vcpu_loop::binding::tests::persistent_terminal_owner_withdrawal_clears_child_tid_and_wakes_joiner ... ok
test vcpu_loop::binding::tests::persistent_terminal_transition_phases_are_not_aborted_by_process_exiting ... ok
test vcpu_loop::binding::tests::persistent_worker_drain_never_waits_for_a_removed_logical_job ... ok
test vcpu_loop::binding::tests::post_close_exec_failures_reach_production_poll_as_typed_authority ... ok
test vcpu_loop::binding::tests::pre_exit_executor_failure_reaps_late_clone_before_physical_retirement ... ok
test vcpu_loop::binding::tests::process_exit_admits_its_retirement_against_exec_reservations ... ok
test vcpu_loop::binding::tests::process_quiesce_callback_wakes_on_any_barrier_event ... ok
test vcpu_loop::binding::tests::production_registration_has_no_barrier_precheck_or_phase_replacement ... ok
test vcpu_loop::binding::tests::production_registration_keeps_occupancy_before_registry_publication ... ok
test vcpu_loop::binding::tests::registration_thaw_wakes_external_exec_control_quantum ... ok
test vcpu_loop::binding::tests::registration_thaw_wakes_pending_control_quantum_before_phase_transition ... ok
test vcpu_loop::binding::tests::registration_wait_is_sidecar_not_hvpatch_phase ... ok
test vcpu_loop::binding::tests::removed_persistent_job_is_settled_once_without_repoll_or_binding_cycle ... ok
test vcpu_loop::binding::tests::retired_host_wait_finishes_only_its_thread_without_guest_return ... ok
test vcpu_loop::binding::tests::terminal_physical_retirement_includes_a_sole_current_member ... ok
test vcpu_loop::binding::tests::trap_watchdog_decision_gates_clock_and_window_reads ... ok
test vcpu_loop::binding::tests::trap_watchdog_keeps_running_below_count_prefilter ... ok
test vcpu_loop::binding::tests::trap_watchdog_resets_budget_when_count_exceeded_but_wall_intact ... ok
test vcpu_loop::binding::tests::trap_watchdog_step_seam_proves_call_path_zero_reads_and_signal_reset ... ok
test vcpu_loop::binding::tests::trap_watchdog_trips_on_count_and_wall_stall ... ok
test vcpu_loop::continuation::quantum::tests::exec_predecessor_binding_settlement_never_completes_successor_logical_job ... ok
test vcpu_loop::continuation::quantum::tests::exec_replacement_keeps_physical_retirement_pending ... ok
test vcpu_loop::continuation::quantum::tests::fake_engine_resumes_across_all_seven_hvpatch_loop_suspensions ... ok
test vcpu_loop::continuation::quantum::tests::hvpatch_binding_rejects_aarch64_cpu_ttbr_drift_with_matching_generations ... ok
test vcpu_loop::continuation::quantum::tests::hvpatch_loop_job_is_send_and_contains_only_logical_state ... ok
test vcpu_loop::continuation::quantum::tests::hvpatch_persistent_quantum_and_binding_exclude_executor_authority ... ok
test vcpu_loop::continuation::quantum::tests::persistent_process_drain_is_engine_free_and_ready_only_after_all_siblings ... ok
test vcpu_loop::continuation::quantum::tests::physical_retirement_waits_for_every_final_binding_field ... ok
test vcpu_loop::continuation::quantum::tests::production_hvpatch_process_fork_never_reaches_host_thread_or_vcpu_materialization ... ok
test vcpu_loop::continuation::quantum::tests::production_hvpatch_thread_clone_never_reaches_host_thread_or_vcpu_materialization ... ok
test vcpu_loop::continuation::quantum::tests::task4_quantum_drives_the_real_hvpatch_job_across_all_seven_boundaries ... ok
test vcpu_loop::continuation::tests::host_slot_signal_is_reserved_and_cancelled_into_exact_kernel_ownership ... ok
test vcpu_loop::continuation::tests::hvpatch_launch_callgraph_never_constructs_the_compatibility_loop_future ... ok
test vcpu_loop::continuation::tests::kernel_native_guest_signal_continuation_cancels_and_delivers_without_host_sidecars ... ok
test vcpu_loop::continuation::tests::logical_group_wait_dispatch_builds_an_any_child_continuation ... ok
test vcpu_loop::continuation::tests::realtime_host_slot_import_preserves_fifo_multiplicity_and_exact_cancellation_requeue ... ok
test vcpu_loop::continuation::tests::static_hvpatch_continuation_closure_forbids_host_blocking_authority ... ok
test vcpu_loop::crash::tests::capture_core_engine_read_error_fails_closed ... ok
test vcpu_loop::crash::tests::capture_core_sparse_large_vma_reads_only_materialized_subranges_and_preserves_filesz ... ok
test vcpu_loop::crash::tests::crash_guard_source_spans_quorum_and_read_core_bytes ... ok
test vcpu_loop::crash::tests::crash_lease_drain_callback_before_park_completes_without_poll_interval ... ok
test vcpu_loop::crash::tests::crash_lease_drain_deadline_reenrolls_after_waiting_member_leaves ... ok
test vcpu_loop::crash::tests::crash_lease_drain_freezes_late_registration ... ok
test vcpu_loop::crash::tests::crash_lease_drain_park_caps_to_remaining_budget ... ok
test vcpu_loop::crash::tests::crash_lease_drain_short_budget_reports_busy_owner ... ok
test vcpu_loop::crash::tests::crash_lease_drain_short_budget_reports_exact_waiting_tid ... ok
test vcpu_loop::crash::tests::crash_lease_drain_timeout_releases_collection_and_barriers ... ok
test vcpu_loop::crash::tests::crash_teardown_releases_barrier_before_guard ... ok
test vcpu_loop::exec::exec_image_verification_tests::exec_inventory_applies_only_replacement_when_old_mm_is_retained ... ok
test vcpu_loop::exec::exec_image_verification_tests::exec_inventory_cannot_be_taken_before_engine_replacement_succeeds ... ok
test vcpu_loop::exec::exec_image_verification_tests::exec_inventory_routes_retirement_before_replacement_to_prepared_mms ... ok
test vcpu_loop::exec::exec_image_verification_tests::exec_mm_admission_runs_only_after_in_flight_process_fork_drains ... ok
test vcpu_loop::exec::exec_image_verification_tests::hvpatch_exec_failure_injection_requires_known_point_and_absolute_target ... ok
test vcpu_loop::exec::exec_image_verification_tests::hvpatch_exec_verifier_covers_initialized_data_as_well_as_code ... ok
test vcpu_loop::exec::exec_image_verification_tests::no_return_arming_precedes_destructive_work_and_mm_publication_follows_it ... ok
test vcpu_loop::exec::exec_image_verification_tests::persistent_exec_never_fabricates_a_transitional_executor ... ok
test vcpu_loop::exec::exec_image_verification_tests::pinned_exec_disposition_drives_engine_sharing_and_inventory_presence ... ok
test vcpu_loop::exec::exec_image_verification_tests::predecessor_authority_is_validated_before_destructive_exec_replacement ... ok
test vcpu_loop::exec::exec_image_verification_tests::reclaim_exec_reclaim_replaces_the_exact_kernel_execution_lease ... ok
test vcpu_loop::exec::exec_image_verification_tests::reports_the_first_divergent_exec_byte ... ok
test vcpu_loop::exec::exec_image_verification_tests::shared_vm_exec_preserves_process_aware_host_thread_identity ... ok
test vcpu_loop::exec::tests::el1_served_with_work_maps_negative_result_to_errno_outcome ... ok
test vcpu_loop::exec::tests::executor_failure_after_a_lost_exit_claim_publishes_its_own_result ... ok
test vcpu_loop::exec::tests::guest_syscall_completion_owner_retains_token_inline ... ok
test vcpu_loop::exec::tests::interception_completion_dynamic_blocking_partial_runs_driver_before_one_publication ... ok
test vcpu_loop::exec::tests::interception_completion_dynamic_clone_child_job_preserves_exact_observer_identity_once ... ok
test vcpu_loop::exec::tests::interception_completion_dynamic_fork_and_clone_children_publish_once_at_bootstrap ... ok
test vcpu_loop::exec::tests::interception_completion_dynamic_fork_child_job_preserves_exact_observer_identity_once ... ok
test vcpu_loop::exec::tests::interception_completion_dynamic_guest_exec_failure_completes_errno_once ... ok
test vcpu_loop::exec::tests::interception_completion_dynamic_readiness_once_and_twice_redispatches_handler_only ... ok
test vcpu_loop::exec::tests::interception_completion_dynamic_signal_and_partial_return_publish_after_engine_once ... ok
test vcpu_loop::exec::tests::interception_completion_dynamic_timeout_and_interruption_resume_through_scheduler_once ... ok
test vcpu_loop::exec::tests::invalid_inotify_quantum_wrapper_cost ... ignored, explicit release-mode syscall cost diagnostic
test vcpu_loop::exec::tests::invalid_inotify_resident_poll_cost ... ignored, explicit release-mode syscall cost diagnostic
test vcpu_loop::exec::tests::invalid_inotify_service_completion_cost ... ignored, explicit release-mode syscall cost diagnostic
test vcpu_loop::exec::tests::invalid_inotify_worker_operations_cost ... ignored, explicit release-mode syscall cost diagnostic
test vcpu_loop::exec::tests::pending_exec_completion_ownership_is_drop_safe_for_external_settlement_and_unwind ... ok
test vcpu_loop::exec::tests::pending_exec_completion_ownership_survives_control_context_failure_without_abort ... ok
test vcpu_loop::exec::tests::pending_exec_completion_ownership_survives_mm_readmission_failure_without_masking_error ... ok
test vcpu_loop::exec::tests::pending_exec_owner_executor_failure_converts_exec_close_to_exit ... ok
test vcpu_loop::exec::tests::production_poll_exec_failure_at_image_replacement_exits_and_retires_predecessor ... ok
test vcpu_loop::exec::tests::production_poll_exec_terminal_context_changes_only_at_kernel_successor_commit ... ok
test vcpu_loop::exec::tests::production_poll_preserves_immediate_exec_drain_begin_errors_for_both_origins ... ok
test vcpu_loop::exec::tests::production_poll_preserves_immediate_exec_suffix_errors_for_both_origins ... ok
test vcpu_loop::exec::tests::production_poll_preserves_successor_context_on_actual_duplicate_replacement_publication ... ok
test vcpu_loop::exec::tests::production_poll_terminal_outcome_after_successor_commit_keeps_successor_context ... ok
test vcpu_loop::exec::tests::two_task_mm_thread_sibling_sharing_manager_does_not_error ... ok
test vcpu_loop::exec::tests::typed_completion_ownership_delayed_guest_and_internal_suffix_errors_consume_origins ... ok
test vcpu_loop::exec::tests::typed_completion_ownership_delayed_guest_exec_drain_finish_error_consumes_origin ... ok
test vcpu_loop::exec::tests::typed_completion_ownership_delayed_internal_exec_drain_finish_error_consumes_origin ... ok
test vcpu_loop::exec::tests::typed_completion_ownership_external_exec_bootstrap_is_tokenless_and_nonpublishing ... ok
test vcpu_loop::exec::tests::typed_completion_ownership_guest_exec_missing_token_is_rejected ... ok
test vcpu_loop::exec::tests::typed_completion_ownership_guest_valid_exec_authenticates_before_preparation ... ok
test vcpu_loop::exec::tests::typed_completion_ownership_immediate_guest_exec_drain_begin_error_consumes_origin ... ok
test vcpu_loop::exec::tests::typed_completion_ownership_immediate_guest_exec_suffix_error_consumes_origin ... ok
test vcpu_loop::exec::tests::typed_completion_ownership_immediate_internal_exec_drain_begin_error_consumes_origin ... ok
test vcpu_loop::exec::tests::typed_completion_ownership_immediate_internal_exec_suffix_error_consumes_origin ... ok
test vcpu_loop::exec::tests::typed_completion_ownership_internal_exec_failure_is_tokenless_and_nonpublishing ... ok
test vcpu_loop::executor::pool::tests::debug_host_wait_census_preserves_ownership_and_exact_work_counts ... ok
test vcpu_loop::executor::tests::a_clone_rollback_tolerates_a_child_that_already_settled ... ok
test vcpu_loop::executor::tests::a_dropped_dormant_submission_leaves_no_claimable_row_for_its_generation ... ok
test vcpu_loop::executor::tests::a_legitimate_wake_before_activation_does_not_reject_the_dormant_submission ... ok
test vcpu_loop::executor::tests::a_reaped_yield_publishes_the_process_job_it_would_have_stranded ... ok
test vcpu_loop::executor::tests::a_second_pool_on_one_kernel_cannot_replace_the_debug_owner ... ok
test vcpu_loop::executor::tests::a_wake_before_activation_leaves_the_dormant_row_unclaimable ... ok
test vcpu_loop::executor::tests::alternating_tasks_never_inherit_cpu_mailbox_restart_or_tls_state ... ok
test vcpu_loop::executor::tests::authority_rolls_across_yield_and_preempt_before_normal_descendant_publication ... ok
test vcpu_loop::executor::tests::blocked_task_releases_the_only_worker_immediately ... ok
test vcpu_loop::executor::tests::boundary_inventory_is_typed_exhaustive_and_receipts_are_totally_ordered ... ok
test vcpu_loop::executor::tests::clone_failure_retirement_is_scheduler_then_kernel_and_never_silent ... ok
test vcpu_loop::executor::tests::compute_bound_preemption_reaches_the_exact_live_hardware_kick ... ok
test vcpu_loop::executor::tests::controller_close_failing_audit_worker_retires_across_census_race ... ok
test vcpu_loop::executor::tests::creation_is_transactional_and_every_created_vcpu_dies_on_its_owner_worker ... ok
test vcpu_loop::executor::tests::demand_preemption_and_exact_signal_kick_advance_two_compute_tasks_without_stale_leak ... ok
test vcpu_loop::executor::tests::destroy_error_and_panic_are_terminal_and_reported_after_join ... ok
test vcpu_loop::executor::tests::dormant_activation_coalesces_onto_a_preexisting_exact_queue_row ... ok
test vcpu_loop::executor::tests::dormant_and_active_clone_directory_retirement_is_exact ... ok
test vcpu_loop::executor::tests::dormant_root_submission_rejects_a_process_child_authority_shape ... ok
test vcpu_loop::executor::tests::dormant_submission_activates_all_four_exact_authority_shapes ... ok
test vcpu_loop::executor::tests::dormant_submission_drop_rolls_back_binding_and_queue_authority ... ok
test vcpu_loop::executor::tests::dormant_submission_is_invisible_until_exact_activation ... ok
test vcpu_loop::executor::tests::dormant_submission_rejects_duplicate_exact_key ... ok
test vcpu_loop::executor::tests::dormant_submission_rejects_each_wrong_non_root_authority_shape ... ok
test vcpu_loop::executor::tests::dropped_vfork_activation_releases_unpublished_job_reservation ... ok
test vcpu_loop::executor::tests::exact_activation_publishes_without_holding_the_binding_directory ... ok
test vcpu_loop::executor::tests::exec_replacement_keeps_worker_identity_and_swaps_thread_mm_asid_binding ... ok
test vcpu_loop::executor::tests::executor_claim_probe_keeps_invalid_snapshot_claims_observable ... ok
test vcpu_loop::executor::tests::executor_event_ring_excludes_nonleader_quantum_churn ... ok
test vcpu_loop::executor::tests::host_signal_mask_boundary_error_names_the_changed_signal ... ok
test vcpu_loop::executor::tests::host_wait_lends_the_only_cpu_through_the_executor_submission_interface ... ok
test vcpu_loop::executor::tests::hvpatch_binding_rollover_publishes_exact_successor_before_retiring_predecessor ... ok
test vcpu_loop::executor::tests::hvpatch_quantum_borrows_a_fresh_injected_engine_at_every_boundary ... ok
test vcpu_loop::executor::tests::invalid_migration_authority_and_invalidation_failure_never_load_or_run_backend ... ok
test vcpu_loop::executor::tests::last_worker_failure_fails_queued_exact_generation_and_shutdown_returns ... ok
test vcpu_loop::executor::tests::load_save_run_panic_audit_and_invalid_state_fail_exact_task_and_retire_worker ... ok
test vcpu_loop::executor::tests::malicious_backend_retained_binding_cannot_receive_authority_or_hold_terminal_drain_open ... ok
test vcpu_loop::executor::tests::mismatched_hardware_identity_fails_exact_loaded_claim ... ok
test vcpu_loop::executor::tests::missing_exact_hardware_identity_fails_pool_start_before_any_task_claim ... ok
test vcpu_loop::executor::tests::missing_scoped_lease_return_fails_and_retires_exact_claim ... ok
test vcpu_loop::executor::tests::multi_worker_initial_audit_panic_returns_transactionally_and_destroys_every_created_backend ... ok
test vcpu_loop::executor::tests::opened_start_gate_is_kernel_minted_only_after_start_and_consumed_once ... ok
test vcpu_loop::executor::tests::ordinary_task_load_never_performs_an_asid_invalidation ... ok
test vcpu_loop::executor::tests::persistent_save_restores_worker_controls_after_task_snapshot_before_detach ... ok
test vcpu_loop::executor::tests::pool_drives_owned_blocked_continuation_into_kernel_state ... ok
test vcpu_loop::executor::tests::pool_size_is_bounded_and_zero_host_capacity_fails_before_creation ... ok
test vcpu_loop::executor::tests::pre_exit_executor_failure_publishes_an_error_instead_of_thread_done ... ok
test vcpu_loop::executor::tests::pre_fork_exec_hardware_and_shutdown_guards_are_fail_closed ... ok
test vcpu_loop::executor::tests::preemption_driver_close_before_start_shuts_down_cleanly ... ok
test vcpu_loop::executor::tests::preemption_driver_close_during_expiry_wakes_and_terminates ... ok
test vcpu_loop::executor::tests::preemption_driver_disabled_via_env_var ... ok
test vcpu_loop::executor::tests::preemption_driver_duplicate_attachment_fails_with_typed_error ... ok
test vcpu_loop::executor::tests::preemption_driver_shutdown_with_future_deadline ... ok
test vcpu_loop::executor::tests::preemption_driver_worker_failure_allows_clean_shutdown ... ok
test vcpu_loop::executor::tests::prohibited_real_owner_state_retires_worker_and_cleanup_leaves_no_inherited_state ... ok
test vcpu_loop::executor::tests::queued_task_preempts_resident_syscall_loop_at_boundary ... ok
test vcpu_loop::executor::tests::real_owner_boundary_state_fails_or_resets_and_successor_observes_clean_state ... ok
test vcpu_loop::executor::tests::rebind_in_delivery_validation_to_mutation_window_cannot_flag_or_receipt_successor ... ok
test vcpu_loop::executor::tests::resident_task_crosses_ten_thousand_syscalls_without_snapshot_or_tick ... ok
test vcpu_loop::executor::tests::run_error_and_panic_charge_exact_cpu_receipt_once_before_failure ... ok
test vcpu_loop::executor::tests::same_task_clone_binding_stays_dormant_until_kernel_gate_opens ... ok
test vcpu_loop::executor::tests::save_error_retains_exact_lease_authority_until_failure_settlement ... ok
test vcpu_loop::executor::tests::saved_host_wait_slot_release_rejects_live_and_foreign_execution_claims ... ok
test vcpu_loop::executor::tests::saved_replacement_returns_host_wait_slot_before_terminal_retirement ... ok
test vcpu_loop::executor::tests::sequential_generations_reuse_one_executor_and_migration_follows_save ... ok
test vcpu_loop::executor::tests::shutdown_cancels_dormant_exact_binding_and_completes_once ... ok
test vcpu_loop::executor::tests::shutdown_drains_recursive_child_and_grandchild_before_destroy_and_join ... ok
test vcpu_loop::executor::tests::spares_take_only_what_the_vcpu_budget_leaves_after_the_guest_cpus ... ok
test vcpu_loop::executor::tests::task_migrates_between_workers_only_after_complete_save_and_unbind ... ok
test vcpu_loop::executor::tests::task_only_save_restores_worker_vcpu_before_binding_publication_can_fail ... ok
test vcpu_loop::executor::tests::terminal_retirement_does_not_hold_topology_lock_across_detached_cleanup ... ok
test vcpu_loop::executor::tests::terminal_settlement_retires_the_exact_binding_before_worker_destroy ... ok
test vcpu_loop::executor::tests::test_lazy_vcpu_cross_executor_claim_waits_for_idle_flush_and_overlays_materialized ... ok
test vcpu_loop::executor::tests::test_lazy_vcpu_cross_executor_pool_execution ... ok
test vcpu_loop::executor::tests::test_lazy_vcpu_executor_destroy_materializes_resident_task ... ok
test vcpu_loop::executor::tests::test_lazy_vcpu_flush_request_in_check_wait_window_not_lost ... ok
test vcpu_loop::executor::tests::test_lazy_vcpu_intervening_load_materializes_resident_task ... ok
test vcpu_loop::executor::tests::test_lazy_vcpu_same_executor_reclaim_after_block_with_empty_queue_has_zero_snapshots_and_overlays ... ok
test vcpu_loop::executor::tests::test_lazy_vcpu_same_executor_reclaim_skips_snapshot_and_overlay ... ok
test vcpu_loop::executor::tests::test_lazy_vcpu_source_shape_no_guest_cpu_from_resident_lease ... ok
test vcpu_loop::executor::tests::test_lazy_vcpu_stale_record_on_reentry_after_other_executor_run_discards_and_overlays ... ok
test vcpu_loop::executor::tests::test_lazy_vcpu_targeted_flush_request_wakes_owner_and_avoids_broadcast ... ok
test vcpu_loop::executor::tests::test_lazy_vcpu_typed_accessor_forces_materialization ... ok
test vcpu_loop::executor::tests::test_production_exec_failure_at_identity_publication_settles_in_executor_pool ... ok
test vcpu_loop::executor::tests::test_production_exec_failure_at_image_replacement_settles_in_executor_pool ... ok
test vcpu_loop::executor::tests::vfork_child_activation_failpoint_rolls_back_and_fails_parent_claim ... ok
test vcpu_loop::executor::tests::vfork_child_activation_failure_rolls_back_and_fails_parent_claim ... ok
test vcpu_loop::executor::tests::vfork_continuation_enrollment_failure_releases_job_reservation ... ok
test vcpu_loop::executor::tests::vfork_deferred_child_activation_runs_after_parent_backend_saved ... ok
test vcpu_loop::executor::tests::vfork_release_during_child_activation_preserves_wake_edge_through_parent_settlement ... ok
test vcpu_loop::executor::tests::worker_hardware_identity_is_create_owned_across_idle_load_save_and_shutdown ... ok
test vcpu_loop::fd_ceiling::tests::resource_budget_closes_publisher_before_initial_raise ... ok
test vcpu_loop::fd_ceiling::tests::restrictive_observer_closes_publisher_before_initial_raise ... ok
test vcpu_loop::lifecycle::tests::backend_fork_boundary_rejects_invalid_projection_before_prepare ... ok
test vcpu_loop::lifecycle::tests::backend_fork_boundary_rejects_wrong_inventory_mode_and_mm_identity ... ok
test vcpu_loop::lifecycle::tests::backend_prepare_error_does_not_double_rollback ... ok
test vcpu_loop::lifecycle::tests::backend_staleness_after_successful_prepare_aborts_and_rolls_copied_parent_back_exactly_once ... ok
test vcpu_loop::lifecycle::tests::hvpatch_process_child_identity_bootstrap_handles_shared_and_copied_mm ... ok
test vcpu_loop::lifecycle::tests::initial_cpu_cleanup_attempts_cancel_and_rollback_after_abort_failure ... ok
test vcpu_loop::lifecycle::tests::prepared_unwind_attempts_parent_rollback_after_abort_failure ... ok
test vcpu_loop::lifecycle::tests::production_clone_failpoints_are_exact_and_consumed_once ... ok
test vcpu_loop::lifecycle::tests::production_process_failpoints_run_the_real_kernel_copyout_and_publication_body ... ok
test vcpu_loop::memory::tests::foreign_cow_proof_issuer_does_not_sign_transport_chosen_owner_generation ... ok
test vcpu_loop::memory::tests::foreign_cow_rejects_wrong_mm_guard_range_and_backend_receipt_identity ... ok
test vcpu_loop::memory::tests::foreign_cow_runtime_rejects_transport_owner_after_independent_proof_issuance ... ok
test vcpu_loop::memory::tests::instruction_fetch_composes_kernel_lease_and_production_carrier ... ok
test vcpu_loop::memory::tests::mandatory_child_contextidr_stamp_propagates_injected_failure ... ok
test vcpu_loop::memory::tests::native_admission_allows_carrier_cow_without_hardware_ack ... ok
test vcpu_loop::memory::tests::native_buffers::carrier_buffer_elf_control ... ignored, requires CARRICK_NATIVE_BUFFER_ELF and a bounded research ELF
test vcpu_loop::memory::tests::native_buffers::current_copies_cross_compounds_and_preserve_source ... ok
test vcpu_loop::memory::tests::native_buffers::current_copies_honor_vma_read_write_and_executable_permissions ... ok
test vcpu_loop::memory::tests::native_buffers::current_copies_reject_wrong_lease_and_invalid_ranges ... ok
test vcpu_loop::memory::tests::native_buffers::current_copyout_rechecks_live_leaf_and_protection_tracker ... ok
test vcpu_loop::memory::tests::native_buffers::current_read_window_observes_changed_bytes_and_rejects_other_ranges_and_leases ... ok
test vcpu_loop::memory::tests::native_buffers::current_read_window_rechecks_live_carrier_authorities ... ok
test vcpu_loop::memory::tests::native_buffers::current_read_window_rejects_vma_revocation_and_cow_replacement ... ok
test vcpu_loop::memory::tests::native_buffers::current_read_window_uses_live_leaf_after_guest_publication ... ok
test vcpu_loop::memory::tests::native_buffers::repeated_copyout_crosses_private_guest_pages ... ok
test vcpu_loop::memory::tests::native_buffers::stage1_snapshot_observes_live_leaf_after_guest_publication ... ok
test vcpu_loop::memory::tests::native_buffers::syscall_copyout_updates_carrier_not_private_elf_data ... ok
test vcpu_loop::memory::tests::native_carrier_elf_memory_control_round_trip ... ok
test vcpu_loop::memory::tests::native_data_activation_entry_cost ... ignored, release-only native activation cost diagnostic
test vcpu_loop::memory::tests::native_data_activation_outlives_mutation_but_not_execution ... ok
test vcpu_loop::memory::tests::native_data_activation_rejects_changes_after_preparation ... ok
test vcpu_loop::memory::tests::native_data_activation_requires_exact_authority_and_real_drain ... ok
test vcpu_loop::memory::tests::native_data_borrow_composes_execution_lease_and_production_cow ... ok
test vcpu_loop::memory::tests::native_data_borrow_isolates_same_va_and_accepts_private_identity ... ok
test vcpu_loop::memory::tests::native_data_borrow_rechecks_all_vma_permissions_and_revision ... ok
test vcpu_loop::memory::tests::native_data_borrow_refuses_denied_second_leaf_and_stale_owner ... ok
test vcpu_loop::memory::tests::native_floor::carrier_checkpoint_component_cost ... ignored, release-only carrier syscall floor attribution
test vcpu_loop::memory::tests::native_floor::native_code_density_contract ... ok
test vcpu_loop::memory::tests::native_floor::native_data_demand_contract ... ok
test vcpu_loop::memory::tests::pre_dispatch_pt_pause_covers_madvise_dontneed ... ok
test vcpu_loop::memory::tests::proc_maps_projects_linux_initial_stack_vma_not_full_rlimit_backing ... ok
test vcpu_loop::memory::tests::production_carrier_active_target_services_publication_at_its_next_entry ... ok
test vcpu_loop::memory::tests::production_carrier_budget_one_full_occupancy_defers_caller_self_ack_to_entry ... 
running 1 test
test vcpu_loop::memory::tests::production_carrier_budget_one_full_occupancy_defers_caller_self_ack_to_entry ... ok

test result: ok. 1 passed; 0 failed; 0 ignored; 0 measured; 626 filtered out; finished in 0.01s

ok
test vcpu_loop::memory::tests::production_carrier_clone_vm_target_reuses_exact_cow_authority ... ok
test vcpu_loop::memory::tests::production_carrier_foreign_cow_runs_end_to_end_through_runtime_facade ... ok
test vcpu_loop::memory::tests::production_carrier_target_exec_and_retirement_race_foreign_acquisition ... ok
test vcpu_loop::memory::tests::production_composition_committed_cow_ignores_final_snapshot_contention ... ok
test vcpu_loop::memory::tests::production_composition_foreign_cow_does_not_reacquire_snapshot_under_alias ... ok
test vcpu_loop::memory::tests::production_ptrace_text_carries_executable_authority_when_snapshot_is_writable_but_source_is_rx ... ok
test vcpu_loop::memory::tests::production_rx_ptrace_text_commit_accepts_post_cow_inventory_revision ... ok
test vcpu_loop::memory::tests::remap_file_pages_does_not_pause_stage1 ... ok
test vcpu_loop::memory::tests::shmdt_validates_before_pausing_stage1 ... ok
test vcpu_loop::memory::tests::stage1_editors_are_claimed_regardless_of_peers ... ok
test vcpu_loop::outcome::tests::a_changing_census_restarts_confirmation ... ok
test vcpu_loop::outcome::tests::a_claim_that_never_makes_boundary_progress_is_eventually_dead ... ok
test vcpu_loop::outcome::tests::a_dropped_kernel_stops_the_invariant_rather_than_convicting_it ... ok
test vcpu_loop::outcome::tests::a_graph_that_goes_dead_and_then_publishes_finishes_normally ... ok
test vcpu_loop::outcome::tests::a_graph_with_only_zombies_is_dead ... ok
test vcpu_loop::outcome::tests::a_live_graph_never_trips_the_invariant_however_long_the_job_takes ... ok
test vcpu_loop::outcome::tests::a_published_result_returns_from_the_supervised_wait_without_a_verdict ... ok
test vcpu_loop::outcome::tests::a_real_kernel_with_a_live_root_task_reads_as_alive ... ok
test vcpu_loop::outcome::tests::a_recorded_abort_answers_every_later_wait_in_the_carrier ... ok
test vcpu_loop::outcome::tests::an_outstanding_executor_claim_keeps_the_invariant_from_firing ... ok
test vcpu_loop::outcome::tests::an_unbound_liveness_never_judges ... ok
test vcpu_loop::outcome::tests::an_unpublished_job_on_a_dead_graph_aborts_instead_of_parking ... ok
test vcpu_loop::quiesce::pt_pause_tests::deferred_process_fork_parks_on_the_admission_epoch ... ok
test vcpu_loop::quiesce::pt_pause_tests::exact_mm_pause_drains_distinct_dispatcher_registries_and_fences_new_occupants ... ok
test vcpu_loop::quiesce::pt_pause_tests::foreign_cow_pauses_the_active_target_and_defers_invalidation_to_the_next_entry ... ok
test vcpu_loop::quiesce::pt_pause_tests::foreign_cow_vcpu_budget_one_full_occupancy_never_waits_on_caller_worker_self_ack ... ok
test vcpu_loop::quiesce::pt_pause_tests::fork_lease_wait_wakes_on_terminal_unregister_without_barrier_progress ... ok
test vcpu_loop::quiesce::pt_pause_tests::fork_owner_can_retry_while_its_barrier_remains_raised ... ok
test vcpu_loop::quiesce::pt_pause_tests::fork_release_lowers_barriers_before_thaw_callback ... ok
test vcpu_loop::quiesce::pt_pause_tests::fork_reservation_task_busy_is_retried_on_the_reservation_epoch ... ok
test vcpu_loop::quiesce::pt_pause_tests::inventory_guard_abandons_unpublished_runtime_reservation ... ok
test vcpu_loop::quiesce::pt_pause_tests::losing_hvpatch_fork_does_not_enroll_clone_admission ... ok
test vcpu_loop::quiesce::pt_pause_tests::mm_mutation_alias_waiter_cannot_enter_inner_before_real_pt_pause ... ok
test vcpu_loop::quiesce::pt_pause_tests::nested_frame_cow_borrows_exact_mm_lease_and_extends_real_pause ... ok
test vcpu_loop::quiesce::pt_pause_tests::process_fork_behind_a_sibling_fork_close_is_deferred_with_the_barrier_released ... ok
test vcpu_loop::quiesce::pt_pause_tests::process_fork_close_retry_parks_on_the_admission_epoch ... ok
test vcpu_loop::quiesce::pt_pause_tests::process_fork_install_pauses_peer_executors_instead_of_eagain ... ok
test vcpu_loop::quiesce::pt_pause_tests::process_fork_loser_waits_on_the_fork_token_not_the_quiesce ... ok
test vcpu_loop::quiesce::pt_pause_tests::process_fork_uses_identity_lease_subscription ... ok
test vcpu_loop::quiesce::pt_pause_tests::pt_pause_drain_sees_a_sibling_that_reregistered_after_a_block ... ok
test vcpu_loop::quiesce::pt_pause_tests::pt_pause_drain_waits_for_late_sibling_acknowledgement ... ok
test vcpu_loop::quiesce::pt_pause_tests::pt_pause_drain_wakes_for_a_sibling_registered_mid_drain ... ok
test vcpu_loop::quiesce::pt_pause_tests::pt_pause_election_timeout_gives_up_without_disturbing_the_coordinator ... ok
test vcpu_loop::quiesce::pt_pause_tests::pt_pause_exact_drain_returns_guard_and_allows_backend ... ok
test vcpu_loop::quiesce::pt_pause_tests::pt_pause_probe_abi_and_dtrace_contract ... ok
test vcpu_loop::quiesce::pt_pause_tests::raised_pt_pause_denies_guest_reentry_until_guard_releases ... ok
test vcpu_loop::quiesce::pt_pause_tests::shared_mm_fork_admits_against_exec_reservations_before_kernel_publication ... ok
test vcpu_loop::quiesce::pt_pause_tests::standalone_frame_cow_sole_witness_fences_exact_mm_entry ... ok
test vcpu_loop::quiesce::pt_pause_tests::two_parents_fork_concurrently ... ok
test vcpu_loop::signal::first_touch_access_tests::allowed_first_touch_commits_only_after_successful_protection ... ok
test vcpu_loop::signal::first_touch_access_tests::denied_first_touch_does_not_edit_or_commit_residency ... ok
test vcpu_loop::signal::tests::continuation_restart_decision_controls_real_handler_injection ... ok
test vcpu_loop::signal::tests::default_sigcont_resumes_without_terminating ... ok
test vcpu_loop::signal::tests::initially_blocked_write_then_reader_close_returns_epipe_and_queues_sigpipe ... ok
test vcpu_loop::signal::tests::ptrace_signal_stop_queued_host_sigkill_remains_terminal ... ok
test vcpu_loop::signal::tests::reserved_default_action_wins_over_concurrent_sigaction_change ... ok
test vcpu_loop::signal::tests::reserved_delivery_cannot_borrow_later_signal_action_or_restart_class ... ok
test vcpu_loop::signal::tests::reserved_ppoll_pselect_default_terminate_and_stop_ignore_restored_persistent_block ... ok
test vcpu_loop::signal::tests::synchronous_fault_reinjection_preserves_siginfo_pc_and_forced_rules ... ok
test vcpu_loop::signal::tests::synchronous_fault_stops_for_ptrace_before_default_termination ... ok
test vcpu_loop::terminal::tests::clone_admission_cancels_enrolled_process_fork_before_exec_drain ... ok
test vcpu_loop::terminal::tests::clone_admission_terminal_claim_cost_receipt ... ignored, manual release-mode performance receipt
test vcpu_loop::terminal::tests::clone_admission_terminal_epochs_wrap_for_generic_and_exact_claims ... ok
test vcpu_loop::terminal::tests::clone_enrollment_defers_behind_a_fork_close_and_wakes_on_reopen ... ok
test vcpu_loop::terminal::tests::core_note_uses_exception_pair_only_for_synchronous_fatal_owner ... ok
test vcpu_loop::terminal::tests::exec_terminal_handoff_never_reopens_admission_to_competing_exec ... ok
test vcpu_loop::terminal::tests::exec_terminal_handoff_rejects_owner_and_generation_mismatch ... ok
test vcpu_loop::terminal::tests::exec_terminal_perf_observation_counts_successful_competing_exec_admissions ... ok
test vcpu_loop::terminal::tests::fatal_core_authority_belongs_only_to_the_matching_terminal_owner ... ok
test vcpu_loop::terminal::tests::fatal_core_authority_rebinds_at_exec_and_rejects_late_old_image_signal ... ok
test vcpu_loop::terminal::tests::fork_admission_drains_existing_clones_without_cancelling_them ... ok
test vcpu_loop::terminal::tests::fork_close_behind_a_thread_clone_permit_wakes_on_that_permits_release ... ok
test vcpu_loop::terminal::tests::persistent_terminal_claim_has_one_owner_and_retries_without_blocking ... ok
test vcpu_loop::terminal::tests::persistent_terminal_claim_lost_to_exec_does_not_poison_later_owner ... ok
test vcpu_loop::tests::brk_aarch64_maps_to_sigtrap_brkpt ... ok
test vcpu_loop::tests::hw_breakpoint_and_watchpoint_map_to_sigtrap_hwbkpt ... ok
test vcpu_loop::tests::lower_el0_fault_covers_both_debug_and_abort_arms ... ok
test vcpu_loop::tests::non_debug_faults_are_not_debug_signals ... ok
test vcpu_loop::tests::non_macos_exec_loader_accepts_visibility_contract ... ok
test vcpu_loop::tests::sa_restart_restarts_exactly_the_documented_syscalls ... ok
test vcpu_loop::tests::software_step_maps_to_sigtrap_trace ... ok
test vcpu_loop::tests::vmm_image_policy_restricts_aarch64_and_x8664_fastpaths_production_shaped_vmm_vdso_auxv_coherence ... ok
test vcpu_loop::threads::clone_tid_output_tests::rollback_write_failure_is_reported_after_attempting_every_preimage ... ok
test vcpu_loop::threads::clone_tid_output_tests::second_tid_copyout_failure_restores_both_exact_preimages ... ok
test vcpu_loop::threads::clone_tid_output_tests::sibling_drain_keeps_the_surviving_job_enrolled ... ok
test vcpu_loop::threads::clone_tid_output_tests::vcpu_thread_registry_encapsulates_lifecycle_operations ... ok
test vcpu_loop::wait_wake::tests::carrier_retains_and_retires_exact_persistent_process_completion ... ok
test vcpu_loop::wait_wake::tests::carrier_shutdown_closes_admission_and_replays_one_failure ... ok
test vcpu_loop::wait_wake::tests::carrier_shutdown_waits_for_container_specific_active_drain ... ok
test vcpu_loop::wait_wake::tests::container_job_close_waits_for_preclose_reservation_and_reclaims_row ... ok
test vcpu_loop::wait_wake::tests::container_job_groups_are_scoped ... ok
test vcpu_loop::wait_wake::tests::dropped_job_reservation_rolls_back_without_leaking_group_row ... ok
test vcpu_loop::wait_wake::tests::hvpatch_child_exit_reads_the_post_exec_sighand_generation ... ok
test vcpu_loop::wait_wake::tests::prepared_persistent_services_accept_exact_boot_published_authority ... ok
test vcpu_loop::wait_wake::tests::prepared_persistent_services_publish_only_after_commit_and_are_retryable ... ok
test vcpu_loop::wait_wake::tests::process_child_join_does_not_outrun_sibling_terminal_mount_owner ... ok
test vcpu_loop::wait_wake::tests::process_retirement_receipt_fails_closed_after_exit_starts ... ok
test vcpu_loop::wait_wake::tests::task_waker_targets_only_the_tasks_live_threads ... ok

test result: ok. 619 passed; 0 failed; 8 ignored; 0 measured; 0 filtered out; finished in 17.43s

   Compiling carrick-vmm-hvf v0.1.0 (/Users/tjfontaine/.codex/worktrees/el1-completion/carrick/crates/carrick-vmm-hvf)
    Finished `test` profile [unoptimized + debuginfo] target(s) in 6.80s
     Running unittests src/lib.rs (target/debug/deps/carrick_vmm_hvf-d63dbca9ffee398f)

running 567 tests
test fork_coord::tests::start_signal_pump_is_idempotent ... ok
test frame_pool::tests::frame_pool_checkout_and_zero_fill_reclaim ... ok
test frame_pool::tests::frame_pool_contains_ipa_predicate ... ok
test frame_pool::tests::frame_pool_forget_backend_mapping_safe ... ok
test frame_pool::tests::frame_pool_out_of_order_drop ... ok
test frame_pool::tests::root_slot_pool_checkout_and_prefix_zeroing ... ok
test frame_pool::tests::root_slot_pool_contains_ipa_predicate ... ok
test frame_pool::tests::root_slot_pool_recycled_slot_growth_beyond_published_prefix_is_zeroed ... ok
test gic::tests::el0_view_of_id_aa64pfr0_hides_only_the_gic_field ... ok
test gic::tests::every_vcpu_is_configured_by_its_creation_wrapper ... ok
test gic::tests::geometry_must_fit_the_reserved_window ... ok
test gic::tests::gic_is_created_inside_the_vm_creation_funnel ... ok
test gic::tests::kick_vehicle_is_chosen_in_one_place ... ok
test gic::tests::mpidr_carries_res1_and_sgi_addressable_affinity ... ok
test gic::tests::only_the_exact_hatch_value_disables_the_gic ... ok
test gic::tests::raw_hv_gic_calls_stay_in_gic_rs ... ok
test gic::tests::run_to_exit_withdraws_an_in_loop_kick_on_every_surfaced_exit ... ok
test host_signal::tests::caller_managed_process_publication_wakes_waiters_without_nudging_pump ... ok
test host_signal::tests::caller_managed_thread_publication_keeps_target_wake_without_pump_nudge ... ok
test host_signal::tests::child_exit_watch_ignores_invalid_pid ... ok
test host_signal::tests::child_exit_watch_resolves_parent_tid_once ... ok
test host_signal::tests::darwin_brk_trap_is_classified_as_host_fault ... ok
test host_signal::tests::distinct_process_directed_signals_do_not_coalesce ... ok
test host_signal::tests::distinct_thread_directed_signals_do_not_coalesce ... ok
test host_signal::tests::drain_fd_forces_empty_pipe_nonblocking ... ok
test host_signal::tests::drain_fd_reports_dead_on_eof ... ok
test host_signal::tests::forget_thread_drops_pending ... ok
test host_signal::tests::fork_child_resets_contended_thread_waiters ... ok
test host_signal::tests::hvf_private_signal_mask_guard_restores_current_thread_mask ... ok
test host_signal::tests::missed_child_exit_watch_honors_zero_exit_signal ... ok
test host_signal::tests::missed_child_exit_watch_publishes_exit_signal_once ... ok
test host_signal::tests::process_directed_signal_is_consumed_once_under_concurrent_takers ... ok
test host_signal::tests::reinit_after_fork_clears_child_watches ... ok
test host_signal::tests::take_pending_for_falls_back_to_process_directed ... ok
test host_signal::tests::take_pending_in_for_leaves_non_matching_signals_queued ... ok
test host_signal::tests::thread_directed_takes_priority_for_its_tid ... ok
test host_signal::tests::thread_directed_wake_uses_target_private_pipe ... ok
test host_signal::tests::waitable_child_exit_check_publishes_without_reaping ... ok
test host_signal::tests::waiter_and_pump_signal_pipes_are_distinct ... ok
test host_signal::tests::waiter_pipe_drain_does_not_consume_pump_wake ... ok
test host_signal::tests::wake_all_waiters_broadcasts_to_private_pipes ... ok
test host_signal::tests::xsignal_peek_honors_temporary_block_mask ... ok
test host_signal::tests::zero_sender_does_not_clobber_last_real_sender ... ok
test hvf_aarch64_engine::clock_kick_policy_tests::only_raw_clock_svc_latches_before_handler_entry ... ok
test hvf_aarch64_engine::persistent_worker_tests::persistent_hvf_workers_install_and_run_the_scoped_asid_trampoline ... ok
test hvf_aarch64_engine::task_only_materializer_tests::executor_preflights_kernel_cpu_before_consuming_task_authority ... ok
test hvf_aarch64_engine::task_only_materializer_tests::factory_and_idle_worker_retain_no_root_task_authority_after_root_retire ... ok
test hvf_aarch64_engine::task_only_materializer_tests::hvpatch_task_only_materializers_are_structurally_vcpu_free ... ok
test hvf_aarch64_engine::task_only_materializer_tests::one_worker_swaps_every_distinct_task_mm_mapping_and_cow_authority ... ok
test hvf_aarch64_engine::task_only_materializer_tests::parked_task_projection_mismatch_rejects_without_consuming_projection ... ok
test hvf_aarch64_engine::task_only_materializer_tests::task_only_allocation_counters_are_thread_exact_and_zero_delta ... ok
test hvf_aarch64_engine::task_only_materializer_tests::task_only_attach_and_detach_transfer_the_live_runtime_projection ... ok
test hvf_aarch64_engine::task_only_materializer_tests::task_only_child_activation_publishes_receipts_after_inventory_activation ... ok
test hvf_aarch64_engine::task_only_materializer_tests::task_only_projection_preflight_rejects_root_or_numeric_asid_drift ... ok
test hvf_aarch64_engine::task_only_materializer_tests::task_only_runtime_projection_clones_the_exact_mm_authorities ... ok
test hvf_aarch64_engine::task_only_materializer_tests::task_only_runtime_projection_slot_republishes_exec_replacement_exactly_once ... ok
test io_wait::tests::anchored_wait_fd_uses_original_fd_without_closing_it ... ok
test io_wait::tests::any_child_watch_excludes_a_reaped_stale_process_record ... ok
test io_wait::tests::child_status_ready_ignores_stopped_child ... ok
test io_wait::tests::child_status_ready_observes_any_exited_child ... ok
test io_wait::tests::child_status_ready_observes_ptrace_trap_stop ... ok
test io_wait::tests::child_status_ready_observes_requested_virtual_ptrace_stop ... ok
test io_wait::tests::long_finite_poll_wait_has_no_early_redispatch ... ok
test io_wait::tests::pinned_wait_fd_survives_original_close ... ok
test io_wait::tests::pinned_wait_fds_errors_on_bad_fd ... ok
test io_wait::tests::pinned_wait_fds_preserves_negative_poll_sentinel ... ok
test io_wait::tests::short_finite_poll_wait_observes_deadline ... ok
test io_wait::tests::unbounded_kqueue_wait_has_no_periodic_redispatch ... ok
test io_wait::tests::unbounded_poll_wait_has_no_periodic_redispatch ... ok
test io_wait::tests::wake_pipe_at_eof_does_not_refire ... ok
test staged_cpu::tests::a_staged_root_starts_at_the_el0_entry_trampoline ... ok
test staged_cpu::tests::maintenance_a_staged_root_cannot_run_is_owed_once ... ok
test staged_cpu::tests::staged_registers_round_trip_through_the_hal_names ... ok
test syscall_mailbox::tests::a_mailbox_lease_owns_its_el1_current_task_record ... ok
test syscall_mailbox::tests::allocator_exhaustion_and_reuse_are_deterministic ... ok
test syscall_mailbox::tests::binding_rebind_changes_generation_and_skips_zero ... ok
test syscall_mailbox::tests::clean_destination_completes_exported_task_continuation ... ok
test syscall_mailbox::tests::cow_relocation_follows_the_guest_published_replacement_without_reset ... ok
test syscall_mailbox::tests::explicit_register_resume_prepares_only_an_outstanding_request ... ok
test syscall_mailbox::tests::interruption_phase_model_dispatches_and_responds_once ... ok
test syscall_mailbox::tests::kick_latch_rejects_stale_generation_and_preserves_other_flags ... ok
test syscall_mailbox::tests::kick_normalization_recovers_active_stub_and_cleared_completion_tail ... ok
test syscall_mailbox::tests::kick_normalization_recovers_pre_active_scratch_registers ... ok
test syscall_mailbox::tests::legacy_decode_validates_mailbox_then_invokes_register_reader ... ok
test syscall_mailbox::tests::mailbox_decode_never_invokes_legacy_register_reader ... ok
test syscall_mailbox::tests::malformed_or_partial_publications_fail_closed ... ok
test syscall_mailbox::tests::ordinary_response_can_arm_the_next_portal_request ... ok
test syscall_mailbox::tests::pending_normal_return_is_exact_and_register_resume_supersedes_it ... ok
test syscall_mailbox::tests::pending_normal_return_rejects_stale_generation_and_sequence ... ok
test syscall_mailbox::tests::portal_binding_rejects_stale_identity_and_sequence ... ok
test syscall_mailbox::tests::rebind_moves_an_inflight_request_to_a_rebuilt_mailbox_backing ... ok
test syscall_mailbox::tests::rebind_preserves_an_inflight_request_under_the_new_generation ... ok
test syscall_mailbox::tests::rebind_preserves_an_inflight_response_for_vector_continuation ... ok
test syscall_mailbox::tests::responses_publish_payload_before_ownership ... ok
test syscall_mailbox::tests::transport_parser_is_explicit_and_defaults_to_mailbox ... ok
test syscall_mailbox::tests::unowned_stub_and_non_svc_entry_do_not_restore_stale_frame ... ok
test syscall_mailbox::tests::valid_request_is_acquired_once_and_decoded_without_registers ... ok
test trap::carrier_custody::carrier_vm_custody_tests::abort_destroy_preserves_the_exact_live_generation_for_retry ... ok
test trap::carrier_custody::carrier_vm_custody_tests::aborted_create_returns_custody_to_vacant_without_reusing_the_generation ... ok
test trap::carrier_custody::carrier_vm_custody_tests::backend_create_failure_returns_custody_to_vacant_and_skips_publication ... ok
test trap::carrier_custody::carrier_vm_custody_tests::backend_create_success_commits_generation_before_publication ... ok
test trap::carrier_custody::carrier_vm_custody_tests::backend_destroy_failure_preserves_live_custody_and_skips_release_publication ... ok
test trap::carrier_custody::carrier_vm_custody_tests::backend_destroy_success_terminalizes_before_release_publication ... ok
test trap::carrier_custody::carrier_vm_custody_tests::bounded_idle_retry_rotates_past_persistent_prefix_and_services_detached_work ... ok
test trap::carrier_custody::carrier_vm_custody_tests::carrier_exit_propagates_terminal_owner_cleanup_failure_after_destroy_success ... ok
test trap::carrier_custody::carrier_vm_custody_tests::carrier_mm_logical_authority_follows_g1_record_rebind_and_retires_g2_once ... ok
test trap::carrier_custody::carrier_vm_custody_tests::carrier_safe_point_failure_retains_directory_identity_until_exact_retry_finishes ... ok
test trap::carrier_custody::carrier_vm_custody_tests::committed_destroy_prevents_a_stale_generation_from_mutating_its_successor ... ok
test trap::carrier_custody::carrier_vm_custody_tests::concurrent_exact_owner_finalization_cannot_republish_removed_owner ... ok
test trap::carrier_custody::carrier_vm_custody_tests::create_cleanup_retains_failed_vcpu_then_retries_terminal_finalization_only ... ok
test trap::carrier_custody::carrier_vm_custody_tests::creation_funnels_hold_transaction_through_setup_and_prepared_writes_hold_pin_static_audit ... ok
test trap::carrier_custody::carrier_vm_custody_tests::cross_generation_same_key_rejects_old_vm_and_owner_identities ... ok
test trap::carrier_custody::carrier_vm_custody_tests::executor_cleanup_funnels_guarantee_a_post_drop_idle_maintenance_turn_static_audit ... ok
test trap::carrier_custody::carrier_vm_custody_tests::executor_idle_safe_point_never_duplicates_an_in_flight_turn ... ok
test trap::carrier_custody::carrier_vm_custody_tests::executor_idle_safe_point_requeues_one_transient_backend_failure ... ok
test trap::carrier_custody::carrier_vm_custody_tests::explicit_offset_structural_retirement_unmaps_with_physical_sized_projection ... ok
test trap::carrier_custody::carrier_vm_custody_tests::failed_vm_destroy_preserves_records_and_live_generation ... ok
test trap::carrier_custody::carrier_vm_custody_tests::foreign_mm_drop_release_only_enqueues_until_the_executor_idle_safe_point ... ok
test trap::carrier_custody::carrier_vm_custody_tests::frame_pool_and_commit_destroy_concurrent_lock_order ... ok
test trap::carrier_custody::carrier_vm_custody_tests::fresh_vm_vcpu_and_permit_wrappers_remain_guarded_until_commit_static_audit ... ok
test trap::carrier_custody::carrier_vm_custody_tests::global_frame_owner_directory_is_isolated_per_carrier_custody ... ok
test trap::carrier_custody::carrier_vm_custody_tests::global_owner_collision_retains_failed_rollback_candidate_until_safe_point ... ok
test trap::carrier_custody::carrier_vm_custody_tests::global_owner_late_final_pin_defers_persistent_failure_without_abort_then_retries ... ok
test trap::carrier_custody::carrier_vm_custody_tests::global_owner_retirement_publishes_pending_before_backend_unmap_without_holding_directory ... ok
test trap::carrier_custody::carrier_vm_custody_tests::global_owner_stale_same_key_generation_never_retires_successor ... ok
test trap::carrier_custody::carrier_vm_custody_tests::initial_fallible_input_failure_precedes_vm_and_admission_permit_acquisition ... ok
test trap::carrier_custody::carrier_vm_custody_tests::last_pin_drop_is_non_panicking_and_only_marks_retry_eligibility ... ok
test trap::carrier_custody::carrier_vm_custody_tests::late_g1_carrier_mm_retirement_request_cannot_mutate_same_key_g2_record ... ok
test trap::carrier_custody::carrier_vm_custody_tests::later_exact_retirement_retries_a_transient_backend_failure_once ... ok
test trap::carrier_custody::carrier_vm_custody_tests::live_structural_owner_rebinds_exactly_to_g2_before_late_drop ... ok
test trap::carrier_custody::carrier_vm_custody_tests::pending_vcpu_wrapper_never_runs_raii_destroy_before_exact_cleanup ... ok
test trap::carrier_custody::carrier_vm_custody_tests::persistent_unmap_failure_retains_the_exact_record_for_retry ... ok
test trap::carrier_custody::carrier_vm_custody_tests::pinned_structural_retirement_refuses_root_slot_reuse_until_terminal ... ok
test trap::carrier_custody::carrier_vm_custody_tests::post_raw_create_failures_never_publish_live_and_terminalize_exact_setup_generation ... ok
test trap::carrier_custody::carrier_vm_custody_tests::production_global_frame_owner_operations_require_carrier_custody_static_audit ... ok
test trap::carrier_custody::carrier_vm_custody_tests::reconcile_deferred_owner_enqueues_for_idle_retry_after_pin_drop ... ok
test trap::carrier_custody::carrier_vm_custody_tests::retirement_retains_backing_if_the_claimed_directory_slot_disappears ... ok
test trap::carrier_custody::carrier_vm_custody_tests::structural_owner_drop_requests_then_safe_point_retires_with_backing_intact ... ok
test trap::carrier_custody::carrier_vm_custody_tests::successful_vm_destroy_terminalizes_generation_without_post_destroy_unmap ... ok
test trap::carrier_custody::carrier_vm_custody_tests::synchronous_retirement_removes_queued_storage_before_key_reuse ... ok
test trap::carrier_custody::carrier_vm_custody_tests::terminal_release_claim_aborts_for_retry_and_commits_removal_exactly_once ... ok
test trap::carrier_custody::carrier_vm_custody_tests::terminal_release_claim_blocks_generation_rebind_until_abort ... ok
test trap::carrier_custody::carrier_vm_custody_tests::vm_destroy_success_terminalizes_pending_owner_but_failure_preserves_exact_g1 ... ok
test trap::carrier_custody::carrier_vm_custody_tests::vm_rebuild_funnels_reconcile_owner_generation_before_guest_entry_static_audit ... ok
test trap::carrier_custody::carrier_vm_custody_tests::vm_rebuild_rebinds_live_owner_to_g2_and_transfers_release_authority_once ... ok
test trap::code_content::execution_tests::native_code_drain_entry_write_race_leaves_no_active_count ... ok
test trap::code_content::execution_tests::native_code_drain_last_active_observer_releases_registry_entry ... ok
test trap::code_content::execution_tests::native_code_drain_partial_entry_rolls_back_and_unrelated_scope_stays_live ... ok
test trap::code_content::execution_tests::native_code_drain_waits_for_active_content_before_writer_admission ... ok
test trap::code_content::execution_tests::native_code_drain_waits_for_last_reader_and_cleans_pending_reference ... ok
test trap::code_content::tests::cold_writer_prevents_first_observer_and_dropped_observers_leave_no_history ... ok
test trap::code_content::tests::native_code_content_invalidation_contract ... ok
test trap::code_content::tests::overlapping_writes_prevent_observation_until_both_finish ... ok
test trap::code_content::tests::partial_page_crossings_and_invalid_ranges ... ok
test trap::code_content::tests::racing_first_observation_cannot_survive_an_admitted_write ... ok
test trap::code_content::tests::retirement_and_equal_offsets_in_another_owner_do_not_revive_dependencies ... ok
test trap::code_content::tests::simultaneous_final_observers_leave_no_history ... ok
test trap::cow_engine::tests::alias_registry_queries_never_authenticate_frame_owners_under_the_lock ... ok
test trap::cow_engine::tests::alias_retirement_commit_takes_the_callers_registry_guard_and_never_locks_the_leaf ... ok
test trap::cow_engine::tests::fork_exec_exit_and_unmap_sites_contain_no_carrier_topology_lock ... ok
test trap::cow_engine::tests::frame_inventory_publication_and_retirement_sites_hold_registry_guard ... ok
test trap::cow_engine::tests::frame_publication_sites_contain_no_carrier_topology_lock ... ok
test trap::el1_resume_tests::test_el1_resumes_without_progress_tracking ... ok
test trap::el1_resume_tests::test_hvc_kick_syndrome_ordering ... ok
test trap::el1_resume_tests::test_panic_sentinel_precedes_cow_check ... ok
test trap::el1_resume_tests::test_should_resume_mid_el1_classification ... ok
test trap::foreign_mm::tests::abort_prepared_child_preserves_borrowed_parent_global_frame_owner ... ok
test trap::foreign_mm::tests::all_foreign_mm_tests_acquire_test_lock_census_audit ... ok
test trap::foreign_mm::tests::child_fork_replicates_multi_arena_stage1_page_tables ... ok
test trap::foreign_mm::tests::concurrent_foreign_cow_from_same_snapshot_allows_exactly_one_commit ... ok
test trap::foreign_mm::tests::copied_fork_child_activation_publishes_exact_foreign_mm_binding ... ok
test trap::foreign_mm::tests::copied_fork_child_retain_preserves_borrowed_structural_owner ... ok
test trap::foreign_mm::tests::cow_refusal_history_is_bounded_and_selects_the_exact_carrier_extent ... ok
test trap::foreign_mm::tests::cow_refusal_history_retains_exact_extent_across_unrelated_churn ... ok
test trap::foreign_mm::tests::cow_source_falls_back_to_offset_logical_inventory_with_current_physical_owner ... ok
test trap::foreign_mm::tests::cow_source_inventory_fallback_pins_backing_through_copy_window ... ok
test trap::foreign_mm::tests::cow_source_inventory_fallback_rejects_absent_zero_mismatched_or_conflicting_owner ... ok
test trap::foreign_mm::tests::current_generation_structural_owner_needs_no_replay_rebind ... ok
test trap::foreign_mm::tests::foreign_cow_commit_cannot_be_reported_as_retryable_by_final_snapshot_contention ... ok
test trap::foreign_mm::tests::foreign_cow_each_reversible_boundary_restores_exact_stage1_inventory_and_owner_set ... ok
test trap::foreign_mm::tests::foreign_cow_failpoint_leaves_lease_at_sn_and_retry_succeeds ... ok
test trap::foreign_mm::tests::foreign_cow_invalidation_failure_rolls_back_and_republishes_the_old_stage1 ... ok
test trap::foreign_mm::tests::foreign_cow_one_compound_authorizes_distinct_subrange_writes ... ok
test trap::foreign_mm::tests::foreign_cow_prepare_write_rejects_in_span_leaf_discontinuity ... ok
test trap::foreign_mm::tests::foreign_cow_prepare_write_rejects_out_of_span_alias ... ok
test trap::foreign_mm::tests::foreign_cow_prepare_write_rejects_semantic_span_end_plus_one ... ok
test trap::foreign_mm::tests::foreign_cow_write_keeps_the_shared_parent_owner_unchanged ... ok
test trap::foreign_mm::tests::foreign_mm_failure_injection_at_composition_boundaries ... ok
test trap::foreign_mm::tests::foreign_mm_read_backed_page_without_stage1_or_recipe_reads_zeros ... ok
test trap::foreign_mm::tests::foreign_mm_read_deadline_bounds_mutation_coordinator_contention ... ok
test trap::foreign_mm::tests::foreign_mm_read_rejects_a_missing_descriptor_owner ... ok
test trap::foreign_mm::tests::foreign_mm_read_rejects_reused_owner_generation ... ok
test trap::foreign_mm::tests::foreign_mm_read_retries_each_stale_revision_domain ... ok
test trap::foreign_mm::tests::foreign_mm_read_unmaterialized_remote_page_within_vma_reads_zeros_and_full_length ... ok
test trap::foreign_mm::tests::foreign_mm_read_walks_the_target_root_not_the_caller_root ... ok
test trap::foreign_mm::tests::foreign_mm_retain_deadline_bounds_directory_inventory_and_owner_contention ... ok
test trap::foreign_mm::tests::foreign_mm_retain_pins_covering_owner_for_cow_split_inventory_fragment ... ok
test trap::foreign_mm::tests::fork_overlay_owner_lookup_does_not_rescan_every_source_mapping ... ok
test trap::foreign_mm::tests::fresh_sparse_publication_avoids_stage1_maintenance ... ok
test trap::foreign_mm::tests::full_vm_materializer_stamps_fresh_owner_before_alias_mapping_and_inventory ... ok
test trap::foreign_mm::tests::full_vm_partial_map_failure_uses_exact_fail_stop_rollback_static_audit ... ok
test trap::foreign_mm::tests::global_frame_host_owner_drop_does_no_hv_and_explicit_retirement_releases_backing ... ok
test trap::foreign_mm::tests::initial_carrier_control_mapping_keeps_direct_unmap_owner ... ok
test trap::foreign_mm::tests::initial_fixed_mapping_composes_through_first_fork_preparation ... ok
test trap::foreign_mm::tests::initial_fixed_mapping_publishes_exact_structural_owner ... ok
test trap::foreign_mm::tests::initial_structural_epoch_failure_does_not_publish_stage2 ... ok
test trap::foreign_mm::tests::instruction_fetch_carrier_reads_execute_only_deferred_bytes ... ok
test trap::foreign_mm::tests::instruction_fetch_carrier_selects_exact_execute_only_mm ... ok
test trap::foreign_mm::tests::invalid_leaf_lookup_selects_the_newest_projection_over_a_shadowed_row ... ok
test trap::foreign_mm::tests::live_resolver_cached_retirement_and_extension_removal_fail_closed ... ok
test trap::foreign_mm::tests::live_resolver_records_extension_prefix_before_pool_reuse ... ok
test trap::foreign_mm::tests::live_resolver_retains_exact_owner_pin_and_rejects_nonmatching_generation_and_length ... ok
test trap::foreign_mm::tests::native_code_content_foreign_write_revokes_backing_dependencies ... ok
test trap::foreign_mm::tests::native_code_content_raw_data_pointer_revokes_and_blocks_observation ... ok
test trap::foreign_mm::tests::native_code_content_syscall_copy_revokes_physical_dependencies ... ok
test trap::foreign_mm::tests::old_generation_structural_owner_still_requires_exact_replay ... ok
test trap::foreign_mm::tests::owned_foreign_mm_registration_teardown_is_exact_and_stale_safe ... ok
test trap::foreign_mm::tests::owned_global_frame_alias_uses_the_fresh_registered_owner_generation ... ok
test trap::foreign_mm::tests::owner_structs_encode_their_required_retirement_authority_static_audit ... ok
test trap::foreign_mm::tests::persistent_reusable_cow_alias_rejects_zero_owner_generation ... ok
test trap::foreign_mm::tests::persistent_reusable_cow_mapping_rejects_zero_owner_generation ... ok
test trap::foreign_mm::tests::private_overlay_publication_preserves_structural_owner_across_fork ... ok
test trap::foreign_mm::tests::production_copied_fork_structural_backing_retention_and_exact_stage2_lifecycle ... ignored, requires a signed HVF test executable
test trap::foreign_mm::tests::production_fork_plan_retains_structural_vvar_semantic_authority ... ok
test trap::foreign_mm::tests::production_manager_bound_through_runtime_task_state_grows_extension_arenas ... ok
test trap::foreign_mm::tests::production_resolver_under_manager_lock_does_not_deadlock_on_multi_arena_sync ... ok
test trap::foreign_mm::tests::ptrace_text_cow_accepts_unarmed_rx_mapping_and_preserves_peer_and_stage1_ap ... ok
test trap::foreign_mm::tests::ptrace_text_cow_rejects_source_alias_shorter_than_authenticated_span ... ok
test trap::foreign_mm::tests::ptrace_text_cow_uses_authenticated_span_when_preexisting_arm_differs ... ok
test trap::foreign_mm::tests::releasable_stage2_lease_lifecycle_and_deterministic_allocator_reuse ... ok
test trap::foreign_mm::tests::retained_foreign_lease_advances_across_two_compound_cow_commits ... ok
test trap::foreign_mm::tests::retained_foreign_lease_rejects_unrelated_or_tampered_successor_snapshot ... ok
test trap::foreign_mm::tests::retained_old_token_drop_only_enqueues_before_the_executor_safe_point ... ok
test trap::foreign_mm::tests::semantic_lookup_enforces_exact_boundary_length_and_overflow_protection ... ok
test trap::foreign_mm::tests::semantic_lookup_isolates_same_va_in_different_mm ... ok
test trap::foreign_mm::tests::semantic_lookup_preserves_map_shared_and_maintenance_fallback ... ok
test trap::foreign_mm::tests::semantic_lookup_rejects_foreign_va_alias_at_same_live_ipa ... ok
test trap::foreign_mm::tests::semantic_lookup_rejects_overlapping_row_with_wrong_va_to_ipa_offset ... ok
test trap::foreign_mm::tests::semantic_lookup_rejects_stale_owner_generation_and_accepts_current ... ok
test trap::foreign_mm::tests::shared_extent_repoint_subpage_resolves_covering_owner_and_repoints_leaf ... ok
test trap::foreign_mm::tests::sparse_replacement_failure_preserves_preimage_before_retirement ... ok
test trap::foreign_mm::tests::structural_alias_rejects_forged_semantic_host_projection ... ok
test trap::foreign_mm::tests::structural_backing_owner_invalid_arguments_and_exact_drop_order ... ok
test trap::foreign_mm::tests::structural_backing_owner_lifecycle_and_retained_backing ... ok
test trap::foreign_mm::tests::structural_vvar_fork_inheritance_requires_exact_live_custody ... ok
test trap::foreign_mm::tests::syscall_writes::native_code_content_host_write_guard_retains_and_revokes_all_fragments ... ok
test trap::foreign_mm::tests::syscall_writes::native_code_content_host_write_rejects_changed_second_leaf_and_releases_pin ... ok
test trap::foreign_mm::tests::syscall_writes::native_code_content_host_write_rejects_stale_owner_permissions_and_bounds ... ok
test trap::foreign_mm::tests::syscall_writes::native_code_content_partial_host_write_admission_rolls_back_on_error_and_unwind ... ok
test trap::foreign_mm::tests::syscall_writes::native_code_content_structural_syscall_write_uses_owner_offset_and_pin ... ok
test trap::foreign_mm::tests::syscall_writes::native_code_content_syscall_alias_fallback_revokes_original_instruction_read ... ok
test trap::foreign_mm::tests::syscall_writes::native_code_content_syscall_copy_after_cow_preserves_source_dependency ... ok
test trap::foreign_mm::tests::syscall_writes::syscall_code_write_cost_contract ... ok
test trap::foreign_mm::tests::task_only_partial_map_failure_retires_the_exact_structural_root ... ok
test trap::foreign_mm::tests::task_only_partial_map_rollback_ignores_unrelated_retry_pending_record ... ok
test trap::foreign_mm::tests::task_only_partial_map_unmap_failure_fail_stops_before_root_slot_reuse ... ok
test trap::frame_inventory::tests::abandoned_alias_inventory_does_not_poison_the_next_guest_mmap ... ok
test trap::frame_inventory::tests::alias_retirement_keeps_carrier_lease_when_kernel_population_is_incomplete ... ok
test trap::frame_inventory::tests::an_unowned_extent_authenticates_a_row_that_recorded_no_incarnation ... ok
test trap::frame_inventory::tests::bind_page_tables_authority_adopts_extension_state_when_both_present ... ok
test trap::frame_inventory::tests::bind_page_tables_authority_migrates_live_manager_when_new_authority_empty ... ok
test trap::frame_inventory::tests::bind_page_tables_authority_preserves_shared_previous_authority ... ok
test trap::frame_inventory::tests::bootstrap_exec_predecessor_uses_bound_kernel_identity_without_registration ... ok
test trap::frame_inventory::tests::cancelled_process_inventory_does_not_poison_the_next_fork ... ok
test trap::frame_inventory::tests::carrier_drop_preserves_a_zero_backend_ref_lease_retained_by_kernel_authority ... ok
test trap::frame_inventory::tests::carrier_lease_batch_collision_publishes_nothing_and_retains_every_candidate ... ok
test trap::frame_inventory::tests::carrier_stage2_registration_rejects_unmapped_or_missing_host_owner ... ok
test trap::frame_inventory::tests::child_local_mapping_authenticates_through_its_own_raii_lease ... ok
test trap::frame_inventory::tests::concurrent_cow_loser_retries_only_an_exact_live_writable_winner ... ok
test trap::frame_inventory::tests::consecutive_root_exec_plans_reserve_disjoint_frame_generations ... ok
test trap::frame_inventory::tests::cow_armed_ranges_disjoint_overlap_query_is_empty ... ok
test trap::frame_inventory::tests::cow_armed_ranges_prefer_exact_alias_fragment_over_broad_arena ... ok
test trap::frame_inventory::tests::cow_armed_ranges_split_one_compound_and_leave_peers_armed ... ok
test trap::frame_inventory::tests::cow_collision_is_rejected_before_backend_inventory_mutation ... ok
test trap::frame_inventory::tests::cow_fault_classifier_accepts_only_el0_write_permission_aborts ... ok
test trap::frame_inventory::tests::cow_intents_preserve_guest_write_authority_while_internal_writes_bypass_it ... ok
test trap::frame_inventory::tests::cow_lane_reuse_requires_an_unpublished_exact_owner_lane ... ok
test trap::frame_inventory::tests::cow_reuse_commit_keeps_destination_mapping_and_reference_counts ... ok
test trap::frame_inventory::tests::cow_split_commit_preserves_old_owner_and_publishes_replacement_owner ... ok
test trap::frame_inventory::tests::cow_split_keeps_stage2_when_the_authority_keeps_the_old_frame_live ... ok
test trap::frame_inventory::tests::cow_stage2_recycle_holds_the_publication_lock ... ok
test trap::frame_inventory::tests::cow_then_fork_distant_alias_keeps_inventory_for_live_owner ... ok
test trap::frame_inventory::tests::directory_failpoint_rolls_back_inventory_before_final_carrier_drop ... ok
test trap::frame_inventory::tests::distant_live_alias_retains_the_shared_physical_cow_inventory ... ok
test trap::frame_inventory::tests::exec_authority_rollback_rejects_drift_in_every_published_component ... ok
test trap::frame_inventory::tests::exec_cleanup_after_owner_release_keeps_same_scope_reused_successor ... ok
test trap::frame_inventory::tests::exec_keeps_a_physical_extent_owned_by_another_mm ... ok
test trap::frame_inventory::tests::exec_predecessor_accepts_current_kernel_identity_over_stale_registration_birth_fields ... ok
test trap::frame_inventory::tests::exec_predecessor_backing_stays_live_until_detached_cleanup ... ok
test trap::frame_inventory::tests::exec_predecessor_cleanup_rechecks_a_republished_stage2_reference ... ok
test trap::frame_inventory::tests::exec_predecessor_cleanup_rejects_a_recycled_owner_generation ... ok
test trap::frame_inventory::tests::exec_predecessor_rejects_each_retained_authority_anchor_mismatch ... ok
test trap::frame_inventory::tests::exec_predecessor_rejects_registration_cow_backend_identity_mismatch ... ok
test trap::frame_inventory::tests::exec_predecessor_returns_proof_for_a_root_omitted_from_retirement_candidates ... ok
test trap::frame_inventory::tests::exec_replacement_keeps_every_representative_leaf_asid_scoped ... ok
test trap::frame_inventory::tests::exec_replacement_preserves_canonical_scoped_asid_and_load_barrier_code ... ok
test trap::frame_inventory::tests::exec_replacement_terminal_retirement_releases_exact_owner_and_reuses_lease ... ok
test trap::frame_inventory::tests::exec_reuses_carrier_control_stage2_without_allocating_task_leases ... ok
test trap::frame_inventory::tests::exec_stage2_failure_after_one_map_removes_successor_and_restores_predecessor ... ok
test trap::frame_inventory::tests::exec_stage2_failure_after_teardown_restores_predecessor_exactly ... ok
test trap::frame_inventory::tests::exec_stage2_rollback_restores_predecessor_replay_registration ... ok
test trap::frame_inventory::tests::exec_successor_root_publication_installs_exact_structural_authority ... ok
test trap::frame_inventory::tests::explicit_live_vm_safe_point_retries_pending_retirements_or_reports_failure ... ok
test trap::frame_inventory::tests::failed_stage2_unmap_preserves_custody_and_succeeds_on_retry ... ok
test trap::frame_inventory::tests::final_carrier_mm_drop_keeps_a_backend_referenced_stage2_lease_live ... ok
test trap::frame_inventory::tests::final_carrier_mm_drop_requests_then_safe_point_releases_stage2_once ... ok
test trap::frame_inventory::tests::fixed_identity_stage2_retirement_does_not_release_global_allocator ... ok
test trap::frame_inventory::tests::foreign_mm_binding_stage1_tables_preserves_the_exact_shared_mm_access_arc ... ok
test trap::frame_inventory::tests::foreign_mm_shared_state_keeps_exec_injection_executor_local ... ok
test trap::frame_inventory::tests::fork_independent_kernel_state_publication_registers_global_frame_owner_and_retires_cleanly ... ok
test trap::frame_inventory::tests::fork_inherits_private_and_shared_frames_before_any_write ... ok
test trap::frame_inventory::tests::fork_inventory_inheritance_rejects_a_stale_owner_generation ... ok
test trap::frame_inventory::tests::fork_receipts_cover_read_only_user_cow_but_not_independent_kernel_frames ... ok
test trap::frame_inventory::tests::fork_translation_accepts_winning_overlay_independent_of_descriptor_order ... ok
test trap::frame_inventory::tests::global_frame_allocator_coalesces_adjacent_retired_extents ... ok
test trap::frame_inventory::tests::global_frame_allocator_honors_large_frame_alignment ... ok
test trap::frame_inventory::tests::global_frame_allocator_preserves_large_hole_for_large_request ... ok
test trap::frame_inventory::tests::global_frame_allocator_rejects_duplicate_or_partial_release ... ok
test trap::frame_inventory::tests::global_frame_allocator_rejects_invalid_allocation_arithmetic ... ok
test trap::frame_inventory::tests::global_frame_allocator_reuses_only_released_exact_extents ... ok
test trap::frame_inventory::tests::global_frame_exec_omits_sparse_mmap_arena_and_reserves_large_extents_first ... ok
test trap::frame_inventory::tests::global_frame_host_owner_rejects_an_unmapped_lease ... ok
test trap::frame_inventory::tests::inherited_private_frame_skips_duplicate_stage2_install ... ok
test trap::frame_inventory::tests::lease_retirement_defers_to_a_sibling_mm_still_mapping_the_frame ... ok
test trap::frame_inventory::tests::lease_retirement_waits_for_the_last_global_stage2_reference ... ok
test trap::frame_inventory::tests::mapped_host_address_is_not_proof_of_a_retired_global_owner ... ok
test trap::frame_inventory::tests::mapped_setup_failure_explicitly_unmaps_before_backing_drop_without_drop_hv ... ok
test trap::frame_inventory::tests::parent_arm_rollback_restores_preexisting_overlapping_ranges_exactly ... ok
test trap::frame_inventory::tests::partial_semantic_cow_retains_the_old_physical_compound ... ok
test trap::frame_inventory::tests::partial_unmap_preserves_stale_generation_on_both_local_fragments ... ok
test trap::frame_inventory::tests::private_alias_scopes_never_collide_across_carrier_containers ... ok
test trap::frame_inventory::tests::process_retirement_does_not_retire_a_frame_still_mapped_by_another_mm ... ok
test trap::frame_inventory::tests::process_retirement_fails_when_the_authoritative_mapping_count_is_unavailable ... ok
test trap::frame_inventory::tests::process_retirement_reads_mapping_rows_once_not_once_per_inventory_extent ... ok
test trap::frame_inventory::tests::process_retirement_rejects_a_recycled_owner_generation ... ok
test trap::frame_inventory::tests::process_retirement_rejects_matching_generation_with_wrong_host_pointer ... ok
test trap::frame_inventory::tests::process_retirement_rejects_rowless_inventory_not_owned_by_the_retiring_mm ... ok
test trap::frame_inventory::tests::process_retirement_retires_the_exact_last_authoritative_mapping ... ok
test trap::frame_inventory::tests::process_retirement_terminalizes_a_nonselected_structural_root_before_slot_reuse ... ok
test trap::frame_inventory::tests::process_retirement_uses_inventory_owner_identity_not_stale_mapping_rows ... ok
test trap::frame_inventory::tests::process_retirement_uses_inventory_owner_when_task_local_rows_are_absent ... ok
test trap::frame_inventory::tests::reserved_global_stage2_lease_rolls_back_before_map ... ok
test trap::frame_inventory::tests::retained_old_mm_reports_no_exec_retirement_extents ... ok
test trap::frame_inventory::tests::retained_private_reuse_requires_and_preserves_exact_owner_generation ... ok
test trap::frame_inventory::tests::retained_sibling_detection_reads_exact_old_frame_leaves ... ok
test trap::frame_inventory::tests::retire_initial_mmap_arena_is_idempotent_when_sparse_mapping_absent ... ok
test trap::frame_inventory::tests::retire_initial_mmap_arena_rejects_corrupted_shape ... ok
test trap::frame_inventory::tests::retired_invalid_output_materializes_before_a_stale_cow_arm ... ok
test trap::frame_inventory::tests::root_exec_plan_does_not_collide_with_a_live_child_generation ... ok
test trap::frame_inventory::tests::root_exec_plan_owns_every_materialized_stage2_extent ... ok
test trap::frame_inventory::tests::root_exec_rebuilds_tables_with_sparse_and_hvpatch_reservations ... ok
test trap::frame_inventory::tests::root_retirement_refuses_mismatched_coordinates_and_active_pins ... ok
test trap::frame_inventory::tests::second_container_never_unmaps_the_carrier_arena_again ... ok
test trap::frame_inventory::tests::shared_arc_global_frame_owner_transitions_to_pending_until_all_holders_drop ... ok
test trap::frame_inventory::tests::shared_exec_predecessor_cleanup_retains_and_emits_exact_classification ... ok
test trap::frame_inventory::tests::shared_inventory_final_owner_retires_only_its_exact_structural_root ... ok
test trap::frame_inventory::tests::shared_process_exec_splits_inventory_without_retiring_parent_ledger ... ok
test trap::frame_inventory::tests::sparse_exec_omission_requires_exact_private_hidden_arena ... ok
test trap::frame_inventory::tests::stage_mapping_owner_rejection_leaves_all_reference_maps_unchanged ... ok
test trap::frame_inventory::tests::stale_stage2_retirement_candidate_rechecks_under_the_publication_lock ... ok
test trap::frame_inventory::tests::unowned_global_frame_mapping_authenticates_and_retires_against_registered_owner_and_rejects_stale_generation ... ok
test trap::frame_inventory::tests::unowned_retirement_rejects_an_unmapped_local_lease ... ok
test trap::guest_memory::guest_copy_mapping_tests::translated_descriptor_wins_and_semantic_va_is_the_exact_fallback ... ok
test trap::guest_memory::tests::missing_mapping_is_rechecked_after_pristine_publication_commits ... ok
test trap::guest_memory::tests::scrub_remap_eligible_preserves_cow_query ... ok
test trap::guest_memory::tests::scrub_remap_ineligible_needs_no_cow_query ... ok
test trap::guest_memory::volatile_copy_tests::from_guest_matches_reference ... ok
test trap::guest_memory::volatile_copy_tests::to_guest_matches_reference ... ok
test trap::memory_protection::alias_differential_tests::candidate_count_bounded_by_classes_and_matching_rows ... ok
test trap::memory_protection::alias_differential_tests::differential_newest_containing_matches_reference ... ok
test trap::memory_protection::tests::alias_registry_tests::address_space_replacement_drops_only_its_private_alias_scope ... ok
test trap::memory_protection::tests::alias_registry_tests::alias_registry_full_semantic_unmap_rejects_hvf_padding ... ok
test trap::memory_protection::tests::alias_registry_tests::alias_registry_partial_unmap_preserves_exact_live_fragments ... ok
test trap::memory_protection::tests::alias_registry_tests::alias_registry_prefix_unmap_preserves_exact_suffix ... ok
test trap::memory_protection::tests::alias_registry_tests::alias_registry_suffix_unmap_preserves_exact_prefix ... ok
test trap::memory_protection::tests::alias_registry_tests::container_child_nonpersistent_cow_physical_source_lookup ... ok
test trap::memory_protection::tests::alias_registry_tests::container_root_isolation_prevents_cross_container_alias_visibility ... ok
test trap::memory_protection::tests::alias_registry_tests::containing_physical_query_wider_than_any_recorded_row_does_not_panic ... ok
test trap::memory_protection::tests::alias_registry_tests::cow_physical_source_accepts_compound_prefix_before_an_offset_view ... ok
test trap::memory_protection::tests::alias_registry_tests::fork_shared_anonymous_alias_stays_process_scoped ... ok
test trap::memory_protection::tests::alias_registry_tests::fork_shared_anonymous_alias_survives_a_second_fork_without_global_scope ... ok
test trap::memory_protection::tests::alias_registry_tests::fork_source_uses_live_alias_inventory_not_retired_mapping_owners ... ok
test trap::memory_protection::tests::alias_registry_tests::next_generation_fork_deduplicates_exact_private_alias_but_keeps_overlay ... ok
test trap::memory_protection::tests::alias_registry_tests::perf_unmap_single_row_in_5000_row_registry ... ignored, director perf benchmark: single-row unmap in 5000-row registry
test trap::memory_protection::tests::alias_registry_tests::planned_unmap_matches_actual_across_split_fragments ... ok
test trap::memory_protection::tests::alias_registry_tests::planned_unmap_matches_legacy_snapshot_oracle ... ok
test trap::memory_protection::tests::alias_registry_tests::private_alias_scope_separates_root_and_child_mm_root_slots ... ok
test trap::memory_protection::tests::alias_registry_tests::process_fork_includes_sibling_owned_private_aliases ... ok
test trap::memory_protection::tests::alias_registry_tests::retained_private_reuse_republishes_semantic_fragment_before_sibling_unmap ... ok
test trap::memory_protection::tests::alias_registry_tests::retired_local_alias_row_does_not_mask_live_fragment_at_same_ipa ... ok
test trap::memory_protection::tests::alias_registry_tests::scrub_run_remap_and_fallback ... ok
test trap::memory_protection::tests::alias_registry_tests::sparse_shared_aperture_owner_does_not_require_a_base_leaf ... ok
test trap::memory_protection::tests::alias_registry_tests::thread_mapping_desc_from_region_and_fork_inheritance_with_offset ... ok
test trap::memory_protection::tests::alias_registry_tests::unmap_row_selection_agrees_between_the_scope_scan_and_the_window_query ... ok
test trap::memory_protection::tests::alias_registry_tests::unmap_single_row_in_5000_row_registry_is_fast ... ok
test trap::memory_protection::tests::alias_registry_tests::unregister_alias_entries_does_not_memmove_scope_bucket_per_row ... ok
test trap::memory_protection::tests::alias_remap_limiter_tests::alias_replacement_keeps_one_replay_identity_per_ipa ... ok
test trap::memory_protection::tests::alias_remap_limiter_tests::caps_repeated_faults_on_one_alias_backing ... ok
test trap::memory_protection::tests::alias_remap_limiter_tests::exact_replay_marker_turns_a_sibling_race_into_success ... ok
test trap::memory_protection::tests::alias_remap_limiter_tests::exhausted_alias_does_not_block_a_different_alias ... ok
test trap::memory_protection::tests::alias_remap_limiter_tests::permits_many_distinct_alias_backings ... ok
test trap::memory_protection::tests::maintenance_lookup_budget::containing_va_candidates_ignore_fork_siblings_at_the_same_va ... ok
test trap::memory_protection::tests::maintenance_lookup_budget::exclusive_claim_extent_lookup_is_bounded_by_size_classes ... ok
test trap::memory_protection::tests::maintenance_lookup_budget::physical_cow_source_candidates_are_bounded_by_the_window ... ok
test trap::memory_protection::tests::maintenance_lookup_budget::retained_reuse_fragment_is_bounded_by_the_physical_extent ... ok
test trap::memory_protection::tests::maintenance_lookup_budget::scoped_alias_queries_match_the_carrier_wide_oracle ... ok
test trap::memory_protection::tests::maintenance_lookup_budget::scrub_target_row_is_bounded_by_the_overlapping_rows ... ok
test trap::memory_protection::tests::memory_protection_tests::cloned_protection_metadata_shares_updates_across_thread_engines ... ok
test trap::memory_protection::tests::memory_protection_tests::deferred_cow_authentication_stops_at_cow_and_leaf_boundaries ... ok
test trap::memory_protection::tests::memory_protection_tests::deferred_cow_block_authentication_visits_each_descriptor_once ... ok
test trap::memory_protection::tests::memory_protection_tests::deferred_cow_block_step_preserves_overlapping_unaligned_arm_classification ... ok
test trap::memory_protection::tests::memory_protection_tests::deferred_cow_walk_detects_interior_live_leaf_corruption ... ok
test trap::memory_protection::tests::memory_protection_tests::deferred_executable_protection_rejects_valid_uxn_leaf ... ok
test trap::memory_protection::tests::memory_protection_tests::deferred_prot_none_accepts_retained_rw_ap_on_invalid_leaf ... ok
test trap::memory_protection::tests::memory_protection_tests::exec_level_classifies_el0_as_guest_el1_as_kernel ... ok
test trap::memory_protection::tests::memory_protection_tests::protection_ranges_are_sorted_coalesced_and_split_on_clear ... ok
test trap::memory_protection::tests::retained_fragment_query_wide_hit_avoids_unrelated_narrow_rows ... ok
test trap::persistent_executor::tests::test_no_non_test_hv_vm_destroy_call_and_no_rebuilt_vm_cell_in_persistent_executor ... ok
test trap::sparse_materialization::arena_pin_tests::local_publication_permit_requires_the_bound_mm_and_asid ... ok
test trap::sparse_materialization::arena_pin_tests::local_publication_tolerates_equivalent_rebind_during_quiesce ... ok
test trap::sparse_materialization::arena_pin_tests::publication_resolver_pins_exact_full_slot_until_edit_finishes ... ok
test trap::sparse_materialization::arena_pin_tests::publication_resolver_pins_exact_primary_owner_until_edit_finishes ... ok
test trap::sparse_materialization::arena_pin_tests::publication_resolver_pins_relocated_root_global_owner ... ok
test trap::sparse_materialization::arena_pin_tests::rollback_arena_retirement_preserves_pinned_or_failed_backing_until_retry ... ok
test trap::sparse_materialization::arena_pin_tests::rollback_arena_retirement_rejects_missing_journal_and_missing_mm_owner ... ok
test trap::sparse_materialization::tests::anonymous_first_touch_never_allocates_a_block_of_padding ... ok
test trap::sparse_materialization::tests::bulk_anonymous_views_preserve_block_congruence ... ok
test trap::sparse_materialization::tests::file_view_layout_is_one_host_mapping_with_semantic_delta ... ok
test trap::sparse_materialization::tests::sparse_allocation_rejects_invalid_semantic_ranges ... ok
test trap::stage2_backend::carrier_exit_without_a_vm_is_a_recorded_no_op ... ok
test trap::stage2_backend::raw_hvf_stage2_calls_are_inventory_gated ... ok
test trap::stage2_backend::raw_vm_destroy_is_custody_transaction_gated ... ok
test trap::stage2_backend::stage2_map_refuses_the_gic_window ... ok
test trap::stage2_backend::tests::test_stage2_abort_classifier ... ok
test trap::stage2_backend::unsigned_executable_maps_hv_denied_to_entitlement ... ignored, negative control: scripts/test-signed.sh runs it on an UNENTITLED copy of this executable
test trap::tag_strip_tests::global_exec_readonly_spans_preserve_rebased_ipa ... ok
test trap::tag_strip_tests::guest_mapping_plan_keeps_full_stack_extent_but_only_initialized_tail_payload ... ok
test trap::tag_strip_tests::guest_mapping_plan_payload_sharing_hatch_restores_deep_copy ... ok
test trap::tag_strip_tests::guest_mapping_plan_shares_address_space_payload ... ok
test trap::tag_strip_tests::logical_hvpatch_processes_receive_distinct_vdso_rng_generations ... ok
test trap::tag_strip_tests::private_exec_file_artifact_reuses_bytes_but_each_mapping_is_cow ... ok
test trap::tag_strip_tests::strips_top_16_bits ... ok
test trap::task_mapping_index::task_mapping_index_tests::a_compound_span_beginning_below_its_semantic_view_is_still_a_candidate ... ok
test trap::task_mapping_index::task_mapping_index_tests::a_discontiguity_in_any_domain_keeps_the_rows_separate ... ok
test trap::task_mapping_index::task_mapping_index_tests::a_first_touch_storm_inside_one_vma_stays_one_row ... ok
test trap::task_mapping_index::task_mapping_index_tests::a_fork_copy_publishes_in_order_and_an_unmap_split_keeps_the_tail_sorted ... ok
test trap::task_mapping_index::task_mapping_index_tests::a_lookup_walks_a_bounded_number_of_rows_regardless_of_table_size ... ok
test trap::task_mapping_index::task_mapping_index_tests::a_raw_ipa_lookup_does_not_walk_the_table_to_reach_a_low_va_row ... ok
test trap::task_mapping_index::task_mapping_index_tests::an_overlapping_publication_wins_lookups_without_dropping_the_row_it_shadows ... ok
test trap::task_mapping_index::task_mapping_index_tests::differential_keyed_removal_matches_full_walk_retain_2000_cases ... ok
test trap::task_mapping_index::task_mapping_index_tests::faults_arriving_out_of_order_still_coalesce_and_stay_sorted ... ok
test trap::task_mapping_index::task_mapping_index_tests::repeated_overlapping_publication_retains_one_row_per_incarnation ... ok
test trap::task_mapping_index::task_mapping_index_tests::task_mapping_class_index_class_computation ... ok
test trap::task_mapping_index::task_mapping_index_tests::task_mapping_class_index_huge_row_does_not_probe_small_rows ... ok
test trap::task_mapping_index::task_mapping_index_tests::task_mapping_class_index_insert_remove_clear ... ok
test trap::task_mapping_index::task_mapping_index_tests::visit_count_for_extent_removal_is_sublinear_in_4096_rows ... ok
test trap::task_only_carrier_directory_tests::a_private_repoint_supersedes_the_previous_cow_receipt_before_publication ... ok
test trap::task_only_carrier_directory_tests::a_superseded_fork_inheritance_no_longer_blocks_retirement ... ok
test trap::task_only_carrier_directory_tests::a_va_window_query_does_not_pay_for_every_materialized_extent ... ok
test trap::task_only_carrier_directory_tests::active_inventory_activation_is_idempotent_for_thread_siblings ... ok
test trap::task_only_carrier_directory_tests::alias_receipt_batch_cost_scales_with_rows_plus_changes ... ok
test trap::task_only_carrier_directory_tests::alias_receipt_restores_exact_registry_and_replay_preimages ... ok
test trap::task_only_carrier_directory_tests::alias_receipts_retire_distant_same_ipa_rows_independently ... ok
test trap::task_only_carrier_directory_tests::alias_registry_batch_removal_does_not_scan_scope_rows ... ok
test trap::task_only_carrier_directory_tests::alias_registry_batch_removal_matches_rebuilt_state ... ok
test trap::task_only_carrier_directory_tests::alias_registry_keeps_distant_same_ipa_rows_in_one_mm ... ok
test trap::task_only_carrier_directory_tests::alias_registry_replace_all_discards_stale_rows_from_every_index ... ok
test trap::task_only_carrier_directory_tests::alias_registry_row_total_tracks_its_buckets ... ok
test trap::task_only_carrier_directory_tests::alias_retirement_never_restores_over_a_later_writer ... ok
test trap::task_only_carrier_directory_tests::an_unmap_supersedes_the_cow_receipts_naming_its_range_first ... ok
test trap::task_only_carrier_directory_tests::bind_frame_cow_authenticates_and_drains_pending_receipts ... ok
test trap::task_only_carrier_directory_tests::buried_alias_owner_retires_without_clobbering_successor ... ok
test trap::task_only_carrier_directory_tests::carrier_keys_are_exact_nonreused_and_terminal_retirement_rolls_back ... ok
test trap::task_only_carrier_directory_tests::carrier_token_is_rejected_by_a_different_directory_instance ... ok
test trap::task_only_carrier_directory_tests::committed_child_requires_fresh_exact_kernel_cow_binding ... ok
test trap::task_only_carrier_directory_tests::cow_retention_physical_index_does_not_scan_foreign_alias_rows ... ok
test trap::task_only_carrier_directory_tests::delayed_old_cow_alias_cleanup_cannot_remove_reused_generation ... ok
test trap::task_only_carrier_directory_tests::duplicate_core_key_rejects_different_linux_metadata ... ok
test trap::task_only_carrier_directory_tests::empty_pending_fork_frame_publication_needs_no_authority_and_emits_nothing ... ok
test trap::task_only_carrier_directory_tests::exact_owner_cleanup_does_not_scan_foreign_physical_extents ... ok
test trap::task_only_carrier_directory_tests::exclusive_rebind_retires_predecessor_authority ... ok
test trap::task_only_carrier_directory_tests::exec_predecessor_authority_retires_without_aborting_active_drop ... ok
test trap::task_only_carrier_directory_tests::exhausted_nonce_aborts_prepared_authority_before_visibility ... ok
test trap::task_only_carrier_directory_tests::exit_cost_is_bounded_by_own_rows ... ok
test trap::task_only_carrier_directory_tests::external_unregister_and_clear_invalidate_owned_versions ... ok
test trap::task_only_carrier_directory_tests::external_writer_between_owned_versions_becomes_effective_base ... ok
test trap::task_only_carrier_directory_tests::injected_alias_and_directory_failures_rollback_before_visibility ... ok
test trap::task_only_carrier_directory_tests::inventory_phase_is_process_owned_and_exactly_ordered ... ok
test trap::task_only_carrier_directory_tests::only_a_non_owning_authority_reports_a_shared_process_inventory ... ok
test trap::task_only_carrier_directory_tests::owner_exec_hands_active_inventory_to_live_clone_vm_sharer ... ok
test trap::task_only_carrier_directory_tests::pending_fork_frame_authentication_false_and_error_paths_fail_closed ... ok
test trap::task_only_carrier_directory_tests::pending_fork_frame_publication_authenticates_and_drains_exactly_once ... ok
test trap::task_only_carrier_directory_tests::prepared_abort_rolls_back_inventory_before_dropping_carrier_leases ... ok
test trap::task_only_carrier_directory_tests::prepared_task_authority_rejects_half_a_cow_authority ... ok
test trap::task_only_carrier_directory_tests::private_cow_retention_query_ignores_global_and_removed_wide_rows ... ok
test trap::task_only_carrier_directory_tests::process_descriptor_lease_retires_while_host_backing_is_live ... ok
test trap::task_only_carrier_directory_tests::repeated_alias_key_exhaustion_is_preflighted_without_partial_publication ... ok
test trap::task_only_carrier_directory_tests::retiring_one_owner_does_not_scan_foreign_alias_rows ... ok
test trap::task_only_carrier_directory_tests::root_parent_shared_process_interns_by_exact_kernel_mm_without_parent_row ... ok
test trap::task_only_carrier_directory_tests::runtime_task_receipt_copy_drains_without_discharging_mm_authority ... ok
test trap::task_only_carrier_directory_tests::shared_mm_retires_carrier_before_final_task_authority ... ok
test trap::task_only_carrier_directory_tests::shared_process_activation_has_no_process_inventory_transaction ... ok
test trap::task_only_carrier_directory_tests::shared_process_authority_preserves_the_exact_mm_access_arc ... ok
test trap::task_only_carrier_directory_tests::unregister_alias_does_not_scan_foreign_owners ... ok
test trap::task_only_carrier_directory_tests::unregister_alias_matches_full_snapshot_invalidation ... ok
test trap::task_only_carrier_directory_tests::unregister_last_alias_does_not_rebuild_earlier_exact_rows ... ok
test trap::task_only_carrier_directory_tests::unregister_leaves_a_row_that_begins_at_the_unmap_end_untouched ... ok
test trap::task_only_carrier_directory_tests::unregister_one_alias_costs_the_same_at_any_mm_size ... ok
test trap::task_only_carrier_directory_tests::window_indexed_lookups_match_a_full_scan ... ok
test trap::thread_sibling_tests::decodes_el0_counter_register_traps ... ok
test trap::thread_sibling_tests::fake_stage1_checked_write_rejects_readonly_tail_without_partial_write ... ok
test trap::thread_sibling_tests::fake_stage1_copy_writes_tail_to_live_owner_backing ... ok
test trap::thread_sibling_tests::fd_ceiling_publication_activates_once_and_disable_is_permanent ... ok
test trap::thread_sibling_tests::global_frame_futex_resolves_raw_backing_ipa_not_semantic_va ... ok
test trap::thread_sibling_tests::guest_copy_chunks_reselect_stage1_owner_across_alias_boundary ... ok
test trap::thread_sibling_tests::high_va_mapping_lookup_prefers_stage1_ipa_owner_over_newer_va_overlap ... ok
test trap::thread_sibling_tests::mailbox_route_rejects_unrelated_retired_row_at_recycled_ipa ... ok
test trap::thread_sibling_tests::mapping_lookup_falls_back_to_newest_overlap_without_stage1_ipa ... ok
test trap::thread_sibling_tests::neutral_persistent_worker_resolves_slot_zero_only_from_carrier_mappings ... ok
test trap::thread_sibling_tests::persistent_carrier_authority_outlives_terminal_task_cleanup_and_drops_stage2_first ... ok
test trap::thread_sibling_tests::persistent_carrier_mapping_drop_after_exact_custody_destroy_skips_live_unmap ... ok
test trap::thread_sibling_tests::persistent_worker_invariant_configuration_is_complete_and_audited ... ok
test trap::thread_sibling_tests::raw_ipa_lookup_selects_rebased_mm_global_frame_backing ... ok
test trap::thread_sibling_tests::shared_futex_route_skips_private_row_at_recycled_ipa ... ok
test trap::thread_sibling_tests::shared_mm_task_projection_preserves_structural_owner ... ok
test trap::thread_sibling_tests::thread_mapping_descriptor_preserves_shared_mapping_metadata ... ok
test trap::thread_sibling_tests::zero_copy_declines_cross_fragment_stage1_range ... ok
test trap::transport_test::transport_exit_overhead_contract ... ok
test trap::transport_test::transport_published_non_svc_request_fails_closed ... ok
test trap::vcpu_admission::vcpu_lifetime_tests::vcpus_live_for_the_vm_lifetime ... ok
test trap::vcpu_admission::vm_create_admission_tests::acquire_cannot_leave_an_unowned_count ... ok
test trap::vcpu_admission::vm_create_admission_tests::atomic_permit_enabled_from_env_defaults_to_atomic ... ok
test trap::vcpu_admission::vm_create_admission_tests::concurrent_acquire_never_over_admits_past_budget ... ok
test trap::vcpu_admission::vm_create_admission_tests::cooperative_release_atomic_permit_is_noop_on_flock_path ... ok
test trap::vcpu_admission::vm_create_admission_tests::cooperative_release_frees_owned_slots_and_is_idempotent ... ok
test trap::vcpu_admission::vm_create_admission_tests::cooperative_release_is_idempotent_with_vcpu_destroyed ... ok
test trap::vcpu_admission::vm_create_admission_tests::execve_rebuild_extra_release_would_be_a_harmless_but_pointless_noop ... ok
test trap::vcpu_admission::vm_create_admission_tests::execve_rebuild_releases_pre_exec_permit_and_acquires_nothing_new ... ok
test trap::vcpu_admission::vm_create_admission_tests::global_permit_budget_depends_on_admission_kind ... ok
test trap::vcpu_admission::vm_create_admission_tests::global_permit_retries_back_off_to_cap ... ok
test trap::vcpu_admission::vm_create_admission_tests::mn_budget_uses_physical_cores_but_never_exceeds_hvf_cap ... ok
test trap::vcpu_admission::vm_create_admission_tests::no_resources_backpressure_bounds_out_when_host_is_full ... ok
test trap::vcpu_admission::vm_create_admission_tests::no_resources_backpressure_never_parks_on_other_errors ... ok
test trap::vcpu_admission::vm_create_admission_tests::no_resources_backpressure_recovers_after_transient ... ok
test trap::vcpu_admission::vm_create_admission_tests::permit_table_is_the_arena_permit_section ... ok
test trap::vcpu_admission::vm_create_admission_tests::region_address_is_inherited_across_fork ... ok
test trap::vcpu_admission::vm_create_admission_tests::release_is_generation_checked ... ok
test trap::vcpu_admission::vm_create_admission_tests::resource_growing_vm_creation_uses_global_permit ... ok
test trap::vcpu_admission::vm_create_admission_tests::vcpu_destroyed_of_unregistered_vcpu_does_not_release_a_permit ... ok
test trap::vcpu_admission::vm_create_admission_tests::vm_residency_record_release_roundtrip_on_test_region ... ok
test trap::vcpu_admission::vm_create_admission_tests::vm_residency_region_is_the_arena_vm_slots_section ... ok
test trap::vcpu_topology::tests::a_create_after_the_first_run_is_a_violation ... ok
test trap::vcpu_topology::tests::a_creation_rolled_back_before_any_run_may_destroy ... ok
test trap::vcpu_topology::tests::a_destroy_while_the_topology_runs_is_a_violation_at_every_site ... ok
test trap::vcpu_topology::tests::a_generation_creates_before_its_first_run_and_destroys_at_teardown ... ok
test trap::vcpu_topology::tests::nothing_is_admitted_without_a_vm ... ok
test trap::vcpu_topology::tests::the_retired_initial_runner_hand_off_violates_the_topology ... ok
test trap::virtual_irq_line_tests::kick_irq_asserts_the_sdk_irq_line ... ok
test vcpu_kick::tests::register_unregister_is_consistent ... ok
test vcpu_kick::tests::signal_pump_handle_stops_without_live_vcpus ... ok
test vcpu_kick::tests::signal_pump_stop_is_bounded_when_wake_is_lost ... ok
test vcpu_kick::tests::wake_pump_does_not_repeat_unchanged_process_pending_on_spurious_edge ... ok
test vcpu_kick::tests::wake_pump_parks_when_thread_pending_remains_undeliverable ... ok
test vcpu_kick::tests::wake_pump_reconciles_pending_when_start_replaces_old_pipe ... ok
test vcpu_kick::tests::wake_pump_reconciles_process_pending_published_before_start ... ok
test vcpu_kick::tests::wake_pump_reconciles_xsignal_published_before_start ... ok
test vcpu_kick::tests::wake_pump_retries_only_vcpus_still_executing_guest_code ... ok

test result: ok. 564 passed; 0 failed; 3 ignored; 0 measured; 0 filtered out; finished in 12.02s

   Compiling carrick-runtime v0.1.0 (/Users/tjfontaine/.codex/worktrees/el1-completion/carrick/crates/carrick-runtime)
    Finished `test` profile [unoptimized + debuginfo] target(s) in 1.24s
     Running tests/integration/main.rs (target/debug/deps/integration-c4e62132181cc038)

running 71 tests
test oci_layout::rejects_unsafe_digests_for_blob_paths ... ok
test io_wait::kqueue_wait_still_observes_readable_socket_with_listener_write_interest ... ok
test syscall_net_epoll::epoll_edge_triggered_eventfd_reports_only_new_readiness ... ok
test syscall_net_epoll::epoll_et_read_growth_does_not_rearm_latched_read_level ... ok
test syscall_net_epoll::close_of_added_fd_auto_removes_it_from_epoll_interest ... ok
test syscall_net_epoll::blocking_eventfd_read_waits_until_writer_updates_counter ... ok
test syscall_net_epoll::epoll_edge_triggered_ready_overflow_is_returned_on_next_wait ... ok
test syscall_net_epoll::epoll_event_matches_aarch64_c_abi_layout ... ok
test syscall_net_epoll::epoll_latched_eof_hup_disarms_kqueue_and_leaves_fd_not_readable ... ok
test syscall_net_epoll::epoll_reports_eventfd_readiness_with_packed_events ... ok
test syscall_net_epoll::epoll_timed_wait_blocks_after_edge_event_was_already_reported ... ok
test syscall_net_epoll::epoll_latched_host_edge_parks_on_kqueue_edge_not_timeout_backstop ... ok
test syscall_net_epoll::epoll_reports_timerfd_readiness_with_packed_event ... ok
test syscall_net_epoll::eventfd2_read_write_round_trip_uses_packed_counter ... ok
test syscall_net_epoll::epoll_waits_on_host_backed_edge_interests_when_no_event_is_ready ... ok
test syscall_net_epoll::fcntl_getpipe_size_reports_bootstrap_pipe_capacity ... ok
test syscall_net_epoll::fionread_and_fionbio_bootstrap_succeed_for_valid_fds ... ok
test syscall_net_epoll::fionbio_updates_pipe_status_flags_and_host_nonblocking_mode ... ok
test syscall_net_epoll::pipe2_duplicate_writer_keeps_pipe_open_until_all_writers_close ... ok
test syscall_net_epoll::epoll_wakes_accepted_socket_after_peer_write ... ok
test syscall_net_epoll::pipe2_writes_packed_fd_pair_and_round_trips_bytes ... ok
test syscall_net_epoll::ppoll_reports_epoll_fd_readiness_when_registered_fd_is_ready ... ok
test syscall_net_epoll::ppoll_reports_eventfd_pipe_and_invalid_fd_readiness ... ok
test syscall_net_epoll::pselect6_invalid_fd_returns_ebadf ... ok
test syscall_net_epoll::pselect6_empty_zero_timeout_returns_without_wait_handoff ... ok
test syscall_net_epoll::siocgifname_on_socket_maps_interface_index_to_name ... ok
test syscall_net_epoll::pselect6_reports_eventfd_pipe_and_write_readiness ... ok
test syscall_net_epoll::timerfd_gettime_writes_packed_itimerspec_for_armed_timer ... ok
test syscall_net_epoll::x86_64_epoll_uses_packed_event_layout ... ok
test syscall_net_epoll::timerfd_settime_read_round_trip_uses_packed_records ... ok
test syscall_signal::fasync_self_owner_delivers_io_signal_to_sigtimedwait ... ok
test syscall_net_epoll::threaded_epoll_wait_wakes_when_peer_thread_writes_to_accepted_socket ... ok
test syscall_signal::kill_tkill_tgkill_validate_logical_targets_and_queue_exact_thread_signals ... ok
test syscall_net_epoll::pipe2_fd_fill_fails_fast_with_emfile ... ok
test syscall_signal::rt_sigaction_sig_dfl_resets_host_disposition_for_job_control ... ok
test syscall_signal::rt_sig_family_bootstrap_validates_args_and_returns_sensible_errnos ... ok
test syscall_signal::rt_sigsuspend_applies_mask_then_returns_eintr_on_pending_signal ... ok
test syscall_signal::rt_signal_stubs_zero_old_state ... ok
test syscall_signal::rt_sigsuspend_restores_nondefault_mask_when_no_handler_runs ... ok
test syscall_signal::rt_sigsuspend_stays_parked_for_pending_default_ignored_sigchld ... ok
test syscall_thread::clone_thread_variant_exists ... ok
test syscall_signal::sigaltstack_bootstrap_zeroes_old_stack_and_validates_new ... ok
test syscall_thread::clone_fork_flags_still_fork ... ok
test syscall_signal::rt_sigtimedwait_writes_full_siginfo_from_queued_payload ... ok
test syscall_signal::signalfd_read_drains_pending_masked_signals ... ok
test syscall_thread::clone_with_pthread_flags_emits_clone_thread ... ok
test syscall_thread::futex_requeue_private_no_waiters_returns_zero ... ok
test syscall_thread::futex_cmp_requeue_matching_val3_no_waiters_returns_zero ... ok
test syscall_thread::futex_trylock_pi_private_owned_by_self_is_deadlock ... ok
test syscall_thread::futex_lock_pi_private_uncontended_records_owner_tid ... ok
test syscall_thread::futex_unlock_pi_private_owned_by_self_clears_word ... ok
test syscall_thread::futex_wait_matching_value_blocks_via_outcome ... ok
test syscall_thread::futex_wake_returns_count_and_advances_table ... ok
test syscall_thread::futex_wait_value_mismatch_returns_eagain ... ok
test syscall_thread::sched_getparam_accepts_live_sibling_tid ... ok
test syscall_thread::gettid_returns_per_thread_tid_not_pid ... ok
test syscall_thread::sched_getscheduler_accepts_live_sibling_tid ... ok
test syscall_thread::sched_getscheduler_unknown_sibling_tid_is_esrch ... ok
test syscall_thread::tgkill_to_self_raises_locally ... ok
test syscall_thread::set_tid_address_records_clear_child_tid_and_returns_tid ... ok
test syscall_thread::thread_exit_variant_exists ... ok
test syscall_thread::tgkill_to_masked_sibling_queues_without_signalthread ... ok
test syscall_thread::tgkill_to_retired_sibling_returns_esrch_before_runtime_withdrawal ... ok
test syscall_thread::tgkill_to_sibling_emits_signalthread ... ok
test syscall_thread::tgkill_to_sibling_uses_kernel_pending_without_siginfo_sidecar ... ok
test syscall_thread::tkill_to_unknown_tid_is_esrch ... ok
test io_wait::kqueue_wait_wakes_when_peer_writes_after_registration ... ok
test syscall_net_epoll::epoll_et_unread_data_does_not_spin_and_waits_for_next_edge ... ok
test oci_layout::normalizes_short_docker_hub_references ... ok
test oci_layout::computes_content_addressed_storage_paths ... ok
test oci_layout::loads_pull_summary_from_image_store ... ok

test result: ok. 71 passed; 0 failed; 0 ignored; 0 measured; 0 filtered out; finished in 0.16s

    Finished `test` profile [unoptimized + debuginfo] target(s) in 0.15s
     Running tests/integration/main.rs (target/debug/deps/integration-4d11b9df745ecee9)

running 242 tests
test address_space::zero_fills_memory_past_file_backing ... ok
test compat_report::aggregates_unhandled_syscalls_by_name_and_number ... ok
test address_space::rejects_overlapping_regions ... ok
test compat_report::renders_machine_parseable_json ... ok
test compat_report::syscall_entry_name_is_borrowed_not_allocated ... ok
test concurrency_contracts::dispatcher_and_reporter_are_send_sync ... ok
test compat_report::summary_counts_invocations_and_distinct_categories ... ok
test address_space::builds_linux_initial_stack_with_argv_envp_and_auxv ... ok
test concurrency_contracts::compat_reporter_records_from_shared_threads ... ok
test address_space::load_elf_from_host_maps_pt_interp_at_base_and_sets_at_base ... ok
test address_space::load_elf_from_rootfs_maps_pt_interp_at_base_and_sets_at_base ... ok
test concurrency_contracts::shared_dispatcher_routes_sibling_thread_signals ... ok
test concurrency_contracts::shared_dispatcher_reports_unknown_syscalls_without_serialized_fallback ... ok
test concurrency_contracts::shared_dispatcher_services_execve_request_without_serialized_fallback ... ok
test address_space::dispatcher_can_write_from_loaded_guest_memory ... ok
test concurrency_contracts::shared_dispatcher_services_readonly_fs_state ... ok
test concurrency_contracts::shared_dispatcher_services_memory_state ... ok
test concurrency_contracts::shared_dispatcher_opens_rootfs_file_without_serialized_fallback ... ok
test concurrency_contracts::shared_dispatcher_services_fd_table_open_read_close ... ok
test concurrency_contracts::shared_dispatcher_services_process_state ... ok
test concurrency_contracts::shared_dispatcher_services_stdio_write_buffers ... ok
test concurrency_contracts::shared_dispatcher_services_nested_pipe_redirect_syscalls ... ok
test concurrency_contracts::shared_dispatcher_services_syscalls_from_multiple_host_threads ... ok
test elf_inspector::creates_load_plan_for_pt_load_segments ... ok
test elf_inspector::inspects_minimal_aarch64_linux_elf ... ok
test elf_inspector::load_plan_derives_linux_auxv_program_header_metadata ... ok
test concurrency_contracts::shared_dispatcher_services_thread_lifecycle_syscalls ... ok
test concurrency_contracts::shared_dispatcher_services_thread_registry_and_futex_syscalls ... ok
test public_backend_surface::a_backend_boots_a_root_and_forks_through_public_kernel_operations ... ok
test elf_inspector::rejects_non_elf_input ... ok
test concurrency_contracts::shared_dispatcher_services_credential_state ... ok
test public_backend_surface::the_carrier_process_double_is_usable_through_the_trait_from_outside ... ok
test rootfs_overlay::applies_oci_whiteout_files ... ok
test rootfs_overlay::rejects_paths_that_escape_root ... ok
test rootfs_overlay::reads_file_from_uppermost_layer ... ok
test rootfs_overlay::read_link_preserves_symlink_target_text ... ok
test rootfs_overlay::applies_opaque_directory_whiteout ... ok
test public_backend_surface::hal_null_bridges_boot_a_dispatcher_that_serves_a_syscall ... ok
test rootfs_overlay::symlink_with_parent_dir_in_target_resolves_across_layers ... ok
test rootfs_overlay::follows_relative_symlinks_within_rootfs ... ok
test rootfs_streaming::rejects_path_escape ... ok
test rootfs_streaming::extracts_file_dir_symlink_with_mode ... ok
test rootfs_streaming::later_layer_overrides_and_whiteout_deletes ... ok
test syscall_creds::capget_writes_docker_default_capability_sets ... ok
test syscall_creds::capset_accepts_empty_sets_and_rejects_nonempty_sets ... ok
test rootfs_streaming::skips_special_file ... ok
test syscall_creds::membarrier_query_reports_supported_commands ... ok
test syscall_creds::personality_query_and_set_round_trip_bootstrap_flags ... ok
test rootfs_streaming::opaque_whiteout_clears_dir ... ok
test syscall_creds::getcpu_writes_bootstrap_cpu_and_numa_node ... ok
test syscall_creds::futex_wait_and_wake_cover_bootstrap_private_operations ... ok
test syscall_creds::prctl_handles_bootstrap_process_controls ... ok
test syscall_creds::getrusage_bootstrap_zeros_rusage_for_self_and_validates_who ... ok
test syscall_creds::prlimit64_writes_packed_rlimit ... ok
test syscall_creds::prlimit64_and_getrlimit_round_trip_per_resource ... ok
test syscall_creds::rseq_reports_clean_bootstrap_fallback ... ok
test syscall_creds::set_tid_address_and_robust_list_are_bootstrap_successes ... ok
test syscall_creds::prctl_no_new_privs_keepcaps_subreaper_timerslack_round_trip ... ok
test syscall_creds::scheduler_bootstrap_yields_and_writes_current_affinity ... ok
test syscall_creds::process_identity_syscalls_return_bootstrap_ids ... ok
test syscall_creds::uname_writes_packed_linux_utsname ... ok
test syscall_creds::setpriority_getpriority_round_trip_reports_kernel_abi_nice ... ok
test syscall_fs_dir::getdents64_lists_rootfs_directory_entries ... ok
test syscall_creds::umask_setpriority_getpriority_sysinfo_bootstrap_stubs ... ok
test syscall_fs_dir::bind_mount_directory_inotify_reports_child_file_write_name ... ok
test syscall_fs_dir::bind_mount_directory_inotify_reports_created_child_name ... ok
test syscall_fs_dir::inotify_init1_splits_status_and_descriptor_flags ... ok
test syscall_fs_dir::bind_mount_create_stamps_guest_owner_on_files_and_directories ... ok
test syscall_fs_dir::inotify_init_add_watch_read_dispatch_plumbing ... ok
test syscall_fs_dir::inotify_add_watch_under_bind_mount_uses_host_vnode ... ok
test syscall_fs_dir::bind_mount_cwd_relative_stat_open_mkdir_and_inotify_use_host_tree ... ok
test syscall_fs_dir::linkat_reports_eexist_enoent_and_links_into_writable_overlay ... ok
test syscall_fs_dir::mkdirat_returns_eexist_for_known_paths_and_creates_in_overlay_otherwise ... ok
test syscall_fs_dir::renameat_renames_known_sources_into_overlay_and_enoent_otherwise ... ok
test syscall_fs_dir::renameat2_exchange_swaps_content_and_rejects_invalid_flag_combos ... ok
test syscall_fs_dir::mknodat_returns_eexist_for_known_paths_and_creates_in_overlay_otherwise ... ok
test syscall_fs_dir::host_overlay_directory_inotify_reports_created_child_name ... ok
test syscall_fs_dir::renameat_under_bind_mount_moves_host_entries ... ok
test syscall_fs_dir::symlinkat_bootstrap_reports_eexist_for_known_links_and_erofs_for_new_paths ... ok
test syscall_fs_dir::symlinkat_and_readlinkat_under_bind_mount_use_host_tree ... ok
test syscall_fs_dir::linkat_and_unlinkat_under_bind_mount_use_host_tree ... ok
test syscall_fs_dir::unlinkat_removes_files_on_overlay_and_validates_directory_kind ... ok
test syscall_fs_dir::mkdirat_under_bind_mount_creates_host_directory_for_openat_children ... ok
test syscall_fs_meta::fchmod_and_fchmodat_succeed_on_writable_overlay_and_validate_args ... ok
test syscall_fs_meta::dev_fd_opens_descriptor_like_proc_self_fd ... ok
test syscall_fs_meta::chmod_and_fchmod_under_bind_mount_update_host_mode ... ok
test syscall_fs_meta::fchown_and_fchownat_succeed_on_writable_overlay_and_validate_args ... ok
test syscall_fs_meta::fallocate_grows_open_files_on_writable_overlay_and_validates_arguments ... ok
test syscall_fs_meta::ftruncate_bootstrap_rejects_streams_and_read_only_rootfs_fds ... ok
test syscall_fs_meta::ftruncate_rejects_unbounded_in_memory_file_growth ... ok
test syscall_fs_meta::guest_can_override_synthetic_etc_services_via_unlink_then_recreate ... ok
test syscall_fs_meta::fchownat_at_empty_path_records_owner_like_fchown ... ok
test syscall_fs_meta::missing_sys_file_records_compat_report_entry ... ok
test syscall_fs_meta::missing_proc_file_records_compat_report_entry ... ok
test syscall_fs_meta::non_root_chown_under_bind_mount_to_root_returns_eperm ... ok
test syscall_fs_meta::proc_self_fd_readlink_synthesizes_anon_inode_target ... ok
test syscall_fs_meta::proc_self_fdinfo_renders_pos_flags_ino ... ok
test syscall_fs_meta::openat_reads_synthetic_proc_maps_and_cpuinfo ... ok
test syscall_fs_meta::proc_self_fd_directory_lists_open_fds ... ok
test syscall_fs_meta::proc_self_auxv_refreshes_when_image_state_is_updated ... ok
test syscall_fs_meta::synthetic_proc_files_write_regular_packed_stat_records ... ok
test syscall_fs_meta::proc_self_oom_score_adj_is_writable ... ok
test syscall_fs_meta::proc_self_magic_links_readlink_and_lstat ... ok
test syscall_fs_meta::readlinkat_reads_rootfs_symlink_target_without_nul ... ok
test syscall_fs_meta::root_chown_under_bind_mount_records_guest_owner_without_host_chown ... ok
test syscall_fs_meta::truncate_bootstrap_returns_erofs_for_known_paths_and_enoent_for_missing ... ok
test syscall_fs_meta::readlinkat_reports_synthetic_proc_self_exe ... ok
test syscall_fs_meta::xattr_family_dispatches_per_target_on_in_memory_backend ... ok
test syscall_fs_meta::utimensat_sets_times_on_writable_overlay_and_validates_timestamps ... ok
test syscall_fs_meta::synthetic_proc_surface_serves_common_process_and_system_files ... ok
test syscall_fs_open::dup3_installs_requested_fd_and_cloexec_is_per_descriptor ... ok
test syscall_fs_meta::utimensat_under_bind_mount_updates_host_times ... ok
test syscall_fs_open::fcntl_on_bare_stdio_succeeds_not_ebadf ... ok
test syscall_fs_open::fcntl_gets_and_sets_descriptor_and_status_flags ... ok
test syscall_fs_open::fcntl_async_io_setup_retains_o_async_and_round_trips_owner_and_sig ... ok
test syscall_fs_open::close_range_frees_pty_master_entry ... ok
test syscall_fs_open::dup_shares_rootfs_file_offset_with_original_fd ... ok
test syscall_fs_open::fcntl_setlease_wrlck_conflicts_with_a_second_opener ... ok
test syscall_fs_open::ioctl_tcgets2_is_recognized_and_mirrors_tcgets ... ok
test syscall_fs_meta::synthetic_sys_surface_serves_common_cpu_and_mm_files ... ok
test syscall_fs_open::flock_accepts_bootstrap_advisory_locks_on_open_files ... ok
test syscall_fs_open::memory_overlay_open_uses_single_backend_snapshot_for_shared_file ... ok
test syscall_fs_open::ioctl_writes_packed_winsize_and_reports_unknown_requests ... ok
test syscall_fs_open::memory_overlay_regular_open_skips_fifo_probe_when_backend_cannot_have_fifos ... ok
test syscall_fs_open::open_o_tmpfile_creates_anonymous_writable_file ... ok
test syscall_fs_open::memory_overlay_regular_open_skips_legacy_kind_lookups ... ok
test syscall_fs_open::open_o_tmpfile_materializes_via_proc_self_fd_linkat ... ok
test syscall_fs_open::openat_read_close_round_trip_through_rootfs_fd ... ok
test syscall_fs_open::ioctl_tcgets_writes_default_termios_for_stdio_and_enotty_for_files ... ok
test syscall_fs_open::openat_missing_rootfs_file_returns_enoent ... ok
test syscall_fs_open::openat2_reads_open_how_and_opens_readonly_rootfs_paths ... ok
test syscall_fs_open::open_o_tmpfile_materialize_preserves_setuid_setgid_host_backend ... ok
test syscall_fs_open::small_write_to_large_overlay_file_does_not_rewrite_whole_file ... ok
test syscall_fs_open::tiocgpgrp_on_real_tty_uses_host_value_not_bootstrap ... ok
test syscall_fs_open::tiocgsid_on_real_tty_uses_host_value_not_bootstrap ... ok
test syscall_fs_open::tiocspgrp_on_real_tty_calls_host_not_fake ... ok
test syscall_fs_open::tty_ioctls_handle_pgrp_sid_and_controlling_terminal_calls ... ok
test syscall_fs_pty::ptmx_tiocgptn_returns_index_and_tcgets_succeeds ... ok
test syscall_fs_open::x86_private_dup2_installs_requested_fd_and_allows_same_fd_noop ... ok
test syscall_fs_pty::tiocswinsz_on_pty_master_succeeds_via_slave ... ok
test syscall_fs_pty::pty_master_slave_data_roundtrip ... ok
test syscall_fs_pty::closing_ptmx_master_removes_pts_entry ... ok
test syscall_fs_rw::copy_file_range_uses_darwin_fast_path_for_whole_host_files ... ok
test syscall_fs_rw::f_getfl_strips_creation_only_open_flags ... ok
test syscall_fs_rw::lseek_repositions_rootfs_file_reads ... ok
test syscall_fs_rw::pread64_reads_from_offset_without_changing_file_offset ... ok
test syscall_fs_rw::fsync_family_flushes_host_backed_files ... ok
test syscall_fs_rw::pwritev_bootstrap_validates_iovecs_and_reports_stream_errors ... ok
test syscall_fs_rw::pwrite64_bootstrap_returns_espipe_for_streams_and_ebadf_for_rootfs_fds ... ok
test syscall_fs_rw::preadv_reads_from_offset_across_iovecs_without_changing_file_offset ... ok
test syscall_fs_rw::pwritev_host_file_falls_back_to_staging_when_any_iovec_lacks_host_ptr ... ok
test syscall_fs_rw::preadv_host_file_preserves_offset_with_borrowed_iovecs ... ok
test syscall_fs_rw::pwritev_host_file_uses_guest_host_ptrs_without_payload_reads ... ok
test syscall_fs_rw::pwritev_host_file_reports_efault_when_fallback_payload_is_unreadable ... ok
test syscall_fs_rw::readv_host_write_admission_failure_does_not_consume_file_input ... ok
test syscall_fs_rw::readv_host_file_falls_back_to_staging_when_any_iovec_lacks_host_ptr ... ok
test syscall_fs_rw::readv_host_file_uses_guest_host_ptrs_for_writable_iovecs ... ok
test syscall_fs_rw::readv_reads_host_pipe_across_packed_iovecs ... ok
test syscall_fs_rw::sendfile_copies_rootfs_file_to_stdout_and_updates_offset_pointer ... ok
test syscall_fs_rw::sendfile_without_offset_pointer_advances_file_offset_and_writes_pipe ... ok
test syscall_fs_rw::readv_reads_file_across_packed_iovecs ... ok
test syscall_fs_rw::sendfile_null_offset_advances_host_backed_file_across_calls ... ok
test syscall_fs_rw::splice_moves_bytes_between_rootfs_files_pipes_and_stdout ... ok
test syscall_fs_rw::write_syscall_reads_guest_memory_and_writes_stdout ... ok
test syscall_fs_rw::splice_moves_bytes_between_sockets_and_pipes ... ok
test syscall_fs_rw::writev_writes_host_pipe_from_packed_iovecs ... ok
test syscall_fs_rw::write_syscall_rejects_bad_guest_pointer_with_efault ... ok
test syscall_fs_rw::writev_writes_stdout_from_packed_iovecs ... ok
test syscall_fs_stat::cwd_and_access_syscalls_use_rootfs_state ... ok
test syscall_fs_rw::pwritev_host_file_reads_each_guest_iovec_once ... ok
test syscall_fs_stat::faccessat2_follows_dangling_symlinks_unless_nofollow_is_set ... ok
test syscall_fs_stat::faccessat2_dotdot_after_missing_intermediate_returns_enoent ... ok
test syscall_fs_stat::fstat_and_statx_empty_path_agree_for_anonymous_fd_kinds ... ok
test syscall_fs_stat::fstat_pty_reports_char_device ... ok
test syscall_fs_stat::fstatfs_writes_packed_linux_statfs_for_open_fd ... ok
test syscall_fs_stat::faccessat2_supports_bootstrap_access_flags_and_fd_checks ... ok
test syscall_fs_stat::newfstatat_and_fstat_write_typed_linux_stat ... ok
test syscall_fs_stat::statfs_writes_packed_linux_statfs_for_rootfs_path ... ok
test syscall_fs_stat::statx_writes_basic_rootfs_fd_and_symlink_metadata ... ok
test syscall_fs_stat::x86_stat_writes_x8664_stat_layout ... ok
test syscall_mem::brk_tracks_heap_within_runtime_arena ... ok
test syscall_fs_stat::host_overlay_statfs_and_fstatfs_report_the_backing_volume ... ok
test syscall_mem::linear_memory_bounds_reads ... ok
test syscall_fs_stat::host_stat_following_symlink_reports_target_inode ... ok
test syscall_mem::madvise_dontdump_and_dodump_are_accepted_and_flip_the_vma_dump_policy ... ok
test syscall_mem::dispatcher_mmap_uses_configured_16k_linux_page_size ... ok
test syscall_fs_rw::sendfile_host_files_completes_a_request_larger_than_the_staging_buffer ... ok
test syscall_mem::mm_lock_msync_mincore_stubs_validate_args_and_succeed ... ok
test syscall_mem::mmap_anonymous_fixed_mapping_zeroes_guest_memory_and_mprotect_munmap_are_noops ... ok
test syscall_mem::mmap_non_fixed_hint_does_not_overlap_existing_bump_allocation ... ok
test syscall_mem::mmap_anonymous_reservations_fit_in_runtime_arena ... ok
test syscall_mem::mmap_out_of_bounds_hint_relocated_advisory ... ok
test syscall_mem::mmap_maps_file_bytes_into_guest_memory_arena ... ok
test syscall_mem::madvise_accepts_common_advice_for_mapped_ranges ... ok
test syscall_mem::mmap_without_hint_uses_next_page_granular_address ... ok
test syscall_mem::mmap_rejects_unknown_map_flag_bits ... ok
test syscall_net_tcp::ipv6_multicast_if_index_zero_is_accepted_and_reads_back ... ok
test syscall_mem::mremap_bootstrap_accepts_shrinking_and_rejects_growth_with_enomem ... ok
test syscall_mem::mremap_rounds_old_size_to_configured_16k_linux_page_size_when_moving ... ok
test syscall_mem::mprotect_rounds_length_to_configured_16k_linux_page_size ... ok
test syscall_net_tcp::netlink_getsockopt_so_type_reports_guest_type_not_hardcoded_raw ... ok
test syscall_net_tcp::signalfd4_and_tee_return_einval_not_enosys_stub ... ok
test syscall_net_tcp::so_reuseport_and_bufsize_report_guest_values_not_host_widening ... ok
test syscall_net_tcp::socket_syscalls_dispatch_to_real_host_handlers ... ok
test syscall_net_tcp::loopback_tcp_echo_round_trip ... ok
test syscall_net_unix::epoll_del_of_one_dup_keeps_readiness_for_the_shared_host_socket ... ok
test syscall_net_unix::msg_more_and_cork_coalescing ... ok
test syscall_net_unix::getsockopt_so_peercred_returns_linux_ucred_from_local_peercred ... ok
test syscall_net_unix::so_passcred_set_get_round_trips ... ok
test syscall_net_unix::so_peercred_unrecorded_peer_returns_fallback_zeros_and_all_ones ... ok
test syscall_net_unix::unix_connect_checks_guest_path_before_host_hash_path ... ok
test syscall_net_unix::getsockname_returns_the_guest_unix_path_not_the_host_translation ... ok
test syscall_net_unix::unix_relative_socket_getsockname_can_be_chmodded ... ok
test syscall_net_unix::unix_pathname_stream_listener_accepts_local_client ... ok
test syscall_table::aarch64_syscall_table_is_sorted_for_binary_search ... ok
test syscall_net_unix::unix_bind_existing_guest_socket_path_returns_eaddrinuse ... ok
test syscall_table::authority_partition_matches_host_boundary_rules ... ok
test syscall_table::bringup_manifest_entries_have_a_handler_owner ... ok
test syscall_table::manifest_records_group_handler_and_compatibility_notes ... ok
test syscall_net_unix::unix_relative_socket_under_bind_mount_can_be_chmodded ... ok
test syscall_table::unknown_syscalls_are_explicit ... ok
test syscall_table::names_linux_aarch64_bringup_syscalls ... ok
test syscall_fs_dir::bind_mount_repeated_relative_stat_after_guest_mkdir_uses_host_tree ... ok
test syscall_time::clock_gettime_writes_packed_linux_timespec ... ok
test syscall_time::clock_nanosleep_accepts_relative_and_absolute_timespecs ... ok
test syscall_time::adjtimex_and_clock_adjtime_return_eperm ... ok
test syscall_time::clock_getres_writes_packed_linux_timespec ... ok
test syscall_time::clock_settime_bootstrap_returns_eperm_before_validating_arguments ... ok
test syscall_time::nanosleep_accepts_packed_timespec_and_rejects_invalid_inputs ... ok
test syscall_time::gettimeofday_writes_packed_linux_timeval_and_timezone ... ok
test syscall_time::getitimer_setitimer_bootstrap_validate_args_and_zero_output ... ok
test syscall_time::relative_sleeps_carry_remaining_time_pointer_for_eintr ... ok
test syscall_time::times_bootstrap_writes_tms_and_returns_monotonic_clock ... ok
test syscall_time::timer_create_rejects_thread_cpu_sigev_thread_id ... ok
test syscall_time::sysinfo_reports_uptime_not_epoch_time ... ok
test syscall_time::timer_create_accepts_thread_cpu_sigev_thread_id_for_same_process_thread ... ok
test syscall_table::dispatch_declares_no_abi_constants ... ok
test syscall_fs_open::small_write_to_large_rootfs_file_does_not_copy_up_whole_file ... ok
test syscall_fs_rw::sync_and_fsync_family_return_zero_for_valid_fds_and_ebadf_otherwise ... ok
test address_space::loaded_elf_initial_stack_can_report_16k_pages ... ok
test address_space::loads_static_linux_fixture_into_guest_address_space ... ok
test address_space::loaded_elf_initial_stack_includes_linux_auxv ... ok

test result: ok. 242 passed; 0 failed; 0 ignored; 0 measured; 0 filtered out; finished in 3.46s

    Finished `test` profile [unoptimized + debuginfo] target(s) in 0.15s
     Running tests/io_blocking_guard.rs (target/debug/deps/io_blocking_guard-aae8a54c1cfecf96)

running 1 test
test no_unguarded_blocking_host_io_in_dispatch ... ok

test result: ok. 1 passed; 0 failed; 0 ignored; 0 measured; 0 filtered out; finished in 0.02s

   Compiling carrick-runtime v0.1.0 (/Users/tjfontaine/.codex/worktrees/el1-completion/carrick/crates/carrick-runtime)
    Finished `test` profile [unoptimized + debuginfo] target(s) in 0.63s
     Running tests/syscall_process.rs (target/debug/deps/syscall_process-44da89d330409fe6)

running 9 tests
test syscall_request_can_be_built_from_a_raw_syscall ... ok
test unhandled_named_syscall_surfaces_by_name_in_compat_report ... ok
test privileged_op_stubs_return_eperm ... ok
test exit_syscall_requests_process_exit ... ok
test unknown_syscall_returns_enosys_and_records_report_entry ... ok
test job_control_queries_answer_from_the_kernel_graph ... ok
test seccomp_filter_blocks_the_targeted_syscall_with_errno ... ok
test exit_group_syscall_requests_process_exit ... ok
test getrandom_fills_guest_buffer ... ok

test result: ok. 9 passed; 0 failed; 0 ignored; 0 measured; 0 filtered out; finished in 0.01s

    Finished `test` profile [unoptimized + debuginfo] target(s) in 0.16s
   Doc-tests carrick_runtime

running 1 test
test crates/carrick-runtime/src/prepare.rs - prepare::PreparedRun::execute (line 827) - compile fail ... ok

test result: ok. 1 passed; 0 failed; 0 ignored; 0 measured; 0 filtered out; finished in 0.07s

   Compiling carrick-cli v0.1.0 (/Users/tjfontaine/.codex/worktrees/el1-completion/carrick/crates/carrick-cli)
    Finished `test` profile [unoptimized + debuginfo] target(s) in 4.94s
     Running tests/trace_profile.rs (target/debug/deps/trace_profile-ee47801ddc19971e)

running 26 tests
test amp1_rejects_a_truncated_capture ... ok
test amp1_rejects_a_program_digest_mismatch ... ok
test amp1_accepts_a_complete_amplification_capture ... ok
test amp1_rejects_a_wrong_backend_capture ... ok
test amp1_rejects_a_missing_drop_section ... ok
test amp1_rejects_a_declared_join_that_never_armed ... ok
test amp1_requires_a_qualified_terminal_roster_in_both_scopes ... ok
test completed_inotify_profile_accepts_original_workload_population ... ok
test completed_inotify_profile_is_listed ... ok
test amp1_accepts_the_inherited_service_ends_every_threaded_guest_produces ... ok
test completed_inotify_profile_rejects_incomplete_or_inconsistent_evidence ... ok
test hvpatch_alias_sharing_trace_fails_closed ... ok
test amp1_rejects_nonzero_drop_counters_from_either_source ... ok
test amp1_rejects_corrupt_amplification_records ... ok
test native_amplification_program_scopes_bounds_and_sections_are_pinned ... ok
HVPATCHALIAS validation: ok
test hvpatch_carrier_low_rate_requires_a_retained_raw_capture ... ok
test trace_profile_argument_relationships_are_enforced ... ok
test trace_profile_keeps_raw_and_summary_outputs_distinct ... ok
test hvpatch_carrier_low_rate_accepts_only_a_closed_complete_stack_population ... ok
test amplification_ledger_requires_the_in_band_consumer_drop_record ... ok
HVPATCHALIAS validation: incomplete companion capture
HVPATCHALIAS validation: missing or duplicate completion
HVPATCHALIAS validation: provider error
HVPATCHALIAS validation: timeout
test hvpatch_alias_sharing_saved_capture_validator_fails_closed ... ok
test amplification_ledger_publishes_a_canonical_ledger_from_an_authenticated_capture ... ok
test amplification_ledger_refuses_a_capture_that_is_not_evidence ... ok
test amplification_compare_reports_exact_zeros_for_identical_censuses ... ok
test amplification_compare_refuses_every_capture_determinant_drift ... ok
test amplification_ledger_publishes_deterministically_and_never_clobbers ... ok

test result: ok. 26 passed; 0 failed; 0 ignored; 0 measured; 0 filtered out; finished in 22.20s

   Compiling carrick-cli v0.1.0 (/Users/tjfontaine/.codex/worktrees/el1-completion/carrick/crates/carrick-cli)
    Finished `test` profile [unoptimized + debuginfo] target(s) in 0.30s
     Running tests/fs_backend_flag.rs (target/debug/deps/fs_backend_flag-16e68dafe78f7bd5)

running 2 tests
test run_with_fs_memory_is_a_usage_error ... ok
test run_help_does_not_offer_fs_memory ... ok

test result: ok. 2 passed; 0 failed; 0 ignored; 0 measured; 0 filtered out; finished in 1.04s

   Compiling carrick-cli v0.1.0 (/Users/tjfontaine/.codex/worktrees/el1-completion/carrick/crates/carrick-cli)
    Finished `test` profile [unoptimized + debuginfo] target(s) in 0.39s
     Running tests/cli.rs (target/debug/deps/cli-173f0fcb3c0a1003)

running 19 tests
test logs_replays_captured_output_for_a_container ... ok
test network_cli_connects_and_disconnects_container_resources ... ok
test network_cli_manages_docker_style_resources ... ok
test exec_backend_hvf_environment_value_has_migration_guidance ... ok
test exec_backend_help_lists_only_portable_values ... ok
test resource_cli_prune_honors_filters ... ok
test inspect_elf_command_prints_json_metadata ... ok
test native_code_mode_flag_is_not_public_policy ... ok
test plan_elf_load_command_prints_segment_plan ... ok
test volume_cli_manages_docker_style_resources ... ok
test dispatch_syscall_cli_exercises_write_path ... ok
test removed_auto_exec_backend_has_migration_guidance ... ok
test network_cli_accepts_docker_resource_commands ... ok
test help_output_snapshots ... ok
test rootfs_cli_lists_and_reads_composed_layers ... ok
test volume_cli_accepts_docker_resource_commands ... ok
test shared_run_args_accepted_across_verbs ... ok
test logs_unknown_container_errors ... ok
test load_elf_command_prints_address_space_summary ... ok

test result: ok. 19 passed; 0 failed; 0 ignored; 0 measured; 0 filtered out; finished in 3.28s

   Compiling carrick-vmm-hvf v0.1.0 (/Users/tjfontaine/.codex/worktrees/el1-completion/carrick/crates/carrick-vmm-hvf)
   Compiling carrick-runtime v0.1.0 (/Users/tjfontaine/.codex/worktrees/el1-completion/carrick/crates/carrick-runtime)
   Compiling carrick-engine v0.1.0 (/Users/tjfontaine/.codex/worktrees/el1-completion/carrick/crates/carrick-engine)
    Finished `test` profile [unoptimized + debuginfo] target(s) in 9.01s
     Running unittests src/lib.rs (target/debug/deps/carrick_engine-daadfaf42f3be441)

running 32 tests
test tests::amd64_guest_on_arm_host_tracks_rosetta_presence ... ok
test tests::execution_backend_flows_into_run_spec ... ok
test tests::bare_env_key_without_a_host_env_imports_nothing ... ok
test tests::bare_env_key_imports_from_the_host_env_snapshot ... ok
test tests::hostname_resolves_into_run_spec ... ok
test tests::extra_hosts_resolve_into_run_spec ... ok
test tests::cleared_entrypoint_runs_cmd_only ... ok
test tests::dns_overrides_resolve_into_run_spec ... ok
test tests::bridge_network_resolves_into_run_spec ... ok
test tests::native_platform_is_always_runnable ... ok
test tests::a_pinned_ipv4_in_the_bridge_placeholder_range_is_rejected ... ok
test tests::named_user_is_deferred_to_prepared_image_root ... ok
test tests::numeric_user_produces_no_warning ... ok
test tests::relative_workdir_resolves_against_image_workingdir ... ok
test tests::request_platform_defaults_to_host_native ... ok
test tests::run_request_default_is_a_runnable_docker_shaped_baseline ... ok
test tests::resolve_run_spec_parity_pin ... ok
test tests::resolve_seccomp_policy_is_last_wins_and_rejects_unknown_options ... ok
test tests::run_spec_seccomp_policy_defaults_to_container_default ... ok
test tests::security_opt_seccomp_unconfined_opts_out ... ok
test tests::static_bridge_ipv4_resolves_into_run_spec ... ok
test tests::stdio_mode_flows_from_request_into_run_spec ... ok
test tests::test_merge_argv_cmd_override ... ok
test tests::test_merge_argv_entrypoint_override ... ok
test tests::test_merge_argv_no_override ... ok
test tests::test_merge_workdir ... ok
test tests::unnamed_bridge_container_needs_an_explicit_bridge_namespace_id ... ok
test tests::user_absent_defaults_root ... ok
test tests::test_merge_env_variables ... ok
test tests::user_numeric_uid_and_gid ... ok
test tests::user_numeric_uid_defaults_gid_zero ... ok
test tests::host_elf_resolves_into_run_spec ... ok

test result: ok. 32 passed; 0 failed; 0 ignored; 0 measured; 0 filtered out; finished in 0.00s

   Doc-tests carrick_engine

running 0 tests

test result: ok. 0 passed; 0 failed; 0 ignored; 0 measured; 0 filtered out; finished in 0.00s

    Finished `test` profile [unoptimized + debuginfo] target(s) in 0.14s
     Running unittests src/lib.rs (target/debug/deps/carrick_image-ba9117a6f5608a50)

running 33 tests
test tests::default_target_is_host_native ... ok
test auth::tests::canonical_key_collapses_hub_spellings ... ok
test tests::accepts_arm64_v8_variant ... ok
test tests::layer_summaries_are_reordered_to_manifest_order ... ok
test tests::layers_are_reordered_to_manifest_order ... ok
test auth::tests::creds_store_only_entry_is_none_not_a_panic ... ok
test auth::tests::auth_for_uses_username_password_fields ... ok
test auth::tests::auth_for_decodes_inline_base64_splitting_on_first_colon ... ok
test tests::load_real_kaniko_archive_if_present ... ok
test auth::tests::write_login_preserves_other_registries ... ok
test auth::tests::write_then_resolve_round_trips_with_0600 ... ok
test tests::override_arm64_v8_matches_unspecified_entry ... ok
test tests::override_selects_amd64_when_only_amd64_present ... ok
test tests::parse_platform_target_rejects_garbage ... ok
test tests::parse_platform_target_without_variant ... ok
test tests::parse_platform_target_with_variant ... ok
test tests::picks_linux_arm64_from_multi_arch_index ... ok
test tests::pull_policy_follows_docker_semantics ... ok
test tests::oci_config_without_stop_signal_is_none ... ok
test tests::rejects_arm64_v7_variant ... ok
test tests::load_docker_archive_missing_manifest_is_an_error ... ok
test tests::returns_none_when_no_linux_arm64_present ... ok
test tests::skips_entry_with_no_platform_block ... ok
test tests::tag_moved_only_when_registry_digest_differs ... ok
test tests::test_parse_oci_config_json ... ok
test tests::load_docker_archive_plain_tar_layer_gets_tar_media_type ... ok
test tests::list_images_reports_repo_tag_id_and_size ... ok
test tests::load_docker_archive_can_target_non_default_platform ... ok
test tests::load_docker_archive_ingests_blobs_and_summary ... ok
test tests::remove_image_by_spec_accepts_ref_or_id ... ok
test tests::tag_image_creates_a_new_ref_sharing_blobs ... ok
test tests::load_docker_archive_tags_every_repo_tag ... ok
test tests::remove_image_then_gc_reclaims_unreferenced_blobs ... ok

test result: ok. 33 passed; 0 failed; 0 ignored; 0 measured; 0 filtered out; finished in 0.14s

   Doc-tests carrick_image

running 0 tests

test result: ok. 0 passed; 0 failed; 0 ignored; 0 measured; 0 filtered out; finished in 0.00s

   Compiling carrick-vmm-hvf v0.1.0 (/Users/tjfontaine/.codex/worktrees/el1-completion/carrick/crates/carrick-vmm-hvf)
   Compiling carrick-runtime v0.1.0 (/Users/tjfontaine/.codex/worktrees/el1-completion/carrick/crates/carrick-runtime)
   Compiling carrick-engine v0.1.0 (/Users/tjfontaine/.codex/worktrees/el1-completion/carrick/crates/carrick-engine)
   Compiling carrick-embed v0.1.0 (/Users/tjfontaine/.codex/worktrees/el1-completion/carrick/crates/carrick-embed)
   Compiling carrick-conformance-next v0.1.0 (/Users/tjfontaine/.codex/worktrees/el1-completion/carrick/crates/carrick-conformance-next)
    Finished `test` profile [unoptimized + debuginfo] target(s) in 9.44s
     Running tests/probes_shard_0.rs (target/debug/deps/probes_shard_0-81735ef66f73973e)

running 11 tests
test common::empty_stdin_transport_is_an_eof_fifo ... ok
test test_probe_binary_locator_and_gap_counts ... ok
test common::retained_probe_manifest_matches_classification ... ok
test test_shard_0_expected_gaps_derivation ... ok
test common::cached_probe_selection_honors_requested_filter_and_lane_classification ... ok
test test_normalization ... ok
test common::special_policy_names_are_unique_in_the_generic_shard_union ... ok
test test_shard_0_inventory ... ok
test test_cache_freshness_and_hashing ... ok
test test_shard_0_cached_oracles_are_complete ... ok
test common::special_probe_container_lowers_required_privileges ... ok

test result: ok. 11 passed; 0 failed; 0 ignored; 0 measured; 1 filtered out; finished in 0.19s

     Running tests/probes_shard_1.rs (target/debug/deps/probes_shard_1-1792de78d6e9b791)

running 9 tests
test common::empty_stdin_transport_is_an_eof_fifo ... ok
test common::retained_probe_manifest_matches_classification ... ok
test common::cached_probe_selection_honors_requested_filter_and_lane_classification ... ok
test common::special_policy_names_are_unique_in_the_generic_shard_union ... ok
test test_normalize_output ... ok
test test_shard_1_inventory_count_and_sorted ... ok
test test_cache_freshness_and_validation ... ok
test test_shard_1_cached_oracles_are_complete ... ok
test common::special_probe_container_lowers_required_privileges ... ok

test result: ok. 9 passed; 0 failed; 0 ignored; 0 measured; 1 filtered out; finished in 0.15s

     Running tests/probes_shard_2.rs (target/debug/deps/probes_shard_2-24def6e089dd9991)

running 9 tests
test common::empty_stdin_transport_is_an_eof_fifo ... ok
test common::retained_probe_manifest_matches_classification ... ok
test common::cached_probe_selection_honors_requested_filter_and_lane_classification ... ok
test test_normalization_rules ... ok
test common::special_policy_names_are_unique_in_the_generic_shard_union ... ok
test test_shard_2_inventory_definition ... ok
test test_shard_2_cached_oracles_are_complete ... ok
test test_shard_2_cache_freshness ... ok
test common::special_probe_container_lowers_required_privileges ... ok

test result: ok. 9 passed; 0 failed; 0 ignored; 0 measured; 1 filtered out; finished in 0.15s

