(lldb) target create "target/release/deps/probes_shard_2-19749884b4f574cf"
Current executable set to '/Users/tjfontaine/.codex/worktrees/el1-completion/carrick/target/release/deps/probes_shard_2-19749884b4f574cf' (arm64).
(lldb) settings set -- target.run-args  "generic_probe_shard_2" "--exact" "--nocapture"
(lldb) run

running 1 test
test generic_probe_shard_2 ... RUN generic probe shard 2 aarch64-unknown-linux-musl:forkexecstorm
PROBE ELAPSED generic probe shard 2 aarch64-unknown-linux-musl:forkexecstorm elapsed_ms=283
RUN generic probe shard 2 aarch64-unknown-linux-gnu:forkexecstorm
carrick fatal [dispatch::anonymous_discard]: anonymous discard publication uncertain at 0x600026e000+0x10000: host mapping operation failed: HVPatch sparse mmap backing: hypervisor operation failed: plan sparse HVPatch mmap leading stage-1 output: UnresolvedArena(661424963584) (in_use=35 free=0 capacity=440 arenas=1 source=true multi_vcpu=true exclusive=true reclaim_pending=true)
Process 27301 launched: '/Users/tjfontaine/.codex/worktrees/el1-completion/carrick/target/release/deps/probes_shard_2-19749884b4f574cf' (arm64)
Process 27301 stopped
* thread #12, name = 'carrick-executor-1', stop reason = signal SIGABRT
       frame #0: 0x000000018a8c3650 libsystem_kernel.dylib`__pthread_kill + 8
libsystem_kernel.dylib`__pthread_kill:
->  0x18a8c3650 <+8>:  b.lo   0x18a8c3670               ; <+40>
    0x18a8c3654 <+12>: pacibsp 
    0x18a8c3658 <+16>: stp    x29, x30, [sp, #-0x10]!
    0x18a8c365c <+20>: mov    x29, sp
Target 0: (probes_shard_2-19749884b4f574cf) stopped.
(lldb) thread backtrace all
warning: probes_shard_2-19749884b4f574cf was compiled with optimization - stepping may behave oddly; variables may not be available.
  thread #1, name = 'main', queue = 'com.apple.main-thread'
       frame #0: 0x000000018a8bab9c libsystem_kernel.dylib`semaphore_wait_trap + 8
       frame #1: 0x000000018f85549c libdispatch.dylib`_dispatch_sema4_wait + 28
       frame #2: 0x000000018f855b28 libdispatch.dylib`_dispatch_semaphore_wait_slow + 132
       frame #3: 0x0000000100db9edc probes_shard_2-19749884b4f574cf`<std::sys::sync::thread_parking::darwin::Parker>::park at darwin.rs:74:15 [opt] [inlined]
       frame #4: 0x0000000100db9ebc probes_shard_2-19749884b4f574cf`<std::thread::thread::Thread>::park at thread.rs:121:47 [opt]
       frame #5: 0x000000010002a7e8 probes_shard_2-19749884b4f574cf`<std::sync::mpmc::context::Context>::wait_until at context.rs:143:44 [opt] [inlined]
       frame #6: 0x000000010002a784 probes_shard_2-19749884b4f574cf`<std::sync::mpmc::list::Channel<test::event::CompletedTest>>::recv::{closure#1} at list.rs:453:39 [opt]
       frame #7: 0x0000000100032ad0 probes_shard_2-19749884b4f574cf`<std::sync::mpmc::context::Context>::with::<<std::sync::mpmc::list::Channel<test::event::CompletedTest>>::recv::{closure#1}, ()>::{closure#0} at context.rs:49:13 [opt] [inlined]
       frame #8: 0x0000000100032ab0 probes_shard_2-19749884b4f574cf`<std::sync::mpmc::context::Context>::with::<<std::sync::mpmc::list::Channel<test::event::CompletedTest>>::recv::{closure#1}, ()>::{closure#1} at context.rs:57:31 [opt] [inlined]
       frame #9: 0x0000000100032a98 probes_shard_2-19749884b4f574cf`<std::thread::local::LocalKey<core::cell::Cell<core::option::Option<std::sync::mpmc::context::Context>>>>::try_with::<<std::sync::mpmc::context::Context>::with<<std::sync::mpmc::list::Channel<test::event::CompletedTest>>::recv::{closure#1}, ()>::{closure#1}, ()> at local.rs:462:12 [opt] [inlined]
       frame #10: 0x0000000100032a88 probes_shard_2-19749884b4f574cf`<std::sync::mpmc::context::Context>::with::<<std::sync::mpmc::list::Channel<test::event::CompletedTest>>::recv::{closure#1}, ()> at context.rs:53:14 [opt] [inlined]
       frame #11: 0x0000000100032a80 probes_shard_2-19749884b4f574cf`<std::sync::mpmc::list::Channel<test::event::CompletedTest>>::recv at list.rs:442:13 [opt]
       frame #12: 0x000000010003c374 probes_shard_2-19749884b4f574cf`<std::sync::mpmc::Receiver<test::event::CompletedTest>>::recv at mod.rs:1012:48 [opt] [inlined]
       frame #13: 0x000000010003c360 probes_shard_2-19749884b4f574cf`<std::sync::mpsc::Receiver<test::event::CompletedTest>>::recv at mpsc.rs:872:20 [opt] [inlined]
       frame #14: 0x000000010003c360 probes_shard_2-19749884b4f574cf`test::run_tests::<test::console::run_tests_console::{closure#2}> at lib.rs:422:41 [opt] [inlined]
       frame #15: 0x000000010003c0cc probes_shard_2-19749884b4f574cf`test::console::run_tests_console at console.rs:327:5 [opt]
       frame #16: 0x000000010002e970 probes_shard_2-19749884b4f574cf`test::test_main_with_exit_callback::<test::test_main::{closure#0}> at lib.rs:160:19 [opt] [inlined]
       frame #17: 0x000000010002e86c probes_shard_2-19749884b4f574cf`test::test_main at lib.rs:101:5 [opt]
       frame #18: 0x000000010002cc10 probes_shard_2-19749884b4f574cf`test::test_main_static at lib.rs:183:5 [opt]
       frame #19: 0x000000010001bc10 probes_shard_2-19749884b4f574cf`core::ops::function::FnOnce::call_once::h73ef2d2bd0407ac4((null)=<unavailable>, (null)=<unavailable>) at function.rs:250:5 [opt] [inlined]
       frame #20: 0x000000010001bc0c probes_shard_2-19749884b4f574cf`std::sys::backtrace::__rust_begin_short_backtrace::h4bdcf4232b9ed823(f=<unavailable>) at backtrace.rs:166:18 [opt]
       frame #21: 0x00000001000136ec probes_shard_2-19749884b4f574cf`std::rt::lang_start::_$u7b$$u7b$closure$u7d$$u7d$::h00cd3bcc3b80b7e4 at rt.rs:206:18 [opt]
       frame #22: 0x0000000100dc3378 probes_shard_2-19749884b4f574cf`<&dyn core::ops::function::Fn<(), Output = i32> + core::marker::Sync + core::panic::unwind_safe::RefUnwindSafe as core::ops::function::FnOnce<()>>::call_once at function.rs:287:21 [opt] [inlined]
       frame #23: 0x0000000100dc3370 probes_shard_2-19749884b4f574cf`std::panicking::catch_unwind::do_call::<&dyn core::ops::function::Fn<(), Output = i32> + core::marker::Sync + core::panic::unwind_safe::RefUnwindSafe, i32> at panicking.rs:581:40 [opt] [inlined]
       frame #24: 0x0000000100dc336c probes_shard_2-19749884b4f574cf`std::panicking::catch_unwind::<i32, &dyn core::ops::function::Fn<(), Output = i32> + core::marker::Sync + core::panic::unwind_safe::RefUnwindSafe> at panicking.rs:544:19 [opt] [inlined]
       frame #25: 0x0000000100dc336c probes_shard_2-19749884b4f574cf`std::panic::catch_unwind::<&dyn core::ops::function::Fn<(), Output = i32> + core::marker::Sync + core::panic::unwind_safe::RefUnwindSafe, i32> at panic.rs:359:14 [opt] [inlined]
       frame #26: 0x0000000100dc336c probes_shard_2-19749884b4f574cf`std::rt::lang_start_internal::{closure#0} at rt.rs:175:24 [opt] [inlined]
       frame #27: 0x0000000100dc2fe4 probes_shard_2-19749884b4f574cf`std::panicking::catch_unwind::do_call::<std::rt::lang_start_internal::{closure#0}, isize> at panicking.rs:581:40 [opt] [inlined]
       frame #28: 0x0000000100dc2fe4 probes_shard_2-19749884b4f574cf`std::panicking::catch_unwind::<isize, std::rt::lang_start_internal::{closure#0}> at panicking.rs:544:19 [opt] [inlined]
       frame #29: 0x0000000100dc2fe4 probes_shard_2-19749884b4f574cf`std::panic::catch_unwind::<std::rt::lang_start_internal::{closure#0}, isize> at panic.rs:359:14 [opt] [inlined]
       frame #30: 0x0000000100dc2fe4 probes_shard_2-19749884b4f574cf`std::rt::lang_start_internal at rt.rs:171:5 [opt]
       frame #31: 0x00000001000054f4 probes_shard_2-19749884b4f574cf`main + 52
       frame #32: 0x000000018a82bef0 dyld`start + 6688
  thread #2, name = 'generic_probe_shard_2'
       frame #0: 0x000000018a8babb4 libsystem_kernel.dylib`semaphore_timedwait_trap + 8
       frame #1: 0x000000018f88935c libdispatch.dylib`_dispatch_sema4_timedwait + 64
       frame #2: 0x000000018f855af0 libdispatch.dylib`_dispatch_semaphore_wait_slow + 76
       frame #3: 0x0000000100db9cac probes_shard_2-19749884b4f574cf`<std::sys::sync::thread_parking::darwin::Parker>::park_timeout at darwin.rs:93:23 [opt] [inlined]
       frame #4: 0x0000000100db9c58 probes_shard_2-19749884b4f574cf`<std::thread::thread::Thread>::park_timeout at thread.rs:132:47 [opt]
       frame #5: 0x0000000100116db0 probes_shard_2-19749884b4f574cf`<std::sync::mpmc::context::Context>::wait_until(self=<unavailable>, deadline=Option<std::time::Instant> @ 0x00000075ce8fb9e0) at context.rs:133:48 [opt]
       frame #6: 0x0000000100116d60 probes_shard_2-19749884b4f574cf`std::sync::mpmc::list::Channel$LT$T$GT$::recv::_$u7b$$u7b$closure$u7d$$u7d$::h1d4c15e6aaed13ec(cx=<unavailable>) at list.rs:453:39 [opt]
       frame #7: 0x0000000100116338 probes_shard_2-19749884b4f574cf`std::sync::mpmc::context::Context::with::_$u7b$$u7b$closure$u7d$$u7d$::h88edc74a486771e8(cx=0x00000001700043f8) at context.rs:49:13 [opt]
       frame #8: 0x0000000100116318 probes_shard_2-19749884b4f574cf`std::sync::mpmc::context::Context::with::_$u7b$$u7b$closure$u7d$$u7d$::hb670edc25f948b10(cell=0x0000000136008a80) at context.rs:57:31 [opt]
       frame #9: 0x0000000100116300 probes_shard_2-19749884b4f574cf`std::thread::local::LocalKey$LT$T$GT$::try_with::h87c03b881bf7fdb7(self=<unavailable>, f=<unavailable>) at local.rs:462:12 [opt]
       frame #10: 0x00000001001162f0 probes_shard_2-19749884b4f574cf`std::sync::mpmc::context::Context::with::hfb4ae486eec4a2ee(f={closure_env#1}<core::result::Result<carrick_embed::result::ContainerResult, carrick_embed::error::EmbedError>> @ 0x00000075da230700) at context.rs:53:14 [opt]
       frame #11: 0x00000001001162e8 probes_shard_2-19749884b4f574cf`std::sync::mpmc::list::Channel$LT$T$GT$::recv::h2dfc76395d6e95ac(self=0x0000000135e0cc80, deadline=Option<std::time::Instant> @ 0x00000001700041d0) at list.rs:442:13 [opt]
       frame #12: 0x00000001000eb624 probes_shard_2-19749884b4f574cf`std::sync::mpmc::Receiver$LT$T$GT$::recv_deadline::h79661789640e5849(self=<unavailable>, deadline=<unavailable>) at mod.rs:1147:48 [opt] [inlined]
       frame #13: 0x00000001000eb610 probes_shard_2-19749884b4f574cf`std::sync::mpmc::Receiver$LT$T$GT$::recv_timeout::h6bdae9d15bcc3a1a(self=<unavailable>, timeout=Duration @ 0x00000075da32ce60) at mod.rs:1079:36 [opt]
       frame #14: 0x00000001000eb60c probes_shard_2-19749884b4f574cf`std::sync::mpsc::Receiver$LT$T$GT$::recv_timeout::h2040adcf4ef8e33b(self=<unavailable>, timeout=<unavailable>) at mpsc.rs:932:20 [opt] [inlined]
       frame #15: 0x00000001000eb60c probes_shard_2-19749884b4f574cf`carrick_embed::deadline::run_with_carrier_budget::h2f9f5c67ae28a8be(builder=ContainerBuilder @ 0x00000001700050e0, budget=Duration @ 0x00000075da299b40, label=(data_ptr = "forkexecstorm", length = 13)) at deadline.rs:186:20 [opt]
       frame #16: 0x00000001000eb3f8 probes_shard_2-19749884b4f574cf`carrick_embed::testing::TestContainer::execute::ha929dc16eae8546c(self=<unavailable>, builder=<unavailable>) at testing.rs:409:17 [opt]
       frame #17: 0x0000000100008808 probes_shard_2-19749884b4f574cf`carrick_embed::testing::TestContainer::run::hb7242a7ee0ff52e6(self=0x0000000170005e40, argv=&str[1] @ 0x00000001700057e0) at testing.rs:393:14 [opt] [inlined]
       frame #18: 0x00000001000087e8 probes_shard_2-19749884b4f574cf`probes_shard_2::generic_probe_shard_2::_$u7b$$u7b$closure$u7d$$u7d$::_$u7b$$u7b$closure$u7d$$u7d$::h9849071e4f35db7a at probes_shard_2.rs:323:63 [opt] [inlined]
       frame #19: 0x00000001000087d4 probes_shard_2-19749884b4f574cf`probes_shard_2::common::with_empty_stdin_pipe::hbfe8b1526bd053d3(run=<unavailable>) at mod.rs:846:23 [opt]
       frame #20: 0x0000000100008788 probes_shard_2-19749884b4f574cf`probes_shard_2::generic_probe_shard_2::_$u7b$$u7b$closure$u7d$$u7d$::h0c1bfbadd5973a3d at probes_shard_2.rs:323:20 [opt] [inlined]
       frame #21: 0x0000000100008788 probes_shard_2-19749884b4f574cf`probes_shard_2::common::timed_probe_run::h3d7b99a2db1cf949(label=(data_ptr = "generic probe shard 2 aarch64-unknown-linux-gnu:forkexecstorm", length = 61), run={closure_env#2} @ x21) at mod.rs:861:19 [opt]
       frame #22: 0x0000000100003058 probes_shard_2-19749884b4f574cf`probes_shard_2::generic_probe_shard_2::h030ba2087bdcb796 at probes_shard_2.rs:321:27 [opt]
       frame #23: 0x0000000100002ac8 probes_shard_2-19749884b4f574cf`probes_shard_2::generic_probe_shard_2::_$u7b$$u7b$closure$u7d$$u7d$::h66479e83d0ee2273((null)=<unavailable>) at probes_shard_2.rs:269:27 [opt] [inlined]
       frame #24: 0x0000000100002ac8 probes_shard_2-19749884b4f574cf`core::ops::function::FnOnce::call_once::h8e6258fc8105d98f((null)=<unavailable>, (null)=<unavailable>) at function.rs:250:5 [opt]
       frame #25: 0x000000010001facc probes_shard_2-19749884b4f574cf`<fn() -> core::result::Result<(), alloc::string::String> as core::ops::function::FnOnce<()>>::call_once at function.rs:250:5 [opt] [inlined]
       frame #26: 0x000000010001fac4 probes_shard_2-19749884b4f574cf`test::__rust_begin_short_backtrace::<core::result::Result<(), alloc::string::String>, fn() -> core::result::Result<(), alloc::string::String>> at lib.rs:663:18 [opt]
       frame #27: 0x0000000100029cf4 probes_shard_2-19749884b4f574cf`test::run_test_in_process::{closure#0} at lib.rs:686:74 [opt] [inlined]
       frame #28: 0x0000000100029ce8 probes_shard_2-19749884b4f574cf`<core::panic::unwind_safe::AssertUnwindSafe<test::run_test_in_process::{closure#0}> as core::ops::function::FnOnce<()>>::call_once at unwind_safe.rs:275:9 [opt] [inlined]
       frame #29: 0x0000000100029ce8 probes_shard_2-19749884b4f574cf`std::panicking::catch_unwind::do_call::<core::panic::unwind_safe::AssertUnwindSafe<test::run_test_in_process::{closure#0}>, core::result::Result<(), alloc::string::String>> at panicking.rs:581:40 [opt] [inlined]
       frame #30: 0x0000000100029ce4 probes_shard_2-19749884b4f574cf`std::panicking::catch_unwind::<core::result::Result<(), alloc::string::String>, core::panic::unwind_safe::AssertUnwindSafe<test::run_test_in_process::{closure#0}>> at panicking.rs:544:19 [opt] [inlined]
       frame #31: 0x0000000100029ce4 probes_shard_2-19749884b4f574cf`std::panic::catch_unwind::<core::panic::unwind_safe::AssertUnwindSafe<test::run_test_in_process::{closure#0}>, core::result::Result<(), alloc::string::String>> at panic.rs:359:14 [opt] [inlined]
       frame #32: 0x0000000100029ce4 probes_shard_2-19749884b4f574cf`test::run_test_in_process at lib.rs:686:27 [opt] [inlined]
       frame #33: 0x0000000100029c2c probes_shard_2-19749884b4f574cf`test::run_test::{closure#0} at lib.rs:607:43 [opt]
       frame #34: 0x0000000100026648 probes_shard_2-19749884b4f574cf`test::run_test::{closure#1} at lib.rs:637:41 [opt] [inlined]
       frame #35: 0x00000001000265e4 probes_shard_2-19749884b4f574cf`std::sys::backtrace::__rust_begin_short_backtrace::<test::run_test::{closure#1}, ()> at backtrace.rs:166:18 [opt]
       frame #36: 0x000000010002bfcc probes_shard_2-19749884b4f574cf`std::thread::lifecycle::spawn_unchecked::<test::run_test::{closure#1}, ()>::{closure#1}::{closure#0} at lifecycle.rs:91:13 [opt] [inlined]
       frame #37: 0x000000010002bfbc probes_shard_2-19749884b4f574cf`<core::panic::unwind_safe::AssertUnwindSafe<std::thread::lifecycle::spawn_unchecked<test::run_test::{closure#1}, ()>::{closure#1}::{closure#0}> as core::ops::function::FnOnce<()>>::call_once at unwind_safe.rs:275:9 [opt] [inlined]
       frame #38: 0x000000010002bfbc probes_shard_2-19749884b4f574cf`std::panicking::catch_unwind::do_call::<core::panic::unwind_safe::AssertUnwindSafe<std::thread::lifecycle::spawn_unchecked<test::run_test::{closure#1}, ()>::{closure#1}::{closure#0}>, ()> at panicking.rs:581:40 [opt] [inlined]
       frame #39: 0x000000010002bfb8 probes_shard_2-19749884b4f574cf`std::panicking::catch_unwind::<(), core::panic::unwind_safe::AssertUnwindSafe<std::thread::lifecycle::spawn_unchecked<test::run_test::{closure#1}, ()>::{closure#1}::{closure#0}>> at panicking.rs:544:19 [opt] [inlined]
       frame #40: 0x000000010002bfb8 probes_shard_2-19749884b4f574cf`std::panic::catch_unwind::<core::panic::unwind_safe::AssertUnwindSafe<std::thread::lifecycle::spawn_unchecked<test::run_test::{closure#1}, ()>::{closure#1}::{closure#0}>, ()> at panic.rs:359:14 [opt] [inlined]
       frame #41: 0x000000010002bfb8 probes_shard_2-19749884b4f574cf`std::thread::lifecycle::spawn_unchecked::<test::run_test::{closure#1}, ()>::{closure#1} at lifecycle.rs:89:26 [opt] [inlined]
       frame #42: 0x000000010002bfa8 probes_shard_2-19749884b4f574cf`<std::thread::lifecycle::spawn_unchecked<test::run_test::{closure#1}, ()>::{closure#1} as core::ops::function::FnOnce<()>>::call_once::{shim:vtable#0} at function.rs:250:5 [opt]
       frame #43: 0x0000000100dcbf5c probes_shard_2-19749884b4f574cf`<alloc::boxed::Box<dyn core::ops::function::FnOnce<(), Output = ()> + core::marker::Send> as core::ops::function::FnOnce<()>>::call_once at boxed.rs:2249:9 [opt] [inlined]
       frame #44: 0x0000000100dcbf50 probes_shard_2-19749884b4f574cf`<std::sys::thread::unix::Thread>::new::thread_start at unix.rs:118:17 [opt]
       frame #45: 0x000000018a8ffd00 libsystem_pthread.dylib`_pthread_start + 136
  thread #3, name = 'carrick-deadlock-wd'
       frame #0: 0x000000018a8be308 libsystem_kernel.dylib`__semwait_signal + 8
       frame #1: 0x000000018a926054 libsystem_c.dylib`nanosleep + 220
       frame #2: 0x0000000100dc6710 probes_shard_2-19749884b4f574cf`std::sys::thread::unix::sleep::nanosleep at unix.rs:558:34 [opt] [inlined]
       frame #3: 0x0000000100dc6704 probes_shard_2-19749884b4f574cf`std::sys::thread::unix::sleep at unix.rs:579:21 [opt] [inlined]
       frame #4: 0x0000000100dc66e4 probes_shard_2-19749884b4f574cf`std::thread::functions::sleep at functions.rs:293:5 [opt]
       frame #5: 0x00000001007004f0 probes_shard_2-19749884b4f574cf`carrick_kernel::deadlock_watchdog::arm::_$u7b$$u7b$closure$u7d$$u7d$::ha4c0f19711c8fc8f at deadlock_watchdog.rs:120:17 [opt]
       frame #6: 0x00000001007004cc probes_shard_2-19749884b4f574cf`std::sys::backtrace::__rust_begin_short_backtrace::ha82de4614f673f41(f=<unavailable>) at backtrace.rs:166:18 [opt]
       frame #7: 0x00000001007065e4 probes_shard_2-19749884b4f574cf`std::thread::lifecycle::spawn_unchecked::_$u7b$$u7b$closure$u7d$$u7d$::_$u7b$$u7b$closure$u7d$$u7d$::hcbd61ae4025f7f6a at lifecycle.rs:91:13 [opt] [inlined]
       frame #8: 0x00000001007065d4 probes_shard_2-19749884b4f574cf`_$LT$core..panic..unwind_safe..AssertUnwindSafe$LT$F$GT$$u20$as$u20$core..ops..function..FnOnce$LT$$LP$$RP$$GT$$GT$::call_once::ha03aef0da230995c(self=AssertUnwindSafe<std::thread::lifecycle::spawn_unchecked::{closure#1}::{closure_env#0}<carrick_kernel::deadlock_watchdog::arm::{closure_env#0}, ()>> @ 0x0000000170212ea0, (null)=<unavailable>) at unwind_safe.rs:275:9 [opt] [inlined]
       frame #9: 0x00000001007065d4 probes_shard_2-19749884b4f574cf`std::panicking::catch_unwind::do_call::h408ed04fb007a610(data=<unavailable>) at panicking.rs:581:40 [opt]
       frame #10: 0x00000001007065d0 probes_shard_2-19749884b4f574cf`std::panicking::catch_unwind::h336713f5ff713b2f(f=AssertUnwindSafe<std::thread::lifecycle::spawn_unchecked::{closure#1}::{closure_env#0}<carrick_kernel::deadlock_watchdog::arm::{closure_env#0}, ()>> @ 0x00000075f0f1cbd0) at panicking.rs:544:19 [opt]
       frame #11: 0x00000001007065d0 probes_shard_2-19749884b4f574cf`std::panic::catch_unwind::h23338f55cad37467(f=AssertUnwindSafe<std::thread::lifecycle::spawn_unchecked::{closure#1}::{closure_env#0}<carrick_kernel::deadlock_watchdog::arm::{closure_env#0}, ()>> @ 0x00000075f0f1cc00) at panic.rs:359:14 [opt] [inlined]
       frame #12: 0x00000001007065d0 probes_shard_2-19749884b4f574cf`std::thread::lifecycle::spawn_unchecked::_$u7b$$u7b$closure$u7d$$u7d$::h3dca9ca44ee7fe1a at lifecycle.rs:89:26 [opt]
       frame #13: 0x00000001007065c4 probes_shard_2-19749884b4f574cf`core::ops::function::FnOnce::call_once$u7b$$u7b$vtable.shim$u7d$$u7d$::hb926d6d19c7888f7((null)=0x0000000135e055a0, (null)=<unavailable>) at function.rs:250:5 [opt]
       frame #14: 0x0000000100dcbf5c probes_shard_2-19749884b4f574cf`<alloc::boxed::Box<dyn core::ops::function::FnOnce<(), Output = ()> + core::marker::Send> as core::ops::function::FnOnce<()>>::call_once at boxed.rs:2249:9 [opt] [inlined]
       frame #15: 0x0000000100dcbf50 probes_shard_2-19749884b4f574cf`<std::sys::thread::unix::Thread>::new::thread_start at unix.rs:118:17 [opt]
       frame #16: 0x000000018a8ffd00 libsystem_pthread.dylib`_pthread_start + 136
  thread #4, name = 'carrick-fs-cleanup'
       frame #0: 0x000000018a8bab9c libsystem_kernel.dylib`semaphore_wait_trap + 8
       frame #1: 0x000000018f85549c libdispatch.dylib`_dispatch_sema4_wait + 28
       frame #2: 0x000000018f855b28 libdispatch.dylib`_dispatch_semaphore_wait_slow + 132
       frame #3: 0x0000000100db9edc probes_shard_2-19749884b4f574cf`<std::sys::sync::thread_parking::darwin::Parker>::park at darwin.rs:74:15 [opt] [inlined]
       frame #4: 0x0000000100db9ebc probes_shard_2-19749884b4f574cf`<std::thread::thread::Thread>::park at thread.rs:121:47 [opt]
       frame #5: 0x0000000100a8737c probes_shard_2-19749884b4f574cf`<std::sync::mpmc::context::Context>::wait_until(self=<unavailable>, deadline=Option<std::time::Instant> @ 0x00000075da29e9c0) at context.rs:143:44 [opt] [inlined]
       frame #6: 0x0000000100a8736c probes_shard_2-19749884b4f574cf`std::sync::mpmc::array::Channel$LT$T$GT$::recv::_$u7b$$u7b$closure$u7d$$u7d$::h9965d648d3e06bdb(cx=<unavailable>) at array.rs:402:39 [opt]
       frame #7: 0x0000000100a870c0 probes_shard_2-19749884b4f574cf`std::sync::mpmc::context::Context::with::_$u7b$$u7b$closure$u7d$$u7d$::h083ce3d98da3e91c(cx=0x000000017062ad40) at context.rs:49:13 [opt]
       frame #8: 0x0000000100a870a0 probes_shard_2-19749884b4f574cf`std::sync::mpmc::context::Context::with::_$u7b$$u7b$closure$u7d$$u7d$::hd2be92ad1329eea9(cell=0x0000000116008480) at context.rs:57:31 [opt]
       frame #9: 0x0000000100a87088 probes_shard_2-19749884b4f574cf`std::thread::local::LocalKey$LT$T$GT$::try_with::h8f7ddfd9718c95f5(self=<unavailable>, f=<unavailable>) at local.rs:462:12 [opt]
       frame #10: 0x0000000100a87078 probes_shard_2-19749884b4f574cf`std::sync::mpmc::context::Context::with::h7862d91031d540c1(f={closure_env#1}<carrick_vfs::fs_backend::host::ScratchCleanupWork> @ 0x00000075da230bc0) at context.rs:53:14 [opt]
       frame #11: 0x0000000100a87070 probes_shard_2-19749884b4f574cf`std::sync::mpmc::array::Channel$LT$T$GT$::recv::h4e73a66d01555618(self=0x0000000136809c00, deadline=Option<std::time::Instant> @ 0x000000017062acf0) at array.rs:390:13 [opt]
       frame #12: 0x0000000100a61e88 probes_shard_2-19749884b4f574cf`std::sync::mpmc::Receiver$LT$T$GT$::recv::ha235b3838628cbfa(self=0x000000017062ade0) at mod.rs:1011:49 [opt]
       frame #13: 0x0000000100a61e50 probes_shard_2-19749884b4f574cf`std::sync::mpsc::Receiver$LT$T$GT$::recv::hd4e2b5628fbf31a2(self=0x000000017062ade0) at mpsc.rs:872:20 [opt] [inlined]
       frame #14: 0x0000000100a61e50 probes_shard_2-19749884b4f574cf`carrick_vfs::fs_backend::host::scratch_cleanup_sender::_$u7b$$u7b$closure$u7d$$u7d$::_$u7b$$u7b$closure$u7d$$u7d$::h5bbce5c858f513e0 at host.rs:890:47 [opt] [inlined]
       frame #15: 0x0000000100a61e50 probes_shard_2-19749884b4f574cf`std::sys::backtrace::__rust_begin_short_backtrace::h7a1bd6564a4ecbff(f={closure_env#0} @ 0x00000075f348d620) at backtrace.rs:166:18 [opt]
       frame #16: 0x0000000100a8823c probes_shard_2-19749884b4f574cf`std::thread::lifecycle::spawn_unchecked::_$u7b$$u7b$closure$u7d$$u7d$::_$u7b$$u7b$closure$u7d$$u7d$::h85deef3ab7de91fd at lifecycle.rs:91:13 [opt] [inlined]
       frame #17: 0x0000000100a88228 probes_shard_2-19749884b4f574cf`_$LT$core..panic..unwind_safe..AssertUnwindSafe$LT$F$GT$$u20$as$u20$core..ops..function..FnOnce$LT$$LP$$RP$$GT$$GT$::call_once::he61128dd34fe0799(self=<unavailable>, (null)=<unavailable>) at unwind_safe.rs:275:9 [opt] [inlined]
       frame #18: 0x0000000100a8821c probes_shard_2-19749884b4f574cf`std::panicking::catch_unwind::do_call::h13af5afea5ff6625(data=<unavailable>) at panicking.rs:581:40 [opt] [inlined]
       frame #19: 0x0000000100a8821c probes_shard_2-19749884b4f574cf`std::panicking::catch_unwind::h2a58648787061647(f=AssertUnwindSafe<std::thread::lifecycle::spawn_unchecked::{closure#1}::{closure_env#0}<carrick_vfs::fs_backend::host::scratch_cleanup_sender::{closure#0}::{closure_env#0}, ()>> @ 0x00000075e757dce0) at panicking.rs:544:19 [opt]
       frame #20: 0x0000000100a8821c probes_shard_2-19749884b4f574cf`std::panic::catch_unwind::hc21264868802c09c(f=AssertUnwindSafe<std::thread::lifecycle::spawn_unchecked::{closure#1}::{closure_env#0}<carrick_vfs::fs_backend::host::scratch_cleanup_sender::{closure#0}::{closure_env#0}, ()>> @ 0x00000075e757dce0) at panic.rs:359:14 [opt] [inlined]
       frame #21: 0x0000000100a8821c probes_shard_2-19749884b4f574cf`std::thread::lifecycle::spawn_unchecked::_$u7b$$u7b$closure$u7d$$u7d$::h4013b84266aec275 at lifecycle.rs:89:26 [opt]
       frame #22: 0x0000000100a88210 probes_shard_2-19749884b4f574cf`core::ops::function::FnOnce::call_once$u7b$$u7b$vtable.shim$u7d$$u7d$::h92b369c5ddc27d97((null)=0x0000000136809760, (null)=<unavailable>) at function.rs:250:5 [opt]
       frame #23: 0x0000000100dcbf5c probes_shard_2-19749884b4f574cf`<alloc::boxed::Box<dyn core::ops::function::FnOnce<(), Output = ()> + core::marker::Send> as core::ops::function::FnOnce<()>>::call_once at boxed.rs:2249:9 [opt] [inlined]
       frame #24: 0x0000000100dcbf50 probes_shard_2-19749884b4f574cf`<std::sys::thread::unix::Thread>::new::thread_start at unix.rs:118:17 [opt]
       frame #25: 0x000000018a8ffd00 libsystem_pthread.dylib`_pthread_start + 136
  thread #5, name = 'carrick-kernel-debug'
       frame #0: 0x000000018a8c3734 libsystem_kernel.dylib`__accept + 8
       frame #1: 0x0000000100dbd4e0 probes_shard_2-19749884b4f574cf`<std::sys::net::connection::socket::unix::Socket>::accept::{closure#0} at unix.rs:265:39 [opt] [inlined]
       frame #2: 0x0000000100dbd4d0 probes_shard_2-19749884b4f574cf`std::sys::pal::unix::cvt_r::<i32, <std::sys::net::connection::socket::unix::Socket>::accept::{closure#0}> at mod.rs:255:19 [opt] [inlined]
       frame #3: 0x0000000100dbd4d0 probes_shard_2-19749884b4f574cf`<std::sys::net::connection::socket::unix::Socket>::accept at unix.rs:265:30 [opt] [inlined]
       frame #4: 0x0000000100dbd4d0 probes_shard_2-19749884b4f574cf`<std::os::unix::net::listener::UnixListener>::accept at listener.rs:180:27 [opt]
       frame #5: 0x00000001008ae778 probes_shard_2-19749884b4f574cf`carrick_kernel::kernel::debug::server::serve_loop::hf5878d2feea51ca0(listener=0x0000000172982eb0, kernel=<unavailable>, shutdown=0x0000000135e111b0) at server.rs:179:47 [opt]
       frame #6: 0x00000001006ffbb4 probes_shard_2-19749884b4f574cf`carrick_kernel::kernel::debug::server::KernelDebugServer::start_at::_$u7b$$u7b$closure$u7d$$u7d$::h8c4edbf50366b8b1 at server.rs:89:17 [opt] [inlined]
       frame #7: 0x00000001006ffb98 probes_shard_2-19749884b4f574cf`std::sys::backtrace::__rust_begin_short_backtrace::h4cebcec3220ecda7(f={closure_env#0} @ 0x0000000172982e50) at backtrace.rs:166:18 [opt]
       frame #8: 0x0000000100706904 probes_shard_2-19749884b4f574cf`std::thread::lifecycle::spawn_unchecked::_$u7b$$u7b$closure$u7d$$u7d$::_$u7b$$u7b$closure$u7d$$u7d$::h76865d5cdc49a79f at lifecycle.rs:91:13 [opt] [inlined]
       frame #9: 0x00000001007068c8 probes_shard_2-19749884b4f574cf`_$LT$core..panic..unwind_safe..AssertUnwindSafe$LT$F$GT$$u20$as$u20$core..ops..function..FnOnce$LT$$LP$$RP$$GT$$GT$::call_once::h151bb463d4655fae(self=AssertUnwindSafe<std::thread::lifecycle::spawn_unchecked::{closure#1}::{closure_env#0}<carrick_kernel::kernel::debug::server::{impl#0}::start_at::{closure_env#0}, ()>> @ 0x0000000172982d40, (null)=<unavailable>) at unwind_safe.rs:275:9 [opt] [inlined]
       frame #10: 0x00000001007068bc probes_shard_2-19749884b4f574cf`std::panicking::catch_unwind::do_call::h6aba608a88c4a5b3(data=<unavailable>) at panicking.rs:581:40 [opt]
       frame #11: 0x00000001007068b4 probes_shard_2-19749884b4f574cf`std::panicking::catch_unwind::h5b3a36f1a53a63d9(f=AssertUnwindSafe<std::thread::lifecycle::spawn_unchecked::{closure#1}::{closure_env#0}<carrick_kernel::kernel::debug::server::{impl#0}::start_at::{closure_env#0}, ()>> @ 0x00000075cebb0960) at panicking.rs:544:19 [opt]
       frame #12: 0x00000001007068b4 probes_shard_2-19749884b4f574cf`std::panic::catch_unwind::hefa3c3d72fe7f479(f=AssertUnwindSafe<std::thread::lifecycle::spawn_unchecked::{closure#1}::{closure_env#0}<carrick_kernel::kernel::debug::server::{impl#0}::start_at::{closure_env#0}, ()>> @ 0x00000075cebb0a00) at panic.rs:359:14 [opt] [inlined]
       frame #13: 0x00000001007068b4 probes_shard_2-19749884b4f574cf`std::thread::lifecycle::spawn_unchecked::_$u7b$$u7b$closure$u7d$$u7d$::h4270517cf7cd33c5 at lifecycle.rs:89:26 [opt] [inlined]
       frame #14: 0x000000010070689c probes_shard_2-19749884b4f574cf`core::ops::function::FnOnce::call_once$u7b$$u7b$vtable.shim$u7d$$u7d$::hcf6d1fd0da1119ab((null)=<unavailable>, (null)=<unavailable>) at function.rs:250:5 [opt]
       frame #15: 0x0000000100dcbf5c probes_shard_2-19749884b4f574cf`<alloc::boxed::Box<dyn core::ops::function::FnOnce<(), Output = ()> + core::marker::Send> as core::ops::function::FnOnce<()>>::call_once at boxed.rs:2249:9 [opt] [inlined]
       frame #16: 0x0000000100dcbf50 probes_shard_2-19749884b4f574cf`<std::sys::thread::unix::Thread>::new::thread_start at unix.rs:118:17 [opt]
       frame #17: 0x000000018a8ffd00 libsystem_pthread.dylib`_pthread_start + 136
  thread #6, name = 'carrick: /tmp/carrick-init'
       frame #0: 0x000000018a8be50c libsystem_kernel.dylib`__psynch_cvwait + 8
       frame #1: 0x000000018a9001d0 libsystem_pthread.dylib`_pthread_cond_wait + 980
       frame #2: 0x0000000100b34168 probes_shard_2-19749884b4f574cf`_$LT$parking_lot_core..thread_parker..imp..ThreadParker$u20$as$u20$parking_lot_core..thread_parker..ThreadParkerT$GT$::park_until::h02cef476c1d9d5d9(self=0x0000000107008718, timeout=Instant @ 0x00000075da2a2c60) at unix.rs:97:25 [opt]
       frame #3: 0x0000000100b34134 probes_shard_2-19749884b4f574cf`parking_lot_core::parking_lot::park::_$u7b$$u7b$closure$u7d$$u7d$::h2e420e8db8f72615(thread_data=0x0000000107008718) at parking_lot.rs:633:49 [opt]
       frame #4: 0x0000000100b34080 probes_shard_2-19749884b4f574cf`parking_lot_core::parking_lot::with_thread_data::h284d9e59aff5050c(f=<unavailable>) at parking_lot.rs:207:5 [opt]
       frame #5: 0x0000000100b33f40 probes_shard_2-19749884b4f574cf`parking_lot_core::parking_lot::park::h115ba7316cfa6034(key=<unavailable>, validate=<unavailable>, before_sleep=<unavailable>, timed_out=<unavailable>, park_token=(__0 = 0), timeout=<unavailable>) at parking_lot.rs:600:5 [opt] [inlined]
       frame #6: 0x0000000100b33f40 probes_shard_2-19749884b4f574cf`parking_lot::condvar::Condvar::wait_until_internal::heb307538a997ec5d(self=0x0000000135e0bfd0, mutex=0x0000000135e0bf80, timeout=Option<std::time::Instant> @ 0x00000075da2a3020) at condvar.rs:334:17 [opt]
       frame #7: 0x00000001002c3ff4 probes_shard_2-19749884b4f574cf`parking_lot::condvar::Condvar::wait_for::h0d0d533de7dcf5ff(self=<unavailable>, mutex_guard=<unavailable>, timeout=Duration @ 0x00000075da2a39e0) at condvar.rs:387:14 [opt]
       frame #8: 0x00000001002c3fc4 probes_shard_2-19749884b4f574cf`carrick_runtime::vcpu_loop::outcome::HvpatchLoopResult::wait_supervised::h00b23a29b071fa21(self=HvpatchLoopResult @ 0x00000001704132e0, liveness=<unavailable>) at outcome.rs:442:34 [opt]
       frame #9: 0x000000010031f260 probes_shard_2-19749884b4f574cf`carrick_runtime::vcpu_loop::binding::VcpuLoopLaunch::wait::hfcb2285f5b38837d(self=<unavailable>) at binding.rs:4961:38 [opt]
       frame #10: 0x00000001002e18c4 probes_shard_2-19749884b4f574cf`carrick_runtime::threaded_loop::run_threaded_loop_inner::he3ad87393af9ce97(engine=<unavailable>, dispatcher=SyscallDispatcher @ 0x0000000170417260, host=HvfHostBackend @ 0x000000017041515f, max_traps=<unavailable>, carrier=0x0000000170415c28, carrier_control=<unavailable>) at threaded_loop.rs:574:26 [opt]
       frame #11: 0x00000001002dff80 probes_shard_2-19749884b4f574cf`carrick_runtime::threaded_loop::run_threaded_loop::h38de87522134d1b7(engine=<unavailable>, dispatcher=<unavailable>, host=<unavailable>, max_traps=<unavailable>, carrier=<unavailable>) at threaded_loop.rs:236:15 [opt]
       frame #12: 0x00000001002c14e8 probes_shard_2-19749884b4f574cf`carrick_runtime::runtime::run_threaded_hvf_loop::h71d682710ea57ea7(trap=Aarch64EngineCore<carrick_vmm_hvf::hvf_aarch64_engine::HvfAarch64Vmm> @ 0x0000000170416bb0, dispatcher=SyscallDispatcher @ 0x0000000170417260, max_traps=<unavailable>, carrier=<unavailable>) at runtime.rs:2098:5 [opt] [inlined]
       frame #13: 0x00000001002c14cc probes_shard_2-19749884b4f574cf`carrick_runtime::runtime::run_address_space_with_hvf_and_dispatcher::_$u7b$$u7b$closure$u7d$$u7d$::hcb8ac0e40ed34593 at runtime.rs:769:30 [opt]
       frame #14: 0x00000001002c14b0 probes_shard_2-19749884b4f574cf`carrick_runtime::runtime::run_address_space_with_hvf_and_dispatcher::ha7e27f6df7cb267a(image=AddressSpace @ 0x0000000170415720, dispatcher=SyscallDispatcher @ 0x00000001704157e0, max_traps=18446744073709551615, carrier=CarrierRuntime @ 0x0000000170415c28, lease=CarrierLease @ 0x0000000170415680) at runtime.rs:747:19 [opt]
       frame #15: 0x00000001002c1014 probes_shard_2-19749884b4f574cf`carrick_runtime::runtime::finish_and_run_image_owned::h2af0b14f16be37de(image=AddressSpace @ 0x00000001704178f0, dispatcher=SyscallDispatcher @ 0x00000001704179b8, requires_syscall_traps=<unavailable>, max_traps=<unavailable>, debug_state_path=<unavailable>, ownership=Option<(carrick_runtime::carrier::CarrierRuntime, carrick_runtime::carrier::CarrierLease)> @ 0x0000000170417e10) at runtime.rs:979:5 [opt]
       frame #16: 0x00000001002eaa40 probes_shard_2-19749884b4f574cf`carrick_runtime::runtime::finish_and_run_image_on::h197e339bb11b7559(image=AddressSpace @ 0x00000001704178f0, dispatcher=SyscallDispatcher @ 0x00000001704179b8, requires_syscall_traps=false, max_traps=18446744073709551615, debug_state_path=Option<&std::path::PathBuf> @ x23, carrier=CarrierRuntime @ x28, lease=<unavailable>) at runtime.rs:926:5 [opt] [inlined]
       frame #17: 0x00000001002eaa1c probes_shard_2-19749884b4f574cf`carrick_runtime::hvpatch::finish_hvpatch_image_owned::hb408bb2ec69aea01(image=AddressSpace @ 0x0000000170418330, dispatcher=SyscallDispatcher @ 0x00000001704183f0, max_traps=18446744073709551615, debug_state_path=Option<&std::path::PathBuf> @ x23, ownership=Option<(carrick_runtime::carrier::CarrierRuntime, carrick_runtime::carrier::CarrierLease)> @ 0x0000000170418830) at mod.rs:1475:35 [opt]
       frame #18: 0x00000001002c2b74 probes_shard_2-19749884b4f574cf`carrick_runtime::hvpatch::finish_hvpatch_image_on::h1df8fa74d83dea34(image=AddressSpace @ 0x0000000170418330, dispatcher=SyscallDispatcher @ 0x00000001704183f0, max_traps=18446744073709551615, debug_state_path=Option<&std::path::PathBuf> @ x24, carrier=CarrierRuntime @ 0x0000000170417f58, lease=<unavailable>) at mod.rs:1443:5 [opt] [inlined]
       frame #19: 0x00000001002c2b50 probes_shard_2-19749884b4f574cf`carrick_runtime::runtime::run_elf_from_dispatcher_debug_owned::h83af6acff985ef04(path=<unavailable>, dispatcher=<unavailable>, argv=<unavailable>, env=<unavailable>, options=<unavailable>) at runtime.rs:637:5 [opt]
       frame #20: 0x00000001002c2ab8 probes_shard_2-19749884b4f574cf`carrick_runtime::runtime::run_elf_from_dispatcher_debug_on::h3b2a2be7dc5e75a2(path=<unavailable>, dispatcher=<unavailable>, argv=<unavailable>, env=<unavailable>, options=<unavailable>) at runtime.rs:519:5 [opt]
       frame #21: 0x0000000100291cc4 probes_shard_2-19749884b4f574cf`carrick_runtime::prepare::PreparedRun::execute::h1f994527ef8390cb(self=<unavailable>) at prepare.rs:850:17 [opt]
       frame #22: 0x00000001000d7f8c probes_shard_2-19749884b4f574cf`carrick_embed::prepared::PreparedContainer::execute::hdf7842279bb20b51(self=PreparedContainer @ 0x000000017041cf00) at prepared.rs:121:38 [opt]
       frame #23: 0x00000001000e621c probes_shard_2-19749884b4f574cf`carrick_embed::builder::Container::run_blocking::h6d31d3334bc5a132(self=<unavailable>) at builder.rs:725:18 [opt]
       frame #24: 0x00000001000d92e4 probes_shard_2-19749884b4f574cf`carrick_embed::builder::ContainerBuilder::run_blocking::h93ab53a3ce3b6438(self=ContainerBuilder @ 0x000000017041d570) at builder.rs:585:23 [opt] [inlined]
       frame #25: 0x00000001000d9204 probes_shard_2-19749884b4f574cf`carrick_embed::deadline::run_with_carrier_budget::_$u7b$$u7b$closure$u7d$$u7d$::h710ed52b193b4b52 at deadline.rs:180:41 [opt] [inlined]
       frame #26: 0x00000001000d9204 probes_shard_2-19749884b4f574cf`std::sys::backtrace::__rust_begin_short_backtrace::h0bfc4753d433e601(f={closure_env#0} @ 0x000000017041eaa0) at backtrace.rs:166:18 [opt]
       frame #27: 0x0000000100118a2c probes_shard_2-19749884b4f574cf`std::thread::lifecycle::spawn_unchecked::_$u7b$$u7b$closure$u7d$$u7d$::_$u7b$$u7b$closure$u7d$$u7d$::h780225cdaf23ca60 at lifecycle.rs:91:13 [opt] [inlined]
       frame #28: 0x0000000100118a1c probes_shard_2-19749884b4f574cf`_$LT$core..panic..unwind_safe..AssertUnwindSafe$LT$F$GT$$u20$as$u20$core..ops..function..FnOnce$LT$$LP$$RP$$GT$$GT$::call_once::hbab13c7ad026c4a2(self=AssertUnwindSafe<std::thread::lifecycle::spawn_unchecked::{closure#1}::{closure_env#0}<carrick_embed::deadline::run_with_carrier_budget::{closure_env#0}, ()>> @ 0x00000075cebb6d00, (null)=<unavailable>) at unwind_safe.rs:275:9 [opt] [inlined]
       frame #29: 0x0000000100118a1c probes_shard_2-19749884b4f574cf`std::panicking::catch_unwind::do_call::h8713d4d5508ab326(data=<unavailable>) at panicking.rs:581:40 [opt]
       frame #30: 0x0000000100118a1c probes_shard_2-19749884b4f574cf`std::panicking::catch_unwind::h162b83ac3908c001(f=AssertUnwindSafe<std::thread::lifecycle::spawn_unchecked::{closure#1}::{closure_env#0}<carrick_embed::deadline::run_with_carrier_budget::{closure_env#0}, ()>> @ 0x00000075cebb7200) at panicking.rs:544:19 [opt]
       frame #31: 0x0000000100118a1c probes_shard_2-19749884b4f574cf`std::panic::catch_unwind::ha5197b1b6f388f09(f=AssertUnwindSafe<std::thread::lifecycle::spawn_unchecked::{closure#1}::{closure_env#0}<carrick_embed::deadline::run_with_carrier_budget::{closure_env#0}, ()>> @ 0x00000075cebb6800) at panic.rs:359:14 [opt] [inlined]
       frame #32: 0x0000000100118a1c probes_shard_2-19749884b4f574cf`std::thread::lifecycle::spawn_unchecked::_$u7b$$u7b$closure$u7d$$u7d$::h443f1324d24f27bd at lifecycle.rs:89:26 [opt]
       frame #33: 0x00000001001189b8 probes_shard_2-19749884b4f574cf`core::ops::function::FnOnce::call_once$u7b$$u7b$vtable.shim$u7d$$u7d$::h9a9080030e481231((null)=0x0000000136008e00, (null)=<unavailable>) at function.rs:250:5 [opt]
       frame #34: 0x0000000100dcbf5c probes_shard_2-19749884b4f574cf`<alloc::boxed::Box<dyn core::ops::function::FnOnce<(), Output = ()> + core::marker::Send> as core::ops::function::FnOnce<()>>::call_once at boxed.rs:2249:9 [opt] [inlined]
       frame #35: 0x0000000100dcbf50 probes_shard_2-19749884b4f574cf`<std::sys::thread::unix::Thread>::new::thread_start at unix.rs:118:17 [opt]
       frame #36: 0x000000018a8ffd00 libsystem_pthread.dylib`_pthread_start + 136
  thread #7, name = 'com.apple.virtualization.thread.virtual-clock'
       frame #0: 0x000000018a8be50c libsystem_kernel.dylib`__psynch_cvwait + 8
       frame #1: 0x000000018a9001fc libsystem_pthread.dylib`_pthread_cond_wait + 1024
       frame #2: 0x0000000260b10228 Hypervisor`HvCore::VirtualClock::thread_body() + 312
       frame #3: 0x0000000260b104b0 Hypervisor`void* std::__1::__thread_proxy[abi:fqe220106]<std::__1::tuple<std::__1::unique_ptr<std::__1::__thread_struct, std::__1::default_delete<std::__1::__thread_struct>>, void (HvCore::VirtualClock::*)(), HvCore::VirtualClock*>>(void*) + 92
       frame #4: 0x000000018a8ffd00 libsystem_pthread.dylib`_pthread_start + 136
  thread #8, name = 'carrick-signal-pump'
       frame #0: 0x000000018a8c0fcc libsystem_kernel.dylib`kevent + 8
       frame #1: 0x0000000100a8cd6c probes_shard_2-19749884b4f574cf`carrick_host_bsd::kqueue::Kqueue::wait::h55d0106af8d08397(self=<unavailable>, changes=<unavailable>, events=<unavailable>, timeout=<unavailable>) at kqueue.rs:136:13 [opt]
       frame #2: 0x00000001004d3b34 probes_shard_2-19749884b4f574cf`carrick_vmm_hvf::vcpu_kick::spawn_signal_pump_inner::_$u7b$$u7b$closure$u7d$$u7d$::h92620bd8006212a2 at vcpu_kick.rs:614:34 [opt]
       frame #3: 0x00000001004d36d4 probes_shard_2-19749884b4f574cf`std::sys::backtrace::__rust_begin_short_backtrace::h5940431794450ebc(f={closure_env#0} @ 0x00000001708c2e70) at backtrace.rs:166:18 [opt]
       frame #4: 0x000000010043cf78 probes_shard_2-19749884b4f574cf`std::thread::lifecycle::spawn_unchecked::_$u7b$$u7b$closure$u7d$$u7d$::_$u7b$$u7b$closure$u7d$$u7d$::h376c6378e458c6de at lifecycle.rs:91:13 [opt] [inlined]
       frame #5: 0x000000010043cf3c probes_shard_2-19749884b4f574cf`_$LT$core..panic..unwind_safe..AssertUnwindSafe$LT$F$GT$$u20$as$u20$core..ops..function..FnOnce$LT$$LP$$RP$$GT$$GT$::call_once::habf0386eef68befe(self=AssertUnwindSafe<std::thread::lifecycle::spawn_unchecked::{closure#1}::{closure_env#0}<carrick_vmm_hvf::vcpu_kick::spawn_signal_pump_inner::{closure_env#0}, ()>> @ 0x00000075eec2a4c0, (null)=<unavailable>) at unwind_safe.rs:275:9 [opt] [inlined]
       frame #6: 0x000000010043cf2c probes_shard_2-19749884b4f574cf`std::panicking::catch_unwind::do_call::h116f9bd4411b366e(data=<unavailable>) at panicking.rs:581:40 [opt]
       frame #7: 0x000000010043cf2c probes_shard_2-19749884b4f574cf`std::panicking::catch_unwind::h36c2c02718023c48(f=AssertUnwindSafe<std::thread::lifecycle::spawn_unchecked::{closure#1}::{closure_env#0}<carrick_vmm_hvf::vcpu_kick::spawn_signal_pump_inner::{closure_env#0}, ()>> @ 0x00000075eec2a530) at panicking.rs:544:19 [opt]
       frame #8: 0x000000010043cf2c probes_shard_2-19749884b4f574cf`std::panic::catch_unwind::hef5e51875c7ba19d(f=AssertUnwindSafe<std::thread::lifecycle::spawn_unchecked::{closure#1}::{closure_env#0}<carrick_vmm_hvf::vcpu_kick::spawn_signal_pump_inner::{closure_env#0}, ()>> @ 0x00000075eec2a450) at panic.rs:359:14 [opt] [inlined]
       frame #9: 0x000000010043cf2c probes_shard_2-19749884b4f574cf`std::thread::lifecycle::spawn_unchecked::_$u7b$$u7b$closure$u7d$$u7d$::hea55bb08abacb230 at lifecycle.rs:89:26 [opt] [inlined]
       frame #10: 0x000000010043cf04 probes_shard_2-19749884b4f574cf`core::ops::function::FnOnce::call_once$u7b$$u7b$vtable.shim$u7d$$u7d$::h36187f4fb6dcac9b((null)=0x0000000135e06090, (null)=<unavailable>) at function.rs:250:5 [opt]
       frame #11: 0x0000000100dcbf5c probes_shard_2-19749884b4f574cf`<alloc::boxed::Box<dyn core::ops::function::FnOnce<(), Output = ()> + core::marker::Send> as core::ops::function::FnOnce<()>>::call_once at boxed.rs:2249:9 [opt] [inlined]
       frame #12: 0x0000000100dcbf50 probes_shard_2-19749884b4f574cf`<std::sys::thread::unix::Thread>::new::thread_start at unix.rs:118:17 [opt]
       frame #13: 0x000000018a8ffd00 libsystem_pthread.dylib`_pthread_start + 136
  thread #9, name = 'carrick-carrier-wait'
       frame #0: 0x000000018a8c3760 libsystem_kernel.dylib`poll + 8
       frame #1: 0x00000001008de738 probes_shard_2-19749884b4f574cf`carrick_kernel::kernel::continuation::wait_service::CarrierWaitServiceInner::run_reactor::h74f4de5e0ae6a6a1(weak=<unavailable>) at wait_service.rs:838:17 [opt]
       frame #2: 0x00000001007008f4 probes_shard_2-19749884b4f574cf`carrick_kernel::kernel::continuation::wait_service::CarrierWaitService::try_new::_$u7b$$u7b$closure$u7d$$u7d$::hf21128085d56bf5d at wait_service.rs:1071:28 [opt] [inlined]
       frame #3: 0x00000001007008f0 probes_shard_2-19749884b4f574cf`std::sys::backtrace::__rust_begin_short_backtrace::hbe464d46abbdf464(f=<unavailable>) at backtrace.rs:166:18 [opt]
       frame #4: 0x000000010070578c probes_shard_2-19749884b4f574cf`std::thread::lifecycle::spawn_unchecked::_$u7b$$u7b$closure$u7d$$u7d$::_$u7b$$u7b$closure$u7d$$u7d$::h57045fa1bf3a792e at lifecycle.rs:91:13 [opt] [inlined]
       frame #5: 0x000000010070577c probes_shard_2-19749884b4f574cf`_$LT$core..panic..unwind_safe..AssertUnwindSafe$LT$F$GT$$u20$as$u20$core..ops..function..FnOnce$LT$$LP$$RP$$GT$$GT$::call_once::ha5c66d15cb8a3c9f(self=AssertUnwindSafe<std::thread::lifecycle::spawn_unchecked::{closure#1}::{closure_env#0}<carrick_kernel::kernel::continuation::wait_service::{impl#12}::try_new::{closure_env#0}, ()>> @ 0x0000000170aceea0, (null)=<unavailable>) at unwind_safe.rs:275:9 [opt] [inlined]
       frame #6: 0x000000010070577c probes_shard_2-19749884b4f574cf`std::panicking::catch_unwind::do_call::h851ef9744f3e9a14(data=<unavailable>) at panicking.rs:581:40 [opt]
       frame #7: 0x0000000100705774 probes_shard_2-19749884b4f574cf`std::panicking::catch_unwind::hf5b240c5408eb619(f=AssertUnwindSafe<std::thread::lifecycle::spawn_unchecked::{closure#1}::{closure_env#0}<carrick_kernel::kernel::continuation::wait_service::{impl#12}::try_new::{closure_env#0}, ()>> @ 0x00000075f13c2730) at panicking.rs:544:19 [opt]
       frame #8: 0x0000000100705774 probes_shard_2-19749884b4f574cf`std::panic::catch_unwind::hd9db8983781f68e9(f=AssertUnwindSafe<std::thread::lifecycle::spawn_unchecked::{closure#1}::{closure_env#0}<carrick_kernel::kernel::continuation::wait_service::{impl#12}::try_new::{closure_env#0}, ()>> @ 0x00000075f13c2850) at panic.rs:359:14 [opt] [inlined]
       frame #9: 0x0000000100705774 probes_shard_2-19749884b4f574cf`std::thread::lifecycle::spawn_unchecked::_$u7b$$u7b$closure$u7d$$u7d$::h3af23be669e609b3 at lifecycle.rs:89:26 [opt]
       frame #10: 0x000000010070576c probes_shard_2-19749884b4f574cf`core::ops::function::FnOnce::call_once$u7b$$u7b$vtable.shim$u7d$$u7d$::h093e8e39cd6b0afa((null)=0x0000000135e13cd0, (null)=<unavailable>) at function.rs:250:5 [opt]
       frame #11: 0x0000000100dcbf5c probes_shard_2-19749884b4f574cf`<alloc::boxed::Box<dyn core::ops::function::FnOnce<(), Output = ()> + core::marker::Send> as core::ops::function::FnOnce<()>>::call_once at boxed.rs:2249:9 [opt] [inlined]
       frame #12: 0x0000000100dcbf50 probes_shard_2-19749884b4f574cf`<std::sys::thread::unix::Thread>::new::thread_start at unix.rs:118:17 [opt]
       frame #13: 0x000000018a8ffd00 libsystem_pthread.dylib`_pthread_start + 136
  thread #10, name = 'carrick-carrier-wait'
       frame #0: 0x000000018a8c3760 libsystem_kernel.dylib`poll + 8
       frame #1: 0x00000001008de738 probes_shard_2-19749884b4f574cf`carrick_kernel::kernel::continuation::wait_service::CarrierWaitServiceInner::run_reactor::h74f4de5e0ae6a6a1(weak=<unavailable>) at wait_service.rs:838:17 [opt]
       frame #2: 0x00000001007008f4 probes_shard_2-19749884b4f574cf`carrick_kernel::kernel::continuation::wait_service::CarrierWaitService::try_new::_$u7b$$u7b$closure$u7d$$u7d$::hf21128085d56bf5d at wait_service.rs:1071:28 [opt] [inlined]
       frame #3: 0x00000001007008f0 probes_shard_2-19749884b4f574cf`std::sys::backtrace::__rust_begin_short_backtrace::hbe464d46abbdf464(f=<unavailable>) at backtrace.rs:166:18 [opt]
       frame #4: 0x000000010070578c probes_shard_2-19749884b4f574cf`std::thread::lifecycle::spawn_unchecked::_$u7b$$u7b$closure$u7d$$u7d$::_$u7b$$u7b$closure$u7d$$u7d$::h57045fa1bf3a792e at lifecycle.rs:91:13 [opt] [inlined]
       frame #5: 0x000000010070577c probes_shard_2-19749884b4f574cf`_$LT$core..panic..unwind_safe..AssertUnwindSafe$LT$F$GT$$u20$as$u20$core..ops..function..FnOnce$LT$$LP$$RP$$GT$$GT$::call_once::ha5c66d15cb8a3c9f(self=AssertUnwindSafe<std::thread::lifecycle::spawn_unchecked::{closure#1}::{closure_env#0}<carrick_kernel::kernel::continuation::wait_service::{impl#12}::try_new::{closure_env#0}, ()>> @ 0x0000000170cdaea0, (null)=<unavailable>) at unwind_safe.rs:275:9 [opt] [inlined]
       frame #6: 0x000000010070577c probes_shard_2-19749884b4f574cf`std::panicking::catch_unwind::do_call::h851ef9744f3e9a14(data=<unavailable>) at panicking.rs:581:40 [opt]
       frame #7: 0x0000000100705774 probes_shard_2-19749884b4f574cf`std::panicking::catch_unwind::hf5b240c5408eb619(f=AssertUnwindSafe<std::thread::lifecycle::spawn_unchecked::{closure#1}::{closure_env#0}<carrick_kernel::kernel::continuation::wait_service::{impl#12}::try_new::{closure_env#0}, ()>> @ 0x00000075f13c27c0) at panicking.rs:544:19 [opt]
       frame #8: 0x0000000100705774 probes_shard_2-19749884b4f574cf`std::panic::catch_unwind::hd9db8983781f68e9(f=AssertUnwindSafe<std::thread::lifecycle::spawn_unchecked::{closure#1}::{closure_env#0}<carrick_kernel::kernel::continuation::wait_service::{impl#12}::try_new::{closure_env#0}, ()>> @ 0x00000075f13c2730) at panic.rs:359:14 [opt] [inlined]
       frame #9: 0x0000000100705774 probes_shard_2-19749884b4f574cf`std::thread::lifecycle::spawn_unchecked::_$u7b$$u7b$closure$u7d$$u7d$::h3af23be669e609b3 at lifecycle.rs:89:26 [opt]
       frame #10: 0x000000010070576c probes_shard_2-19749884b4f574cf`core::ops::function::FnOnce::call_once$u7b$$u7b$vtable.shim$u7d$$u7d$::h093e8e39cd6b0afa((null)=0x0000000135e14770, (null)=<unavailable>) at function.rs:250:5 [opt]
       frame #11: 0x0000000100dcbf5c probes_shard_2-19749884b4f574cf`<alloc::boxed::Box<dyn core::ops::function::FnOnce<(), Output = ()> + core::marker::Send> as core::ops::function::FnOnce<()>>::call_once at boxed.rs:2249:9 [opt] [inlined]
       frame #12: 0x0000000100dcbf50 probes_shard_2-19749884b4f574cf`<std::sys::thread::unix::Thread>::new::thread_start at unix.rs:118:17 [opt]
       frame #13: 0x000000018a8ffd00 libsystem_pthread.dylib`_pthread_start + 136
  thread #11, name = 'carrick-executor-0'
       frame #0: 0x000000018a8be50c libsystem_kernel.dylib`__psynch_cvwait + 8
       frame #1: 0x000000018a9001fc libsystem_pthread.dylib`_pthread_cond_wait + 1024
       frame #2: 0x0000000260b26444 Hypervisor`HvCore::Hypervisor::VcpuStateManager::wait_for_interrupt() + 1348
       frame #3: 0x0000000260adea64 Hypervisor`Hv::Vcpu::run() + 64
       frame #4: 0x00000001004f8f48 probes_shard_2-19749884b4f574cf`applevisor::vcpu::Vcpu::run::h9ac3ac5faebfe78c(self=<unavailable>) at vcpu.rs:191:25 [opt]
       frame #5: 0x00000001003f9598 probes_shard_2-19749884b4f574cf`carrick_vmm_hvf::trap::HvfInner::run_to_exit_inner::h0a367d494050df1e(vcpu=<unavailable>, mailbox=<unavailable>, kick_armed=<unavailable>) at trap.rs:7505:18 [opt]
       frame #6: 0x00000001003f9430 probes_shard_2-19749884b4f574cf`carrick_vmm_hvf::trap::HvfInner::run_to_exit::haec6212b617ba7f3(vcpu=<unavailable>, mailbox=<unavailable>) at trap.rs:7446:20 [opt]
       frame #7: 0x00000001004c55a8 probes_shard_2-19749884b4f574cf`_$LT$carrick_vmm_hvf..hvf_aarch64_engine..HvfAarch64Vcpu$u20$as$u20$carrick_aarch64..vmm..Aarch64Vcpu$GT$::run::h8f1812d934218b7c(self=0x0000000170ee3b40) at hvf_aarch64_engine.rs:581:20 [opt]
       frame #8: 0x00000001004ca234 probes_shard_2-19749884b4f574cf`carrick_aarch64::engine::Aarch64EngineCore$LT$V$GT$::run_idle_entry_on_vcpu::he1679ea0f7d6c4aa(vcpu=0x0000000170ee3b40, carrier_root=CarrierMaintenanceRoot @ scalar, frame_va=<unavailable>) at engine.rs:1519:24 [opt]
       frame #9: 0x00000001004ca004 probes_shard_2-19749884b4f574cf`carrick_vmm_hvf::hvf_aarch64_engine::run_worker_idle_entry::h79af6e7cbd93a42b(vmm=<unavailable>, vcpu=0x0000000170ee3b40, frame_va=<unavailable>) at hvf_aarch64_engine.rs:1421:9 [opt]
       frame #10: 0x00000001002022f0 probes_shard_2-19749884b4f574cf`_$LT$carrick_runtime..vcpu_loop..executor..backend..HvpatchPersistentExecutor$u20$as$u20$carrick_runtime..vcpu_loop..executor..backend..PersistentExecutor$GT$::wait_in_guest::hf523fc43a83c7b3b(self=0x0000000170ee2460) at backend.rs:1192:13 [opt]
       frame #11: 0x0000000100267040 probes_shard_2-19749884b4f574cf`carrick_runtime::vcpu_loop::executor::next_runnable::h33b3687b36dfd804(scheduler=<unavailable>, backend=0x0000000170ee2460, registration=0x0000000170ee2430, kick=0x0000000116806730) at executor.rs:1540:26 [opt]
       frame #12: 0x000000010026702c probes_shard_2-19749884b4f574cf`carrick_runtime::vcpu_loop::executor::run_executor_loop::h16559fca504fb64c(scheduler=<unavailable>, resolver=<unavailable>, backend=<unavailable>, runtime=<unavailable>, commands=<unavailable>) at executor.rs:278:27 [opt]
       frame #13: 0x0000000100278c38 probes_shard_2-19749884b4f574cf`carrick_runtime::vcpu_loop::executor::executor_worker::_$u7b$$u7b$closure$u7d$$u7d$::h9caefef6dadcaa07 at executor.rs:155:39 [opt]
       frame #14: 0x0000000100278b20 probes_shard_2-19749884b4f574cf`core::ops::function::FnOnce::call_once::h8a1267a422c367e1((null)={closure_env#1}<carrick_runtime::vcpu_loop::executor::backend::HvpatchPersistentExecutorFactory, carrick_runtime::vcpu_loop::executor::binding::HvpatchTaskBindingDirectory> @ 0x00000075f9d61c80, (null)=<unavailable>) at function.rs:250:5 [opt] [inlined]
       frame #15: 0x0000000100278b20 probes_shard_2-19749884b4f574cf`_$LT$core..panic..unwind_safe..AssertUnwindSafe$LT$F$GT$$u20$as$u20$core..ops..function..FnOnce$LT$$LP$$RP$$GT$$GT$::call_once::h5f3fe5d9958d86ad(self=AssertUnwindSafe<carrick_runtime::vcpu_loop::executor::executor_worker::{closure_env#1}<carrick_runtime::vcpu_loop::executor::backend::HvpatchPersistentExecutorFactory, carrick_runtime::vcpu_loop::executor::binding::HvpatchTaskBindingDirectory>> @ 0x00000075f9d61f80, (null)=<unavailable>) at unwind_safe.rs:275:9 [opt] [inlined]
       frame #16: 0x0000000100278b20 probes_shard_2-19749884b4f574cf`std::panicking::catch_unwind::do_call::h29ce9e822a642d98(data=<unavailable>) at panicking.rs:581:40 [opt]
       frame #17: 0x0000000100278b20 probes_shard_2-19749884b4f574cf`std::panicking::catch_unwind::h1a41084116cdd5ec(f=AssertUnwindSafe<carrick_runtime::vcpu_loop::executor::executor_worker::{closure_env#1}<carrick_runtime::vcpu_loop::executor::backend::HvpatchPersistentExecutorFactory, carrick_runtime::vcpu_loop::executor::binding::HvpatchTaskBindingDirectory>> @ 0x00000075f9d61fe0) at panicking.rs:544:19 [opt]
       frame #18: 0x0000000100278b20 probes_shard_2-19749884b4f574cf`std::panic::catch_unwind::h9e6697967e43cc34(f=AssertUnwindSafe<carrick_runtime::vcpu_loop::executor::executor_worker::{closure_env#1}<carrick_runtime::vcpu_loop::executor::backend::HvpatchPersistentExecutorFactory, carrick_runtime::vcpu_loop::executor::binding::HvpatchTaskBindingDirectory>> @ 0x00000075f9d61f20) at panic.rs:359:14 [opt] [inlined]
       frame #19: 0x0000000100278b20 probes_shard_2-19749884b4f574cf`carrick_runtime::vcpu_loop::executor::executor_worker::h6659650ec665c127(slot=<unavailable>, scheduler=Arc<carrick_kernel::kernel::scheduler::Scheduler, alloc::alloc::Global> @ 0x0000000170ee23d8, factory=Arc<carrick_runtime::vcpu_loop::executor::backend::HvpatchPersistentExecutorFactory, alloc::alloc::Global> @ 0x0000000170ee23e0, resolver=Arc<carrick_runtime::vcpu_loop::executor::binding::HvpatchTaskBindingDirectory, alloc::alloc::Global> @ 0x0000000170ee23e8, receipts=Arc<carrick_runtime::vcpu_loop::executor::pool::ReceiptLog, alloc::alloc::Global> @ 0x0000000170ee23f0, control=Arc<carrick_runtime::vcpu_loop::executor::pool::PoolControl, alloc::alloc::Global> @ 0x0000000170ee23f8, channels=<unavailable>) at executor.rs:125:21 [opt]
       frame #20: 0x0000000100278438 probes_shard_2-19749884b4f574cf`carrick_runtime::vcpu_loop::executor::pool::ExecutorPool$LT$F$C$R$GT$::start::_$u7b$$u7b$closure$u7d$$u7d$::hb743ce58afda6e7c at pool.rs:987:21 [opt] [inlined]
       frame #21: 0x0000000100278438 probes_shard_2-19749884b4f574cf`std::sys::backtrace::__rust_begin_short_backtrace::hf904e9adac42143e(f=<unavailable>) at backtrace.rs:166:18 [opt]
       frame #22: 0x00000001002b0c44 probes_shard_2-19749884b4f574cf`std::thread::lifecycle::spawn_unchecked::_$u7b$$u7b$closure$u7d$$u7d$::_$u7b$$u7b$closure$u7d$$u7d$::h6f97fec13f2b11b2 at lifecycle.rs:91:13 [opt] [inlined]
       frame #23: 0x00000001002b0c08 probes_shard_2-19749884b4f574cf`_$LT$core..panic..unwind_safe..AssertUnwindSafe$LT$F$GT$$u20$as$u20$core..ops..function..FnOnce$LT$$LP$$RP$$GT$$GT$::call_once::h6ca9278a66b3246b(self=AssertUnwindSafe<std::thread::lifecycle::spawn_unchecked::{closure#1}::{closure_env#0}<carrick_runtime::vcpu_loop::executor::pool::{impl#15}::start::{closure_env#4}<carrick_runtime::vcpu_loop::executor::backend::HvpatchPersistentExecutorFactory, carrick_runtime::vcpu_loop::executor::binding::HvpatchTaskBindingDirectory>, carrick_runtime::vcpu_loop::executor::pool::WorkerOutcome>> @ 0x00000075f2c83400, (null)=<unavailable>) at unwind_safe.rs:275:9 [opt] [inlined]
       frame #24: 0x00000001002b0bfc probes_shard_2-19749884b4f574cf`std::panicking::catch_unwind::do_call::h26fe3308ed829988(data=<unavailable>) at panicking.rs:581:40 [opt]
       frame #25: 0x00000001002b0bfc probes_shard_2-19749884b4f574cf`std::panicking::catch_unwind::h685e6787e1d99c3d(f=AssertUnwindSafe<std::thread::lifecycle::spawn_unchecked::{closure#1}::{closure_env#0}<carrick_runtime::vcpu_loop::executor::pool::{impl#15}::start::{closure_env#4}<carrick_runtime::vcpu_loop::executor::backend::HvpatchPersistentExecutorFactory, carrick_runtime::vcpu_loop::executor::binding::HvpatchTaskBindingDirectory>, carrick_runtime::vcpu_loop::executor::pool::WorkerOutcome>> @ 0x00000075f2c82e00) at panicking.rs:544:19 [opt]
       frame #26: 0x00000001002b0bfc probes_shard_2-19749884b4f574cf`std::panic::catch_unwind::h8edd4e8e12c9ad12(f=AssertUnwindSafe<std::thread::lifecycle::spawn_unchecked::{closure#1}::{closure_env#0}<carrick_runtime::vcpu_loop::executor::pool::{impl#15}::start::{closure_env#4}<carrick_runtime::vcpu_loop::executor::backend::HvpatchPersistentExecutorFactory, carrick_runtime::vcpu_loop::executor::binding::HvpatchTaskBindingDirectory>, carrick_runtime::vcpu_loop::executor::pool::WorkerOutcome>> @ 0x00000075f2c83500) at panic.rs:359:14 [opt] [inlined]
       frame #27: 0x00000001002b0bfc probes_shard_2-19749884b4f574cf`std::thread::lifecycle::spawn_unchecked::_$u7b$$u7b$closure$u7d$$u7d$::ha34d47043a5b9232 at lifecycle.rs:89:26 [opt] [inlined]
       frame #28: 0x00000001002b0bc8 probes_shard_2-19749884b4f574cf`core::ops::function::FnOnce::call_once$u7b$$u7b$vtable.shim$u7d$$u7d$::hdb2a01d778d5ac22((null)=<unavailable>, (null)=<unavailable>) at function.rs:250:5 [opt]
       frame #29: 0x0000000100dcbf5c probes_shard_2-19749884b4f574cf`<alloc::boxed::Box<dyn core::ops::function::FnOnce<(), Output = ()> + core::marker::Send> as core::ops::function::FnOnce<()>>::call_once at boxed.rs:2249:9 [opt] [inlined]
       frame #30: 0x0000000100dcbf50 probes_shard_2-19749884b4f574cf`<std::sys::thread::unix::Thread>::new::thread_start at unix.rs:118:17 [opt]
       frame #31: 0x000000018a8ffd00 libsystem_pthread.dylib`_pthread_start + 136
* thread #12, name = 'carrick-executor-1', stop reason = signal SIGABRT
   * frame #0: 0x000000018a8c3650 libsystem_kernel.dylib`__pthread_kill + 8
     frame #1: 0x000000018a8ff97c libsystem_pthread.dylib`pthread_kill + 296
     frame #2: 0x000000018a993480 libsystem_c.dylib`abort + 148
     frame #3: 0x0000000100e35018 probes_shard_2-19749884b4f574cf`std::sys::pal::unix::abort_internal at mod.rs:305:14 [opt]
     frame #4: 0x0000000100e34d98 probes_shard_2-19749884b4f574cf`std::process::abort at process.rs:2536:5 [opt]
     frame #5: 0x0000000100b32f80 probes_shard_2-19749884b4f574cf`carrick_fatal::fatal::h6711644fbe873a44(domain=<unavailable>, args=<unavailable>) at lib.rs:241:5 [opt]
     frame #6: 0x00000001001676b0 probes_shard_2-19749884b4f574cf`carrick_kernel::dispatch::mem::madvise::_$LT$impl$u20$carrick_kernel..dispatch..dispatcher..MemView$GT$::madvise::hb5244155a2c0c245(self=0x00000001710e9b20, ctx=<unavailable>) at madvise.rs:743:37 [opt]
     frame #7: 0x00000001002bc00c probes_shard_2-19749884b4f574cf`carrick_kernel::dispatch::mem::_$LT$impl$u20$carrick_kernel..dispatch..dispatcher..SyscallDispatcher$GT$::madvise::h16988230b6d41176(self=<unavailable>, cx=<unavailable>) at mem.rs:1937:37 [opt]
     frame #8: 0x00000001001a4930 probes_shard_2-19749884b4f574cf`carrick_kernel::dispatch::routing::_$LT$impl$u20$carrick_kernel..dispatch..dispatcher..SyscallDispatcher$GT$::dispatch_normalized_mutation::ha40a12f38d2a0565(self=<unavailable>, ctx=<unavailable>) at routing.rs:189:14 [opt]
     frame #9: 0x00000001001a4fb8 probes_shard_2-19749884b4f574cf`_$LT$carrick_kernel..dispatch..routing..MutationDispatchRoute$u20$as$u20$carrick_kernel..dispatch..routing..NormalizedDispatchRoute$GT$::dispatch::hbbce0891df5a7782(self=0x00000001710ea1c0, dispatcher=0x0000000137851568, kernel=0x00000001710ea418, request=SyscallRequest @ 0x00000001710e9c50, memory=0x00000001710eea10, reporter=0x0000000137851010, thread=<unavailable>) at routing.rs:128:20 [opt] [inlined]
     frame #10: 0x00000001001a4f5c probes_shard_2-19749884b4f574cf`carrick_kernel::dispatch::execution::_$LT$impl$u20$carrick_kernel..dispatch..dispatcher..SyscallDispatcher$GT$::dispatch_threaded_shared::hf50153bbc81c5ec6(self=<unavailable>, kernel=<unavailable>, request=SyscallRequest @ 0x00000001710e9c50, memory=<unavailable>, reporter=<unavailable>, thread=<unavailable>, route=<unavailable>) at execution.rs:424:28 [opt] [inlined]
     frame #11: 0x00000001001a4f2c probes_shard_2-19749884b4f574cf`carrick_kernel::dispatch::execution::_$LT$impl$u20$carrick_kernel..dispatch..dispatcher..SyscallDispatcher$GT$::dispatch_threaded_captured::hd729ee0cc41ab284(self=<unavailable>, kernel=<unavailable>, request=<unavailable>, memory=<unavailable>, reporter=<unavailable>, thread=<unavailable>, route=<unavailable>) at execution.rs:375:18 [opt]
     frame #12: 0x000000010028f2cc probes_shard_2-19749884b4f574cf`carrick_kernel::dispatch::execution::_$LT$impl$u20$carrick_kernel..dispatch..dispatcher..SyscallDispatcher$GT$::dispatch_threaded_prepared_with_route::_$u7b$$u7b$closure$u7d$$u7d$::h5aec15e3f491fa59 at execution.rs:361:18 [opt] [inlined]
     frame #13: 0x000000010028f274 probes_shard_2-19749884b4f574cf`carrick_kernel::dispatch::resources::with_resource_scope::hb0bead97c514bd35(resources=CapturedResources @ 0x00000001710ea008, context=<unavailable>, operation=<unavailable>) at resources.rs:231:5 [opt]
     frame #14: 0x000000010028f1b0 probes_shard_2-19749884b4f574cf`carrick_kernel::dispatch::resources::with_captured_resources::h84cabdb788cb3f0a(context=<unavailable>, operation=<unavailable>) at resources.rs:167:5 [opt]
     frame #15: 0x00000001001a5a3c probes_shard_2-19749884b4f574cf`carrick_kernel::dispatch::execution::_$LT$impl$u20$carrick_kernel..dispatch..dispatcher..SyscallDispatcher$GT$::dispatch_threaded_prepared_with_route::h54e9189e93030307(self=0x0000000137851568, kernel=0x00000001710ea418, syscall=<unavailable>, memory=0x00000001710eea10, reporter=0x0000000137851010, thread=ThreadCtx @ 0x00000001710ea850, route=MutationDispatchRoute @ 0x00000001710ea1c0) at execution.rs:360:9 [opt]
     frame #16: 0x00000001001d626c probes_shard_2-19749884b4f574cf`carrick_kernel::dispatch::execution::_$LT$impl$u20$carrick_kernel..dispatch..dispatcher..SyscallDispatcher$GT$::dispatch_threaded_prepared_mutation_with_lease::h9f670657252e7560(self=<unavailable>, kernel=<unavailable>, syscall=<unavailable>, memory=<unavailable>, reporter=<unavailable>, thread=ThreadCtx @ 0x00000001710ea850, route=MutationDispatchRoute @ 0x00000075ce2d5f70) at execution.rs:333:14 [opt] [inlined]
     frame #17: 0x00000001001d6254 probes_shard_2-19749884b4f574cf`carrick_runtime::vcpu_loop::ThreadRuntimeState$LT$E$GT$::redispatch_threaded_syscall_for_executor_inner::_$u7b$$u7b$closure$u7d$$u7d$::h8d084c0a022dbff8 at mod.rs:1759:38 [opt]
     frame #18: 0x00000001001d624c probes_shard_2-19749884b4f574cf`_$LT$core..panic..unwind_safe..AssertUnwindSafe$LT$F$GT$$u20$as$u20$core..ops..function..FnOnce$LT$$LP$$RP$$GT$$GT$::call_once::h0e45c862a64ff87e(self=AssertUnwindSafe<carrick_runtime::vcpu_loop::{impl#1}::redispatch_threaded_syscall_for_executor_inner::{closure_env#2}<carrick_aarch64::engine::Aarch64EngineCore<carrick_vmm_hvf::hvf_aarch64_engine::HvfAarch64Vmm>>> @ 0x00000075ce92ec40, (null)=<unavailable>) at unwind_safe.rs:275:9 [opt] [inlined]
     frame #19: 0x00000001001d624c probes_shard_2-19749884b4f574cf`std::panicking::catch_unwind::do_call::h9ac8a666cbebda32(data=<unavailable>) at panicking.rs:581:40 [opt]
     frame #20: 0x00000001001d624c probes_shard_2-19749884b4f574cf`std::panicking::catch_unwind::h41474600de21e0d2(f=AssertUnwindSafe<carrick_runtime::vcpu_loop::{impl#1}::redispatch_threaded_syscall_for_executor_inner::{closure_env#2}<carrick_aarch64::engine::Aarch64EngineCore<carrick_vmm_hvf::hvf_aarch64_engine::HvfAarch64Vmm>>> @ 0x00000075ce92ec40) at panicking.rs:544:19 [opt]
     frame #21: 0x00000001001d624c probes_shard_2-19749884b4f574cf`std::panic::catch_unwind::h6496a67d6846dd29(f=AssertUnwindSafe<carrick_runtime::vcpu_loop::{impl#1}::redispatch_threaded_syscall_for_executor_inner::{closure_env#2}<carrick_aarch64::engine::Aarch64EngineCore<carrick_vmm_hvf::hvf_aarch64_engine::HvfAarch64Vmm>>> @ 0x00000075ce92ec40) at panic.rs:359:14 [opt] [inlined]
     frame #22: 0x00000001001d624c probes_shard_2-19749884b4f574cf`carrick_runtime::vcpu_loop::dispatch_with_panic_backstop::h007c709ea6a62cff(syscall_nr=233, tid=(__0 = 4), run={closure_env#2}<carrick_aarch64::engine::Aarch64EngineCore<carrick_vmm_hvf::hvf_aarch64_engine::HvfAarch64Vmm>> @ 0x00000075ce92ec40) at mod.rs:804:11 [opt] [inlined]
     frame #23: 0x00000001001d624c probes_shard_2-19749884b4f574cf`carrick_runtime::vcpu_loop::ThreadRuntimeState$LT$E$GT$::redispatch_threaded_syscall_for_executor_inner::hc47740f4770e57c3(self=0x0000000136080c00, kernel=0x0000000136081440, engine=0x00000001710eea10, syscall=PreparedSyscall @ 0x00000001710ead70, mm_executor=<unavailable>, host_wait=<unavailable>) at mod.rs:1697:17 [opt]
     frame #24: 0x00000001001d5854 probes_shard_2-19749884b4f574cf`carrick_runtime::vcpu_loop::ThreadRuntimeState$LT$E$GT$::service_threaded_syscall_for_executor_inner::hfb9393d130502d4d(self=0x0000000136080c00, kernel=0x0000000136081440, engine=0x00000001710eea10, frame=<unavailable>, mm_executor=0x00000001710eb048, host_wait=<unavailable>) at mod.rs:1522:14 [opt]
     frame #25: 0x00000001001d30d4 probes_shard_2-19749884b4f574cf`carrick_runtime::vcpu_loop::ThreadRuntimeState$LT$E$GT$::service_threaded_syscall_for_executor::h63af6ec4efe746db(self=0x0000000136080c00, kernel=0x0000000136081440, engine=0x00000001710eea10, frame=RawSyscall @ 0x00000001710eb940, mm_executor=0x00000001710eb048, host_wait=Option<carrick_kernel::dispatch::request::HostWaitContext> @ 0x00000075ce2d7230) at mod.rs:1405:25 [opt] [inlined]
     frame #26: 0x00000001001d2fcc probes_shard_2-19749884b4f574cf`carrick_runtime::vcpu_loop::ThreadRuntimeState$LT$E$GT$::service_threaded_syscall::h9b1de6e23a85c06b(self=0x0000000136080c00, kernel=0x0000000136081440, engine=0x00000001710eea10, frame=RawSyscall @ 0x00000001710eb940, host_wait=Option<carrick_kernel::dispatch::request::HostWaitContext> @ 0x00000075ce2d7230) at mod.rs:1385:27 [opt]
     frame #27: 0x0000000100329de8 probes_shard_2-19749884b4f574cf`carrick_runtime::vcpu_loop::binding::ProductionHvpatchLoopJob$LT$E$GT$::poll_with_engine::hef62b3d9c240fd05(self=0x0000000136080c00, engine=0x00000001710eea10, control=0x00000001710ecd30) at binding.rs:4263:34 [opt]
     frame #28: 0x000000010031c398 probes_shard_2-19749884b4f574cf`carrick_runtime::vcpu_loop::binding::ProductionHvpatchLoopJob$LT$E$GT$::poll_with_engine_typed::h822fe704e6bb224f(self=0x0000000136080c00, engine=0x00000001710eea10, control=0x00000001710ecd30) at binding.rs:4286:27 [opt]
     frame #29: 0x000000010031c358 probes_shard_2-19749884b4f574cf`_$LT$carrick_runtime..vcpu_loop..binding..ProductionHvpatchLoopJob$LT$E$GT$$u20$as$u20$carrick_runtime..vcpu_loop..binding..ProductionHvpatchLoopPoll$GT$::poll::hbf1de19ab62dc606(self=0x0000000136080c00, engine=&mut dyn core::any::Any @ 0x00000075f348d1f0, control=0x00000001710ecd30) at binding.rs:4357:20 [opt]
     frame #30: 0x000000010031facc probes_shard_2-19749884b4f574cf`carrick_runtime::vcpu_loop::binding::HvpatchLoopJob$LT$E$GT$::poll_production::he4461f55eabc7c70(job=0x0000000135e26a90, engine=0x00000001710eea10, control=0x00000001710ecd30) at binding.rs:4737:31 [opt]
     frame #31: 0x000000010031a674 probes_shard_2-19749884b4f574cf`_$LT$carrick_runtime..vcpu_loop..binding..HvpatchLoopJob$LT$E$GT$$u20$as$u20$carrick_runtime..vcpu_loop..continuation..quantum..PersistentQuantumJob$GT$::poll_quantum_with_engine::h6e5a5193ff7f9d3c(self=0x0000000135e26a90, engine=&mut dyn core::any::Any @ 0x00000075f348d1f0, control=0x00000001710ecd30) at binding.rs:4775:9 [opt]
     frame #32: 0x0000000100203030 probes_shard_2-19749884b4f574cf`carrick_runtime::vcpu_loop::continuation::quantum::HvpatchTaskQuantum::poll_quantum_with_engine::h5803505e86f326a1(self=0x0000000135e26ad0, engine=<unavailable>, control=0x00000001710ecd30) at quantum.rs:122:25 [opt] [inlined]
     frame #33: 0x0000000100203028 probes_shard_2-19749884b4f574cf`_$LT$carrick_runtime..vcpu_loop..executor..backend..HvpatchPersistentExecutor$u20$as$u20$carrick_runtime..vcpu_loop..executor..backend..PersistentExecutor$GT$::run_until_boundary::hf466c7df0c380678(self=0x00000001710ee460, need_resched=<unavailable>, submission=<unavailable>) at backend.rs:815:20 [opt]
     frame #34: 0x0000000100266304 probes_shard_2-19749884b4f574cf`carrick_runtime::vcpu_loop::executor::run_executor_loop::_$u7b$$u7b$closure$u7d$$u7d$::haa8c66de7d74b23b at executor.rs:483:25 [opt] [inlined]
     frame #35: 0x00000001002662e4 probes_shard_2-19749884b4f574cf`core::ops::function::FnOnce::call_once::h1f330a5d04a9e59f((null)={closure_env#4}<carrick_runtime::vcpu_loop::executor::backend::HvpatchPersistentExecutor, carrick_runtime::vcpu_loop::executor::binding::HvpatchTaskBindingDirectory> @ 0x00000075da233bc0, (null)=<unavailable>) at function.rs:250:5 [opt] [inlined]
     frame #36: 0x00000001002662e4 probes_shard_2-19749884b4f574cf`_$LT$core..panic..unwind_safe..AssertUnwindSafe$LT$F$GT$$u20$as$u20$core..ops..function..FnOnce$LT$$LP$$RP$$GT$$GT$::call_once::h8541f856b4003520(self=AssertUnwindSafe<carrick_runtime::vcpu_loop::executor::run_executor_loop::{closure_env#4}<carrick_runtime::vcpu_loop::executor::backend::HvpatchPersistentExecutor, carrick_runtime::vcpu_loop::executor::binding::HvpatchTaskBindingDirectory>> @ 0x00000075da233b80, (null)=<unavailable>) at unwind_safe.rs:275:9 [opt] [inlined]
     frame #37: 0x00000001002662e4 probes_shard_2-19749884b4f574cf`std::panicking::catch_unwind::do_call::h85934ba7e8c1b31d(data=<unavailable>) at panicking.rs:581:40 [opt]
     frame #38: 0x00000001002662e4 probes_shard_2-19749884b4f574cf`std::panicking::catch_unwind::he643d2f6a8729fdd(f=AssertUnwindSafe<carrick_runtime::vcpu_loop::executor::run_executor_loop::{closure_env#4}<carrick_runtime::vcpu_loop::executor::backend::HvpatchPersistentExecutor, carrick_runtime::vcpu_loop::executor::binding::HvpatchTaskBindingDirectory>> @ 0x00000075da233be0) at panicking.rs:544:19 [opt]
     frame #39: 0x00000001002662e4 probes_shard_2-19749884b4f574cf`std::panic::catch_unwind::hf42ef4304b1ee8b4(f=AssertUnwindSafe<carrick_runtime::vcpu_loop::executor::run_executor_loop::{closure_env#4}<carrick_runtime::vcpu_loop::executor::backend::HvpatchPersistentExecutor, carrick_runtime::vcpu_loop::executor::binding::HvpatchTaskBindingDirectory>> @ 0x00000075da233c00) at panic.rs:359:14 [opt] [inlined]
     frame #40: 0x00000001002662e4 probes_shard_2-19749884b4f574cf`carrick_runtime::vcpu_loop::executor::run_executor_loop::h16559fca504fb64c(scheduler=<unavailable>, resolver=<unavailable>, backend=<unavailable>, runtime=<unavailable>, commands=<unavailable>) at executor.rs:482:29 [opt]
     frame #41: 0x0000000100278c38 probes_shard_2-19749884b4f574cf`carrick_runtime::vcpu_loop::executor::executor_worker::_$u7b$$u7b$closure$u7d$$u7d$::h9caefef6dadcaa07 at executor.rs:155:39 [opt]
     frame #42: 0x0000000100278b20 probes_shard_2-19749884b4f574cf`core::ops::function::FnOnce::call_once::h8a1267a422c367e1((null)={closure_env#1}<carrick_runtime::vcpu_loop::executor::backend::HvpatchPersistentExecutorFactory, carrick_runtime::vcpu_loop::executor::binding::HvpatchTaskBindingDirectory> @ 0x00000075fa097060, (null)=<unavailable>) at function.rs:250:5 [opt] [inlined]
     frame #43: 0x0000000100278b20 probes_shard_2-19749884b4f574cf`_$LT$core..panic..unwind_safe..AssertUnwindSafe$LT$F$GT$$u20$as$u20$core..ops..function..FnOnce$LT$$LP$$RP$$GT$$GT$::call_once::h5f3fe5d9958d86ad(self=AssertUnwindSafe<carrick_runtime::vcpu_loop::executor::executor_worker::{closure_env#1}<carrick_runtime::vcpu_loop::executor::backend::HvpatchPersistentExecutorFactory, carrick_runtime::vcpu_loop::executor::binding::HvpatchTaskBindingDirectory>> @ 0x00000075fa0970c0, (null)=<unavailable>) at unwind_safe.rs:275:9 [opt] [inlined]
     frame #44: 0x0000000100278b20 probes_shard_2-19749884b4f574cf`std::panicking::catch_unwind::do_call::h29ce9e822a642d98(data=<unavailable>) at panicking.rs:581:40 [opt]
     frame #45: 0x0000000100278b20 probes_shard_2-19749884b4f574cf`std::panicking::catch_unwind::h1a41084116cdd5ec(f=AssertUnwindSafe<carrick_runtime::vcpu_loop::executor::executor_worker::{closure_env#1}<carrick_runtime::vcpu_loop::executor::backend::HvpatchPersistentExecutorFactory, carrick_runtime::vcpu_loop::executor::binding::HvpatchTaskBindingDirectory>> @ 0x00000075fa097000) at panicking.rs:544:19 [opt]
     frame #46: 0x0000000100278b20 probes_shard_2-19749884b4f574cf`std::panic::catch_unwind::h9e6697967e43cc34(f=AssertUnwindSafe<carrick_runtime::vcpu_loop::executor::executor_worker::{closure_env#1}<carrick_runtime::vcpu_loop::executor::backend::HvpatchPersistentExecutorFactory, carrick_runtime::vcpu_loop::executor::binding::HvpatchTaskBindingDirectory>> @ 0x00000075fa097060) at panic.rs:359:14 [opt] [inlined]
     frame #47: 0x0000000100278b20 probes_shard_2-19749884b4f574cf`carrick_runtime::vcpu_loop::executor::executor_worker::h6659650ec665c127(slot=<unavailable>, scheduler=Arc<carrick_kernel::kernel::scheduler::Scheduler, alloc::alloc::Global> @ 0x00000001710ee3d8, factory=Arc<carrick_runtime::vcpu_loop::executor::backend::HvpatchPersistentExecutorFactory, alloc::alloc::Global> @ 0x00000001710ee3e0, resolver=Arc<carrick_runtime::vcpu_loop::executor::binding::HvpatchTaskBindingDirectory, alloc::alloc::Global> @ 0x00000001710ee3e8, receipts=Arc<carrick_runtime::vcpu_loop::executor::pool::ReceiptLog, alloc::alloc::Global> @ 0x00000001710ee3f0, control=Arc<carrick_runtime::vcpu_loop::executor::pool::PoolControl, alloc::alloc::Global> @ 0x00000001710ee3f8, channels=<unavailable>) at executor.rs:125:21 [opt]
     frame #48: 0x0000000100278438 probes_shard_2-19749884b4f574cf`carrick_runtime::vcpu_loop::executor::pool::ExecutorPool$LT$F$C$R$GT$::start::_$u7b$$u7b$closure$u7d$$u7d$::hb743ce58afda6e7c at pool.rs:987:21 [opt] [inlined]
     frame #49: 0x0000000100278438 probes_shard_2-19749884b4f574cf`std::sys::backtrace::__rust_begin_short_backtrace::hf904e9adac42143e(f=<unavailable>) at backtrace.rs:166:18 [opt]
     frame #50: 0x00000001002b0c44 probes_shard_2-19749884b4f574cf`std::thread::lifecycle::spawn_unchecked::_$u7b$$u7b$closure$u7d$$u7d$::_$u7b$$u7b$closure$u7d$$u7d$::h6f97fec13f2b11b2 at lifecycle.rs:91:13 [opt] [inlined]
     frame #51: 0x00000001002b0c08 probes_shard_2-19749884b4f574cf`_$LT$core..panic..unwind_safe..AssertUnwindSafe$LT$F$GT$$u20$as$u20$core..ops..function..FnOnce$LT$$LP$$RP$$GT$$GT$::call_once::h6ca9278a66b3246b(self=AssertUnwindSafe<std::thread::lifecycle::spawn_unchecked::{closure#1}::{closure_env#0}<carrick_runtime::vcpu_loop::executor::pool::{impl#15}::start::{closure_env#4}<carrick_runtime::vcpu_loop::executor::backend::HvpatchPersistentExecutorFactory, carrick_runtime::vcpu_loop::executor::binding::HvpatchTaskBindingDirectory>, carrick_runtime::vcpu_loop::executor::pool::WorkerOutcome>> @ 0x00000075f2c83380, (null)=<unavailable>) at unwind_safe.rs:275:9 [opt] [inlined]
     frame #52: 0x00000001002b0bfc probes_shard_2-19749884b4f574cf`std::panicking::catch_unwind::do_call::h26fe3308ed829988(data=<unavailable>) at panicking.rs:581:40 [opt]
     frame #53: 0x00000001002b0bfc probes_shard_2-19749884b4f574cf`std::panicking::catch_unwind::h685e6787e1d99c3d(f=AssertUnwindSafe<std::thread::lifecycle::spawn_unchecked::{closure#1}::{closure_env#0}<carrick_runtime::vcpu_loop::executor::pool::{impl#15}::start::{closure_env#4}<carrick_runtime::vcpu_loop::executor::backend::HvpatchPersistentExecutorFactory, carrick_runtime::vcpu_loop::executor::binding::HvpatchTaskBindingDirectory>, carrick_runtime::vcpu_loop::executor::pool::WorkerOutcome>> @ 0x00000075f2c83300) at panicking.rs:544:19 [opt]
     frame #54: 0x00000001002b0bfc probes_shard_2-19749884b4f574cf`std::panic::catch_unwind::h8edd4e8e12c9ad12(f=AssertUnwindSafe<std::thread::lifecycle::spawn_unchecked::{closure#1}::{closure_env#0}<carrick_runtime::vcpu_loop::executor::pool::{impl#15}::start::{closure_env#4}<carrick_runtime::vcpu_loop::executor::backend::HvpatchPersistentExecutorFactory, carrick_runtime::vcpu_loop::executor::binding::HvpatchTaskBindingDirectory>, carrick_runtime::vcpu_loop::executor::pool::WorkerOutcome>> @ 0x00000075f2c82e00) at panic.rs:359:14 [opt] [inlined]
     frame #55: 0x00000001002b0bfc probes_shard_2-19749884b4f574cf`std::thread::lifecycle::spawn_unchecked::_$u7b$$u7b$closure$u7d$$u7d$::ha34d47043a5b9232 at lifecycle.rs:89:26 [opt] [inlined]
     frame #56: 0x00000001002b0bc8 probes_shard_2-19749884b4f574cf`core::ops::function::FnOnce::call_once$u7b$$u7b$vtable.shim$u7d$$u7d$::hdb2a01d778d5ac22((null)=<unavailable>, (null)=<unavailable>) at function.rs:250:5 [opt]
     frame #57: 0x0000000100dcbf5c probes_shard_2-19749884b4f574cf`<alloc::boxed::Box<dyn core::ops::function::FnOnce<(), Output = ()> + core::marker::Send> as core::ops::function::FnOnce<()>>::call_once at boxed.rs:2249:9 [opt] [inlined]
     frame #58: 0x0000000100dcbf50 probes_shard_2-19749884b4f574cf`<std::sys::thread::unix::Thread>::new::thread_start at unix.rs:118:17 [opt]
     frame #59: 0x000000018a8ffd00 libsystem_pthread.dylib`_pthread_start + 136
  thread #13, name = 'carrick-executor-2'
       frame #0: 0x000000018a8be50c libsystem_kernel.dylib`__psynch_cvwait + 8
       frame #1: 0x000000018a9001fc libsystem_pthread.dylib`_pthread_cond_wait + 1024
       frame #2: 0x0000000100db0b1c probes_shard_2-19749884b4f574cf`<std::sys::pal::unix::sync::condvar::Condvar>::wait_timeout at condvar.rs:129:26 [opt] [inlined]
       frame #3: 0x0000000100db0ab8 probes_shard_2-19749884b4f574cf`<std::sys::sync::condvar::pthread::Condvar>::wait_timeout at pthread.rs:77:33 [opt]
       frame #4: 0x00000001009da2a8 probes_shard_2-19749884b4f574cf`std::sync::poison::condvar::Condvar::wait_timeout::h4eaa49ed10cbf6c8(self=<unavailable>, guard=MutexGuard<usize> @ 0x00000075da301460, dur=<unavailable>) at condvar.rs:330:38 [opt]
       frame #5: 0x00000001009da29c probes_shard_2-19749884b4f574cf`carrick_thread::fork_quiesce::PtQuiesce::park_until::h5882771daa819cdf(self=0x0000000136a2f350, deadline=Instant @ 0x00000001712f3f28) at fork_quiesce.rs:1059:46 [opt]
       frame #6: 0x000000010096ea98 probes_shard_2-19749884b4f574cf`carrick_kernel::dispatch::mm_quiesce::begin_pt_pause::h6988a653ed0ca093(barrier=0x0000000136a2f350, tid=(__0 = 202), budget=<unavailable>) at mm_quiesce.rs:376:25 [opt]
       frame #7: 0x000000010096fa2c probes_shard_2-19749884b4f574cf`carrick_kernel::dispatch::mm_quiesce::acquire_mm_stage1_authority::had8e0b1adf3a8c51(participation=<unavailable>, tid=(__0 = 202), budget=PtPauseBudget @ 0x00000075da2fc8a0) at mm_quiesce.rs:229:5 [opt]
       frame #8: 0x00000001001d8dac probes_shard_2-19749884b4f574cf`carrick_runtime::vcpu_loop::exec::_$LT$impl$u20$carrick_runtime..vcpu_loop..ThreadRuntimeState$LT$E$GT$$GT$::drive_execve::_$u7b$$u7b$closure$u7d$$u7d$::h152b69902a714128((null)=Pin<&mut carrick_runtime::vcpu_loop::exec::{impl#14}::drive_execve::{async_fn_env#0}<carrick_aarch64::engine::Aarch64EngineCore<carrick_vmm_hvf::hvf_aarch64_engine::HvfAarch64Vmm>>> @ x19) at exec.rs:1807:35 [opt]
       frame #9: 0x00000001001e0270 probes_shard_2-19749884b4f574cf`carrick_runtime::vcpu_loop::exec::_$LT$impl$u20$carrick_runtime..vcpu_loop..ThreadRuntimeState$LT$E$GT$$GT$::finish_prepared_execve::h0d45a856027ac305(self=0x00000001360b2800, kernel=0x00000001360b3040, engine=<unavailable>, prepared=PreparedExecve @ 0x00000001712f57b0) at exec.rs:2442:44 [opt]
       frame #10: 0x00000001001e01b4 probes_shard_2-19749884b4f574cf`carrick_runtime::vcpu_loop::exec::_$LT$impl$u20$carrick_runtime..vcpu_loop..ThreadRuntimeState$LT$E$GT$$GT$::finish_prepared_execve_drain::h53e93856e1385485(self=0x00000001360b2800, kernel=0x00000001360b3040, engine=<unavailable>, current=<unavailable>, owner=PreparedExecveDrain @ 0x00000001712f6ea0) at exec.rs:2532:27 [opt]
       frame #11: 0x0000000100326070 probes_shard_2-19749884b4f574cf`carrick_runtime::vcpu_loop::binding::ProductionHvpatchLoopJob$LT$E$GT$::service_outcome::h47c60c9ea4b5f2c5(self=<unavailable>, engine=<unavailable>, control=<unavailable>, frame=<unavailable>, outcome=<unavailable>) at binding.rs:2878:61 [opt]
       frame #12: 0x0000000100329f2c probes_shard_2-19749884b4f574cf`carrick_runtime::vcpu_loop::binding::ProductionHvpatchLoopJob$LT$E$GT$::poll_with_engine::hef62b3d9c240fd05(self=0x00000001360b2800, engine=0x00000001712faa10, control=0x00000001712f8d30) at binding.rs:4274:14 [opt]
       frame #13: 0x000000010031c398 probes_shard_2-19749884b4f574cf`carrick_runtime::vcpu_loop::binding::ProductionHvpatchLoopJob$LT$E$GT$::poll_with_engine_typed::h822fe704e6bb224f(self=0x00000001360b2800, engine=0x00000001712faa10, control=0x00000001712f8d30) at binding.rs:4286:27 [opt]
       frame #14: 0x000000010031c358 probes_shard_2-19749884b4f574cf`_$LT$carrick_runtime..vcpu_loop..binding..ProductionHvpatchLoopJob$LT$E$GT$$u20$as$u20$carrick_runtime..vcpu_loop..binding..ProductionHvpatchLoopPoll$GT$::poll::hbf1de19ab62dc606(self=0x00000001360b2800, engine=&mut dyn core::any::Any @ 0x00000075f348d690, control=0x00000001712f8d30) at binding.rs:4357:20 [opt]
       frame #15: 0x000000010031facc probes_shard_2-19749884b4f574cf`carrick_runtime::vcpu_loop::binding::HvpatchLoopJob$LT$E$GT$::poll_production::he4461f55eabc7c70(job=0x0000000135e52510, engine=0x00000001712faa10, control=0x00000001712f8d30) at binding.rs:4737:31 [opt]
       frame #16: 0x000000010031a674 probes_shard_2-19749884b4f574cf`_$LT$carrick_runtime..vcpu_loop..binding..HvpatchLoopJob$LT$E$GT$$u20$as$u20$carrick_runtime..vcpu_loop..continuation..quantum..PersistentQuantumJob$GT$::poll_quantum_with_engine::h6e5a5193ff7f9d3c(self=0x0000000135e52510, engine=&mut dyn core::any::Any @ 0x00000075f348d690, control=0x00000001712f8d30) at binding.rs:4775:9 [opt]
       frame #17: 0x0000000100203030 probes_shard_2-19749884b4f574cf`carrick_runtime::vcpu_loop::continuation::quantum::HvpatchTaskQuantum::poll_quantum_with_engine::h5803505e86f326a1(self=0x0000000135e52550, engine=<unavailable>, control=0x00000001712f8d30) at quantum.rs:122:25 [opt] [inlined]
       frame #18: 0x0000000100203028 probes_shard_2-19749884b4f574cf`_$LT$carrick_runtime..vcpu_loop..executor..backend..HvpatchPersistentExecutor$u20$as$u20$carrick_runtime..vcpu_loop..executor..backend..PersistentExecutor$GT$::run_until_boundary::hf466c7df0c380678(self=0x00000001712fa460, need_resched=<unavailable>, submission=<unavailable>) at backend.rs:815:20 [opt]
       frame #19: 0x0000000100266304 probes_shard_2-19749884b4f574cf`carrick_runtime::vcpu_loop::executor::run_executor_loop::_$u7b$$u7b$closure$u7d$$u7d$::haa8c66de7d74b23b at executor.rs:483:25 [opt] [inlined]
       frame #20: 0x00000001002662e4 probes_shard_2-19749884b4f574cf`core::ops::function::FnOnce::call_once::h1f330a5d04a9e59f((null)={closure_env#4}<carrick_runtime::vcpu_loop::executor::backend::HvpatchPersistentExecutor, carrick_runtime::vcpu_loop::executor::binding::HvpatchTaskBindingDirectory> @ 0x00000075da254a40, (null)=<unavailable>) at function.rs:250:5 [opt] [inlined]
       frame #21: 0x00000001002662e4 probes_shard_2-19749884b4f574cf`_$LT$core..panic..unwind_safe..AssertUnwindSafe$LT$F$GT$$u20$as$u20$core..ops..function..FnOnce$LT$$LP$$RP$$GT$$GT$::call_once::h8541f856b4003520(self=AssertUnwindSafe<carrick_runtime::vcpu_loop::executor::run_executor_loop::{closure_env#4}<carrick_runtime::vcpu_loop::executor::backend::HvpatchPersistentExecutor, carrick_runtime::vcpu_loop::executor::binding::HvpatchTaskBindingDirectory>> @ 0x00000075da254a00, (null)=<unavailable>) at unwind_safe.rs:275:9 [opt] [inlined]
       frame #22: 0x00000001002662e4 probes_shard_2-19749884b4f574cf`std::panicking::catch_unwind::do_call::h85934ba7e8c1b31d(data=<unavailable>) at panicking.rs:581:40 [opt]
       frame #23: 0x00000001002662e4 probes_shard_2-19749884b4f574cf`std::panicking::catch_unwind::he643d2f6a8729fdd(f=AssertUnwindSafe<carrick_runtime::vcpu_loop::executor::run_executor_loop::{closure_env#4}<carrick_runtime::vcpu_loop::executor::backend::HvpatchPersistentExecutor, carrick_runtime::vcpu_loop::executor::binding::HvpatchTaskBindingDirectory>> @ 0x00000075da254ae0) at panicking.rs:544:19 [opt]
       frame #24: 0x00000001002662e4 probes_shard_2-19749884b4f574cf`std::panic::catch_unwind::hf42ef4304b1ee8b4(f=AssertUnwindSafe<carrick_runtime::vcpu_loop::executor::run_executor_loop::{closure_env#4}<carrick_runtime::vcpu_loop::executor::backend::HvpatchPersistentExecutor, carrick_runtime::vcpu_loop::executor::binding::HvpatchTaskBindingDirectory>> @ 0x00000075da254b00) at panic.rs:359:14 [opt] [inlined]
       frame #25: 0x00000001002662e4 probes_shard_2-19749884b4f574cf`carrick_runtime::vcpu_loop::executor::run_executor_loop::h16559fca504fb64c(scheduler=<unavailable>, resolver=<unavailable>, backend=<unavailable>, runtime=<unavailable>, commands=<unavailable>) at executor.rs:482:29 [opt]
       frame #26: 0x0000000100278c38 probes_shard_2-19749884b4f574cf`carrick_runtime::vcpu_loop::executor::executor_worker::_$u7b$$u7b$closure$u7d$$u7d$::h9caefef6dadcaa07 at executor.rs:155:39 [opt]
       frame #27: 0x0000000100278b20 probes_shard_2-19749884b4f574cf`core::ops::function::FnOnce::call_once::h8a1267a422c367e1((null)={closure_env#1}<carrick_runtime::vcpu_loop::executor::backend::HvpatchPersistentExecutorFactory, carrick_runtime::vcpu_loop::executor::binding::HvpatchTaskBindingDirectory> @ 0x00000075fa3fed60, (null)=<unavailable>) at function.rs:250:5 [opt] [inlined]
       frame #28: 0x0000000100278b20 probes_shard_2-19749884b4f574cf`_$LT$core..panic..unwind_safe..AssertUnwindSafe$LT$F$GT$$u20$as$u20$core..ops..function..FnOnce$LT$$LP$$RP$$GT$$GT$::call_once::h5f3fe5d9958d86ad(self=AssertUnwindSafe<carrick_runtime::vcpu_loop::executor::executor_worker::{closure_env#1}<carrick_runtime::vcpu_loop::executor::backend::HvpatchPersistentExecutorFactory, carrick_runtime::vcpu_loop::executor::binding::HvpatchTaskBindingDirectory>> @ 0x00000075fa3fedc0, (null)=<unavailable>) at unwind_safe.rs:275:9 [opt] [inlined]
       frame #29: 0x0000000100278b20 probes_shard_2-19749884b4f574cf`std::panicking::catch_unwind::do_call::h29ce9e822a642d98(data=<unavailable>) at panicking.rs:581:40 [opt]
       frame #30: 0x0000000100278b20 probes_shard_2-19749884b4f574cf`std::panicking::catch_unwind::h1a41084116cdd5ec(f=AssertUnwindSafe<carrick_runtime::vcpu_loop::executor::executor_worker::{closure_env#1}<carrick_runtime::vcpu_loop::executor::backend::HvpatchPersistentExecutorFactory, carrick_runtime::vcpu_loop::executor::binding::HvpatchTaskBindingDirectory>> @ 0x00000075fa3fed00) at panicking.rs:544:19 [opt]
       frame #31: 0x0000000100278b20 probes_shard_2-19749884b4f574cf`std::panic::catch_unwind::h9e6697967e43cc34(f=AssertUnwindSafe<carrick_runtime::vcpu_loop::executor::executor_worker::{closure_env#1}<carrick_runtime::vcpu_loop::executor::backend::HvpatchPersistentExecutorFactory, carrick_runtime::vcpu_loop::executor::binding::HvpatchTaskBindingDirectory>> @ 0x00000075fa3fed60) at panic.rs:359:14 [opt] [inlined]
       frame #32: 0x0000000100278b20 probes_shard_2-19749884b4f574cf`carrick_runtime::vcpu_loop::executor::executor_worker::h6659650ec665c127(slot=<unavailable>, scheduler=Arc<carrick_kernel::kernel::scheduler::Scheduler, alloc::alloc::Global> @ 0x00000001712fa3d8, factory=Arc<carrick_runtime::vcpu_loop::executor::backend::HvpatchPersistentExecutorFactory, alloc::alloc::Global> @ 0x00000001712fa3e0, resolver=Arc<carrick_runtime::vcpu_loop::executor::binding::HvpatchTaskBindingDirectory, alloc::alloc::Global> @ 0x00000001712fa3e8, receipts=Arc<carrick_runtime::vcpu_loop::executor::pool::ReceiptLog, alloc::alloc::Global> @ 0x00000001712fa3f0, control=Arc<carrick_runtime::vcpu_loop::executor::pool::PoolControl, alloc::alloc::Global> @ 0x00000001712fa3f8, channels=<unavailable>) at executor.rs:125:21 [opt]
       frame #33: 0x0000000100278438 probes_shard_2-19749884b4f574cf`carrick_runtime::vcpu_loop::executor::pool::ExecutorPool$LT$F$C$R$GT$::start::_$u7b$$u7b$closure$u7d$$u7d$::hb743ce58afda6e7c at pool.rs:987:21 [opt] [inlined]
       frame #34: 0x0000000100278438 probes_shard_2-19749884b4f574cf`std::sys::backtrace::__rust_begin_short_backtrace::hf904e9adac42143e(f=<unavailable>) at backtrace.rs:166:18 [opt]
       frame #35: 0x00000001002b0c44 probes_shard_2-19749884b4f574cf`std::thread::lifecycle::spawn_unchecked::_$u7b$$u7b$closure$u7d$$u7d$::_$u7b$$u7b$closure$u7d$$u7d$::h6f97fec13f2b11b2 at lifecycle.rs:91:13 [opt] [inlined]
       frame #36: 0x00000001002b0c08 probes_shard_2-19749884b4f574cf`_$LT$core..panic..unwind_safe..AssertUnwindSafe$LT$F$GT$$u20$as$u20$core..ops..function..FnOnce$LT$$LP$$RP$$GT$$GT$::call_once::h6ca9278a66b3246b(self=AssertUnwindSafe<std::thread::lifecycle::spawn_unchecked::{closure#1}::{closure_env#0}<carrick_runtime::vcpu_loop::executor::pool::{impl#15}::start::{closure_env#4}<carrick_runtime::vcpu_loop::executor::backend::HvpatchPersistentExecutorFactory, carrick_runtime::vcpu_loop::executor::binding::HvpatchTaskBindingDirectory>, carrick_runtime::vcpu_loop::executor::pool::WorkerOutcome>> @ 0x00000075f2c83380, (null)=<unavailable>) at unwind_safe.rs:275:9 [opt] [inlined]
       frame #37: 0x00000001002b0bfc probes_shard_2-19749884b4f574cf`std::panicking::catch_unwind::do_call::h26fe3308ed829988(data=<unavailable>) at panicking.rs:581:40 [opt]
       frame #38: 0x00000001002b0bfc probes_shard_2-19749884b4f574cf`std::panicking::catch_unwind::h685e6787e1d99c3d(f=AssertUnwindSafe<std::thread::lifecycle::spawn_unchecked::{closure#1}::{closure_env#0}<carrick_runtime::vcpu_loop::executor::pool::{impl#15}::start::{closure_env#4}<carrick_runtime::vcpu_loop::executor::backend::HvpatchPersistentExecutorFactory, carrick_runtime::vcpu_loop::executor::binding::HvpatchTaskBindingDirectory>, carrick_runtime::vcpu_loop::executor::pool::WorkerOutcome>> @ 0x00000075f2c83300) at panicking.rs:544:19 [opt]
       frame #39: 0x00000001002b0bfc probes_shard_2-19749884b4f574cf`std::panic::catch_unwind::h8edd4e8e12c9ad12(f=AssertUnwindSafe<std::thread::lifecycle::spawn_unchecked::{closure#1}::{closure_env#0}<carrick_runtime::vcpu_loop::executor::pool::{impl#15}::start::{closure_env#4}<carrick_runtime::vcpu_loop::executor::backend::HvpatchPersistentExecutorFactory, carrick_runtime::vcpu_loop::executor::binding::HvpatchTaskBindingDirectory>, carrick_runtime::vcpu_loop::executor::pool::WorkerOutcome>> @ 0x00000075f2c82e00) at panic.rs:359:14 [opt] [inlined]
       frame #40: 0x00000001002b0bfc probes_shard_2-19749884b4f574cf`std::thread::lifecycle::spawn_unchecked::_$u7b$$u7b$closure$u7d$$u7d$::ha34d47043a5b9232 at lifecycle.rs:89:26 [opt] [inlined]
       frame #41: 0x00000001002b0bc8 probes_shard_2-19749884b4f574cf`core::ops::function::FnOnce::call_once$u7b$$u7b$vtable.shim$u7d$$u7d$::hdb2a01d778d5ac22((null)=<unavailable>, (null)=<unavailable>) at function.rs:250:5 [opt]
       frame #42: 0x0000000100dcbf5c probes_shard_2-19749884b4f574cf`<alloc::boxed::Box<dyn core::ops::function::FnOnce<(), Output = ()> + core::marker::Send> as core::ops::function::FnOnce<()>>::call_once at boxed.rs:2249:9 [opt] [inlined]
       frame #43: 0x0000000100dcbf50 probes_shard_2-19749884b4f574cf`<std::sys::thread::unix::Thread>::new::thread_start at unix.rs:118:17 [opt]
       frame #44: 0x000000018a8ffd00 libsystem_pthread.dylib`_pthread_start + 136
  thread #14, name = 'carrick-executor-3'
       frame #0: 0x0000000100492980 probes_shard_2-19749884b4f574cf`alloc::collections::btree::search::_$LT$impl$u20$alloc..collections..btree..node..NodeRef$LT$BorrowType$C$K$C$V$C$alloc..collections..btree..node..marker..LeafOrInternal$GT$$GT$::search_tree::h75aa3979de3fffb2(self=NodeRef<alloc::collections::btree::node::marker::Immut, (u64, u64), carrick_vmm_hvf::trap::global_frame::GlobalFrameOwnerEntry, alloc::collections::btree::node::marker::LeafOrInternal> @ 0x00000075ce3c4430, key=<unavailable>) at search.rs:0:13 [opt] [inlined]
       frame #1: 0x0000000100492928 probes_shard_2-19749884b4f574cf`alloc::collections::btree::map::BTreeMap$LT$K$C$V$C$A$GT$::get::h0c558479f6ef5a5e(self=0x0000000135e1c348, key=<unavailable>) at map.rs:723:25 [opt] [inlined]
       frame #2: 0x000000010049291c probes_shard_2-19749884b4f574cf`carrick_vmm_hvf::trap::global_frame::pin_exact_live_global_frame_owner_in::hbc8aa94baf92a560(custody=0x0000000135e1c280, ipa=680121073664, length=8388608, expected_host_addr=<unavailable>, expected_generation=<unavailable>) at global_frame.rs:759:10 [opt]
       frame #3: 0x00000001004bb334 probes_shard_2-19749884b4f574cf`carrick_vmm_hvf::trap::host_writes::MappingSource::begin_write::hebdd80c0a4a1a121(self=<unavailable>, task=<unavailable>, custody=<unavailable>, address=1099511558096, len=48, expected_host=<unavailable>) at host_writes.rs:81:40 [opt]
       frame #4: 0x00000001003c3e2c probes_shard_2-19749884b4f574cf`carrick_vmm_hvf::trap::guest_memory::_$LT$impl$u20$carrick_vmm_hvf..trap..HvfTaskState$GT$::copy_guest_mapping_in::_$u7b$$u7b$closure$u7d$$u7d$::h9b8d1f5406f129b9(source=<unavailable>) at guest_memory.rs:1143:24 [opt] [inlined]
       frame #5: 0x00000001003c3e10 probes_shard_2-19749884b4f574cf`carrick_vmm_hvf::trap::cow_engine::_$LT$impl$u20$carrick_vmm_hvf..trap..HvfTaskState$GT$::with_mapping_for_range_in::h0299eea420b28202(self=0x0000000171506a10, custody=<unavailable>, address=<unavailable>, length=48, project={closure_env#1} @ 0x00000075f126f300) at cow_engine.rs:0 [opt]
       frame #6: 0x00000001003c387c probes_shard_2-19749884b4f574cf`carrick_vmm_hvf::trap::guest_memory::_$LT$impl$u20$carrick_vmm_hvf..trap..HvfTaskState$GT$::copy_guest_mapping_in::h82dff8437b4fcb8b(self=0x0000000171506a10, custody=0x0000000135e1c280, lookup_address=<unavailable>, copy_address=1099511558096, bytes=(data_ptr = "\U0000007fELF\U00000002\U00000001\U00000001\U00000003", length = 48)) at guest_memory.rs:1142:14 [opt]
       frame #7: 0x00000001003c13b8 probes_shard_2-19749884b4f574cf`carrick_vmm_hvf::trap::guest_memory::_$LT$impl$u20$carrick_vmm_hvf..trap..HvfVmState$GT$::write_guest_bytes_checked::h8b2ad5fff7242137(self=0x0000000171506a10, address=1099511558096, bytes=(data_ptr = "\U0000007fELF\U00000002\U00000001\U00000001\U00000003", length = 48)) at guest_memory.rs:813:37 [opt]
       frame #8: 0x0000000100222cec probes_shard_2-19749884b4f574cf`_$LT$carrick_aarch64..engine..Aarch64EngineCore$LT$V$GT$$u20$as$u20$carrick_guest_mem..GuestMemory$GT$::write_bytes_raw::h76b4d6849c19bb47(self=0x0000000171506a10, address=1099511558096, bytes=(data_ptr = "\U0000007fELF\U00000002\U00000001\U00000001\U00000003", length = 832)) at engine.rs:1892:18 [opt]
       frame #9: 0x00000001002628c4 probes_shard_2-19749884b4f574cf`carrick_guest_mem::GuestMemory::write_bytes::hf798ceef445002e4(self=0x0000000171506a10, address=1099511558096, bytes=(data_ptr = "\U0000007fELF\U00000002\U00000001\U00000001\U00000003", length = 832)) at lib.rs:505:14 [opt] [inlined]
       frame #10: 0x00000001002628ac probes_shard_2-19749884b4f574cf`carrick_kernel::dispatch::io_pipe::read_host_pipe_into::h00a49ee183ed3b9c(memory=<unavailable>, guest_addr=<unavailable>, buf=<unavailable>, target=<unavailable>) at io_pipe.rs:188:30 [opt]
       frame #11: 0x0000000100262450 probes_shard_2-19749884b4f574cf`carrick_kernel::dispatch::io_pipe::read_host_pipe::h2b1e41d38dabeae4(memory=0x0000000171506a10, guest_addr=1099511558096, length=<unavailable>, target=HostPipeReadTarget @ 0x0000000171501770) at io_pipe.rs:263:9 [opt]
       frame #12: 0x000000010012d260 probes_shard_2-19749884b4f574cf`carrick_kernel::dispatch::fs::rw::_$LT$impl$u20$carrick_kernel..dispatch..dispatcher..FsView$GT$::read::h15a39169d4055320(self=<unavailable>, ctx=<unavailable>) at rw.rs:1386:35 [opt]
       frame #13: 0x00000001002896bc probes_shard_2-19749884b4f574cf`carrick_kernel::dispatch::fs::_$LT$impl$u20$carrick_kernel..dispatch..dispatcher..SyscallDispatcher$GT$::read::h2cd9884e582cfc7f(self=<unavailable>, cx=<unavailable>) at fs.rs:2394:36 [opt]
       frame #14: 0x00000001001a4990 probes_shard_2-19749884b4f574cf`carrick_kernel::dispatch::routing::_$LT$impl$u20$carrick_kernel..dispatch..dispatcher..SyscallDispatcher$GT$::dispatch_normalized_with_lease::h8f580cf2f0811815(self=0x000000013787e568, ctx=SyscallCtx<carrick_aarch64::engine::Aarch64EngineCore<carrick_vmm_hvf::hvf_aarch64_engine::HvfAarch64Vmm>> @ 0x0000000171501ed0) at routing.rs:171:23 [opt]
       frame #15: 0x00000001001a4b8c probes_shard_2-19749884b4f574cf`_$LT$carrick_kernel..dispatch..routing..OrdinaryDispatchRoute$u20$as$u20$carrick_kernel..dispatch..routing..NormalizedDispatchRoute$GT$::dispatch::h7ccbe1d104db54d6(self=0x0000000171502880, dispatcher=0x000000013787e568, kernel=0x0000000171502418, request=SyscallRequest @ 0x0000000171501c40, memory=0x0000000171506a10, reporter=0x000000013787e010, thread=<unavailable>) at routing.rs:98:20 [opt] [inlined]
       frame #16: 0x00000001001a4b34 probes_shard_2-19749884b4f574cf`carrick_kernel::dispatch::execution::_$LT$impl$u20$carrick_kernel..dispatch..dispatcher..SyscallDispatcher$GT$::dispatch_threaded_shared::h4ba2b510a2bcb537(self=<unavailable>, kernel=<unavailable>, request=SyscallRequest @ 0x0000000171501c40, memory=<unavailable>, reporter=<unavailable>, thread=<unavailable>, route=<unavailable>) at execution.rs:424:28 [opt] [inlined]
       frame #17: 0x00000001001a4b04 probes_shard_2-19749884b4f574cf`carrick_kernel::dispatch::execution::_$LT$impl$u20$carrick_kernel..dispatch..dispatcher..SyscallDispatcher$GT$::dispatch_threaded_captured::h2554e8397ae495d7(self=<unavailable>, kernel=<unavailable>, request=<unavailable>, memory=<unavailable>, reporter=<unavailable>, thread=<unavailable>, route=<unavailable>) at execution.rs:375:18 [opt]
       frame #18: 0x000000010028ff40 probes_shard_2-19749884b4f574cf`carrick_kernel::dispatch::execution::_$LT$impl$u20$carrick_kernel..dispatch..dispatcher..SyscallDispatcher$GT$::dispatch_threaded_prepared_with_route::_$u7b$$u7b$closure$u7d$$u7d$::hdd7757c8c1a2011c at execution.rs:361:18 [opt] [inlined]
       frame #19: 0x000000010028fee8 probes_shard_2-19749884b4f574cf`carrick_kernel::dispatch::resources::with_resource_scope::he24eaf6b25c6fc8d(resources=CapturedResources @ 0x0000000171502008, context=<unavailable>, operation=<unavailable>) at resources.rs:231:5 [opt]
       frame #20: 0x000000010028fe24 probes_shard_2-19749884b4f574cf`carrick_kernel::dispatch::resources::with_captured_resources::ha0fb1dced3a93c9b(context=<unavailable>, operation=<unavailable>) at resources.rs:167:5 [opt]
       frame #21: 0x00000001001a5e2c probes_shard_2-19749884b4f574cf`carrick_kernel::dispatch::execution::_$LT$impl$u20$carrick_kernel..dispatch..dispatcher..SyscallDispatcher$GT$::dispatch_threaded_prepared_with_route::hd45751eff0008122(self=0x000000013787e568, kernel=0x0000000171502418, syscall=<unavailable>, memory=0x0000000171506a10, reporter=0x000000013787e010, thread=ThreadCtx @ 0x0000000171502850, route=OrdinaryDispatchRoute @ 0x0000000171502880) at execution.rs:360:9 [opt]
       frame #22: 0x00000001001d5f0c probes_shard_2-19749884b4f574cf`carrick_kernel::dispatch::execution::_$LT$impl$u20$carrick_kernel..dispatch..dispatcher..SyscallDispatcher$GT$::dispatch_threaded_prepared_with_executor_and_lease::h79e76199ff27a655(self=<unavailable>, kernel=<unavailable>, syscall=<unavailable>, memory=<unavailable>, reporter=<unavailable>, thread=ThreadCtx @ 0x0000000171502850, route=OrdinaryDispatchRoute @ 0x0000000171502880) at execution.rs:219:14 [opt] [inlined]
       frame #23: 0x00000001001d5efc probes_shard_2-19749884b4f574cf`carrick_kernel::dispatch::execution::_$LT$impl$u20$carrick_kernel..dispatch..dispatcher..SyscallDispatcher$GT$::dispatch_threaded_prepared_with_mm_executor_and_lease::hb13578b2f93283a0(self=<unavailable>, kernel=<unavailable>, syscall=<unavailable>, memory=<unavailable>, reporter=<unavailable>, thread=ThreadCtx @ 0x0000000171502850, route=OrdinaryDispatchRoute @ 0x0000000171502880) at execution.rs:205:14 [opt] [inlined]
       frame #24: 0x00000001001d5efc probes_shard_2-19749884b4f574cf`carrick_runtime::vcpu_loop::ThreadRuntimeState$LT$E$GT$::redispatch_threaded_syscall_for_executor_inner::_$u7b$$u7b$closure$u7d$$u7d$::h8d084c0a022dbff8 at mod.rs:1787:30 [opt]
       frame #25: 0x00000001001d5ef4 probes_shard_2-19749884b4f574cf`_$LT$core..panic..unwind_safe..AssertUnwindSafe$LT$F$GT$$u20$as$u20$core..ops..function..FnOnce$LT$$LP$$RP$$GT$$GT$::call_once::h0e45c862a64ff87e(self=AssertUnwindSafe<carrick_runtime::vcpu_loop::{impl#1}::redispatch_threaded_syscall_for_executor_inner::{closure_env#2}<carrick_aarch64::engine::Aarch64EngineCore<carrick_vmm_hvf::hvf_aarch64_engine::HvfAarch64Vmm>>> @ 0x00000075ce92f0c0, (null)=<unavailable>) at unwind_safe.rs:275:9 [opt] [inlined]
       frame #26: 0x00000001001d5ef4 probes_shard_2-19749884b4f574cf`std::panicking::catch_unwind::do_call::h9ac8a666cbebda32(data=<unavailable>) at panicking.rs:581:40 [opt]
       frame #27: 0x00000001001d5ef4 probes_shard_2-19749884b4f574cf`std::panicking::catch_unwind::h41474600de21e0d2(f=AssertUnwindSafe<carrick_runtime::vcpu_loop::{impl#1}::redispatch_threaded_syscall_for_executor_inner::{closure_env#2}<carrick_aarch64::engine::Aarch64EngineCore<carrick_vmm_hvf::hvf_aarch64_engine::HvfAarch64Vmm>>> @ 0x00000075ce92f0c0) at panicking.rs:544:19 [opt]
       frame #28: 0x00000001001d5ef4 probes_shard_2-19749884b4f574cf`std::panic::catch_unwind::h6496a67d6846dd29(f=AssertUnwindSafe<carrick_runtime::vcpu_loop::{impl#1}::redispatch_threaded_syscall_for_executor_inner::{closure_env#2}<carrick_aarch64::engine::Aarch64EngineCore<carrick_vmm_hvf::hvf_aarch64_engine::HvfAarch64Vmm>>> @ 0x00000075ce92f0c0) at panic.rs:359:14 [opt] [inlined]
       frame #29: 0x00000001001d5ef4 probes_shard_2-19749884b4f574cf`carrick_runtime::vcpu_loop::dispatch_with_panic_backstop::h007c709ea6a62cff(syscall_nr=63, tid=(__0 = 201), run={closure_env#2}<carrick_aarch64::engine::Aarch64EngineCore<carrick_vmm_hvf::hvf_aarch64_engine::HvfAarch64Vmm>> @ 0x00000075ce92f0c0) at mod.rs:804:11 [opt] [inlined]
       frame #30: 0x00000001001d5ef4 probes_shard_2-19749884b4f574cf`carrick_runtime::vcpu_loop::ThreadRuntimeState$LT$E$GT$::redispatch_threaded_syscall_for_executor_inner::hc47740f4770e57c3(self=0x0000000137834c00, kernel=0x0000000137835440, engine=0x0000000171506a10, syscall=PreparedSyscall @ 0x0000000171502d70, mm_executor=<unavailable>, host_wait=<unavailable>) at mod.rs:1697:17 [opt]
       frame #31: 0x00000001001d5854 probes_shard_2-19749884b4f574cf`carrick_runtime::vcpu_loop::ThreadRuntimeState$LT$E$GT$::service_threaded_syscall_for_executor_inner::hfb9393d130502d4d(self=0x0000000137834c00, kernel=0x0000000137835440, engine=0x0000000171506a10, frame=<unavailable>, mm_executor=0x0000000171503048, host_wait=<unavailable>) at mod.rs:1522:14 [opt]
       frame #32: 0x00000001001d30d4 probes_shard_2-19749884b4f574cf`carrick_runtime::vcpu_loop::ThreadRuntimeState$LT$E$GT$::service_threaded_syscall_for_executor::h63af6ec4efe746db(self=0x0000000137834c00, kernel=0x0000000137835440, engine=0x0000000171506a10, frame=RawSyscall @ 0x0000000171503940, mm_executor=0x0000000171503048, host_wait=Option<carrick_kernel::dispatch::request::HostWaitContext> @ 0x00000075ce3f8f00) at mod.rs:1405:25 [opt] [inlined]
       frame #33: 0x00000001001d2fcc probes_shard_2-19749884b4f574cf`carrick_runtime::vcpu_loop::ThreadRuntimeState$LT$E$GT$::service_threaded_syscall::h9b1de6e23a85c06b(self=0x0000000137834c00, kernel=0x0000000137835440, engine=0x0000000171506a10, frame=RawSyscall @ 0x0000000171503940, host_wait=Option<carrick_kernel::dispatch::request::HostWaitContext> @ 0x00000075ce3f8f00) at mod.rs:1385:27 [opt]
       frame #34: 0x0000000100329de8 probes_shard_2-19749884b4f574cf`carrick_runtime::vcpu_loop::binding::ProductionHvpatchLoopJob$LT$E$GT$::poll_with_engine::hef62b3d9c240fd05(self=0x0000000137834c00, engine=0x0000000171506a10, control=0x0000000171504d30) at binding.rs:4263:34 [opt]
       frame #35: 0x000000010031c398 probes_shard_2-19749884b4f574cf`carrick_runtime::vcpu_loop::binding::ProductionHvpatchLoopJob$LT$E$GT$::poll_with_engine_typed::h822fe704e6bb224f(self=0x0000000137834c00, engine=0x0000000171506a10, control=0x0000000171504d30) at binding.rs:4286:27 [opt]
       frame #36: 0x000000010031c358 probes_shard_2-19749884b4f574cf`_$LT$carrick_runtime..vcpu_loop..binding..ProductionHvpatchLoopJob$LT$E$GT$$u20$as$u20$carrick_runtime..vcpu_loop..binding..ProductionHvpatchLoopPoll$GT$::poll::hbf1de19ab62dc606(self=0x0000000137834c00, engine=&mut dyn core::any::Any @ 0x00000075f348d690, control=0x0000000171504d30) at binding.rs:4357:20 [opt]
       frame #37: 0x000000010031facc probes_shard_2-19749884b4f574cf`carrick_runtime::vcpu_loop::binding::HvpatchLoopJob$LT$E$GT$::poll_production::he4461f55eabc7c70(job=0x0000000136aa3100, engine=0x0000000171506a10, control=0x0000000171504d30) at binding.rs:4737:31 [opt]
       frame #38: 0x000000010031a674 probes_shard_2-19749884b4f574cf`_$LT$carrick_runtime..vcpu_loop..binding..HvpatchLoopJob$LT$E$GT$$u20$as$u20$carrick_runtime..vcpu_loop..continuation..quantum..PersistentQuantumJob$GT$::poll_quantum_with_engine::h6e5a5193ff7f9d3c(self=0x0000000136aa3100, engine=&mut dyn core::any::Any @ 0x00000075f348d690, control=0x0000000171504d30) at binding.rs:4775:9 [opt]
       frame #39: 0x0000000100203030 probes_shard_2-19749884b4f574cf`carrick_runtime::vcpu_loop::continuation::quantum::HvpatchTaskQuantum::poll_quantum_with_engine::h5803505e86f326a1(self=0x0000000136aa3140, engine=<unavailable>, control=0x0000000171504d30) at quantum.rs:122:25 [opt] [inlined]
       frame #40: 0x0000000100203028 probes_shard_2-19749884b4f574cf`_$LT$carrick_runtime..vcpu_loop..executor..backend..HvpatchPersistentExecutor$u20$as$u20$carrick_runtime..vcpu_loop..executor..backend..PersistentExecutor$GT$::run_until_boundary::hf466c7df0c380678(self=0x0000000171506460, need_resched=<unavailable>, submission=<unavailable>) at backend.rs:815:20 [opt]
       frame #41: 0x0000000100266304 probes_shard_2-19749884b4f574cf`carrick_runtime::vcpu_loop::executor::run_executor_loop::_$u7b$$u7b$closure$u7d$$u7d$::haa8c66de7d74b23b at executor.rs:483:25 [opt] [inlined]
       frame #42: 0x00000001002662e4 probes_shard_2-19749884b4f574cf`core::ops::function::FnOnce::call_once::h1f330a5d04a9e59f((null)={closure_env#4}<carrick_runtime::vcpu_loop::executor::backend::HvpatchPersistentExecutor, carrick_runtime::vcpu_loop::executor::binding::HvpatchTaskBindingDirectory> @ 0x00000075da255600, (null)=<unavailable>) at function.rs:250:5 [opt] [inlined]
       frame #43: 0x00000001002662e4 probes_shard_2-19749884b4f574cf`_$LT$core..panic..unwind_safe..AssertUnwindSafe$LT$F$GT$$u20$as$u20$core..ops..function..FnOnce$LT$$LP$$RP$$GT$$GT$::call_once::h8541f856b4003520(self=AssertUnwindSafe<carrick_runtime::vcpu_loop::executor::run_executor_loop::{closure_env#4}<carrick_runtime::vcpu_loop::executor::backend::HvpatchPersistentExecutor, carrick_runtime::vcpu_loop::executor::binding::HvpatchTaskBindingDirectory>> @ 0x00000075da255520, (null)=<unavailable>) at unwind_safe.rs:275:9 [opt] [inlined]
       frame #44: 0x00000001002662e4 probes_shard_2-19749884b4f574cf`std::panicking::catch_unwind::do_call::h85934ba7e8c1b31d(data=<unavailable>) at panicking.rs:581:40 [opt]
       frame #45: 0x00000001002662e4 probes_shard_2-19749884b4f574cf`std::panicking::catch_unwind::he643d2f6a8729fdd(f=AssertUnwindSafe<carrick_runtime::vcpu_loop::executor::run_executor_loop::{closure_env#4}<carrick_runtime::vcpu_loop::executor::backend::HvpatchPersistentExecutor, carrick_runtime::vcpu_loop::executor::binding::HvpatchTaskBindingDirectory>> @ 0x00000075da255740) at panicking.rs:544:19 [opt]
       frame #46: 0x00000001002662e4 probes_shard_2-19749884b4f574cf`std::panic::catch_unwind::hf42ef4304b1ee8b4(f=AssertUnwindSafe<carrick_runtime::vcpu_loop::executor::run_executor_loop::{closure_env#4}<carrick_runtime::vcpu_loop::executor::backend::HvpatchPersistentExecutor, carrick_runtime::vcpu_loop::executor::binding::HvpatchTaskBindingDirectory>> @ 0x00000075da255760) at panic.rs:359:14 [opt] [inlined]
       frame #47: 0x00000001002662e4 probes_shard_2-19749884b4f574cf`carrick_runtime::vcpu_loop::executor::run_executor_loop::h16559fca504fb64c(scheduler=<unavailable>, resolver=<unavailable>, backend=<unavailable>, runtime=<unavailable>, commands=<unavailable>) at executor.rs:482:29 [opt]
       frame #48: 0x0000000100278c38 probes_shard_2-19749884b4f574cf`carrick_runtime::vcpu_loop::executor::executor_worker::_$u7b$$u7b$closure$u7d$$u7d$::h9caefef6dadcaa07 at executor.rs:155:39 [opt]
       frame #49: 0x0000000100278b20 probes_shard_2-19749884b4f574cf`core::ops::function::FnOnce::call_once::h8a1267a422c367e1((null)={closure_env#1}<carrick_runtime::vcpu_loop::executor::backend::HvpatchPersistentExecutorFactory, carrick_runtime::vcpu_loop::executor::binding::HvpatchTaskBindingDirectory> @ 0x00000075fa7010e0, (null)=<unavailable>) at function.rs:250:5 [opt] [inlined]
       frame #50: 0x0000000100278b20 probes_shard_2-19749884b4f574cf`_$LT$core..panic..unwind_safe..AssertUnwindSafe$LT$F$GT$$u20$as$u20$core..ops..function..FnOnce$LT$$LP$$RP$$GT$$GT$::call_once::h5f3fe5d9958d86ad(self=AssertUnwindSafe<carrick_runtime::vcpu_loop::executor::executor_worker::{closure_env#1}<carrick_runtime::vcpu_loop::executor::backend::HvpatchPersistentExecutorFactory, carrick_runtime::vcpu_loop::executor::binding::HvpatchTaskBindingDirectory>> @ 0x00000075fa701140, (null)=<unavailable>) at unwind_safe.rs:275:9 [opt] [inlined]
       frame #51: 0x0000000100278b20 probes_shard_2-19749884b4f574cf`std::panicking::catch_unwind::do_call::h29ce9e822a642d98(data=<unavailable>) at panicking.rs:581:40 [opt]
       frame #52: 0x0000000100278b20 probes_shard_2-19749884b4f574cf`std::panicking::catch_unwind::h1a41084116cdd5ec(f=AssertUnwindSafe<carrick_runtime::vcpu_loop::executor::executor_worker::{closure_env#1}<carrick_runtime::vcpu_loop::executor::backend::HvpatchPersistentExecutorFactory, carrick_runtime::vcpu_loop::executor::binding::HvpatchTaskBindingDirectory>> @ 0x00000075fa7011a0) at panicking.rs:544:19 [opt]
       frame #53: 0x0000000100278b20 probes_shard_2-19749884b4f574cf`std::panic::catch_unwind::h9e6697967e43cc34(f=AssertUnwindSafe<carrick_runtime::vcpu_loop::executor::executor_worker::{closure_env#1}<carrick_runtime::vcpu_loop::executor::backend::HvpatchPersistentExecutorFactory, carrick_runtime::vcpu_loop::executor::binding::HvpatchTaskBindingDirectory>> @ 0x00000075fa7010e0) at panic.rs:359:14 [opt] [inlined]
       frame #54: 0x0000000100278b20 probes_shard_2-19749884b4f574cf`carrick_runtime::vcpu_loop::executor::executor_worker::h6659650ec665c127(slot=<unavailable>, scheduler=Arc<carrick_kernel::kernel::scheduler::Scheduler, alloc::alloc::Global> @ 0x00000001715063d8, factory=Arc<carrick_runtime::vcpu_loop::executor::backend::HvpatchPersistentExecutorFactory, alloc::alloc::Global> @ 0x00000001715063e0, resolver=Arc<carrick_runtime::vcpu_loop::executor::binding::HvpatchTaskBindingDirectory, alloc::alloc::Global> @ 0x00000001715063e8, receipts=Arc<carrick_runtime::vcpu_loop::executor::pool::ReceiptLog, alloc::alloc::Global> @ 0x00000001715063f0, control=Arc<carrick_runtime::vcpu_loop::executor::pool::PoolControl, alloc::alloc::Global> @ 0x00000001715063f8, channels=<unavailable>) at executor.rs:125:21 [opt]
       frame #55: 0x0000000100278438 probes_shard_2-19749884b4f574cf`carrick_runtime::vcpu_loop::executor::pool::ExecutorPool$LT$F$C$R$GT$::start::_$u7b$$u7b$closure$u7d$$u7d$::hb743ce58afda6e7c at pool.rs:987:21 [opt] [inlined]
       frame #56: 0x0000000100278438 probes_shard_2-19749884b4f574cf`std::sys::backtrace::__rust_begin_short_backtrace::hf904e9adac42143e(f=<unavailable>) at backtrace.rs:166:18 [opt]
       frame #57: 0x00000001002b0c44 probes_shard_2-19749884b4f574cf`std::thread::lifecycle::spawn_unchecked::_$u7b$$u7b$closure$u7d$$u7d$::_$u7b$$u7b$closure$u7d$$u7d$::h6f97fec13f2b11b2 at lifecycle.rs:91:13 [opt] [inlined]
       frame #58: 0x00000001002b0c08 probes_shard_2-19749884b4f574cf`_$LT$core..panic..unwind_safe..AssertUnwindSafe$LT$F$GT$$u20$as$u20$core..ops..function..FnOnce$LT$$LP$$RP$$GT$$GT$::call_once::h6ca9278a66b3246b(self=AssertUnwindSafe<std::thread::lifecycle::spawn_unchecked::{closure#1}::{closure_env#0}<carrick_runtime::vcpu_loop::executor::pool::{impl#15}::start::{closure_env#4}<carrick_runtime::vcpu_loop::executor::backend::HvpatchPersistentExecutorFactory, carrick_runtime::vcpu_loop::executor::binding::HvpatchTaskBindingDirectory>, carrick_runtime::vcpu_loop::executor::pool::WorkerOutcome>> @ 0x00000075f2c83380, (null)=<unavailable>) at unwind_safe.rs:275:9 [opt] [inlined]
       frame #59: 0x00000001002b0bfc probes_shard_2-19749884b4f574cf`std::panicking::catch_unwind::do_call::h26fe3308ed829988(data=<unavailable>) at panicking.rs:581:40 [opt]
       frame #60: 0x00000001002b0bfc probes_shard_2-19749884b4f574cf`std::panicking::catch_unwind::h685e6787e1d99c3d(f=AssertUnwindSafe<std::thread::lifecycle::spawn_unchecked::{closure#1}::{closure_env#0}<carrick_runtime::vcpu_loop::executor::pool::{impl#15}::start::{closure_env#4}<carrick_runtime::vcpu_loop::executor::backend::HvpatchPersistentExecutorFactory, carrick_runtime::vcpu_loop::executor::binding::HvpatchTaskBindingDirectory>, carrick_runtime::vcpu_loop::executor::pool::WorkerOutcome>> @ 0x00000075f2c83300) at panicking.rs:544:19 [opt]
       frame #61: 0x00000001002b0bfc probes_shard_2-19749884b4f574cf`std::panic::catch_unwind::h8edd4e8e12c9ad12(f=AssertUnwindSafe<std::thread::lifecycle::spawn_unchecked::{closure#1}::{closure_env#0}<carrick_runtime::vcpu_loop::executor::pool::{impl#15}::start::{closure_env#4}<carrick_runtime::vcpu_loop::executor::backend::HvpatchPersistentExecutorFactory, carrick_runtime::vcpu_loop::executor::binding::HvpatchTaskBindingDirectory>, carrick_runtime::vcpu_loop::executor::pool::WorkerOutcome>> @ 0x00000075f2c82e00) at panic.rs:359:14 [opt] [inlined]
       frame #62: 0x00000001002b0bfc probes_shard_2-19749884b4f574cf`std::thread::lifecycle::spawn_unchecked::_$u7b$$u7b$closure$u7d$$u7d$::ha34d47043a5b9232 at lifecycle.rs:89:26 [opt] [inlined]
       frame #63: 0x00000001002b0bc8 probes_shard_2-19749884b4f574cf`core::ops::function::FnOnce::call_once$u7b$$u7b$vtable.shim$u7d$$u7d$::hdb2a01d778d5ac22((null)=<unavailable>, (null)=<unavailable>) at function.rs:250:5 [opt]
       frame #64: 0x0000000100dcbf5c probes_shard_2-19749884b4f574cf`<alloc::boxed::Box<dyn core::ops::function::FnOnce<(), Output = ()> + core::marker::Send> as core::ops::function::FnOnce<()>>::call_once at boxed.rs:2249:9 [opt] [inlined]
       frame #65: 0x0000000100dcbf50 probes_shard_2-19749884b4f574cf`<std::sys::thread::unix::Thread>::new::thread_start at unix.rs:118:17 [opt]
       frame #66: 0x000000018a8ffd00 libsystem_pthread.dylib`_pthread_start + 136
  thread #15, name = 'carrick-executor-4'
       frame #0: 0x000000018a8be50c libsystem_kernel.dylib`__psynch_cvwait + 8
       frame #1: 0x000000018a9001d0 libsystem_pthread.dylib`_pthread_cond_wait + 980
       frame #2: 0x0000000100b34128 probes_shard_2-19749884b4f574cf`_$LT$parking_lot_core..thread_parker..imp..ThreadParker$u20$as$u20$parking_lot_core..thread_parker..ThreadParkerT$GT$::park::h57b0f9e3b8bc7cbb(self=0x0000000137816d18) at unix.rs:77:21 [opt] [inlined]
       frame #3: 0x0000000100b34118 probes_shard_2-19749884b4f574cf`parking_lot_core::parking_lot::park::_$u7b$$u7b$closure$u7d$$u7d$::h2e420e8db8f72615(thread_data=0x0000000137816d18) at parking_lot.rs:635:36 [opt]
       frame #4: 0x0000000100b34080 probes_shard_2-19749884b4f574cf`parking_lot_core::parking_lot::with_thread_data::h284d9e59aff5050c(f=<unavailable>) at parking_lot.rs:207:5 [opt]
       frame #5: 0x0000000100b33f40 probes_shard_2-19749884b4f574cf`parking_lot_core::parking_lot::park::h115ba7316cfa6034(key=<unavailable>, validate=<unavailable>, before_sleep=<unavailable>, timed_out=<unavailable>, park_token=(__0 = 0), timeout=<unavailable>) at parking_lot.rs:600:5 [opt] [inlined]
       frame #6: 0x0000000100b33f40 probes_shard_2-19749884b4f574cf`parking_lot::condvar::Condvar::wait_until_internal::heb307538a997ec5d(self=0x0000000135e065f8, mutex=0x0000000135e065a0, timeout=Option<std::time::Instant> @ 0x00000075da2ecac0) at condvar.rs:334:17 [opt]
       frame #7: 0x0000000100819fe8 probes_shard_2-19749884b4f574cf`parking_lot::condvar::Condvar::wait::h826538e9e90ec9a8(self=<unavailable>, mutex_guard=<unavailable>) at condvar.rs:256:14 [opt] [inlined]
       frame #8: 0x0000000100819fd4 probes_shard_2-19749884b4f574cf`carrick_kernel::kernel::scheduler::RunQueue::park_spare::h1d681ef7b2c3ab3d(self=<unavailable>, executor=0x0000000171712430) at scheduler.rs:2730:36 [opt]
       frame #9: 0x00000001008279b4 probes_shard_2-19749884b4f574cf`carrick_kernel::kernel::scheduler::RunQueue::try_take_row::h237a5c9bf85644e7(self=<unavailable>, executor=<unavailable>, auditors=<unavailable>) at scheduler.rs:2485:22 [opt] [inlined]
       frame #10: 0x0000000100827950 probes_shard_2-19749884b4f574cf`carrick_kernel::kernel::scheduler::RunQueue::try_take::h7505a8f0c1713dc1(self=0x0000000135e06698, executor=0x0000000171712430, recorder=Option<&dyn carrick_kernel::kernel::scheduler::DiscardRecorder> @ 0x00000075ce3fb810, auditors=<unavailable>) at scheduler.rs:2768:34 [opt] [inlined]
       frame #11: 0x0000000100827950 probes_shard_2-19749884b4f574cf`carrick_kernel::kernel::scheduler::Scheduler::try_take::hf4141e4389ae8ae6(self=<unavailable>, executor=0x0000000171712430) at scheduler.rs:4265:14 [opt]
       frame #12: 0x0000000100265ec8 probes_shard_2-19749884b4f574cf`carrick_runtime::vcpu_loop::executor::next_runnable::h33b3687b36dfd804(scheduler=<unavailable>, backend=0x0000000171712460, registration=0x0000000171712430, kick=0x0000000136a0f890) at executor.rs:1521:38 [opt]
       frame #13: 0x0000000100265ea0 probes_shard_2-19749884b4f574cf`carrick_runtime::vcpu_loop::executor::run_executor_loop::h16559fca504fb64c(scheduler=<unavailable>, resolver=<unavailable>, backend=<unavailable>, runtime=<unavailable>, commands=<unavailable>) at executor.rs:278:27 [opt]
       frame #14: 0x0000000100278c38 probes_shard_2-19749884b4f574cf`carrick_runtime::vcpu_loop::executor::executor_worker::_$u7b$$u7b$closure$u7d$$u7d$::h9caefef6dadcaa07 at executor.rs:155:39 [opt]
       frame #15: 0x0000000100278b20 probes_shard_2-19749884b4f574cf`core::ops::function::FnOnce::call_once::h8a1267a422c367e1((null)={closure_env#1}<carrick_runtime::vcpu_loop::executor::backend::HvpatchPersistentExecutorFactory, carrick_runtime::vcpu_loop::executor::binding::HvpatchTaskBindingDirectory> @ 0x00000075fa7832a0, (null)=<unavailable>) at function.rs:250:5 [opt] [inlined]
       frame #16: 0x0000000100278b20 probes_shard_2-19749884b4f574cf`_$LT$core..panic..unwind_safe..AssertUnwindSafe$LT$F$GT$$u20$as$u20$core..ops..function..FnOnce$LT$$LP$$RP$$GT$$GT$::call_once::h5f3fe5d9958d86ad(self=AssertUnwindSafe<carrick_runtime::vcpu_loop::executor::executor_worker::{closure_env#1}<carrick_runtime::vcpu_loop::executor::backend::HvpatchPersistentExecutorFactory, carrick_runtime::vcpu_loop::executor::binding::HvpatchTaskBindingDirectory>> @ 0x00000075fa783300, (null)=<unavailable>) at unwind_safe.rs:275:9 [opt] [inlined]
       frame #17: 0x0000000100278b20 probes_shard_2-19749884b4f574cf`std::panicking::catch_unwind::do_call::h29ce9e822a642d98(data=<unavailable>) at panicking.rs:581:40 [opt]
       frame #18: 0x0000000100278b20 probes_shard_2-19749884b4f574cf`std::panicking::catch_unwind::h1a41084116cdd5ec(f=AssertUnwindSafe<carrick_runtime::vcpu_loop::executor::executor_worker::{closure_env#1}<carrick_runtime::vcpu_loop::executor::backend::HvpatchPersistentExecutorFactory, carrick_runtime::vcpu_loop::executor::binding::HvpatchTaskBindingDirectory>> @ 0x00000075fa783240) at panicking.rs:544:19 [opt]
       frame #19: 0x0000000100278b20 probes_shard_2-19749884b4f574cf`std::panic::catch_unwind::h9e6697967e43cc34(f=AssertUnwindSafe<carrick_runtime::vcpu_loop::executor::executor_worker::{closure_env#1}<carrick_runtime::vcpu_loop::executor::backend::HvpatchPersistentExecutorFactory, carrick_runtime::vcpu_loop::executor::binding::HvpatchTaskBindingDirectory>> @ 0x00000075fa7832a0) at panic.rs:359:14 [opt] [inlined]
       frame #20: 0x0000000100278b20 probes_shard_2-19749884b4f574cf`carrick_runtime::vcpu_loop::executor::executor_worker::h6659650ec665c127(slot=<unavailable>, scheduler=Arc<carrick_kernel::kernel::scheduler::Scheduler, alloc::alloc::Global> @ 0x00000001717123d8, factory=Arc<carrick_runtime::vcpu_loop::executor::backend::HvpatchPersistentExecutorFactory, alloc::alloc::Global> @ 0x00000001717123e0, resolver=Arc<carrick_runtime::vcpu_loop::executor::binding::HvpatchTaskBindingDirectory, alloc::alloc::Global> @ 0x00000001717123e8, receipts=Arc<carrick_runtime::vcpu_loop::executor::pool::ReceiptLog, alloc::alloc::Global> @ 0x00000001717123f0, control=Arc<carrick_runtime::vcpu_loop::executor::pool::PoolControl, alloc::alloc::Global> @ 0x00000001717123f8, channels=<unavailable>) at executor.rs:125:21 [opt]
       frame #21: 0x0000000100278438 probes_shard_2-19749884b4f574cf`carrick_runtime::vcpu_loop::executor::pool::ExecutorPool$LT$F$C$R$GT$::start::_$u7b$$u7b$closure$u7d$$u7d$::hb743ce58afda6e7c at pool.rs:987:21 [opt] [inlined]
       frame #22: 0x0000000100278438 probes_shard_2-19749884b4f574cf`std::sys::backtrace::__rust_begin_short_backtrace::hf904e9adac42143e(f=<unavailable>) at backtrace.rs:166:18 [opt]
       frame #23: 0x00000001002b0c44 probes_shard_2-19749884b4f574cf`std::thread::lifecycle::spawn_unchecked::_$u7b$$u7b$closure$u7d$$u7d$::_$u7b$$u7b$closure$u7d$$u7d$::h6f97fec13f2b11b2 at lifecycle.rs:91:13 [opt] [inlined]
       frame #24: 0x00000001002b0c08 probes_shard_2-19749884b4f574cf`_$LT$core..panic..unwind_safe..AssertUnwindSafe$LT$F$GT$$u20$as$u20$core..ops..function..FnOnce$LT$$LP$$RP$$GT$$GT$::call_once::h6ca9278a66b3246b(self=AssertUnwindSafe<std::thread::lifecycle::spawn_unchecked::{closure#1}::{closure_env#0}<carrick_runtime::vcpu_loop::executor::pool::{impl#15}::start::{closure_env#4}<carrick_runtime::vcpu_loop::executor::backend::HvpatchPersistentExecutorFactory, carrick_runtime::vcpu_loop::executor::binding::HvpatchTaskBindingDirectory>, carrick_runtime::vcpu_loop::executor::pool::WorkerOutcome>> @ 0x00000075f2c83380, (null)=<unavailable>) at unwind_safe.rs:275:9 [opt] [inlined]
       frame #25: 0x00000001002b0bfc probes_shard_2-19749884b4f574cf`std::panicking::catch_unwind::do_call::h26fe3308ed829988(data=<unavailable>) at panicking.rs:581:40 [opt]
       frame #26: 0x00000001002b0bfc probes_shard_2-19749884b4f574cf`std::panicking::catch_unwind::h685e6787e1d99c3d(f=AssertUnwindSafe<std::thread::lifecycle::spawn_unchecked::{closure#1}::{closure_env#0}<carrick_runtime::vcpu_loop::executor::pool::{impl#15}::start::{closure_env#4}<carrick_runtime::vcpu_loop::executor::backend::HvpatchPersistentExecutorFactory, carrick_runtime::vcpu_loop::executor::binding::HvpatchTaskBindingDirectory>, carrick_runtime::vcpu_loop::executor::pool::WorkerOutcome>> @ 0x00000075f2c83300) at panicking.rs:544:19 [opt]
       frame #27: 0x00000001002b0bfc probes_shard_2-19749884b4f574cf`std::panic::catch_unwind::h8edd4e8e12c9ad12(f=AssertUnwindSafe<std::thread::lifecycle::spawn_unchecked::{closure#1}::{closure_env#0}<carrick_runtime::vcpu_loop::executor::pool::{impl#15}::start::{closure_env#4}<carrick_runtime::vcpu_loop::executor::backend::HvpatchPersistentExecutorFactory, carrick_runtime::vcpu_loop::executor::binding::HvpatchTaskBindingDirectory>, carrick_runtime::vcpu_loop::executor::pool::WorkerOutcome>> @ 0x00000075f2c82e00) at panic.rs:359:14 [opt] [inlined]
       frame #28: 0x00000001002b0bfc probes_shard_2-19749884b4f574cf`std::thread::lifecycle::spawn_unchecked::_$u7b$$u7b$closure$u7d$$u7d$::ha34d47043a5b9232 at lifecycle.rs:89:26 [opt] [inlined]
       frame #29: 0x00000001002b0bc8 probes_shard_2-19749884b4f574cf`core::ops::function::FnOnce::call_once$u7b$$u7b$vtable.shim$u7d$$u7d$::hdb2a01d778d5ac22((null)=<unavailable>, (null)=<unavailable>) at function.rs:250:5 [opt]
       frame #30: 0x0000000100dcbf5c probes_shard_2-19749884b4f574cf`<alloc::boxed::Box<dyn core::ops::function::FnOnce<(), Output = ()> + core::marker::Send> as core::ops::function::FnOnce<()>>::call_once at boxed.rs:2249:9 [opt] [inlined]
       frame #31: 0x0000000100dcbf50 probes_shard_2-19749884b4f574cf`<std::sys::thread::unix::Thread>::new::thread_start at unix.rs:118:17 [opt]
       frame #32: 0x000000018a8ffd00 libsystem_pthread.dylib`_pthread_start + 136
  thread #16, name = 'carrick-executor-5'
       frame #0: 0x000000018a8be50c libsystem_kernel.dylib`__psynch_cvwait + 8
       frame #1: 0x000000018a9001d0 libsystem_pthread.dylib`_pthread_cond_wait + 980
       frame #2: 0x0000000100b34128 probes_shard_2-19749884b4f574cf`_$LT$parking_lot_core..thread_parker..imp..ThreadParker$u20$as$u20$parking_lot_core..thread_parker..ThreadParkerT$GT$::park::h57b0f9e3b8bc7cbb(self=0x0000000137038b18) at unix.rs:77:21 [opt] [inlined]
       frame #3: 0x0000000100b34118 probes_shard_2-19749884b4f574cf`parking_lot_core::parking_lot::park::_$u7b$$u7b$closure$u7d$$u7d$::h2e420e8db8f72615(thread_data=0x0000000137038b18) at parking_lot.rs:635:36 [opt]
       frame #4: 0x0000000100b34080 probes_shard_2-19749884b4f574cf`parking_lot_core::parking_lot::with_thread_data::h284d9e59aff5050c(f=<unavailable>) at parking_lot.rs:207:5 [opt]
       frame #5: 0x0000000100b33f40 probes_shard_2-19749884b4f574cf`parking_lot_core::parking_lot::park::h115ba7316cfa6034(key=<unavailable>, validate=<unavailable>, before_sleep=<unavailable>, timed_out=<unavailable>, park_token=(__0 = 0), timeout=<unavailable>) at parking_lot.rs:600:5 [opt] [inlined]
       frame #6: 0x0000000100b33f40 probes_shard_2-19749884b4f574cf`parking_lot::condvar::Condvar::wait_until_internal::heb307538a997ec5d(self=0x0000000135e065f8, mutex=0x0000000135e065a0, timeout=Option<std::time::Instant> @ 0x00000075da2ef520) at condvar.rs:334:17 [opt]
       frame #7: 0x0000000100819fe8 probes_shard_2-19749884b4f574cf`parking_lot::condvar::Condvar::wait::h826538e9e90ec9a8(self=<unavailable>, mutex_guard=<unavailable>) at condvar.rs:256:14 [opt] [inlined]
       frame #8: 0x0000000100819fd4 probes_shard_2-19749884b4f574cf`carrick_kernel::kernel::scheduler::RunQueue::park_spare::h1d681ef7b2c3ab3d(self=<unavailable>, executor=0x000000017191e430) at scheduler.rs:2730:36 [opt]
       frame #9: 0x00000001008279b4 probes_shard_2-19749884b4f574cf`carrick_kernel::kernel::scheduler::RunQueue::try_take_row::h237a5c9bf85644e7(self=<unavailable>, executor=<unavailable>, auditors=<unavailable>) at scheduler.rs:2485:22 [opt] [inlined]
       frame #10: 0x0000000100827950 probes_shard_2-19749884b4f574cf`carrick_kernel::kernel::scheduler::RunQueue::try_take::h7505a8f0c1713dc1(self=0x0000000135e06698, executor=0x000000017191e430, recorder=Option<&dyn carrick_kernel::kernel::scheduler::DiscardRecorder> @ 0x00000075ce3f8ef0, auditors=<unavailable>) at scheduler.rs:2768:34 [opt] [inlined]
       frame #11: 0x0000000100827950 probes_shard_2-19749884b4f574cf`carrick_kernel::kernel::scheduler::Scheduler::try_take::hf4141e4389ae8ae6(self=<unavailable>, executor=0x000000017191e430) at scheduler.rs:4265:14 [opt]
       frame #12: 0x0000000100265ec8 probes_shard_2-19749884b4f574cf`carrick_runtime::vcpu_loop::executor::next_runnable::h33b3687b36dfd804(scheduler=<unavailable>, backend=0x000000017191e460, registration=0x000000017191e430, kick=0x000000013682abe0) at executor.rs:1521:38 [opt]
       frame #13: 0x0000000100265ea0 probes_shard_2-19749884b4f574cf`carrick_runtime::vcpu_loop::executor::run_executor_loop::h16559fca504fb64c(scheduler=<unavailable>, resolver=<unavailable>, backend=<unavailable>, runtime=<unavailable>, commands=<unavailable>) at executor.rs:278:27 [opt]
       frame #14: 0x0000000100278c38 probes_shard_2-19749884b4f574cf`carrick_runtime::vcpu_loop::executor::executor_worker::_$u7b$$u7b$closure$u7d$$u7d$::h9caefef6dadcaa07 at executor.rs:155:39 [opt]
       frame #15: 0x0000000100278b20 probes_shard_2-19749884b4f574cf`core::ops::function::FnOnce::call_once::h8a1267a422c367e1((null)={closure_env#1}<carrick_runtime::vcpu_loop::executor::backend::HvpatchPersistentExecutorFactory, carrick_runtime::vcpu_loop::executor::binding::HvpatchTaskBindingDirectory> @ 0x00000075fa783240, (null)=<unavailable>) at function.rs:250:5 [opt] [inlined]
       frame #16: 0x0000000100278b20 probes_shard_2-19749884b4f574cf`_$LT$core..panic..unwind_safe..AssertUnwindSafe$LT$F$GT$$u20$as$u20$core..ops..function..FnOnce$LT$$LP$$RP$$GT$$GT$::call_once::h5f3fe5d9958d86ad(self=AssertUnwindSafe<carrick_runtime::vcpu_loop::executor::executor_worker::{closure_env#1}<carrick_runtime::vcpu_loop::executor::backend::HvpatchPersistentExecutorFactory, carrick_runtime::vcpu_loop::executor::binding::HvpatchTaskBindingDirectory>> @ 0x00000075fa783360, (null)=<unavailable>) at unwind_safe.rs:275:9 [opt] [inlined]
       frame #17: 0x0000000100278b20 probes_shard_2-19749884b4f574cf`std::panicking::catch_unwind::do_call::h29ce9e822a642d98(data=<unavailable>) at panicking.rs:581:40 [opt]
       frame #18: 0x0000000100278b20 probes_shard_2-19749884b4f574cf`std::panicking::catch_unwind::h1a41084116cdd5ec(f=AssertUnwindSafe<carrick_runtime::vcpu_loop::executor::executor_worker::{closure_env#1}<carrick_runtime::vcpu_loop::executor::backend::HvpatchPersistentExecutorFactory, carrick_runtime::vcpu_loop::executor::binding::HvpatchTaskBindingDirectory>> @ 0x00000075fa783300) at panicking.rs:544:19 [opt]
       frame #19: 0x0000000100278b20 probes_shard_2-19749884b4f574cf`std::panic::catch_unwind::h9e6697967e43cc34(f=AssertUnwindSafe<carrick_runtime::vcpu_loop::executor::executor_worker::{closure_env#1}<carrick_runtime::vcpu_loop::executor::backend::HvpatchPersistentExecutorFactory, carrick_runtime::vcpu_loop::executor::binding::HvpatchTaskBindingDirectory>> @ 0x00000075fa783240) at panic.rs:359:14 [opt] [inlined]
       frame #20: 0x0000000100278b20 probes_shard_2-19749884b4f574cf`carrick_runtime::vcpu_loop::executor::executor_worker::h6659650ec665c127(slot=<unavailable>, scheduler=Arc<carrick_kernel::kernel::scheduler::Scheduler, alloc::alloc::Global> @ 0x000000017191e3d8, factory=Arc<carrick_runtime::vcpu_loop::executor::backend::HvpatchPersistentExecutorFactory, alloc::alloc::Global> @ 0x000000017191e3e0, resolver=Arc<carrick_runtime::vcpu_loop::executor::binding::HvpatchTaskBindingDirectory, alloc::alloc::Global> @ 0x000000017191e3e8, receipts=Arc<carrick_runtime::vcpu_loop::executor::pool::ReceiptLog, alloc::alloc::Global> @ 0x000000017191e3f0, control=Arc<carrick_runtime::vcpu_loop::executor::pool::PoolControl, alloc::alloc::Global> @ 0x000000017191e3f8, channels=<unavailable>) at executor.rs:125:21 [opt]
       frame #21: 0x0000000100278438 probes_shard_2-19749884b4f574cf`carrick_runtime::vcpu_loop::executor::pool::ExecutorPool$LT$F$C$R$GT$::start::_$u7b$$u7b$closure$u7d$$u7d$::hb743ce58afda6e7c at pool.rs:987:21 [opt] [inlined]
       frame #22: 0x0000000100278438 probes_shard_2-19749884b4f574cf`std::sys::backtrace::__rust_begin_short_backtrace::hf904e9adac42143e(f=<unavailable>) at backtrace.rs:166:18 [opt]
       frame #23: 0x00000001002b0c44 probes_shard_2-19749884b4f574cf`std::thread::lifecycle::spawn_unchecked::_$u7b$$u7b$closure$u7d$$u7d$::_$u7b$$u7b$closure$u7d$$u7d$::h6f97fec13f2b11b2 at lifecycle.rs:91:13 [opt] [inlined]
       frame #24: 0x00000001002b0c08 probes_shard_2-19749884b4f574cf`_$LT$core..panic..unwind_safe..AssertUnwindSafe$LT$F$GT$$u20$as$u20$core..ops..function..FnOnce$LT$$LP$$RP$$GT$$GT$::call_once::h6ca9278a66b3246b(self=AssertUnwindSafe<std::thread::lifecycle::spawn_unchecked::{closure#1}::{closure_env#0}<carrick_runtime::vcpu_loop::executor::pool::{impl#15}::start::{closure_env#4}<carrick_runtime::vcpu_loop::executor::backend::HvpatchPersistentExecutorFactory, carrick_runtime::vcpu_loop::executor::binding::HvpatchTaskBindingDirectory>, carrick_runtime::vcpu_loop::executor::pool::WorkerOutcome>> @ 0x00000075f2c83380, (null)=<unavailable>) at unwind_safe.rs:275:9 [opt] [inlined]
       frame #25: 0x00000001002b0bfc probes_shard_2-19749884b4f574cf`std::panicking::catch_unwind::do_call::h26fe3308ed829988(data=<unavailable>) at panicking.rs:581:40 [opt]
       frame #26: 0x00000001002b0bfc probes_shard_2-19749884b4f574cf`std::panicking::catch_unwind::h685e6787e1d99c3d(f=AssertUnwindSafe<std::thread::lifecycle::spawn_unchecked::{closure#1}::{closure_env#0}<carrick_runtime::vcpu_loop::executor::pool::{impl#15}::start::{closure_env#4}<carrick_runtime::vcpu_loop::executor::backend::HvpatchPersistentExecutorFactory, carrick_runtime::vcpu_loop::executor::binding::HvpatchTaskBindingDirectory>, carrick_runtime::vcpu_loop::executor::pool::WorkerOutcome>> @ 0x00000075f2c83300) at panicking.rs:544:19 [opt]
       frame #27: 0x00000001002b0bfc probes_shard_2-19749884b4f574cf`std::panic::catch_unwind::h8edd4e8e12c9ad12(f=AssertUnwindSafe<std::thread::lifecycle::spawn_unchecked::{closure#1}::{closure_env#0}<carrick_runtime::vcpu_loop::executor::pool::{impl#15}::start::{closure_env#4}<carrick_runtime::vcpu_loop::executor::backend::HvpatchPersistentExecutorFactory, carrick_runtime::vcpu_loop::executor::binding::HvpatchTaskBindingDirectory>, carrick_runtime::vcpu_loop::executor::pool::WorkerOutcome>> @ 0x00000075f2c82e00) at panic.rs:359:14 [opt] [inlined]
       frame #28: 0x00000001002b0bfc probes_shard_2-19749884b4f574cf`std::thread::lifecycle::spawn_unchecked::_$u7b$$u7b$closure$u7d$$u7d$::ha34d47043a5b9232 at lifecycle.rs:89:26 [opt] [inlined]
       frame #29: 0x00000001002b0bc8 probes_shard_2-19749884b4f574cf`core::ops::function::FnOnce::call_once$u7b$$u7b$vtable.shim$u7d$$u7d$::hdb2a01d778d5ac22((null)=<unavailable>, (null)=<unavailable>) at function.rs:250:5 [opt]
       frame #30: 0x0000000100dcbf5c probes_shard_2-19749884b4f574cf`<alloc::boxed::Box<dyn core::ops::function::FnOnce<(), Output = ()> + core::marker::Send> as core::ops::function::FnOnce<()>>::call_once at boxed.rs:2249:9 [opt] [inlined]
       frame #31: 0x0000000100dcbf50 probes_shard_2-19749884b4f574cf`<std::sys::thread::unix::Thread>::new::thread_start at unix.rs:118:17 [opt]
       frame #32: 0x000000018a8ffd00 libsystem_pthread.dylib`_pthread_start + 136
  thread #17, name = 'carrick-executor-6'
       frame #0: 0x000000018a8be50c libsystem_kernel.dylib`__psynch_cvwait + 8
       frame #1: 0x000000018a9001d0 libsystem_pthread.dylib`_pthread_cond_wait + 980
       frame #2: 0x0000000100b34128 probes_shard_2-19749884b4f574cf`_$LT$parking_lot_core..thread_parker..imp..ThreadParker$u20$as$u20$parking_lot_core..thread_parker..ThreadParkerT$GT$::park::h57b0f9e3b8bc7cbb(self=0x0000000137818318) at unix.rs:77:21 [opt] [inlined]
       frame #3: 0x0000000100b34118 probes_shard_2-19749884b4f574cf`parking_lot_core::parking_lot::park::_$u7b$$u7b$closure$u7d$$u7d$::h2e420e8db8f72615(thread_data=0x0000000137818318) at parking_lot.rs:635:36 [opt]
       frame #4: 0x0000000100b34080 probes_shard_2-19749884b4f574cf`parking_lot_core::parking_lot::with_thread_data::h284d9e59aff5050c(f=<unavailable>) at parking_lot.rs:207:5 [opt]
       frame #5: 0x0000000100b33f40 probes_shard_2-19749884b4f574cf`parking_lot_core::parking_lot::park::h115ba7316cfa6034(key=<unavailable>, validate=<unavailable>, before_sleep=<unavailable>, timed_out=<unavailable>, park_token=(__0 = 0), timeout=<unavailable>) at parking_lot.rs:600:5 [opt] [inlined]
       frame #6: 0x0000000100b33f40 probes_shard_2-19749884b4f574cf`parking_lot::condvar::Condvar::wait_until_internal::heb307538a997ec5d(self=0x0000000135e065f8, mutex=0x0000000135e065a0, timeout=Option<std::time::Instant> @ 0x00000075da2ef640) at condvar.rs:334:17 [opt]
       frame #7: 0x0000000100819fe8 probes_shard_2-19749884b4f574cf`parking_lot::condvar::Condvar::wait::h826538e9e90ec9a8(self=<unavailable>, mutex_guard=<unavailable>) at condvar.rs:256:14 [opt] [inlined]
       frame #8: 0x0000000100819fd4 probes_shard_2-19749884b4f574cf`carrick_kernel::kernel::scheduler::RunQueue::park_spare::h1d681ef7b2c3ab3d(self=<unavailable>, executor=0x0000000171b2a430) at scheduler.rs:2730:36 [opt]
       frame #9: 0x00000001008279b4 probes_shard_2-19749884b4f574cf`carrick_kernel::kernel::scheduler::RunQueue::try_take_row::h237a5c9bf85644e7(self=<unavailable>, executor=<unavailable>, auditors=<unavailable>) at scheduler.rs:2485:22 [opt] [inlined]
       frame #10: 0x0000000100827950 probes_shard_2-19749884b4f574cf`carrick_kernel::kernel::scheduler::RunQueue::try_take::h7505a8f0c1713dc1(self=0x0000000135e06698, executor=0x0000000171b2a430, recorder=Option<&dyn carrick_kernel::kernel::scheduler::DiscardRecorder> @ 0x00000075ce3fb810, auditors=<unavailable>) at scheduler.rs:2768:34 [opt] [inlined]
       frame #11: 0x0000000100827950 probes_shard_2-19749884b4f574cf`carrick_kernel::kernel::scheduler::Scheduler::try_take::hf4141e4389ae8ae6(self=<unavailable>, executor=0x0000000171b2a430) at scheduler.rs:4265:14 [opt]
       frame #12: 0x0000000100265ec8 probes_shard_2-19749884b4f574cf`carrick_runtime::vcpu_loop::executor::next_runnable::h33b3687b36dfd804(scheduler=<unavailable>, backend=0x0000000171b2a460, registration=0x0000000171b2a430, kick=0x0000000136a0f6a0) at executor.rs:1521:38 [opt]
       frame #13: 0x0000000100265ea0 probes_shard_2-19749884b4f574cf`carrick_runtime::vcpu_loop::executor::run_executor_loop::h16559fca504fb64c(scheduler=<unavailable>, resolver=<unavailable>, backend=<unavailable>, runtime=<unavailable>, commands=<unavailable>) at executor.rs:278:27 [opt]
       frame #14: 0x0000000100278c38 probes_shard_2-19749884b4f574cf`carrick_runtime::vcpu_loop::executor::executor_worker::_$u7b$$u7b$closure$u7d$$u7d$::h9caefef6dadcaa07 at executor.rs:155:39 [opt]
       frame #15: 0x0000000100278b20 probes_shard_2-19749884b4f574cf`core::ops::function::FnOnce::call_once::h8a1267a422c367e1((null)={closure_env#1}<carrick_runtime::vcpu_loop::executor::backend::HvpatchPersistentExecutorFactory, carrick_runtime::vcpu_loop::executor::binding::HvpatchTaskBindingDirectory> @ 0x00000075fa783300, (null)=<unavailable>) at function.rs:250:5 [opt] [inlined]
       frame #16: 0x0000000100278b20 probes_shard_2-19749884b4f574cf`_$LT$core..panic..unwind_safe..AssertUnwindSafe$LT$F$GT$$u20$as$u20$core..ops..function..FnOnce$LT$$LP$$RP$$GT$$GT$::call_once::h5f3fe5d9958d86ad(self=AssertUnwindSafe<carrick_runtime::vcpu_loop::executor::executor_worker::{closure_env#1}<carrick_runtime::vcpu_loop::executor::backend::HvpatchPersistentExecutorFactory, carrick_runtime::vcpu_loop::executor::binding::HvpatchTaskBindingDirectory>> @ 0x00000075fa7833c0, (null)=<unavailable>) at unwind_safe.rs:275:9 [opt] [inlined]
       frame #17: 0x0000000100278b20 probes_shard_2-19749884b4f574cf`std::panicking::catch_unwind::do_call::h29ce9e822a642d98(data=<unavailable>) at panicking.rs:581:40 [opt]
       frame #18: 0x0000000100278b20 probes_shard_2-19749884b4f574cf`std::panicking::catch_unwind::h1a41084116cdd5ec(f=AssertUnwindSafe<carrick_runtime::vcpu_loop::executor::executor_worker::{closure_env#1}<carrick_runtime::vcpu_loop::executor::backend::HvpatchPersistentExecutorFactory, carrick_runtime::vcpu_loop::executor::binding::HvpatchTaskBindingDirectory>> @ 0x00000075fa783360) at panicking.rs:544:19 [opt]
       frame #19: 0x0000000100278b20 probes_shard_2-19749884b4f574cf`std::panic::catch_unwind::h9e6697967e43cc34(f=AssertUnwindSafe<carrick_runtime::vcpu_loop::executor::executor_worker::{closure_env#1}<carrick_runtime::vcpu_loop::executor::backend::HvpatchPersistentExecutorFactory, carrick_runtime::vcpu_loop::executor::binding::HvpatchTaskBindingDirectory>> @ 0x00000075fa783300) at panic.rs:359:14 [opt] [inlined]
       frame #20: 0x0000000100278b20 probes_shard_2-19749884b4f574cf`carrick_runtime::vcpu_loop::executor::executor_worker::h6659650ec665c127(slot=<unavailable>, scheduler=Arc<carrick_kernel::kernel::scheduler::Scheduler, alloc::alloc::Global> @ 0x0000000171b2a3d8, factory=Arc<carrick_runtime::vcpu_loop::executor::backend::HvpatchPersistentExecutorFactory, alloc::alloc::Global> @ 0x0000000171b2a3e0, resolver=Arc<carrick_runtime::vcpu_loop::executor::binding::HvpatchTaskBindingDirectory, alloc::alloc::Global> @ 0x0000000171b2a3e8, receipts=Arc<carrick_runtime::vcpu_loop::executor::pool::ReceiptLog, alloc::alloc::Global> @ 0x0000000171b2a3f0, control=Arc<carrick_runtime::vcpu_loop::executor::pool::PoolControl, alloc::alloc::Global> @ 0x0000000171b2a3f8, channels=<unavailable>) at executor.rs:125:21 [opt]
       frame #21: 0x0000000100278438 probes_shard_2-19749884b4f574cf`carrick_runtime::vcpu_loop::executor::pool::ExecutorPool$LT$F$C$R$GT$::start::_$u7b$$u7b$closure$u7d$$u7d$::hb743ce58afda6e7c at pool.rs:987:21 [opt] [inlined]
       frame #22: 0x0000000100278438 probes_shard_2-19749884b4f574cf`std::sys::backtrace::__rust_begin_short_backtrace::hf904e9adac42143e(f=<unavailable>) at backtrace.rs:166:18 [opt]
       frame #23: 0x00000001002b0c44 probes_shard_2-19749884b4f574cf`std::thread::lifecycle::spawn_unchecked::_$u7b$$u7b$closure$u7d$$u7d$::_$u7b$$u7b$closure$u7d$$u7d$::h6f97fec13f2b11b2 at lifecycle.rs:91:13 [opt] [inlined]
       frame #24: 0x00000001002b0c08 probes_shard_2-19749884b4f574cf`_$LT$core..panic..unwind_safe..AssertUnwindSafe$LT$F$GT$$u20$as$u20$core..ops..function..FnOnce$LT$$LP$$RP$$GT$$GT$::call_once::h6ca9278a66b3246b(self=AssertUnwindSafe<std::thread::lifecycle::spawn_unchecked::{closure#1}::{closure_env#0}<carrick_runtime::vcpu_loop::executor::pool::{impl#15}::start::{closure_env#4}<carrick_runtime::vcpu_loop::executor::backend::HvpatchPersistentExecutorFactory, carrick_runtime::vcpu_loop::executor::binding::HvpatchTaskBindingDirectory>, carrick_runtime::vcpu_loop::executor::pool::WorkerOutcome>> @ 0x00000075f2c83380, (null)=<unavailable>) at unwind_safe.rs:275:9 [opt] [inlined]
       frame #25: 0x00000001002b0bfc probes_shard_2-19749884b4f574cf`std::panicking::catch_unwind::do_call::h26fe3308ed829988(data=<unavailable>) at panicking.rs:581:40 [opt]
       frame #26: 0x00000001002b0bfc probes_shard_2-19749884b4f574cf`std::panicking::catch_unwind::h685e6787e1d99c3d(f=AssertUnwindSafe<std::thread::lifecycle::spawn_unchecked::{closure#1}::{closure_env#0}<carrick_runtime::vcpu_loop::executor::pool::{impl#15}::start::{closure_env#4}<carrick_runtime::vcpu_loop::executor::backend::HvpatchPersistentExecutorFactory, carrick_runtime::vcpu_loop::executor::binding::HvpatchTaskBindingDirectory>, carrick_runtime::vcpu_loop::executor::pool::WorkerOutcome>> @ 0x00000075f2c83300) at panicking.rs:544:19 [opt]
       frame #27: 0x00000001002b0bfc probes_shard_2-19749884b4f574cf`std::panic::catch_unwind::h8edd4e8e12c9ad12(f=AssertUnwindSafe<std::thread::lifecycle::spawn_unchecked::{closure#1}::{closure_env#0}<carrick_runtime::vcpu_loop::executor::pool::{impl#15}::start::{closure_env#4}<carrick_runtime::vcpu_loop::executor::backend::HvpatchPersistentExecutorFactory, carrick_runtime::vcpu_loop::executor::binding::HvpatchTaskBindingDirectory>, carrick_runtime::vcpu_loop::executor::pool::WorkerOutcome>> @ 0x00000075f2c82e00) at panic.rs:359:14 [opt] [inlined]
       frame #28: 0x00000001002b0bfc probes_shard_2-19749884b4f574cf`std::thread::lifecycle::spawn_unchecked::_$u7b$$u7b$closure$u7d$$u7d$::ha34d47043a5b9232 at lifecycle.rs:89:26 [opt] [inlined]
       frame #29: 0x00000001002b0bc8 probes_shard_2-19749884b4f574cf`core::ops::function::FnOnce::call_once$u7b$$u7b$vtable.shim$u7d$$u7d$::hdb2a01d778d5ac22((null)=<unavailable>, (null)=<unavailable>) at function.rs:250:5 [opt]
       frame #30: 0x0000000100dcbf5c probes_shard_2-19749884b4f574cf`<alloc::boxed::Box<dyn core::ops::function::FnOnce<(), Output = ()> + core::marker::Send> as core::ops::function::FnOnce<()>>::call_once at boxed.rs:2249:9 [opt] [inlined]
       frame #31: 0x0000000100dcbf50 probes_shard_2-19749884b4f574cf`<std::sys::thread::unix::Thread>::new::thread_start at unix.rs:118:17 [opt]
       frame #32: 0x000000018a8ffd00 libsystem_pthread.dylib`_pthread_start + 136
  thread #18, name = 'carrick-executor-7'
       frame #0: 0x000000018a8be50c libsystem_kernel.dylib`__psynch_cvwait + 8
       frame #1: 0x000000018a9001d0 libsystem_pthread.dylib`_pthread_cond_wait + 980
       frame #2: 0x0000000100b34128 probes_shard_2-19749884b4f574cf`_$LT$parking_lot_core..thread_parker..imp..ThreadParker$u20$as$u20$parking_lot_core..thread_parker..ThreadParkerT$GT$::park::h57b0f9e3b8bc7cbb(self=0x0000000137039918) at unix.rs:77:21 [opt] [inlined]
       frame #3: 0x0000000100b34118 probes_shard_2-19749884b4f574cf`parking_lot_core::parking_lot::park::_$u7b$$u7b$closure$u7d$$u7d$::h2e420e8db8f72615(thread_data=0x0000000137039918) at parking_lot.rs:635:36 [opt]
       frame #4: 0x0000000100b34080 probes_shard_2-19749884b4f574cf`parking_lot_core::parking_lot::with_thread_data::h284d9e59aff5050c(f=<unavailable>) at parking_lot.rs:207:5 [opt]
       frame #5: 0x0000000100b33f40 probes_shard_2-19749884b4f574cf`parking_lot_core::parking_lot::park::h115ba7316cfa6034(key=<unavailable>, validate=<unavailable>, before_sleep=<unavailable>, timed_out=<unavailable>, park_token=(__0 = 0), timeout=<unavailable>) at parking_lot.rs:600:5 [opt] [inlined]
       frame #6: 0x0000000100b33f40 probes_shard_2-19749884b4f574cf`parking_lot::condvar::Condvar::wait_until_internal::heb307538a997ec5d(self=0x0000000135e065f8, mutex=0x0000000135e065a0, timeout=Option<std::time::Instant> @ 0x00000075da2ef760) at condvar.rs:334:17 [opt]
       frame #7: 0x0000000100819fe8 probes_shard_2-19749884b4f574cf`parking_lot::condvar::Condvar::wait::h826538e9e90ec9a8(self=<unavailable>, mutex_guard=<unavailable>) at condvar.rs:256:14 [opt] [inlined]
       frame #8: 0x0000000100819fd4 probes_shard_2-19749884b4f574cf`carrick_kernel::kernel::scheduler::RunQueue::park_spare::h1d681ef7b2c3ab3d(self=<unavailable>, executor=0x0000000171d36430) at scheduler.rs:2730:36 [opt]
       frame #9: 0x00000001008279b4 probes_shard_2-19749884b4f574cf`carrick_kernel::kernel::scheduler::RunQueue::try_take_row::h237a5c9bf85644e7(self=<unavailable>, executor=<unavailable>, auditors=<unavailable>) at scheduler.rs:2485:22 [opt] [inlined]
       frame #10: 0x0000000100827950 probes_shard_2-19749884b4f574cf`carrick_kernel::kernel::scheduler::RunQueue::try_take::h7505a8f0c1713dc1(self=0x0000000135e06698, executor=0x0000000171d36430, recorder=Option<&dyn carrick_kernel::kernel::scheduler::DiscardRecorder> @ 0x00000075ce3f8ef0, auditors=<unavailable>) at scheduler.rs:2768:34 [opt] [inlined]
       frame #11: 0x0000000100827950 probes_shard_2-19749884b4f574cf`carrick_kernel::kernel::scheduler::Scheduler::try_take::hf4141e4389ae8ae6(self=<unavailable>, executor=0x0000000171d36430) at scheduler.rs:4265:14 [opt]
       frame #12: 0x0000000100265ec8 probes_shard_2-19749884b4f574cf`carrick_runtime::vcpu_loop::executor::next_runnable::h33b3687b36dfd804(scheduler=<unavailable>, backend=0x0000000171d36460, registration=0x0000000171d36430, kick=0x000000013681c970) at executor.rs:1521:38 [opt]
       frame #13: 0x0000000100265ea0 probes_shard_2-19749884b4f574cf`carrick_runtime::vcpu_loop::executor::run_executor_loop::h16559fca504fb64c(scheduler=<unavailable>, resolver=<unavailable>, backend=<unavailable>, runtime=<unavailable>, commands=<unavailable>) at executor.rs:278:27 [opt]
       frame #14: 0x0000000100278c38 probes_shard_2-19749884b4f574cf`carrick_runtime::vcpu_loop::executor::executor_worker::_$u7b$$u7b$closure$u7d$$u7d$::h9caefef6dadcaa07 at executor.rs:155:39 [opt]
       frame #15: 0x0000000100278b20 probes_shard_2-19749884b4f574cf`core::ops::function::FnOnce::call_once::h8a1267a422c367e1((null)={closure_env#1}<carrick_runtime::vcpu_loop::executor::backend::HvpatchPersistentExecutorFactory, carrick_runtime::vcpu_loop::executor::binding::HvpatchTaskBindingDirectory> @ 0x00000075fa783360, (null)=<unavailable>) at function.rs:250:5 [opt] [inlined]
       frame #16: 0x0000000100278b20 probes_shard_2-19749884b4f574cf`_$LT$core..panic..unwind_safe..AssertUnwindSafe$LT$F$GT$$u20$as$u20$core..ops..function..FnOnce$LT$$LP$$RP$$GT$$GT$::call_once::h5f3fe5d9958d86ad(self=AssertUnwindSafe<carrick_runtime::vcpu_loop::executor::executor_worker::{closure_env#1}<carrick_runtime::vcpu_loop::executor::backend::HvpatchPersistentExecutorFactory, carrick_runtime::vcpu_loop::executor::binding::HvpatchTaskBindingDirectory>> @ 0x00000075fa783420, (null)=<unavailable>) at unwind_safe.rs:275:9 [opt] [inlined]
       frame #17: 0x0000000100278b20 probes_shard_2-19749884b4f574cf`std::panicking::catch_unwind::do_call::h29ce9e822a642d98(data=<unavailable>) at panicking.rs:581:40 [opt]
       frame #18: 0x0000000100278b20 probes_shard_2-19749884b4f574cf`std::panicking::catch_unwind::h1a41084116cdd5ec(f=AssertUnwindSafe<carrick_runtime::vcpu_loop::executor::executor_worker::{closure_env#1}<carrick_runtime::vcpu_loop::executor::backend::HvpatchPersistentExecutorFactory, carrick_runtime::vcpu_loop::executor::binding::HvpatchTaskBindingDirectory>> @ 0x00000075fa7833c0) at panicking.rs:544:19 [opt]
       frame #19: 0x0000000100278b20 probes_shard_2-19749884b4f574cf`std::panic::catch_unwind::h9e6697967e43cc34(f=AssertUnwindSafe<carrick_runtime::vcpu_loop::executor::executor_worker::{closure_env#1}<carrick_runtime::vcpu_loop::executor::backend::HvpatchPersistentExecutorFactory, carrick_runtime::vcpu_loop::executor::binding::HvpatchTaskBindingDirectory>> @ 0x00000075fa783360) at panic.rs:359:14 [opt] [inlined]
       frame #20: 0x0000000100278b20 probes_shard_2-19749884b4f574cf`carrick_runtime::vcpu_loop::executor::executor_worker::h6659650ec665c127(slot=<unavailable>, scheduler=Arc<carrick_kernel::kernel::scheduler::Scheduler, alloc::alloc::Global> @ 0x0000000171d363d8, factory=Arc<carrick_runtime::vcpu_loop::executor::backend::HvpatchPersistentExecutorFactory, alloc::alloc::Global> @ 0x0000000171d363e0, resolver=Arc<carrick_runtime::vcpu_loop::executor::binding::HvpatchTaskBindingDirectory, alloc::alloc::Global> @ 0x0000000171d363e8, receipts=Arc<carrick_runtime::vcpu_loop::executor::pool::ReceiptLog, alloc::alloc::Global> @ 0x0000000171d363f0, control=Arc<carrick_runtime::vcpu_loop::executor::pool::PoolControl, alloc::alloc::Global> @ 0x0000000171d363f8, channels=<unavailable>) at executor.rs:125:21 [opt]
       frame #21: 0x0000000100278438 probes_shard_2-19749884b4f574cf`carrick_runtime::vcpu_loop::executor::pool::ExecutorPool$LT$F$C$R$GT$::start::_$u7b$$u7b$closure$u7d$$u7d$::hb743ce58afda6e7c at pool.rs:987:21 [opt] [inlined]
       frame #22: 0x0000000100278438 probes_shard_2-19749884b4f574cf`std::sys::backtrace::__rust_begin_short_backtrace::hf904e9adac42143e(f=<unavailable>) at backtrace.rs:166:18 [opt]
       frame #23: 0x00000001002b0c44 probes_shard_2-19749884b4f574cf`std::thread::lifecycle::spawn_unchecked::_$u7b$$u7b$closure$u7d$$u7d$::_$u7b$$u7b$closure$u7d$$u7d$::h6f97fec13f2b11b2 at lifecycle.rs:91:13 [opt] [inlined]
       frame #24: 0x00000001002b0c08 probes_shard_2-19749884b4f574cf`_$LT$core..panic..unwind_safe..AssertUnwindSafe$LT$F$GT$$u20$as$u20$core..ops..function..FnOnce$LT$$LP$$RP$$GT$$GT$::call_once::h6ca9278a66b3246b(self=AssertUnwindSafe<std::thread::lifecycle::spawn_unchecked::{closure#1}::{closure_env#0}<carrick_runtime::vcpu_loop::executor::pool::{impl#15}::start::{closure_env#4}<carrick_runtime::vcpu_loop::executor::backend::HvpatchPersistentExecutorFactory, carrick_runtime::vcpu_loop::executor::binding::HvpatchTaskBindingDirectory>, carrick_runtime::vcpu_loop::executor::pool::WorkerOutcome>> @ 0x00000075f2c83380, (null)=<unavailable>) at unwind_safe.rs:275:9 [opt] [inlined]
       frame #25: 0x00000001002b0bfc probes_shard_2-19749884b4f574cf`std::panicking::catch_unwind::do_call::h26fe3308ed829988(data=<unavailable>) at panicking.rs:581:40 [opt]
       frame #26: 0x00000001002b0bfc probes_shard_2-19749884b4f574cf`std::panicking::catch_unwind::h685e6787e1d99c3d(f=AssertUnwindSafe<std::thread::lifecycle::spawn_unchecked::{closure#1}::{closure_env#0}<carrick_runtime::vcpu_loop::executor::pool::{impl#15}::start::{closure_env#4}<carrick_runtime::vcpu_loop::executor::backend::HvpatchPersistentExecutorFactory, carrick_runtime::vcpu_loop::executor::binding::HvpatchTaskBindingDirectory>, carrick_runtime::vcpu_loop::executor::pool::WorkerOutcome>> @ 0x00000075f2c83300) at panicking.rs:544:19 [opt]
       frame #27: 0x00000001002b0bfc probes_shard_2-19749884b4f574cf`std::panic::catch_unwind::h8edd4e8e12c9ad12(f=AssertUnwindSafe<std::thread::lifecycle::spawn_unchecked::{closure#1}::{closure_env#0}<carrick_runtime::vcpu_loop::executor::pool::{impl#15}::start::{closure_env#4}<carrick_runtime::vcpu_loop::executor::backend::HvpatchPersistentExecutorFactory, carrick_runtime::vcpu_loop::executor::binding::HvpatchTaskBindingDirectory>, carrick_runtime::vcpu_loop::executor::pool::WorkerOutcome>> @ 0x00000075f2c82e00) at panic.rs:359:14 [opt] [inlined]
       frame #28: 0x00000001002b0bfc probes_shard_2-19749884b4f574cf`std::thread::lifecycle::spawn_unchecked::_$u7b$$u7b$closure$u7d$$u7d$::ha34d47043a5b9232 at lifecycle.rs:89:26 [opt] [inlined]
       frame #29: 0x00000001002b0bc8 probes_shard_2-19749884b4f574cf`core::ops::function::FnOnce::call_once$u7b$$u7b$vtable.shim$u7d$$u7d$::hdb2a01d778d5ac22((null)=<unavailable>, (null)=<unavailable>) at function.rs:250:5 [opt]
       frame #30: 0x0000000100dcbf5c probes_shard_2-19749884b4f574cf`<alloc::boxed::Box<dyn core::ops::function::FnOnce<(), Output = ()> + core::marker::Send> as core::ops::function::FnOnce<()>>::call_once at boxed.rs:2249:9 [opt] [inlined]
       frame #31: 0x0000000100dcbf50 probes_shard_2-19749884b4f574cf`<std::sys::thread::unix::Thread>::new::thread_start at unix.rs:118:17 [opt]
       frame #32: 0x000000018a8ffd00 libsystem_pthread.dylib`_pthread_start + 136
  thread #19, name = 'carrick-executor-8'
       frame #0: 0x000000018a8be50c libsystem_kernel.dylib`__psynch_cvwait + 8
       frame #1: 0x000000018a9001d0 libsystem_pthread.dylib`_pthread_cond_wait + 980
       frame #2: 0x0000000100b34128 probes_shard_2-19749884b4f574cf`_$LT$parking_lot_core..thread_parker..imp..ThreadParker$u20$as$u20$parking_lot_core..thread_parker..ThreadParkerT$GT$::park::h57b0f9e3b8bc7cbb(self=0x0000000137818918) at unix.rs:77:21 [opt] [inlined]
       frame #3: 0x0000000100b34118 probes_shard_2-19749884b4f574cf`parking_lot_core::parking_lot::park::_$u7b$$u7b$closure$u7d$$u7d$::h2e420e8db8f72615(thread_data=0x0000000137818918) at parking_lot.rs:635:36 [opt]
       frame #4: 0x0000000100b34080 probes_shard_2-19749884b4f574cf`parking_lot_core::parking_lot::with_thread_data::h284d9e59aff5050c(f=<unavailable>) at parking_lot.rs:207:5 [opt]
       frame #5: 0x0000000100b33f40 probes_shard_2-19749884b4f574cf`parking_lot_core::parking_lot::park::h115ba7316cfa6034(key=<unavailable>, validate=<unavailable>, before_sleep=<unavailable>, timed_out=<unavailable>, park_token=(__0 = 0), timeout=<unavailable>) at parking_lot.rs:600:5 [opt] [inlined]
       frame #6: 0x0000000100b33f40 probes_shard_2-19749884b4f574cf`parking_lot::condvar::Condvar::wait_until_internal::heb307538a997ec5d(self=0x0000000135e065f8, mutex=0x0000000135e065a0, timeout=Option<std::time::Instant> @ 0x00000075da2ef880) at condvar.rs:334:17 [opt]
       frame #7: 0x0000000100819fe8 probes_shard_2-19749884b4f574cf`parking_lot::condvar::Condvar::wait::h826538e9e90ec9a8(self=<unavailable>, mutex_guard=<unavailable>) at condvar.rs:256:14 [opt] [inlined]
       frame #8: 0x0000000100819fd4 probes_shard_2-19749884b4f574cf`carrick_kernel::kernel::scheduler::RunQueue::park_spare::h1d681ef7b2c3ab3d(self=<unavailable>, executor=0x0000000171f42430) at scheduler.rs:2730:36 [opt]
       frame #9: 0x00000001008279b4 probes_shard_2-19749884b4f574cf`carrick_kernel::kernel::scheduler::RunQueue::try_take_row::h237a5c9bf85644e7(self=<unavailable>, executor=<unavailable>, auditors=<unavailable>) at scheduler.rs:2485:22 [opt] [inlined]
       frame #10: 0x0000000100827950 probes_shard_2-19749884b4f574cf`carrick_kernel::kernel::scheduler::RunQueue::try_take::h7505a8f0c1713dc1(self=0x0000000135e06698, executor=0x0000000171f42430, recorder=Option<&dyn carrick_kernel::kernel::scheduler::DiscardRecorder> @ 0x00000075ce3fb810, auditors=<unavailable>) at scheduler.rs:2768:34 [opt] [inlined]
       frame #11: 0x0000000100827950 probes_shard_2-19749884b4f574cf`carrick_kernel::kernel::scheduler::Scheduler::try_take::hf4141e4389ae8ae6(self=<unavailable>, executor=0x0000000171f42430) at scheduler.rs:4265:14 [opt]
       frame #12: 0x0000000100265ec8 probes_shard_2-19749884b4f574cf`carrick_runtime::vcpu_loop::executor::next_runnable::h33b3687b36dfd804(scheduler=<unavailable>, backend=0x0000000171f42460, registration=0x0000000171f42430, kick=0x0000000136a10fa0) at executor.rs:1521:38 [opt]
       frame #13: 0x0000000100265ea0 probes_shard_2-19749884b4f574cf`carrick_runtime::vcpu_loop::executor::run_executor_loop::h16559fca504fb64c(scheduler=<unavailable>, resolver=<unavailable>, backend=<unavailable>, runtime=<unavailable>, commands=<unavailable>) at executor.rs:278:27 [opt]
       frame #14: 0x0000000100278c38 probes_shard_2-19749884b4f574cf`carrick_runtime::vcpu_loop::executor::executor_worker::_$u7b$$u7b$closure$u7d$$u7d$::h9caefef6dadcaa07 at executor.rs:155:39 [opt]
       frame #15: 0x0000000100278b20 probes_shard_2-19749884b4f574cf`core::ops::function::FnOnce::call_once::h8a1267a422c367e1((null)={closure_env#1}<carrick_runtime::vcpu_loop::executor::backend::HvpatchPersistentExecutorFactory, carrick_runtime::vcpu_loop::executor::binding::HvpatchTaskBindingDirectory> @ 0x00000075fa7833c0, (null)=<unavailable>) at function.rs:250:5 [opt] [inlined]
       frame #16: 0x0000000100278b20 probes_shard_2-19749884b4f574cf`_$LT$core..panic..unwind_safe..AssertUnwindSafe$LT$F$GT$$u20$as$u20$core..ops..function..FnOnce$LT$$LP$$RP$$GT$$GT$::call_once::h5f3fe5d9958d86ad(self=AssertUnwindSafe<carrick_runtime::vcpu_loop::executor::executor_worker::{closure_env#1}<carrick_runtime::vcpu_loop::executor::backend::HvpatchPersistentExecutorFactory, carrick_runtime::vcpu_loop::executor::binding::HvpatchTaskBindingDirectory>> @ 0x00000075fa783480, (null)=<unavailable>) at unwind_safe.rs:275:9 [opt] [inlined]
       frame #17: 0x0000000100278b20 probes_shard_2-19749884b4f574cf`std::panicking::catch_unwind::do_call::h29ce9e822a642d98(data=<unavailable>) at panicking.rs:581:40 [opt]
       frame #18: 0x0000000100278b20 probes_shard_2-19749884b4f574cf`std::panicking::catch_unwind::h1a41084116cdd5ec(f=AssertUnwindSafe<carrick_runtime::vcpu_loop::executor::executor_worker::{closure_env#1}<carrick_runtime::vcpu_loop::executor::backend::HvpatchPersistentExecutorFactory, carrick_runtime::vcpu_loop::executor::binding::HvpatchTaskBindingDirectory>> @ 0x00000075fa783420) at panicking.rs:544:19 [opt]
       frame #19: 0x0000000100278b20 probes_shard_2-19749884b4f574cf`std::panic::catch_unwind::h9e6697967e43cc34(f=AssertUnwindSafe<carrick_runtime::vcpu_loop::executor::executor_worker::{closure_env#1}<carrick_runtime::vcpu_loop::executor::backend::HvpatchPersistentExecutorFactory, carrick_runtime::vcpu_loop::executor::binding::HvpatchTaskBindingDirectory>> @ 0x00000075fa7833c0) at panic.rs:359:14 [opt] [inlined]
       frame #20: 0x0000000100278b20 probes_shard_2-19749884b4f574cf`carrick_runtime::vcpu_loop::executor::executor_worker::h6659650ec665c127(slot=<unavailable>, scheduler=Arc<carrick_kernel::kernel::scheduler::Scheduler, alloc::alloc::Global> @ 0x0000000171f423d8, factory=Arc<carrick_runtime::vcpu_loop::executor::backend::HvpatchPersistentExecutorFactory, alloc::alloc::Global> @ 0x0000000171f423e0, resolver=Arc<carrick_runtime::vcpu_loop::executor::binding::HvpatchTaskBindingDirectory, alloc::alloc::Global> @ 0x0000000171f423e8, receipts=Arc<carrick_runtime::vcpu_loop::executor::pool::ReceiptLog, alloc::alloc::Global> @ 0x0000000171f423f0, control=Arc<carrick_runtime::vcpu_loop::executor::pool::PoolControl, alloc::alloc::Global> @ 0x0000000171f423f8, channels=<unavailable>) at executor.rs:125:21 [opt]
       frame #21: 0x0000000100278438 probes_shard_2-19749884b4f574cf`carrick_runtime::vcpu_loop::executor::pool::ExecutorPool$LT$F$C$R$GT$::start::_$u7b$$u7b$closure$u7d$$u7d$::hb743ce58afda6e7c at pool.rs:987:21 [opt] [inlined]
       frame #22: 0x0000000100278438 probes_shard_2-19749884b4f574cf`std::sys::backtrace::__rust_begin_short_backtrace::hf904e9adac42143e(f=<unavailable>) at backtrace.rs:166:18 [opt]
       frame #23: 0x00000001002b0c44 probes_shard_2-19749884b4f574cf`std::thread::lifecycle::spawn_unchecked::_$u7b$$u7b$closure$u7d$$u7d$::_$u7b$$u7b$closure$u7d$$u7d$::h6f97fec13f2b11b2 at lifecycle.rs:91:13 [opt] [inlined]
       frame #24: 0x00000001002b0c08 probes_shard_2-19749884b4f574cf`_$LT$core..panic..unwind_safe..AssertUnwindSafe$LT$F$GT$$u20$as$u20$core..ops..function..FnOnce$LT$$LP$$RP$$GT$$GT$::call_once::h6ca9278a66b3246b(self=AssertUnwindSafe<std::thread::lifecycle::spawn_unchecked::{closure#1}::{closure_env#0}<carrick_runtime::vcpu_loop::executor::pool::{impl#15}::start::{closure_env#4}<carrick_runtime::vcpu_loop::executor::backend::HvpatchPersistentExecutorFactory, carrick_runtime::vcpu_loop::executor::binding::HvpatchTaskBindingDirectory>, carrick_runtime::vcpu_loop::executor::pool::WorkerOutcome>> @ 0x00000075f2c83380, (null)=<unavailable>) at unwind_safe.rs:275:9 [opt] [inlined]
       frame #25: 0x00000001002b0bfc probes_shard_2-19749884b4f574cf`std::panicking::catch_unwind::do_call::h26fe3308ed829988(data=<unavailable>) at panicking.rs:581:40 [opt]
       frame #26: 0x00000001002b0bfc probes_shard_2-19749884b4f574cf`std::panicking::catch_unwind::h685e6787e1d99c3d(f=AssertUnwindSafe<std::thread::lifecycle::spawn_unchecked::{closure#1}::{closure_env#0}<carrick_runtime::vcpu_loop::executor::pool::{impl#15}::start::{closure_env#4}<carrick_runtime::vcpu_loop::executor::backend::HvpatchPersistentExecutorFactory, carrick_runtime::vcpu_loop::executor::binding::HvpatchTaskBindingDirectory>, carrick_runtime::vcpu_loop::executor::pool::WorkerOutcome>> @ 0x00000075f2c83300) at panicking.rs:544:19 [opt]
       frame #27: 0x00000001002b0bfc probes_shard_2-19749884b4f574cf`std::panic::catch_unwind::h8edd4e8e12c9ad12(f=AssertUnwindSafe<std::thread::lifecycle::spawn_unchecked::{closure#1}::{closure_env#0}<carrick_runtime::vcpu_loop::executor::pool::{impl#15}::start::{closure_env#4}<carrick_runtime::vcpu_loop::executor::backend::HvpatchPersistentExecutorFactory, carrick_runtime::vcpu_loop::executor::binding::HvpatchTaskBindingDirectory>, carrick_runtime::vcpu_loop::executor::pool::WorkerOutcome>> @ 0x00000075f2c82e00) at panic.rs:359:14 [opt] [inlined]
       frame #28: 0x00000001002b0bfc probes_shard_2-19749884b4f574cf`std::thread::lifecycle::spawn_unchecked::_$u7b$$u7b$closure$u7d$$u7d$::ha34d47043a5b9232 at lifecycle.rs:89:26 [opt] [inlined]
       frame #29: 0x00000001002b0bc8 probes_shard_2-19749884b4f574cf`core::ops::function::FnOnce::call_once$u7b$$u7b$vtable.shim$u7d$$u7d$::hdb2a01d778d5ac22((null)=<unavailable>, (null)=<unavailable>) at function.rs:250:5 [opt]
       frame #30: 0x0000000100dcbf5c probes_shard_2-19749884b4f574cf`<alloc::boxed::Box<dyn core::ops::function::FnOnce<(), Output = ()> + core::marker::Send> as core::ops::function::FnOnce<()>>::call_once at boxed.rs:2249:9 [opt] [inlined]
       frame #31: 0x0000000100dcbf50 probes_shard_2-19749884b4f574cf`<std::sys::thread::unix::Thread>::new::thread_start at unix.rs:118:17 [opt]
       frame #32: 0x000000018a8ffd00 libsystem_pthread.dylib`_pthread_start + 136
  thread #20, name = 'carrick-executor-9'
       frame #0: 0x000000018a8be50c libsystem_kernel.dylib`__psynch_cvwait + 8
       frame #1: 0x000000018a9001d0 libsystem_pthread.dylib`_pthread_cond_wait + 980
       frame #2: 0x0000000100b34128 probes_shard_2-19749884b4f574cf`_$LT$parking_lot_core..thread_parker..imp..ThreadParker$u20$as$u20$parking_lot_core..thread_parker..ThreadParkerT$GT$::park::h57b0f9e3b8bc7cbb(self=0x0000000137039f18) at unix.rs:77:21 [opt] [inlined]
       frame #3: 0x0000000100b34118 probes_shard_2-19749884b4f574cf`parking_lot_core::parking_lot::park::_$u7b$$u7b$closure$u7d$$u7d$::h2e420e8db8f72615(thread_data=0x0000000137039f18) at parking_lot.rs:635:36 [opt]
       frame #4: 0x0000000100b34080 probes_shard_2-19749884b4f574cf`parking_lot_core::parking_lot::with_thread_data::h284d9e59aff5050c(f=<unavailable>) at parking_lot.rs:207:5 [opt]
       frame #5: 0x0000000100b33f40 probes_shard_2-19749884b4f574cf`parking_lot_core::parking_lot::park::h115ba7316cfa6034(key=<unavailable>, validate=<unavailable>, before_sleep=<unavailable>, timed_out=<unavailable>, park_token=(__0 = 0), timeout=<unavailable>) at parking_lot.rs:600:5 [opt] [inlined]
       frame #6: 0x0000000100b33f40 probes_shard_2-19749884b4f574cf`parking_lot::condvar::Condvar::wait_until_internal::heb307538a997ec5d(self=0x0000000135e065f8, mutex=0x0000000135e065a0, timeout=Option<std::time::Instant> @ 0x00000075da2ef9a0) at condvar.rs:334:17 [opt]
       frame #7: 0x0000000100819fe8 probes_shard_2-19749884b4f574cf`parking_lot::condvar::Condvar::wait::h826538e9e90ec9a8(self=<unavailable>, mutex_guard=<unavailable>) at condvar.rs:256:14 [opt] [inlined]
       frame #8: 0x0000000100819fd4 probes_shard_2-19749884b4f574cf`carrick_kernel::kernel::scheduler::RunQueue::park_spare::h1d681ef7b2c3ab3d(self=<unavailable>, executor=0x000000017214e430) at scheduler.rs:2730:36 [opt]
       frame #9: 0x00000001008279b4 probes_shard_2-19749884b4f574cf`carrick_kernel::kernel::scheduler::RunQueue::try_take_row::h237a5c9bf85644e7(self=<unavailable>, executor=<unavailable>, auditors=<unavailable>) at scheduler.rs:2485:22 [opt] [inlined]
       frame #10: 0x0000000100827950 probes_shard_2-19749884b4f574cf`carrick_kernel::kernel::scheduler::RunQueue::try_take::h7505a8f0c1713dc1(self=0x0000000135e06698, executor=0x000000017214e430, recorder=Option<&dyn carrick_kernel::kernel::scheduler::DiscardRecorder> @ 0x00000075ce3f8ef0, auditors=<unavailable>) at scheduler.rs:2768:34 [opt] [inlined]
       frame #11: 0x0000000100827950 probes_shard_2-19749884b4f574cf`carrick_kernel::kernel::scheduler::Scheduler::try_take::hf4141e4389ae8ae6(self=<unavailable>, executor=0x000000017214e430) at scheduler.rs:4265:14 [opt]
       frame #12: 0x0000000100265ec8 probes_shard_2-19749884b4f574cf`carrick_runtime::vcpu_loop::executor::next_runnable::h33b3687b36dfd804(scheduler=<unavailable>, backend=0x000000017214e460, registration=0x000000017214e430, kick=0x000000013680a130) at executor.rs:1521:38 [opt]
       frame #13: 0x0000000100265ea0 probes_shard_2-19749884b4f574cf`carrick_runtime::vcpu_loop::executor::run_executor_loop::h16559fca504fb64c(scheduler=<unavailable>, resolver=<unavailable>, backend=<unavailable>, runtime=<unavailable>, commands=<unavailable>) at executor.rs:278:27 [opt]
       frame #14: 0x0000000100278c38 probes_shard_2-19749884b4f574cf`carrick_runtime::vcpu_loop::executor::executor_worker::_$u7b$$u7b$closure$u7d$$u7d$::h9caefef6dadcaa07 at executor.rs:155:39 [opt]
       frame #15: 0x0000000100278b20 probes_shard_2-19749884b4f574cf`core::ops::function::FnOnce::call_once::h8a1267a422c367e1((null)={closure_env#1}<carrick_runtime::vcpu_loop::executor::backend::HvpatchPersistentExecutorFactory, carrick_runtime::vcpu_loop::executor::binding::HvpatchTaskBindingDirectory> @ 0x00000075fa783420, (null)=<unavailable>) at function.rs:250:5 [opt] [inlined]
       frame #16: 0x0000000100278b20 probes_shard_2-19749884b4f574cf`_$LT$core..panic..unwind_safe..AssertUnwindSafe$LT$F$GT$$u20$as$u20$core..ops..function..FnOnce$LT$$LP$$RP$$GT$$GT$::call_once::h5f3fe5d9958d86ad(self=AssertUnwindSafe<carrick_runtime::vcpu_loop::executor::executor_worker::{closure_env#1}<carrick_runtime::vcpu_loop::executor::backend::HvpatchPersistentExecutorFactory, carrick_runtime::vcpu_loop::executor::binding::HvpatchTaskBindingDirectory>> @ 0x00000075fa7834e0, (null)=<unavailable>) at unwind_safe.rs:275:9 [opt] [inlined]
       frame #17: 0x0000000100278b20 probes_shard_2-19749884b4f574cf`std::panicking::catch_unwind::do_call::h29ce9e822a642d98(data=<unavailable>) at panicking.rs:581:40 [opt]
       frame #18: 0x0000000100278b20 probes_shard_2-19749884b4f574cf`std::panicking::catch_unwind::h1a41084116cdd5ec(f=AssertUnwindSafe<carrick_runtime::vcpu_loop::executor::executor_worker::{closure_env#1}<carrick_runtime::vcpu_loop::executor::backend::HvpatchPersistentExecutorFactory, carrick_runtime::vcpu_loop::executor::binding::HvpatchTaskBindingDirectory>> @ 0x00000075fa783480) at panicking.rs:544:19 [opt]
       frame #19: 0x0000000100278b20 probes_shard_2-19749884b4f574cf`std::panic::catch_unwind::h9e6697967e43cc34(f=AssertUnwindSafe<carrick_runtime::vcpu_loop::executor::executor_worker::{closure_env#1}<carrick_runtime::vcpu_loop::executor::backend::HvpatchPersistentExecutorFactory, carrick_runtime::vcpu_loop::executor::binding::HvpatchTaskBindingDirectory>> @ 0x00000075fa783420) at panic.rs:359:14 [opt] [inlined]
       frame #20: 0x0000000100278b20 probes_shard_2-19749884b4f574cf`carrick_runtime::vcpu_loop::executor::executor_worker::h6659650ec665c127(slot=<unavailable>, scheduler=Arc<carrick_kernel::kernel::scheduler::Scheduler, alloc::alloc::Global> @ 0x000000017214e3d8, factory=Arc<carrick_runtime::vcpu_loop::executor::backend::HvpatchPersistentExecutorFactory, alloc::alloc::Global> @ 0x000000017214e3e0, resolver=Arc<carrick_runtime::vcpu_loop::executor::binding::HvpatchTaskBindingDirectory, alloc::alloc::Global> @ 0x000000017214e3e8, receipts=Arc<carrick_runtime::vcpu_loop::executor::pool::ReceiptLog, alloc::alloc::Global> @ 0x000000017214e3f0, control=Arc<carrick_runtime::vcpu_loop::executor::pool::PoolControl, alloc::alloc::Global> @ 0x000000017214e3f8, channels=<unavailable>) at executor.rs:125:21 [opt]
       frame #21: 0x0000000100278438 probes_shard_2-19749884b4f574cf`carrick_runtime::vcpu_loop::executor::pool::ExecutorPool$LT$F$C$R$GT$::start::_$u7b$$u7b$closure$u7d$$u7d$::hb743ce58afda6e7c at pool.rs:987:21 [opt] [inlined]
       frame #22: 0x0000000100278438 probes_shard_2-19749884b4f574cf`std::sys::backtrace::__rust_begin_short_backtrace::hf904e9adac42143e(f=<unavailable>) at backtrace.rs:166:18 [opt]
       frame #23: 0x00000001002b0c44 probes_shard_2-19749884b4f574cf`std::thread::lifecycle::spawn_unchecked::_$u7b$$u7b$closure$u7d$$u7d$::_$u7b$$u7b$closure$u7d$$u7d$::h6f97fec13f2b11b2 at lifecycle.rs:91:13 [opt] [inlined]
       frame #24: 0x00000001002b0c08 probes_shard_2-19749884b4f574cf`_$LT$core..panic..unwind_safe..AssertUnwindSafe$LT$F$GT$$u20$as$u20$core..ops..function..FnOnce$LT$$LP$$RP$$GT$$GT$::call_once::h6ca9278a66b3246b(self=AssertUnwindSafe<std::thread::lifecycle::spawn_unchecked::{closure#1}::{closure_env#0}<carrick_runtime::vcpu_loop::executor::pool::{impl#15}::start::{closure_env#4}<carrick_runtime::vcpu_loop::executor::backend::HvpatchPersistentExecutorFactory, carrick_runtime::vcpu_loop::executor::binding::HvpatchTaskBindingDirectory>, carrick_runtime::vcpu_loop::executor::pool::WorkerOutcome>> @ 0x00000075f2c83380, (null)=<unavailable>) at unwind_safe.rs:275:9 [opt] [inlined]
       frame #25: 0x00000001002b0bfc probes_shard_2-19749884b4f574cf`std::panicking::catch_unwind::do_call::h26fe3308ed829988(data=<unavailable>) at panicking.rs:581:40 [opt]
       frame #26: 0x00000001002b0bfc probes_shard_2-19749884b4f574cf`std::panicking::catch_unwind::h685e6787e1d99c3d(f=AssertUnwindSafe<std::thread::lifecycle::spawn_unchecked::{closure#1}::{closure_env#0}<carrick_runtime::vcpu_loop::executor::pool::{impl#15}::start::{closure_env#4}<carrick_runtime::vcpu_loop::executor::backend::HvpatchPersistentExecutorFactory, carrick_runtime::vcpu_loop::executor::binding::HvpatchTaskBindingDirectory>, carrick_runtime::vcpu_loop::executor::pool::WorkerOutcome>> @ 0x00000075f2c83300) at panicking.rs:544:19 [opt]
       frame #27: 0x00000001002b0bfc probes_shard_2-19749884b4f574cf`std::panic::catch_unwind::h8edd4e8e12c9ad12(f=AssertUnwindSafe<std::thread::lifecycle::spawn_unchecked::{closure#1}::{closure_env#0}<carrick_runtime::vcpu_loop::executor::pool::{impl#15}::start::{closure_env#4}<carrick_runtime::vcpu_loop::executor::backend::HvpatchPersistentExecutorFactory, carrick_runtime::vcpu_loop::executor::binding::HvpatchTaskBindingDirectory>, carrick_runtime::vcpu_loop::executor::pool::WorkerOutcome>> @ 0x00000075f2c82e00) at panic.rs:359:14 [opt] [inlined]
       frame #28: 0x00000001002b0bfc probes_shard_2-19749884b4f574cf`std::thread::lifecycle::spawn_unchecked::_$u7b$$u7b$closure$u7d$$u7d$::ha34d47043a5b9232 at lifecycle.rs:89:26 [opt] [inlined]
       frame #29: 0x00000001002b0bc8 probes_shard_2-19749884b4f574cf`core::ops::function::FnOnce::call_once$u7b$$u7b$vtable.shim$u7d$$u7d$::hdb2a01d778d5ac22((null)=<unavailable>, (null)=<unavailable>) at function.rs:250:5 [opt]
       frame #30: 0x0000000100dcbf5c probes_shard_2-19749884b4f574cf`<alloc::boxed::Box<dyn core::ops::function::FnOnce<(), Output = ()> + core::marker::Send> as core::ops::function::FnOnce<()>>::call_once at boxed.rs:2249:9 [opt] [inlined]
       frame #31: 0x0000000100dcbf50 probes_shard_2-19749884b4f574cf`<std::sys::thread::unix::Thread>::new::thread_start at unix.rs:118:17 [opt]
       frame #32: 0x000000018a8ffd00 libsystem_pthread.dylib`_pthread_start + 136
  thread #21, name = 'carrick-executor-10'
       frame #0: 0x000000018a8be50c libsystem_kernel.dylib`__psynch_cvwait + 8
       frame #1: 0x000000018a9001d0 libsystem_pthread.dylib`_pthread_cond_wait + 980
       frame #2: 0x0000000100b34128 probes_shard_2-19749884b4f574cf`_$LT$parking_lot_core..thread_parker..imp..ThreadParker$u20$as$u20$parking_lot_core..thread_parker..ThreadParkerT$GT$::park::h57b0f9e3b8bc7cbb(self=0x0000000137818f18) at unix.rs:77:21 [opt] [inlined]
       frame #3: 0x0000000100b34118 probes_shard_2-19749884b4f574cf`parking_lot_core::parking_lot::park::_$u7b$$u7b$closure$u7d$$u7d$::h2e420e8db8f72615(thread_data=0x0000000137818f18) at parking_lot.rs:635:36 [opt]
       frame #4: 0x0000000100b34080 probes_shard_2-19749884b4f574cf`parking_lot_core::parking_lot::with_thread_data::h284d9e59aff5050c(f=<unavailable>) at parking_lot.rs:207:5 [opt]
       frame #5: 0x0000000100b33f40 probes_shard_2-19749884b4f574cf`parking_lot_core::parking_lot::park::h115ba7316cfa6034(key=<unavailable>, validate=<unavailable>, before_sleep=<unavailable>, timed_out=<unavailable>, park_token=(__0 = 0), timeout=<unavailable>) at parking_lot.rs:600:5 [opt] [inlined]
       frame #6: 0x0000000100b33f40 probes_shard_2-19749884b4f574cf`parking_lot::condvar::Condvar::wait_until_internal::heb307538a997ec5d(self=0x0000000135e065f8, mutex=0x0000000135e065a0, timeout=Option<std::time::Instant> @ 0x00000075da2efac0) at condvar.rs:334:17 [opt]
       frame #7: 0x0000000100819fe8 probes_shard_2-19749884b4f574cf`parking_lot::condvar::Condvar::wait::h826538e9e90ec9a8(self=<unavailable>, mutex_guard=<unavailable>) at condvar.rs:256:14 [opt] [inlined]
       frame #8: 0x0000000100819fd4 probes_shard_2-19749884b4f574cf`carrick_kernel::kernel::scheduler::RunQueue::park_spare::h1d681ef7b2c3ab3d(self=<unavailable>, executor=0x000000017235a430) at scheduler.rs:2730:36 [opt]
       frame #9: 0x00000001008279b4 probes_shard_2-19749884b4f574cf`carrick_kernel::kernel::scheduler::RunQueue::try_take_row::h237a5c9bf85644e7(self=<unavailable>, executor=<unavailable>, auditors=<unavailable>) at scheduler.rs:2485:22 [opt] [inlined]
       frame #10: 0x0000000100827950 probes_shard_2-19749884b4f574cf`carrick_kernel::kernel::scheduler::RunQueue::try_take::h7505a8f0c1713dc1(self=0x0000000135e06698, executor=0x000000017235a430, recorder=Option<&dyn carrick_kernel::kernel::scheduler::DiscardRecorder> @ 0x00000075ce3fb810, auditors=<unavailable>) at scheduler.rs:2768:34 [opt] [inlined]
       frame #11: 0x0000000100827950 probes_shard_2-19749884b4f574cf`carrick_kernel::kernel::scheduler::Scheduler::try_take::hf4141e4389ae8ae6(self=<unavailable>, executor=0x000000017235a430) at scheduler.rs:4265:14 [opt]
       frame #12: 0x0000000100265ec8 probes_shard_2-19749884b4f574cf`carrick_runtime::vcpu_loop::executor::next_runnable::h33b3687b36dfd804(scheduler=<unavailable>, backend=0x000000017235a460, registration=0x000000017235a430, kick=0x0000000136a11cc0) at executor.rs:1521:38 [opt]
       frame #13: 0x0000000100265ea0 probes_shard_2-19749884b4f574cf`carrick_runtime::vcpu_loop::executor::run_executor_loop::h16559fca504fb64c(scheduler=<unavailable>, resolver=<unavailable>, backend=<unavailable>, runtime=<unavailable>, commands=<unavailable>) at executor.rs:278:27 [opt]
       frame #14: 0x0000000100278c38 probes_shard_2-19749884b4f574cf`carrick_runtime::vcpu_loop::executor::executor_worker::_$u7b$$u7b$closure$u7d$$u7d$::h9caefef6dadcaa07 at executor.rs:155:39 [opt]
       frame #15: 0x0000000100278b20 probes_shard_2-19749884b4f574cf`core::ops::function::FnOnce::call_once::h8a1267a422c367e1((null)={closure_env#1}<carrick_runtime::vcpu_loop::executor::backend::HvpatchPersistentExecutorFactory, carrick_runtime::vcpu_loop::executor::binding::HvpatchTaskBindingDirectory> @ 0x00000075fa783480, (null)=<unavailable>) at function.rs:250:5 [opt] [inlined]
       frame #16: 0x0000000100278b20 probes_shard_2-19749884b4f574cf`_$LT$core..panic..unwind_safe..AssertUnwindSafe$LT$F$GT$$u20$as$u20$core..ops..function..FnOnce$LT$$LP$$RP$$GT$$GT$::call_once::h5f3fe5d9958d86ad(self=AssertUnwindSafe<carrick_runtime::vcpu_loop::executor::executor_worker::{closure_env#1}<carrick_runtime::vcpu_loop::executor::backend::HvpatchPersistentExecutorFactory, carrick_runtime::vcpu_loop::executor::binding::HvpatchTaskBindingDirectory>> @ 0x00000075fa783540, (null)=<unavailable>) at unwind_safe.rs:275:9 [opt] [inlined]
       frame #17: 0x0000000100278b20 probes_shard_2-19749884b4f574cf`std::panicking::catch_unwind::do_call::h29ce9e822a642d98(data=<unavailable>) at panicking.rs:581:40 [opt]
       frame #18: 0x0000000100278b20 probes_shard_2-19749884b4f574cf`std::panicking::catch_unwind::h1a41084116cdd5ec(f=AssertUnwindSafe<carrick_runtime::vcpu_loop::executor::executor_worker::{closure_env#1}<carrick_runtime::vcpu_loop::executor::backend::HvpatchPersistentExecutorFactory, carrick_runtime::vcpu_loop::executor::binding::HvpatchTaskBindingDirectory>> @ 0x00000075fa7834e0) at panicking.rs:544:19 [opt]
       frame #19: 0x0000000100278b20 probes_shard_2-19749884b4f574cf`std::panic::catch_unwind::h9e6697967e43cc34(f=AssertUnwindSafe<carrick_runtime::vcpu_loop::executor::executor_worker::{closure_env#1}<carrick_runtime::vcpu_loop::executor::backend::HvpatchPersistentExecutorFactory, carrick_runtime::vcpu_loop::executor::binding::HvpatchTaskBindingDirectory>> @ 0x00000075fa783480) at panic.rs:359:14 [opt] [inlined]
       frame #20: 0x0000000100278b20 probes_shard_2-19749884b4f574cf`carrick_runtime::vcpu_loop::executor::executor_worker::h6659650ec665c127(slot=<unavailable>, scheduler=Arc<carrick_kernel::kernel::scheduler::Scheduler, alloc::alloc::Global> @ 0x000000017235a3d8, factory=Arc<carrick_runtime::vcpu_loop::executor::backend::HvpatchPersistentExecutorFactory, alloc::alloc::Global> @ 0x000000017235a3e0, resolver=Arc<carrick_runtime::vcpu_loop::executor::binding::HvpatchTaskBindingDirectory, alloc::alloc::Global> @ 0x000000017235a3e8, receipts=Arc<carrick_runtime::vcpu_loop::executor::pool::ReceiptLog, alloc::alloc::Global> @ 0x000000017235a3f0, control=Arc<carrick_runtime::vcpu_loop::executor::pool::PoolControl, alloc::alloc::Global> @ 0x000000017235a3f8, channels=<unavailable>) at executor.rs:125:21 [opt]
       frame #21: 0x0000000100278438 probes_shard_2-19749884b4f574cf`carrick_runtime::vcpu_loop::executor::pool::ExecutorPool$LT$F$C$R$GT$::start::_$u7b$$u7b$closure$u7d$$u7d$::hb743ce58afda6e7c at pool.rs:987:21 [opt] [inlined]
       frame #22: 0x0000000100278438 probes_shard_2-19749884b4f574cf`std::sys::backtrace::__rust_begin_short_backtrace::hf904e9adac42143e(f=<unavailable>) at backtrace.rs:166:18 [opt]
       frame #23: 0x00000001002b0c44 probes_shard_2-19749884b4f574cf`std::thread::lifecycle::spawn_unchecked::_$u7b$$u7b$closure$u7d$$u7d$::_$u7b$$u7b$closure$u7d$$u7d$::h6f97fec13f2b11b2 at lifecycle.rs:91:13 [opt] [inlined]
       frame #24: 0x00000001002b0c08 probes_shard_2-19749884b4f574cf`_$LT$core..panic..unwind_safe..AssertUnwindSafe$LT$F$GT$$u20$as$u20$core..ops..function..FnOnce$LT$$LP$$RP$$GT$$GT$::call_once::h6ca9278a66b3246b(self=AssertUnwindSafe<std::thread::lifecycle::spawn_unchecked::{closure#1}::{closure_env#0}<carrick_runtime::vcpu_loop::executor::pool::{impl#15}::start::{closure_env#4}<carrick_runtime::vcpu_loop::executor::backend::HvpatchPersistentExecutorFactory, carrick_runtime::vcpu_loop::executor::binding::HvpatchTaskBindingDirectory>, carrick_runtime::vcpu_loop::executor::pool::WorkerOutcome>> @ 0x00000075f2c83380, (null)=<unavailable>) at unwind_safe.rs:275:9 [opt] [inlined]
       frame #25: 0x00000001002b0bfc probes_shard_2-19749884b4f574cf`std::panicking::catch_unwind::do_call::h26fe3308ed829988(data=<unavailable>) at panicking.rs:581:40 [opt]
       frame #26: 0x00000001002b0bfc probes_shard_2-19749884b4f574cf`std::panicking::catch_unwind::h685e6787e1d99c3d(f=AssertUnwindSafe<std::thread::lifecycle::spawn_unchecked::{closure#1}::{closure_env#0}<carrick_runtime::vcpu_loop::executor::pool::{impl#15}::start::{closure_env#4}<carrick_runtime::vcpu_loop::executor::backend::HvpatchPersistentExecutorFactory, carrick_runtime::vcpu_loop::executor::binding::HvpatchTaskBindingDirectory>, carrick_runtime::vcpu_loop::executor::pool::WorkerOutcome>> @ 0x00000075f2c83300) at panicking.rs:544:19 [opt]
       frame #27: 0x00000001002b0bfc probes_shard_2-19749884b4f574cf`std::panic::catch_unwind::h8edd4e8e12c9ad12(f=AssertUnwindSafe<std::thread::lifecycle::spawn_unchecked::{closure#1}::{closure_env#0}<carrick_runtime::vcpu_loop::executor::pool::{impl#15}::start::{closure_env#4}<carrick_runtime::vcpu_loop::executor::backend::HvpatchPersistentExecutorFactory, carrick_runtime::vcpu_loop::executor::binding::HvpatchTaskBindingDirectory>, carrick_runtime::vcpu_loop::executor::pool::WorkerOutcome>> @ 0x00000075f2c82e00) at panic.rs:359:14 [opt] [inlined]
       frame #28: 0x00000001002b0bfc probes_shard_2-19749884b4f574cf`std::thread::lifecycle::spawn_unchecked::_$u7b$$u7b$closure$u7d$$u7d$::ha34d47043a5b9232 at lifecycle.rs:89:26 [opt] [inlined]
       frame #29: 0x00000001002b0bc8 probes_shard_2-19749884b4f574cf`core::ops::function::FnOnce::call_once$u7b$$u7b$vtable.shim$u7d$$u7d$::hdb2a01d778d5ac22((null)=<unavailable>, (null)=<unavailable>) at function.rs:250:5 [opt]
       frame #30: 0x0000000100dcbf5c probes_shard_2-19749884b4f574cf`<alloc::boxed::Box<dyn core::ops::function::FnOnce<(), Output = ()> + core::marker::Send> as core::ops::function::FnOnce<()>>::call_once at boxed.rs:2249:9 [opt] [inlined]
       frame #31: 0x0000000100dcbf50 probes_shard_2-19749884b4f574cf`<std::sys::thread::unix::Thread>::new::thread_start at unix.rs:118:17 [opt]
       frame #32: 0x000000018a8ffd00 libsystem_pthread.dylib`_pthread_start + 136
  thread #22, name = 'carrick-executor-11'
       frame #0: 0x000000018a8be50c libsystem_kernel.dylib`__psynch_cvwait + 8
       frame #1: 0x000000018a9001d0 libsystem_pthread.dylib`_pthread_cond_wait + 980
       frame #2: 0x0000000100b34128 probes_shard_2-19749884b4f574cf`_$LT$parking_lot_core..thread_parker..imp..ThreadParker$u20$as$u20$parking_lot_core..thread_parker..ThreadParkerT$GT$::park::h57b0f9e3b8bc7cbb(self=0x000000013703a518) at unix.rs:77:21 [opt] [inlined]
       frame #3: 0x0000000100b34118 probes_shard_2-19749884b4f574cf`parking_lot_core::parking_lot::park::_$u7b$$u7b$closure$u7d$$u7d$::h2e420e8db8f72615(thread_data=0x000000013703a518) at parking_lot.rs:635:36 [opt]
       frame #4: 0x0000000100b34080 probes_shard_2-19749884b4f574cf`parking_lot_core::parking_lot::with_thread_data::h284d9e59aff5050c(f=<unavailable>) at parking_lot.rs:207:5 [opt]
       frame #5: 0x0000000100b33f40 probes_shard_2-19749884b4f574cf`parking_lot_core::parking_lot::park::h115ba7316cfa6034(key=<unavailable>, validate=<unavailable>, before_sleep=<unavailable>, timed_out=<unavailable>, park_token=(__0 = 0), timeout=<unavailable>) at parking_lot.rs:600:5 [opt] [inlined]
       frame #6: 0x0000000100b33f40 probes_shard_2-19749884b4f574cf`parking_lot::condvar::Condvar::wait_until_internal::heb307538a997ec5d(self=0x0000000135e065f8, mutex=0x0000000135e065a0, timeout=Option<std::time::Instant> @ 0x00000075da2efbe0) at condvar.rs:334:17 [opt]
       frame #7: 0x0000000100819fe8 probes_shard_2-19749884b4f574cf`parking_lot::condvar::Condvar::wait::h826538e9e90ec9a8(self=<unavailable>, mutex_guard=<unavailable>) at condvar.rs:256:14 [opt] [inlined]
       frame #8: 0x0000000100819fd4 probes_shard_2-19749884b4f574cf`carrick_kernel::kernel::scheduler::RunQueue::park_spare::h1d681ef7b2c3ab3d(self=<unavailable>, executor=0x0000000172566430) at scheduler.rs:2730:36 [opt]
       frame #9: 0x00000001008279b4 probes_shard_2-19749884b4f574cf`carrick_kernel::kernel::scheduler::RunQueue::try_take_row::h237a5c9bf85644e7(self=<unavailable>, executor=<unavailable>, auditors=<unavailable>) at scheduler.rs:2485:22 [opt] [inlined]
       frame #10: 0x0000000100827950 probes_shard_2-19749884b4f574cf`carrick_kernel::kernel::scheduler::RunQueue::try_take::h7505a8f0c1713dc1(self=0x0000000135e06698, executor=0x0000000172566430, recorder=Option<&dyn carrick_kernel::kernel::scheduler::DiscardRecorder> @ 0x00000075ce3f8ef0, auditors=<unavailable>) at scheduler.rs:2768:34 [opt] [inlined]
       frame #11: 0x0000000100827950 probes_shard_2-19749884b4f574cf`carrick_kernel::kernel::scheduler::Scheduler::try_take::hf4141e4389ae8ae6(self=<unavailable>, executor=0x0000000172566430) at scheduler.rs:4265:14 [opt]
       frame #12: 0x0000000100265ec8 probes_shard_2-19749884b4f574cf`carrick_runtime::vcpu_loop::executor::next_runnable::h33b3687b36dfd804(scheduler=<unavailable>, backend=0x0000000172566460, registration=0x0000000172566430, kick=0x000000013681e9d0) at executor.rs:1521:38 [opt]
       frame #13: 0x0000000100265ea0 probes_shard_2-19749884b4f574cf`carrick_runtime::vcpu_loop::executor::run_executor_loop::h16559fca504fb64c(scheduler=<unavailable>, resolver=<unavailable>, backend=<unavailable>, runtime=<unavailable>, commands=<unavailable>) at executor.rs:278:27 [opt]
       frame #14: 0x0000000100278c38 probes_shard_2-19749884b4f574cf`carrick_runtime::vcpu_loop::executor::executor_worker::_$u7b$$u7b$closure$u7d$$u7d$::h9caefef6dadcaa07 at executor.rs:155:39 [opt]
       frame #15: 0x0000000100278b20 probes_shard_2-19749884b4f574cf`core::ops::function::FnOnce::call_once::h8a1267a422c367e1((null)={closure_env#1}<carrick_runtime::vcpu_loop::executor::backend::HvpatchPersistentExecutorFactory, carrick_runtime::vcpu_loop::executor::binding::HvpatchTaskBindingDirectory> @ 0x00000075fa7834e0, (null)=<unavailable>) at function.rs:250:5 [opt] [inlined]
       frame #16: 0x0000000100278b20 probes_shard_2-19749884b4f574cf`_$LT$core..panic..unwind_safe..AssertUnwindSafe$LT$F$GT$$u20$as$u20$core..ops..function..FnOnce$LT$$LP$$RP$$GT$$GT$::call_once::h5f3fe5d9958d86ad(self=AssertUnwindSafe<carrick_runtime::vcpu_loop::executor::executor_worker::{closure_env#1}<carrick_runtime::vcpu_loop::executor::backend::HvpatchPersistentExecutorFactory, carrick_runtime::vcpu_loop::executor::binding::HvpatchTaskBindingDirectory>> @ 0x00000075fa7835a0, (null)=<unavailable>) at unwind_safe.rs:275:9 [opt] [inlined]
       frame #17: 0x0000000100278b20 probes_shard_2-19749884b4f574cf`std::panicking::catch_unwind::do_call::h29ce9e822a642d98(data=<unavailable>) at panicking.rs:581:40 [opt]
       frame #18: 0x0000000100278b20 probes_shard_2-19749884b4f574cf`std::panicking::catch_unwind::h1a41084116cdd5ec(f=AssertUnwindSafe<carrick_runtime::vcpu_loop::executor::executor_worker::{closure_env#1}<carrick_runtime::vcpu_loop::executor::backend::HvpatchPersistentExecutorFactory, carrick_runtime::vcpu_loop::executor::binding::HvpatchTaskBindingDirectory>> @ 0x00000075fa783540) at panicking.rs:544:19 [opt]
       frame #19: 0x0000000100278b20 probes_shard_2-19749884b4f574cf`std::panic::catch_unwind::h9e6697967e43cc34(f=AssertUnwindSafe<carrick_runtime::vcpu_loop::executor::executor_worker::{closure_env#1}<carrick_runtime::vcpu_loop::executor::backend::HvpatchPersistentExecutorFactory, carrick_runtime::vcpu_loop::executor::binding::HvpatchTaskBindingDirectory>> @ 0x00000075fa7834e0) at panic.rs:359:14 [opt] [inlined]
       frame #20: 0x0000000100278b20 probes_shard_2-19749884b4f574cf`carrick_runtime::vcpu_loop::executor::executor_worker::h6659650ec665c127(slot=<unavailable>, scheduler=Arc<carrick_kernel::kernel::scheduler::Scheduler, alloc::alloc::Global> @ 0x00000001725663d8, factory=Arc<carrick_runtime::vcpu_loop::executor::backend::HvpatchPersistentExecutorFactory, alloc::alloc::Global> @ 0x00000001725663e0, resolver=Arc<carrick_runtime::vcpu_loop::executor::binding::HvpatchTaskBindingDirectory, alloc::alloc::Global> @ 0x00000001725663e8, receipts=Arc<carrick_runtime::vcpu_loop::executor::pool::ReceiptLog, alloc::alloc::Global> @ 0x00000001725663f0, control=Arc<carrick_runtime::vcpu_loop::executor::pool::PoolControl, alloc::alloc::Global> @ 0x00000001725663f8, channels=<unavailable>) at executor.rs:125:21 [opt]
       frame #21: 0x0000000100278438 probes_shard_2-19749884b4f574cf`carrick_runtime::vcpu_loop::executor::pool::ExecutorPool$LT$F$C$R$GT$::start::_$u7b$$u7b$closure$u7d$$u7d$::hb743ce58afda6e7c at pool.rs:987:21 [opt] [inlined]
       frame #22: 0x0000000100278438 probes_shard_2-19749884b4f574cf`std::sys::backtrace::__rust_begin_short_backtrace::hf904e9adac42143e(f=<unavailable>) at backtrace.rs:166:18 [opt]
       frame #23: 0x00000001002b0c44 probes_shard_2-19749884b4f574cf`std::thread::lifecycle::spawn_unchecked::_$u7b$$u7b$closure$u7d$$u7d$::_$u7b$$u7b$closure$u7d$$u7d$::h6f97fec13f2b11b2 at lifecycle.rs:91:13 [opt] [inlined]
       frame #24: 0x00000001002b0c08 probes_shard_2-19749884b4f574cf`_$LT$core..panic..unwind_safe..AssertUnwindSafe$LT$F$GT$$u20$as$u20$core..ops..function..FnOnce$LT$$LP$$RP$$GT$$GT$::call_once::h6ca9278a66b3246b(self=AssertUnwindSafe<std::thread::lifecycle::spawn_unchecked::{closure#1}::{closure_env#0}<carrick_runtime::vcpu_loop::executor::pool::{impl#15}::start::{closure_env#4}<carrick_runtime::vcpu_loop::executor::backend::HvpatchPersistentExecutorFactory, carrick_runtime::vcpu_loop::executor::binding::HvpatchTaskBindingDirectory>, carrick_runtime::vcpu_loop::executor::pool::WorkerOutcome>> @ 0x00000075f2c83380, (null)=<unavailable>) at unwind_safe.rs:275:9 [opt] [inlined]
       frame #25: 0x00000001002b0bfc probes_shard_2-19749884b4f574cf`std::panicking::catch_unwind::do_call::h26fe3308ed829988(data=<unavailable>) at panicking.rs:581:40 [opt]
       frame #26: 0x00000001002b0bfc probes_shard_2-19749884b4f574cf`std::panicking::catch_unwind::h685e6787e1d99c3d(f=AssertUnwindSafe<std::thread::lifecycle::spawn_unchecked::{closure#1}::{closure_env#0}<carrick_runtime::vcpu_loop::executor::pool::{impl#15}::start::{closure_env#4}<carrick_runtime::vcpu_loop::executor::backend::HvpatchPersistentExecutorFactory, carrick_runtime::vcpu_loop::executor::binding::HvpatchTaskBindingDirectory>, carrick_runtime::vcpu_loop::executor::pool::WorkerOutcome>> @ 0x00000075f2c83300) at panicking.rs:544:19 [opt]
       frame #27: 0x00000001002b0bfc probes_shard_2-19749884b4f574cf`std::panic::catch_unwind::h8edd4e8e12c9ad12(f=AssertUnwindSafe<std::thread::lifecycle::spawn_unchecked::{closure#1}::{closure_env#0}<carrick_runtime::vcpu_loop::executor::pool::{impl#15}::start::{closure_env#4}<carrick_runtime::vcpu_loop::executor::backend::HvpatchPersistentExecutorFactory, carrick_runtime::vcpu_loop::executor::binding::HvpatchTaskBindingDirectory>, carrick_runtime::vcpu_loop::executor::pool::WorkerOutcome>> @ 0x00000075f2c82e00) at panic.rs:359:14 [opt] [inlined]
       frame #28: 0x00000001002b0bfc probes_shard_2-19749884b4f574cf`std::thread::lifecycle::spawn_unchecked::_$u7b$$u7b$closure$u7d$$u7d$::ha34d47043a5b9232 at lifecycle.rs:89:26 [opt] [inlined]
       frame #29: 0x00000001002b0bc8 probes_shard_2-19749884b4f574cf`core::ops::function::FnOnce::call_once$u7b$$u7b$vtable.shim$u7d$$u7d$::hdb2a01d778d5ac22((null)=<unavailable>, (null)=<unavailable>) at function.rs:250:5 [opt]
       frame #30: 0x0000000100dcbf5c probes_shard_2-19749884b4f574cf`<alloc::boxed::Box<dyn core::ops::function::FnOnce<(), Output = ()> + core::marker::Send> as core::ops::function::FnOnce<()>>::call_once at boxed.rs:2249:9 [opt] [inlined]
       frame #31: 0x0000000100dcbf50 probes_shard_2-19749884b4f574cf`<std::sys::thread::unix::Thread>::new::thread_start at unix.rs:118:17 [opt]
       frame #32: 0x000000018a8ffd00 libsystem_pthread.dylib`_pthread_start + 136
  thread #23, name = 'carrick-preemption-driver'
       frame #0: 0x000000018a8be50c libsystem_kernel.dylib`__psynch_cvwait + 8
       frame #1: 0x000000018a9001d0 libsystem_pthread.dylib`_pthread_cond_wait + 980
       frame #2: 0x0000000100b34128 probes_shard_2-19749884b4f574cf`_$LT$parking_lot_core..thread_parker..imp..ThreadParker$u20$as$u20$parking_lot_core..thread_parker..ThreadParkerT$GT$::park::h57b0f9e3b8bc7cbb(self=0x0000000137095718) at unix.rs:77:21 [opt] [inlined]
       frame #3: 0x0000000100b34118 probes_shard_2-19749884b4f574cf`parking_lot_core::parking_lot::park::_$u7b$$u7b$closure$u7d$$u7d$::h2e420e8db8f72615(thread_data=0x0000000137095718) at parking_lot.rs:635:36 [opt]
       frame #4: 0x0000000100b34080 probes_shard_2-19749884b4f574cf`parking_lot_core::parking_lot::with_thread_data::h284d9e59aff5050c(f=<unavailable>) at parking_lot.rs:207:5 [opt]
       frame #5: 0x0000000100b33f40 probes_shard_2-19749884b4f574cf`parking_lot_core::parking_lot::park::h115ba7316cfa6034(key=<unavailable>, validate=<unavailable>, before_sleep=<unavailable>, timed_out=<unavailable>, park_token=(__0 = 0), timeout=<unavailable>) at parking_lot.rs:600:5 [opt] [inlined]
       frame #6: 0x0000000100b33f40 probes_shard_2-19749884b4f574cf`parking_lot::condvar::Condvar::wait_until_internal::heb307538a997ec5d(self=0x0000000135e06250, mutex=0x0000000135e06270, timeout=Option<std::time::Instant> @ 0x00000075da2e80a0) at condvar.rs:334:17 [opt]
       frame #7: 0x0000000100822ca8 probes_shard_2-19749884b4f574cf`parking_lot::condvar::Condvar::wait::h271e2544e260f6ff(self=<unavailable>, mutex_guard=<unavailable>) at condvar.rs:256:14 [opt] [inlined]
       frame #8: 0x0000000100822c98 probes_shard_2-19749884b4f574cf`carrick_kernel::kernel::scheduler::Scheduler::wait_preemption_work::h44e4b677dccc56a0(self=0x0000000135e06690) at scheduler.rs:5268:41 [opt]
       frame #9: 0x0000000100277c50 probes_shard_2-19749884b4f574cf`carrick_runtime::vcpu_loop::executor::preemption::PreemptionDriver::start::_$u7b$$u7b$closure$u7d$$u7d$::hf3d9b771899c8724 at preemption.rs:48:72 [opt]
       frame #10: 0x0000000100277c40 probes_shard_2-19749884b4f574cf`std::sys::backtrace::__rust_begin_short_backtrace::hc64de8e04ff68016(f=<unavailable>) at backtrace.rs:166:18 [opt]
       frame #11: 0x00000001002b0a6c probes_shard_2-19749884b4f574cf`std::thread::lifecycle::spawn_unchecked::_$u7b$$u7b$closure$u7d$$u7d$::_$u7b$$u7b$closure$u7d$$u7d$::h41987d169f286c8b at lifecycle.rs:91:13 [opt] [inlined]
       frame #12: 0x00000001002b0a58 probes_shard_2-19749884b4f574cf`_$LT$core..panic..unwind_safe..AssertUnwindSafe$LT$F$GT$$u20$as$u20$core..ops..function..FnOnce$LT$$LP$$RP$$GT$$GT$::call_once::h9c7665db6c7c44c3(self=<unavailable>, (null)=<unavailable>) at unwind_safe.rs:275:9 [opt] [inlined]
       frame #13: 0x00000001002b0a44 probes_shard_2-19749884b4f574cf`std::panicking::catch_unwind::do_call::h1c9e6893c02f7333(data=<unavailable>) at panicking.rs:581:40 [opt] [inlined]
       frame #14: 0x00000001002b0a44 probes_shard_2-19749884b4f574cf`std::panicking::catch_unwind::h673daa6f7b979c8c(f=AssertUnwindSafe<std::thread::lifecycle::spawn_unchecked::{closure#1}::{closure_env#0}<carrick_runtime::vcpu_loop::executor::preemption::{impl#0}::start::{closure_env#0}, ()>> @ 0x00000075f126f1e0) at panicking.rs:544:19 [opt]
       frame #15: 0x00000001002b0a44 probes_shard_2-19749884b4f574cf`std::panic::catch_unwind::h02dc0e49a54bf286(f=AssertUnwindSafe<std::thread::lifecycle::spawn_unchecked::{closure#1}::{closure_env#0}<carrick_runtime::vcpu_loop::executor::preemption::{impl#0}::start::{closure_env#0}, ()>> @ 0x00000075f126f1b0) at panic.rs:359:14 [opt] [inlined]
       frame #16: 0x00000001002b0a44 probes_shard_2-19749884b4f574cf`std::thread::lifecycle::spawn_unchecked::_$u7b$$u7b$closure$u7d$$u7d$::hf16f7208c16fc8bd at lifecycle.rs:89:26 [opt]
       frame #17: 0x00000001002b0a34 probes_shard_2-19749884b4f574cf`core::ops::function::FnOnce::call_once$u7b$$u7b$vtable.shim$u7d$$u7d$::h91498913e24f49de((null)=0x0000000135e1a9f0, (null)=<unavailable>) at function.rs:250:5 [opt]
       frame #18: 0x0000000100dcbf5c probes_shard_2-19749884b4f574cf`<alloc::boxed::Box<dyn core::ops::function::FnOnce<(), Output = ()> + core::marker::Send> as core::ops::function::FnOnce<()>>::call_once at boxed.rs:2249:9 [opt] [inlined]
       frame #19: 0x0000000100dcbf50 probes_shard_2-19749884b4f574cf`<std::sys::thread::unix::Thread>::new::thread_start at unix.rs:118:17 [opt]
       frame #20: 0x000000018a8ffd00 libsystem_pthread.dylib`_pthread_start + 136
(lldb) process save-core --style modified-memory target/el1-completion/live-integrated/forkexecstorm.core
Saving 704512 bytes of data for memory region at 0x1012f0000
Saving 294912 bytes of data for memory region at 0x10139c000
Saving 16384 bytes of data for memory region at 0x101c18000
Saving 16384 bytes of data for memory region at 0x101c1c000
Saving 49152 bytes of data for memory region at 0x101c24000
Saving 16384 bytes of data for memory region at 0x101c30000
Saving 32768 bytes of data for memory region at 0x101c38000
Saving 32768 bytes of data for memory region at 0x101c48000
Saving 32768 bytes of data for memory region at 0x101c58000
Saving 32768 bytes of data for memory region at 0x101c64000
Saving 16384 bytes of data for memory region at 0x101c6c000
Saving 32768 bytes of data for memory region at 0x101c74000
Saving 32768 bytes of data for memory region at 0x101c84000
Saving 32768 bytes of data for memory region at 0x101c94000
Saving 16384 bytes of data for memory region at 0x101d0c000
Saving 32768 bytes of data for memory region at 0x101d84000
Saving 32768 bytes of data for memory region at 0x101db0000
Saving 16384 bytes of data for memory region at 0x101e14000
Saving 16384 bytes of data for memory region at 0x101e3c000
Saving 16384 bytes of data for memory region at 0x101ed0000
Saving 16384 bytes of data for memory region at 0x101f10000
Saving 884736 bytes of data for memory region at 0x101f14000
Saving 16384 bytes of data for memory region at 0x101ff0000
Saving 32768 bytes of data for memory region at 0x101ff8000
Saving 32768 bytes of data for memory region at 0x106000000
Saving 622592 bytes of data for memory region at 0x107000000
Saving 2768896 bytes of data for memory region at 0x107800000
Saving 16384 bytes of data for memory region at 0x107be8000
Saving 16384 bytes of data for memory region at 0x107bf8000
Saving 32768 bytes of data for memory region at 0x107c00000
Saving 32768 bytes of data for memory region at 0x107d00000
Saving 49152 bytes of data for memory region at 0x107e00000
Saving 32768 bytes of data for memory region at 0x107f00000
Saving 409600 bytes of data for memory region at 0x108000000
Saving 1835008 bytes of data for memory region at 0x1083c0000
Saving 49152 bytes of data for memory region at 0x110000000
Saving 16384 bytes of data for memory region at 0x110100000
Saving 65536 bytes of data for memory region at 0x110200000
Saving 16384 bytes of data for memory region at 0x110230000
Saving 16384 bytes of data for memory region at 0x110600000
Saving 16384 bytes of data for memory region at 0x111000000
Saving 16384 bytes of data for memory region at 0x111010000
Saving 16384 bytes of data for memory region at 0x111020000
Saving 16384 bytes of data for memory region at 0x111100000
Saving 16384 bytes of data for memory region at 0x113400000
Saving 65536 bytes of data for memory region at 0x113500000
Saving 16384 bytes of data for memory region at 0x11358c000
Saving 32768 bytes of data for memory region at 0x11394c000
Saving 32768 bytes of data for memory region at 0x1147fc000
Saving 81920 bytes of data for memory region at 0x114808000
Saving 16384 bytes of data for memory region at 0x115000000
Saving 16384 bytes of data for memory region at 0x115008000
Saving 49152 bytes of data for memory region at 0x1158fc000
Saving 32768 bytes of data for memory region at 0x115a48000
Saving 16384 bytes of data for memory region at 0x115a70000
Saving 32768 bytes of data for memory region at 0x115a78000
Saving 16384 bytes of data for memory region at 0x115aa0000
Saving 32768 bytes of data for memory region at 0x115aa8000
Saving 32768 bytes of data for memory region at 0x115c60000
Saving 65536 bytes of data for memory region at 0x115c74000
Saving 917504 bytes of data for memory region at 0x115c88000
Saving 16384 bytes of data for memory region at 0x115d98000
Saving 32768 bytes of data for memory region at 0x115da0000
Saving 16384 bytes of data for memory region at 0x115dc8000
Saving 32768 bytes of data for memory region at 0x115dd0000
Saving 16384 bytes of data for memory region at 0x115df8000
Saving 671744 bytes of data for memory region at 0x115e00000
Saving 65536 bytes of data for memory region at 0x115efc000
Saving 16384 bytes of data for memory region at 0x116000000
Saving 16384 bytes of data for memory region at 0x116008000
Saving 425984 bytes of data for memory region at 0x116800000
Saving 49152 bytes of data for memory region at 0x1170fc000
Saving 32768 bytes of data for memory region at 0x1172b8000
Saving 65536 bytes of data for memory region at 0x1172cc000
Saving 32768 bytes of data for memory region at 0x1172e0000
Saving 16384 bytes of data for memory region at 0x117564000
Saving 163840 bytes of data for memory region at 0x1177f4000
Saving 1179648 bytes of data for memory region at 0x118000000
Saving 262144 bytes of data for memory region at 0x1181b0000
Saving 4423680 bytes of data for memory region at 0x118ab8000
Saving 1064960 bytes of data for memory region at 0x1190b8000
Saving 2195456 bytes of data for memory region at 0x1191c0000
Saving 344064 bytes of data for memory region at 0x119758000
Saving 32768 bytes of data for memory region at 0x1207fc000
Saving 32768 bytes of data for memory region at 0x120ac0000
Saving 32768 bytes of data for memory region at 0x120d94000
Saving 16384 bytes of data for memory region at 0x120dbc000
Saving 1097728 bytes of data for memory region at 0x120de0000
Saving 16384 bytes of data for memory region at 0x121000000
Saving 32768 bytes of data for memory region at 0x121008000
Saving 32768 bytes of data for memory region at 0x121ffc000
Saving 16384 bytes of data for memory region at 0x122008000
Saving 16384 bytes of data for memory region at 0x1239a4000
Saving 1048576 bytes of data for memory region at 0x125f00000
Saving 606208 bytes of data for memory region at 0x128000000
Saving 409600 bytes of data for memory region at 0x128098000
Saving 704512 bytes of data for memory region at 0x128100000
Saving 294912 bytes of data for memory region at 0x1281b0000
Saving 2277376 bytes of data for memory region at 0x1283d8000
Saving 2555904 bytes of data for memory region at 0x128608000
Saving 49152 bytes of data for memory region at 0x130000000
Saving 16384 bytes of data for memory region at 0x130100000
Saving 65536 bytes of data for memory region at 0x130200000
Saving 16384 bytes of data for memory region at 0x130230000
Saving 16384 bytes of data for memory region at 0x130600000
Saving 16384 bytes of data for memory region at 0x131000000
Saving 16384 bytes of data for memory region at 0x131010000
Saving 16384 bytes of data for memory region at 0x131020000
Saving 147456 bytes of data for memory region at 0x131100000
Saving 16384 bytes of data for memory region at 0x133100000
Saving 16384 bytes of data for memory region at 0x133140000
Saving 16384 bytes of data for memory region at 0x133180000
Saving 16384 bytes of data for memory region at 0x1331c0000
Saving 16384 bytes of data for memory region at 0x133200000
Saving 16384 bytes of data for memory region at 0x133240000
Saving 16384 bytes of data for memory region at 0x133280000
Saving 16384 bytes of data for memory region at 0x1332c0000
Saving 16384 bytes of data for memory region at 0x133400000
Saving 65536 bytes of data for memory region at 0x133500000
Saving 16384 bytes of data for memory region at 0x13358c000
Saving 32768 bytes of data for memory region at 0x13394c000
Saving 475136 bytes of data for memory region at 0x135e00000
Saving 32768 bytes of data for memory region at 0x135f00000
Saving 835584 bytes of data for memory region at 0x136000000
Saving 1081344 bytes of data for memory region at 0x136800000
Saving 1048576 bytes of data for memory region at 0x136a00000
Saving 1327104 bytes of data for memory region at 0x137000000
Saving 802816 bytes of data for memory region at 0x137800000
Saving 442368 bytes of data for memory region at 0x138000000
Saving 344064 bytes of data for memory region at 0x138070000
Saving 2916352 bytes of data for memory region at 0x1380c8000
Saving 2097152 bytes of data for memory region at 0x138398000
Saving 344064 bytes of data for memory region at 0x138918000
Saving 180224 bytes of data for memory region at 0x140000000
Saving 1835008 bytes of data for memory region at 0x140200000
Saving 1835008 bytes of data for memory region at 0x140400000
Saving 1835008 bytes of data for memory region at 0x140600000
Saving 1835008 bytes of data for memory region at 0x140800000
Saving 1835008 bytes of data for memory region at 0x140a00000
Saving 16384 bytes of data for memory region at 0x150000000
Saving 81920 bytes of data for memory region at 0x158000000
Saving 16384 bytes of data for memory region at 0x160000000
Saving 65536 bytes of data for memory region at 0x16fdf0000
Saving 32768 bytes of data for memory region at 0x170000000
Saving 16384 bytes of data for memory region at 0x170210000
Saving 81920 bytes of data for memory region at 0x17040c000
Saving 32768 bytes of data for memory region at 0x170624000
Saving 16384 bytes of data for memory region at 0x1706b4000
Saving 16384 bytes of data for memory region at 0x1708c0000
Saving 16384 bytes of data for memory region at 0x170acc000
Saving 16384 bytes of data for memory region at 0x170cd8000
Saving 81920 bytes of data for memory region at 0x170ed4000
Saving 81920 bytes of data for memory region at 0x1710e0000
Saving 81920 bytes of data for memory region at 0x1712ec000
Saving 81920 bytes of data for memory region at 0x1714f8000
Saving 49152 bytes of data for memory region at 0x17170c000
Saving 49152 bytes of data for memory region at 0x171918000
Saving 49152 bytes of data for memory region at 0x171b24000
Saving 49152 bytes of data for memory region at 0x171d30000
Saving 49152 bytes of data for memory region at 0x171f3c000
Saving 49152 bytes of data for memory region at 0x172148000
Saving 49152 bytes of data for memory region at 0x172354000
Saving 49152 bytes of data for memory region at 0x172560000
Saving 16384 bytes of data for memory region at 0x172774000
Saving 16384 bytes of data for memory region at 0x172980000
Saving 16384 bytes of data for memory region at 0x18a844000
Saving 32768 bytes of data for memory region at 0x18a8f8000
Saving 16384 bytes of data for memory region at 0x18a9b8000
Saving 32768 bytes of data for memory region at 0x1f52f4000
Saving 32768 bytes of data for memory region at 0x1f5300000
Saving 16384 bytes of data for memory region at 0x1f53a4000
Saving 16384 bytes of data for memory region at 0x1f53b4000
Saving 16384 bytes of data for memory region at 0x1f53c0000
Saving 16384 bytes of data for memory region at 0x1f53c8000
Saving 16384 bytes of data for memory region at 0x1f53e0000
Saving 16384 bytes of data for memory region at 0x1f5414000
Saving 49152 bytes of data for memory region at 0x1f78b8000
Saving 32768 bytes of data for memory region at 0x1f78dc000
Saving 147456 bytes of data for memory region at 0x1f7b84000
Saving 16384 bytes of data for memory region at 0x1f7bac000
Saving 16384 bytes of data for memory region at 0x1f7bbc000
Saving 32768 bytes of data for memory region at 0x1f7bc4000
Saving 147456 bytes of data for memory region at 0x1f7bd0000
Saving 16384 bytes of data for memory region at 0x27d33c000
Saving 16384 bytes of data for memory region at 0x280548000
Saving 32768 bytes of data for memory region at 0x2d7328000
Saving 16384 bytes of data for memory region at 0x2edfa0000
Saving 16384 bytes of data for memory region at 0x2ee4f4000
Saving 16384 bytes of data for memory region at 0x355468000
Saving 294912 bytes of data for memory region at 0x7200000000
Saving 16384 bytes of data for memory region at 0x7240000000
Saving 32768 bytes of data for memory region at 0x7440000000
Saving 32768 bytes of data for memory region at 0x7448000000
Saving 16384 bytes of data for memory region at 0xa2b74f5c000
Saving 16384 bytes of data for memory region at 0xa2b74f60000
Saving 16384 bytes of data for memory region at 0xc9f863cc000
Saving 16384 bytes of data for memory region at 0xc9f863d0000
Saving 16384 bytes of data for memory region at 0x16c598ac8000
Saving 16384 bytes of data for memory region at 0x16c598acc000
Saving 16384 bytes of data for memory region at 0x2d4d33b98000
Saving 16384 bytes of data for memory region at 0x2d4d33b9c000
Saving 16384 bytes of data for memory region at 0x343a1de2c000
Saving 16384 bytes of data for memory region at 0x343a1de30000
Saving 16384 bytes of data for memory region at 0x407b5d170000
Saving 16384 bytes of data for memory region at 0x407b5d174000
Saving 16384 bytes of data for memory region at 0x40d85e05c000
Saving 16384 bytes of data for memory region at 0x40d85e060000
Saving 16384 bytes of data for memory region at 0x4371a02e4000
Saving 16384 bytes of data for memory region at 0x4371a02e8000
Saving 16384 bytes of data for memory region at 0x4b9a9aa08000
Saving 16384 bytes of data for memory region at 0x4b9a9aa0c000
Saving 16384 bytes of data for memory region at 0x6701e56c4000
Saving 16384 bytes of data for memory region at 0x6701e56c8000
Saving 16384 bytes of data for memory region at 0x77a049290000
Saving 16384 bytes of data for memory region at 0x77a049294000
Saving 16384 bytes of data for memory region at 0x7d12875c0000
Saving 16384 bytes of data for memory region at 0x7d12875c4000

Modified-memory or stack-memory only corefile created.  This corefile may 
not show library/framework/app binaries on a different system, or when 
those binaries have been updated/modified. Copies are not included
in this corefile.  Use --style full to include all process memory.
(lldb) process kill
Process 27301 exited with status = 9 (0x00000009) killed
