(lldb) target create "target/el1-completion/allocator-director-red/test-frozen/el1_sched-ba795739d7a1a0f3"
Current executable set to '/Users/tjfontaine/.codex/worktrees/el1-memory-corrections/carrick/target/el1-completion/allocator-director-red/test-frozen/el1_sched-ba795739d7a1a0f3' (arm64).
(lldb) settings set -- target.run-args  "el1_metadata_allocator_grows_and_returns_extents" "--nocapture"
(lldb) breakpoint set --file wait_wake.rs --line 558
Breakpoint 1: 2 locations.
(lldb) run

running 1 test
test el1_metadata_allocator_grows_and_returns_extents ... warning: el1_sched-ba795739d7a1a0f3 was compiled with optimization - stepping may behave oddly; variables may not be available.
Process 27350 launched: '/Users/tjfontaine/.codex/worktrees/el1-memory-corrections/carrick/target/el1-completion/allocator-director-red/test-frozen/el1_sched-ba795739d7a1a0f3' (arm64)
Process 27350 stopped
* thread #2, name = 'carrick: /opt/carrick/el1-sched metadata-allocator basic', stop reason = breakpoint 1.2
       frame #0: 0x00000001002a9974 el1_sched-ba795739d7a1a0f3`carrick_runtime::vcpu_loop::wait_wake::wait_for_physical_job_retirement::h809dd83bec16c74f(completion=0x000000016fff8798) at wait_wake.rs:558:10 [opt] [inlined]
   555 	    completion
   556 	        .wait_for_physical_retirement(PHYSICAL_JOB_RETIREMENT_TIMEOUT)
   557 	        .then_some(())
-> 558 	        .ok_or_else(|| {
    	         ^
   559 	            RuntimeError::CarrierFailed(format!(
   560 	                "logical HVPatch job {} published before its executor binding retired",
   561 	                completion.id().raw()
Target 0: (el1_sched-ba795739d7a1a0f3) stopped.
(lldb) thread backtrace all
  thread #1, name = 'main', queue = 'com.apple.main-thread'
       frame #0: 0x000000018a8bab9c libsystem_kernel.dylib`semaphore_wait_trap + 8
       frame #1: 0x000000018f85549c libdispatch.dylib`_dispatch_sema4_wait + 28
       frame #2: 0x000000018f855b28 libdispatch.dylib`_dispatch_semaphore_wait_slow + 132
       frame #3: 0x0000000100da2228 el1_sched-ba795739d7a1a0f3`<std::sys::sync::thread_parking::darwin::Parker>::park at darwin.rs:74:15 [opt] [inlined]
       frame #4: 0x0000000100da2208 el1_sched-ba795739d7a1a0f3`<std::thread::thread::Thread>::park at thread.rs:121:47 [opt]
       frame #5: 0x000000010001f80c el1_sched-ba795739d7a1a0f3`<std::sync::mpmc::context::Context>::wait_until at context.rs:143:44 [opt] [inlined]
       frame #6: 0x000000010001f7a8 el1_sched-ba795739d7a1a0f3`<std::sync::mpmc::list::Channel<test::event::CompletedTest>>::recv::{closure#1} at list.rs:453:39 [opt]
       frame #7: 0x0000000100027af4 el1_sched-ba795739d7a1a0f3`<std::sync::mpmc::context::Context>::with::<<std::sync::mpmc::list::Channel<test::event::CompletedTest>>::recv::{closure#1}, ()>::{closure#0} at context.rs:49:13 [opt] [inlined]
       frame #8: 0x0000000100027ad4 el1_sched-ba795739d7a1a0f3`<std::sync::mpmc::context::Context>::with::<<std::sync::mpmc::list::Channel<test::event::CompletedTest>>::recv::{closure#1}, ()>::{closure#1} at context.rs:57:31 [opt] [inlined]
       frame #9: 0x0000000100027abc el1_sched-ba795739d7a1a0f3`<std::thread::local::LocalKey<core::cell::Cell<core::option::Option<std::sync::mpmc::context::Context>>>>::try_with::<<std::sync::mpmc::context::Context>::with<<std::sync::mpmc::list::Channel<test::event::CompletedTest>>::recv::{closure#1}, ()>::{closure#1}, ()> at local.rs:462:12 [opt] [inlined]
       frame #10: 0x0000000100027aac el1_sched-ba795739d7a1a0f3`<std::sync::mpmc::context::Context>::with::<<std::sync::mpmc::list::Channel<test::event::CompletedTest>>::recv::{closure#1}, ()> at context.rs:53:14 [opt] [inlined]
       frame #11: 0x0000000100027aa4 el1_sched-ba795739d7a1a0f3`<std::sync::mpmc::list::Channel<test::event::CompletedTest>>::recv at list.rs:442:13 [opt]
       frame #12: 0x0000000100031398 el1_sched-ba795739d7a1a0f3`<std::sync::mpmc::Receiver<test::event::CompletedTest>>::recv at mod.rs:1012:48 [opt] [inlined]
       frame #13: 0x0000000100031384 el1_sched-ba795739d7a1a0f3`<std::sync::mpsc::Receiver<test::event::CompletedTest>>::recv at mpsc.rs:872:20 [opt] [inlined]
       frame #14: 0x0000000100031384 el1_sched-ba795739d7a1a0f3`test::run_tests::<test::console::run_tests_console::{closure#2}> at lib.rs:422:41 [opt] [inlined]
       frame #15: 0x00000001000310f0 el1_sched-ba795739d7a1a0f3`test::console::run_tests_console at console.rs:327:5 [opt]
       frame #16: 0x0000000100023994 el1_sched-ba795739d7a1a0f3`test::test_main_with_exit_callback::<test::test_main::{closure#0}> at lib.rs:160:19 [opt] [inlined]
       frame #17: 0x0000000100023890 el1_sched-ba795739d7a1a0f3`test::test_main at lib.rs:101:5 [opt]
       frame #18: 0x0000000100021c34 el1_sched-ba795739d7a1a0f3`test::test_main_static at lib.rs:183:5 [opt]
       frame #19: 0x000000010001437c el1_sched-ba795739d7a1a0f3`std::sys::backtrace::__rust_begin_short_backtrace::h20f3c1de7e0ca073 + 12
       frame #20: 0x0000000100014364 el1_sched-ba795739d7a1a0f3`std::rt::lang_start::_$u7b$$u7b$closure$u7d$$u7d$::hb9902ea17560d25e + 16
       frame #21: 0x0000000100dab770 el1_sched-ba795739d7a1a0f3`<&dyn core::ops::function::Fn<(), Output = i32> + core::marker::Sync + core::panic::unwind_safe::RefUnwindSafe as core::ops::function::FnOnce<()>>::call_once at function.rs:287:21 [opt] [inlined]
       frame #22: 0x0000000100dab768 el1_sched-ba795739d7a1a0f3`std::panicking::catch_unwind::do_call::<&dyn core::ops::function::Fn<(), Output = i32> + core::marker::Sync + core::panic::unwind_safe::RefUnwindSafe, i32> at panicking.rs:581:40 [opt] [inlined]
       frame #23: 0x0000000100dab764 el1_sched-ba795739d7a1a0f3`std::panicking::catch_unwind::<i32, &dyn core::ops::function::Fn<(), Output = i32> + core::marker::Sync + core::panic::unwind_safe::RefUnwindSafe> at panicking.rs:544:19 [opt] [inlined]
       frame #24: 0x0000000100dab764 el1_sched-ba795739d7a1a0f3`std::panic::catch_unwind::<&dyn core::ops::function::Fn<(), Output = i32> + core::marker::Sync + core::panic::unwind_safe::RefUnwindSafe, i32> at panic.rs:359:14 [opt] [inlined]
       frame #25: 0x0000000100dab764 el1_sched-ba795739d7a1a0f3`std::rt::lang_start_internal::{closure#0} at rt.rs:175:24 [opt] [inlined]
       frame #26: 0x0000000100dab3dc el1_sched-ba795739d7a1a0f3`std::panicking::catch_unwind::do_call::<std::rt::lang_start_internal::{closure#0}, isize> at panicking.rs:581:40 [opt] [inlined]
       frame #27: 0x0000000100dab3dc el1_sched-ba795739d7a1a0f3`std::panicking::catch_unwind::<isize, std::rt::lang_start_internal::{closure#0}> at panicking.rs:544:19 [opt] [inlined]
       frame #28: 0x0000000100dab3dc el1_sched-ba795739d7a1a0f3`std::panic::catch_unwind::<std::rt::lang_start_internal::{closure#0}, isize> at panic.rs:359:14 [opt] [inlined]
       frame #29: 0x0000000100dab3dc el1_sched-ba795739d7a1a0f3`std::rt::lang_start_internal at rt.rs:171:5 [opt]
       frame #30: 0x000000010000d794 el1_sched-ba795739d7a1a0f3`main + 52
       frame #31: 0x000000018a82bef0 dyld`start + 6688
* thread #2, name = 'carrick: /opt/carrick/el1-sched metadata-allocator basic', stop reason = breakpoint 1.2
   * frame #0: 0x00000001002a9974 el1_sched-ba795739d7a1a0f3`carrick_runtime::vcpu_loop::wait_wake::wait_for_physical_job_retirement::h809dd83bec16c74f(completion=0x000000016fff8798) at wait_wake.rs:558:10 [opt] [inlined]
     frame #1: 0x00000001002a9974 el1_sched-ba795739d7a1a0f3`carrick_runtime::vcpu_loop::binding::VcpuLoopLaunch::wait::hfcb2285f5b38837d(self=<unavailable>) at binding.rs:4972:17 [opt]
     frame #2: 0x0000000100233e64 el1_sched-ba795739d7a1a0f3`carrick_el1::serve_locked_file_op::h19c51ea0a8720642(zone_file=<unavailable>, inotify_table=<unavailable>, nr=<unavailable>, args=<unavailable>, cache_ptr=<unavailable>, user=<unavailable>, locks=0x0000000000000001) at lib.rs:565:8 [opt]
     frame #3: 0x0000000100232520 el1_sched-ba795739d7a1a0f3`carrick_runtime::threaded_loop::run_threaded_loop::h38de87522134d1b7(engine=<unavailable>, dispatcher=<unavailable>, host=<unavailable>, max_traps=<unavailable>, carrier=<unavailable>) at threaded_loop.rs:236:15 [opt]
     frame #4: 0x00000001002fb4cc el1_sched-ba795739d7a1a0f3`carrick_runtime::runtime::run_threaded_hvf_loop::h71d682710ea57ea7(trap=Aarch64EngineCore<carrick_vmm_hvf::hvf_aarch64_engine::HvfAarch64Vmm> @ 0x000000016fffbeb0, dispatcher=SyscallDispatcher @ 0x000000016fffc580, max_traps=<unavailable>, carrier=<unavailable>) at runtime.rs:2098:5 [opt] [inlined]
     frame #5: 0x00000001002fb4b0 el1_sched-ba795739d7a1a0f3`carrick_runtime::runtime::run_address_space_with_hvf_and_dispatcher::_$u7b$$u7b$closure$u7d$$u7d$::hcb8ac0e40ed34593 at runtime.rs:769:30 [opt]
     frame #6: 0x00000001002fb49c el1_sched-ba795739d7a1a0f3`carrick_runtime::runtime::run_address_space_with_hvf_and_dispatcher::ha7e27f6df7cb267a(image=AddressSpace @ 0x000000016fffaa00, dispatcher=SyscallDispatcher @ 0x000000016fffaac0, max_traps=18446744073709551615, carrier=CarrierRuntime @ 0x000000016fffaf08, lease=CarrierLease @ 0x000000016fffa960) at runtime.rs:747:19 [opt]
     frame #7: 0x00000001002fb128 el1_sched-ba795739d7a1a0f3`carrick_runtime::runtime::finish_and_run_image_owned::h2af0b14f16be37de(image=AddressSpace @ 0x000000016fffcc10, dispatcher=SyscallDispatcher @ 0x000000016fffccd8, requires_syscall_traps=<unavailable>, max_traps=<unavailable>, debug_state_path=<unavailable>, ownership=Option<(carrick_runtime::carrier::CarrierRuntime, carrick_runtime::carrier::CarrierLease)> @ 0x000000016fffd130) at runtime.rs:979:5 [opt]
     frame #8: 0x000000010023cd38 el1_sched-ba795739d7a1a0f3`core::result::Result$LT$T$C$E$GT$::unwrap::h21b61c10c3f8b7ee(self=<unavailable>) at result.rs:1231:9 [opt] [inlined]
     frame #9: 0x00000001002fca9c el1_sched-ba795739d7a1a0f3`carrick_runtime::hvpatch::finish_hvpatch_image_on::h1df8fa74d83dea34(image=<unavailable>, dispatcher=<unavailable>, max_traps=<unavailable>, debug_state_path=<unavailable>, carrier=<unavailable>, lease=<unavailable>) at mod.rs:1443:5 [opt] [inlined]
     frame #10: 0x00000001002fca78 el1_sched-ba795739d7a1a0f3`carrick_runtime::runtime::run_elf_from_dispatcher_debug_owned::h83af6acff985ef04(path=<unavailable>, dispatcher=<unavailable>, argv=<unavailable>, env=<unavailable>, options=<unavailable>) at runtime.rs:637:5 [opt]
     frame #11: 0x00000001002fc9e0 el1_sched-ba795739d7a1a0f3`carrick_runtime::runtime::run_elf_from_dispatcher_debug_on::h3b2a2be7dc5e75a2(path=<unavailable>, dispatcher=<unavailable>, argv=<unavailable>, env=<unavailable>, options=<unavailable>) at runtime.rs:519:5 [opt]
     frame #12: 0x00000001002925e8 el1_sched-ba795739d7a1a0f3`carrick_runtime::prepare::PreparedRun::execute::h1f994527ef8390cb(self=<unavailable>) at prepare.rs:850:17 [opt]
     frame #13: 0x00000001000d4770 el1_sched-ba795739d7a1a0f3`carrick_embed::prepared::PreparedContainer::execute::hd03a1ddca63bd5a7(self=PreparedContainer @ 0x0000000170002220) at prepared.rs:121:38 [opt]
     frame #14: 0x00000001000f92b4 el1_sched-ba795739d7a1a0f3`carrick_embed::builder::Container::run_blocking::h370303235bea23dc(self=<unavailable>) at builder.rs:725:18 [opt]
     frame #15: 0x00000001000f8470 el1_sched-ba795739d7a1a0f3`carrick_embed::builder::ContainerBuilder::run_blocking::h515febabe9ae9f8b(self=<unavailable>) at builder.rs:585:23 [opt]
     frame #16: 0x000000010000b214 el1_sched-ba795739d7a1a0f3`el1_sched::run_fixture::hc662386402f81e24 + 780
     frame #17: 0x0000000100001fb8 el1_sched-ba795739d7a1a0f3`core::ops::function::FnOnce::call_once::h0a3c56d9f8cdc461 + 176
     frame #18: 0x0000000100014af0 el1_sched-ba795739d7a1a0f3`<fn() -> core::result::Result<(), alloc::string::String> as core::ops::function::FnOnce<()>>::call_once at function.rs:250:5 [opt] [inlined]
     frame #19: 0x0000000100014ae8 el1_sched-ba795739d7a1a0f3`test::__rust_begin_short_backtrace::<core::result::Result<(), alloc::string::String>, fn() -> core::result::Result<(), alloc::string::String>> at lib.rs:663:18 [opt]
     frame #20: 0x000000010001ed18 el1_sched-ba795739d7a1a0f3`test::run_test_in_process::{closure#0} at lib.rs:686:74 [opt] [inlined]
     frame #21: 0x000000010001ed0c el1_sched-ba795739d7a1a0f3`<core::panic::unwind_safe::AssertUnwindSafe<test::run_test_in_process::{closure#0}> as core::ops::function::FnOnce<()>>::call_once at unwind_safe.rs:275:9 [opt] [inlined]
     frame #22: 0x000000010001ed0c el1_sched-ba795739d7a1a0f3`std::panicking::catch_unwind::do_call::<core::panic::unwind_safe::AssertUnwindSafe<test::run_test_in_process::{closure#0}>, core::result::Result<(), alloc::string::String>> at panicking.rs:581:40 [opt] [inlined]
     frame #23: 0x000000010001ed08 el1_sched-ba795739d7a1a0f3`std::panicking::catch_unwind::<core::result::Result<(), alloc::string::String>, core::panic::unwind_safe::AssertUnwindSafe<test::run_test_in_process::{closure#0}>> at panicking.rs:544:19 [opt] [inlined]
     frame #24: 0x000000010001ed08 el1_sched-ba795739d7a1a0f3`std::panic::catch_unwind::<core::panic::unwind_safe::AssertUnwindSafe<test::run_test_in_process::{closure#0}>, core::result::Result<(), alloc::string::String>> at panic.rs:359:14 [opt] [inlined]
     frame #25: 0x000000010001ed08 el1_sched-ba795739d7a1a0f3`test::run_test_in_process at lib.rs:686:27 [opt] [inlined]
     frame #26: 0x000000010001ec50 el1_sched-ba795739d7a1a0f3`test::run_test::{closure#0} at lib.rs:607:43 [opt]
     frame #27: 0x000000010001b66c el1_sched-ba795739d7a1a0f3`test::run_test::{closure#1} at lib.rs:637:41 [opt] [inlined]
     frame #28: 0x000000010001b608 el1_sched-ba795739d7a1a0f3`std::sys::backtrace::__rust_begin_short_backtrace::<test::run_test::{closure#1}, ()> at backtrace.rs:166:18 [opt]
     frame #29: 0x0000000100020ff0 el1_sched-ba795739d7a1a0f3`std::thread::lifecycle::spawn_unchecked::<test::run_test::{closure#1}, ()>::{closure#1}::{closure#0} at lifecycle.rs:91:13 [opt] [inlined]
     frame #30: 0x0000000100020fe0 el1_sched-ba795739d7a1a0f3`<core::panic::unwind_safe::AssertUnwindSafe<std::thread::lifecycle::spawn_unchecked<test::run_test::{closure#1}, ()>::{closure#1}::{closure#0}> as core::ops::function::FnOnce<()>>::call_once at unwind_safe.rs:275:9 [opt] [inlined]
     frame #31: 0x0000000100020fe0 el1_sched-ba795739d7a1a0f3`std::panicking::catch_unwind::do_call::<core::panic::unwind_safe::AssertUnwindSafe<std::thread::lifecycle::spawn_unchecked<test::run_test::{closure#1}, ()>::{closure#1}::{closure#0}>, ()> at panicking.rs:581:40 [opt] [inlined]
     frame #32: 0x0000000100020fdc el1_sched-ba795739d7a1a0f3`std::panicking::catch_unwind::<(), core::panic::unwind_safe::AssertUnwindSafe<std::thread::lifecycle::spawn_unchecked<test::run_test::{closure#1}, ()>::{closure#1}::{closure#0}>> at panicking.rs:544:19 [opt] [inlined]
     frame #33: 0x0000000100020fdc el1_sched-ba795739d7a1a0f3`std::panic::catch_unwind::<core::panic::unwind_safe::AssertUnwindSafe<std::thread::lifecycle::spawn_unchecked<test::run_test::{closure#1}, ()>::{closure#1}::{closure#0}>, ()> at panic.rs:359:14 [opt] [inlined]
     frame #34: 0x0000000100020fdc el1_sched-ba795739d7a1a0f3`std::thread::lifecycle::spawn_unchecked::<test::run_test::{closure#1}, ()>::{closure#1} at lifecycle.rs:89:26 [opt] [inlined]
     frame #35: 0x0000000100020fcc el1_sched-ba795739d7a1a0f3`<std::thread::lifecycle::spawn_unchecked<test::run_test::{closure#1}, ()>::{closure#1} as core::ops::function::FnOnce<()>>::call_once::{shim:vtable#0} at function.rs:250:5 [opt]
     frame #36: 0x0000000100db4354 el1_sched-ba795739d7a1a0f3`<alloc::boxed::Box<dyn core::ops::function::FnOnce<(), Output = ()> + core::marker::Send> as core::ops::function::FnOnce<()>>::call_once at boxed.rs:2249:9 [opt] [inlined]
     frame #37: 0x0000000100db4348 el1_sched-ba795739d7a1a0f3`<std::sys::thread::unix::Thread>::new::thread_start at unix.rs:118:17 [opt]
     frame #38: 0x000000018a8ffd00 libsystem_pthread.dylib`_pthread_start + 136
  thread #3, name = 'carrick-carrier-finalizer'
       frame #0: 0x000000018a8be50c libsystem_kernel.dylib`__psynch_cvwait + 8
       frame #1: 0x000000018a9001d0 libsystem_pthread.dylib`_pthread_cond_wait + 980
       frame #2: 0x0000000100b1c704 el1_sched-ba795739d7a1a0f3`_$LT$parking_lot_core..thread_parker..imp..ThreadParker$u20$as$u20$parking_lot_core..thread_parker..ThreadParkerT$GT$::park::h57b0f9e3b8bc7cbb(self=0x000000012a00e718) at unix.rs:77:21 [opt] [inlined]
       frame #3: 0x0000000100b1c6f4 el1_sched-ba795739d7a1a0f3`parking_lot_core::parking_lot::park::_$u7b$$u7b$closure$u7d$$u7d$::h2e420e8db8f72615(thread_data=0x000000012a00e718) at parking_lot.rs:635:36 [opt]
       frame #4: 0x0000000100b1c65c el1_sched-ba795739d7a1a0f3`parking_lot_core::parking_lot::with_thread_data::h284d9e59aff5050c(f=<unavailable>) at parking_lot.rs:207:5 [opt]
       frame #5: 0x0000000100b1c51c el1_sched-ba795739d7a1a0f3`parking_lot_core::parking_lot::park::h115ba7316cfa6034(key=<unavailable>, validate=<unavailable>, before_sleep=<unavailable>, timed_out=<unavailable>, park_token=(__0 = 0), timeout=<unavailable>) at parking_lot.rs:600:5 [opt] [inlined]
       frame #6: 0x0000000100b1c51c el1_sched-ba795739d7a1a0f3`parking_lot::condvar::Condvar::wait_until_internal::heb307538a997ec5d(self=0x0000000129a056a8, mutex=0x0000000129a05680, timeout=Option<std::time::Instant> @ 0x0000007799099520) at condvar.rs:334:17 [opt]
       frame #7: 0x00000001000d5970 el1_sched-ba795739d7a1a0f3`parking_lot::condvar::Condvar::wait::hc96014e5ce397ffe(self=<unavailable>, mutex_guard=<unavailable>) at condvar.rs:256:14 [opt] [inlined]
       frame #8: 0x00000001000d5960 el1_sched-ba795739d7a1a0f3`carrick_embed::carrier::Carrier::new::_$u7b$$u7b$closure$u7d$$u7d$::h417bc34060286ed5 at carrier.rs:123:50 [opt]
       frame #9: 0x00000001000d592c el1_sched-ba795739d7a1a0f3`std::sys::backtrace::__rust_begin_short_backtrace::hebdf46ca7f3c7de8(f={closure_env#1} @ 0x0000007799a16020) at backtrace.rs:166:18 [opt]
       frame #10: 0x00000001000c9fdc el1_sched-ba795739d7a1a0f3`std::thread::lifecycle::spawn_unchecked::_$u7b$$u7b$closure$u7d$$u7d$::_$u7b$$u7b$closure$u7d$$u7d$::hf13a89896056b5bd at lifecycle.rs:91:13 [opt] [inlined]
       frame #11: 0x00000001000c9fc4 el1_sched-ba795739d7a1a0f3`_$LT$core..panic..unwind_safe..AssertUnwindSafe$LT$F$GT$$u20$as$u20$core..ops..function..FnOnce$LT$$LP$$RP$$GT$$GT$::call_once::h36fa736be66dea75(self=<unavailable>, (null)=<unavailable>) at unwind_safe.rs:275:9 [opt] [inlined]
       frame #12: 0x00000001000c9fb0 el1_sched-ba795739d7a1a0f3`std::panicking::catch_unwind::do_call::h31a3444437dbece2(data=<unavailable>) at panicking.rs:581:40 [opt] [inlined]
       frame #13: 0x00000001000c9fb0 el1_sched-ba795739d7a1a0f3`std::panicking::catch_unwind::hbca71afc7c818404(f=AssertUnwindSafe<std::thread::lifecycle::spawn_unchecked::{closure#1}::{closure_env#0}<carrick_embed::carrier::{impl#3}::new::{closure_env#1}, ()>> @ 0x00000077bcc7aeb0) at panicking.rs:544:19 [opt]
       frame #14: 0x00000001000c9fb0 el1_sched-ba795739d7a1a0f3`std::panic::catch_unwind::h2b02733f6412d9f3(f=AssertUnwindSafe<std::thread::lifecycle::spawn_unchecked::{closure#1}::{closure_env#0}<carrick_embed::carrier::{impl#3}::new::{closure_env#1}, ()>> @ 0x00000077bcc7aee0) at panic.rs:359:14 [opt] [inlined]
       frame #15: 0x00000001000c9fb0 el1_sched-ba795739d7a1a0f3`std::thread::lifecycle::spawn_unchecked::_$u7b$$u7b$closure$u7d$$u7d$::hc568f864d5b2d820 at lifecycle.rs:89:26 [opt]
       frame #16: 0x00000001000c9fa0 el1_sched-ba795739d7a1a0f3`core::ops::function::FnOnce::call_once$u7b$$u7b$vtable.shim$u7d$$u7d$::hddb93aa24a2ba0ce((null)=0x0000000129a05790, (null)=<unavailable>) at function.rs:250:5 [opt]
       frame #17: 0x0000000100db4354 el1_sched-ba795739d7a1a0f3`<alloc::boxed::Box<dyn core::ops::function::FnOnce<(), Output = ()> + core::marker::Send> as core::ops::function::FnOnce<()>>::call_once at boxed.rs:2249:9 [opt] [inlined]
       frame #18: 0x0000000100db4348 el1_sched-ba795739d7a1a0f3`<std::sys::thread::unix::Thread>::new::thread_start at unix.rs:118:17 [opt]
       frame #19: 0x000000018a8ffd00 libsystem_pthread.dylib`_pthread_start + 136
  thread #4
       frame #0: 0x000000018a8be308 libsystem_kernel.dylib`__semwait_signal + 8
       frame #1: 0x000000018a926054 libsystem_c.dylib`nanosleep + 220
       frame #2: 0x0000000100daeb08 el1_sched-ba795739d7a1a0f3`std::sys::thread::unix::sleep::nanosleep at unix.rs:558:34 [opt] [inlined]
       frame #3: 0x0000000100daeafc el1_sched-ba795739d7a1a0f3`std::sys::thread::unix::sleep at unix.rs:579:21 [opt] [inlined]
       frame #4: 0x0000000100daeadc el1_sched-ba795739d7a1a0f3`std::thread::functions::sleep at functions.rs:293:5 [opt]
       frame #5: 0x00000001000143fc el1_sched-ba795739d7a1a0f3`std::sys::backtrace::__rust_begin_short_backtrace::ha9845e7a96c292f2 + 120
       frame #6: 0x000000010000ea78 el1_sched-ba795739d7a1a0f3`core::ops::function::FnOnce::call_once$u7b$$u7b$vtable.shim$u7d$$u7d$::ha62eb5ee21ab4d64 + 120
       frame #7: 0x0000000100db4354 el1_sched-ba795739d7a1a0f3`<alloc::boxed::Box<dyn core::ops::function::FnOnce<(), Output = ()> + core::marker::Send> as core::ops::function::FnOnce<()>>::call_once at boxed.rs:2249:9 [opt] [inlined]
       frame #8: 0x0000000100db4348 el1_sched-ba795739d7a1a0f3`<std::sys::thread::unix::Thread>::new::thread_start at unix.rs:118:17 [opt]
       frame #9: 0x000000018a8ffd00 libsystem_pthread.dylib`_pthread_start + 136
  thread #5, name = 'carrick-fs-cleanup'
       frame #0: 0x000000018a8bab9c libsystem_kernel.dylib`semaphore_wait_trap + 8
       frame #1: 0x000000018f85549c libdispatch.dylib`_dispatch_sema4_wait + 28
       frame #2: 0x000000018f855b28 libdispatch.dylib`_dispatch_semaphore_wait_slow + 132
       frame #3: 0x0000000100da2228 el1_sched-ba795739d7a1a0f3`<std::sys::sync::thread_parking::darwin::Parker>::park at darwin.rs:74:15 [opt] [inlined]
       frame #4: 0x0000000100da2208 el1_sched-ba795739d7a1a0f3`<std::thread::thread::Thread>::park at thread.rs:121:47 [opt]
       frame #5: 0x0000000100a6f6b0 el1_sched-ba795739d7a1a0f3`<std::sync::mpmc::context::Context>::wait_until(self=<unavailable>, deadline=Option<std::time::Instant> @ 0x000000779909b9e0) at context.rs:143:44 [opt] [inlined]
       frame #6: 0x0000000100a6f6a0 el1_sched-ba795739d7a1a0f3`std::sync::mpmc::array::Channel$LT$T$GT$::recv::_$u7b$$u7b$closure$u7d$$u7d$::h9965d648d3e06bdb(cx=<unavailable>) at array.rs:402:39 [opt]
       frame #7: 0x0000000100a6f3f4 el1_sched-ba795739d7a1a0f3`std::sync::mpmc::context::Context::with::_$u7b$$u7b$closure$u7d$$u7d$::h083ce3d98da3e91c(cx=0x000000017062ad40) at context.rs:49:13 [opt]
       frame #8: 0x0000000100a6f3d4 el1_sched-ba795739d7a1a0f3`std::sync::mpmc::context::Context::with::_$u7b$$u7b$closure$u7d$$u7d$::hd2be92ad1329eea9(cell=0x0000000129008a80) at context.rs:57:31 [opt]
       frame #9: 0x0000000100a6f3bc el1_sched-ba795739d7a1a0f3`std::thread::local::LocalKey$LT$T$GT$::try_with::h8f7ddfd9718c95f5(self=<unavailable>, f=<unavailable>) at local.rs:462:12 [opt]
       frame #10: 0x0000000100a6f3ac el1_sched-ba795739d7a1a0f3`std::sync::mpmc::context::Context::with::h7862d91031d540c1(f={closure_env#1}<carrick_vfs::fs_backend::host::ScratchCleanupWork> @ 0x0000007799b7f220) at context.rs:53:14 [opt]
       frame #11: 0x0000000100a6f3a4 el1_sched-ba795739d7a1a0f3`std::sync::mpmc::array::Channel$LT$T$GT$::recv::h4e73a66d01555618(self=0x0000000129b08f80, deadline=Option<std::time::Instant> @ 0x000000017062acf0) at array.rs:390:13 [opt]
       frame #12: 0x0000000100a49fa4 el1_sched-ba795739d7a1a0f3`std::sync::mpmc::Receiver$LT$T$GT$::recv::ha235b3838628cbfa(self=0x000000017062ade0) at mod.rs:1011:49 [opt]
       frame #13: 0x0000000100a49f6c el1_sched-ba795739d7a1a0f3`std::sync::mpsc::Receiver$LT$T$GT$::recv::hd4e2b5628fbf31a2(self=0x000000017062ade0) at mpsc.rs:872:20 [opt] [inlined]
       frame #14: 0x0000000100a49f6c el1_sched-ba795739d7a1a0f3`carrick_vfs::fs_backend::host::scratch_cleanup_sender::_$u7b$$u7b$closure$u7d$$u7d$::_$u7b$$u7b$closure$u7d$$u7d$::h5bbce5c858f513e0 at host.rs:890:47 [opt] [inlined]
       frame #15: 0x0000000100a49f6c el1_sched-ba795739d7a1a0f3`std::sys::backtrace::__rust_begin_short_backtrace::h7a1bd6564a4ecbff(f={closure_env#0} @ 0x0000007799a15e90) at backtrace.rs:166:18 [opt]
       frame #16: 0x0000000100a70570 el1_sched-ba795739d7a1a0f3`std::thread::lifecycle::spawn_unchecked::_$u7b$$u7b$closure$u7d$$u7d$::_$u7b$$u7b$closure$u7d$$u7d$::h85deef3ab7de91fd at lifecycle.rs:91:13 [opt] [inlined]
       frame #17: 0x0000000100a7055c el1_sched-ba795739d7a1a0f3`_$LT$core..panic..unwind_safe..AssertUnwindSafe$LT$F$GT$$u20$as$u20$core..ops..function..FnOnce$LT$$LP$$RP$$GT$$GT$::call_once::he61128dd34fe0799(self=<unavailable>, (null)=<unavailable>) at unwind_safe.rs:275:9 [opt] [inlined]
       frame #18: 0x0000000100a70550 el1_sched-ba795739d7a1a0f3`std::panicking::catch_unwind::do_call::h13af5afea5ff6625(data=<unavailable>) at panicking.rs:581:40 [opt] [inlined]
       frame #19: 0x0000000100a70550 el1_sched-ba795739d7a1a0f3`std::panicking::catch_unwind::h2a58648787061647(f=AssertUnwindSafe<std::thread::lifecycle::spawn_unchecked::{closure#1}::{closure_env#0}<carrick_vfs::fs_backend::host::scratch_cleanup_sender::{closure#0}::{closure_env#0}, ()>> @ 0x00000077c3934990) at panicking.rs:544:19 [opt]
       frame #20: 0x0000000100a70550 el1_sched-ba795739d7a1a0f3`std::panic::catch_unwind::hc21264868802c09c(f=AssertUnwindSafe<std::thread::lifecycle::spawn_unchecked::{closure#1}::{closure_env#0}<carrick_vfs::fs_backend::host::scratch_cleanup_sender::{closure#0}::{closure_env#0}, ()>> @ 0x00000077c3934990) at panic.rs:359:14 [opt] [inlined]
       frame #21: 0x0000000100a70550 el1_sched-ba795739d7a1a0f3`std::thread::lifecycle::spawn_unchecked::_$u7b$$u7b$closure$u7d$$u7d$::h4013b84266aec275 at lifecycle.rs:89:26 [opt]
       frame #22: 0x0000000100a70544 el1_sched-ba795739d7a1a0f3`core::ops::function::FnOnce::call_once$u7b$$u7b$vtable.shim$u7d$$u7d$::h92b369c5ddc27d97((null)=0x0000000129b08d30, (null)=<unavailable>) at function.rs:250:5 [opt]
       frame #23: 0x0000000100db4354 el1_sched-ba795739d7a1a0f3`<alloc::boxed::Box<dyn core::ops::function::FnOnce<(), Output = ()> + core::marker::Send> as core::ops::function::FnOnce<()>>::call_once at boxed.rs:2249:9 [opt] [inlined]
       frame #24: 0x0000000100db4348 el1_sched-ba795739d7a1a0f3`<std::sys::thread::unix::Thread>::new::thread_start at unix.rs:118:17 [opt]
       frame #25: 0x000000018a8ffd00 libsystem_pthread.dylib`_pthread_start + 136
  thread #6, name = 'com.apple.virtualization.thread.virtual-clock'
       frame #0: 0x000000018a8be50c libsystem_kernel.dylib`__psynch_cvwait + 8
       frame #1: 0x000000018a9001fc libsystem_pthread.dylib`_pthread_cond_wait + 1024
       frame #2: 0x0000000260b10228 Hypervisor`HvCore::VirtualClock::thread_body() + 312
       frame #3: 0x0000000260b104b0 Hypervisor`void* std::__1::__thread_proxy[abi:fqe220106]<std::__1::tuple<std::__1::unique_ptr<std::__1::__thread_struct, std::__1::default_delete<std::__1::__thread_struct>>, void (HvCore::VirtualClock::*)(), HvCore::VirtualClock*>>(void*) + 92
       frame #4: 0x000000018a8ffd00 libsystem_pthread.dylib`_pthread_start + 136
  thread #7, name = 'carrick-signal-pump'
       frame #0: 0x000000018a8c0fcc libsystem_kernel.dylib`kevent + 8
       frame #1: 0x0000000100a750a0 el1_sched-ba795739d7a1a0f3`carrick_host_bsd::kqueue::Kqueue::wait::h55d0106af8d08397(self=<unavailable>, changes=<unavailable>, events=<unavailable>, timeout=<unavailable>) at kqueue.rs:136:13 [opt]
       frame #2: 0x0000000100441fec el1_sched-ba795739d7a1a0f3`carrick_vmm_hvf::vcpu_kick::spawn_signal_pump_inner::_$u7b$$u7b$closure$u7d$$u7d$::h92620bd8006212a2 at vcpu_kick.rs:614:34 [opt]
       frame #3: 0x0000000100441b8c el1_sched-ba795739d7a1a0f3`std::sys::backtrace::__rust_begin_short_backtrace::h5940431794450ebc(f={closure_env#0} @ 0x00000001708c2e70) at backtrace.rs:166:18 [opt]
       frame #4: 0x0000000100427b64 el1_sched-ba795739d7a1a0f3`std::thread::lifecycle::spawn_unchecked::_$u7b$$u7b$closure$u7d$$u7d$::_$u7b$$u7b$closure$u7d$$u7d$::h376c6378e458c6de at lifecycle.rs:91:13 [opt] [inlined]
       frame #5: 0x0000000100427b28 el1_sched-ba795739d7a1a0f3`_$LT$core..panic..unwind_safe..AssertUnwindSafe$LT$F$GT$$u20$as$u20$core..ops..function..FnOnce$LT$$LP$$RP$$GT$$GT$::call_once::habf0386eef68befe(self=AssertUnwindSafe<std::thread::lifecycle::spawn_unchecked::{closure#1}::{closure_env#0}<carrick_vmm_hvf::vcpu_kick::spawn_signal_pump_inner::{closure_env#0}, ()>> @ 0x00000077bcc905b0, (null)=<unavailable>) at unwind_safe.rs:275:9 [opt] [inlined]
       frame #6: 0x0000000100427b18 el1_sched-ba795739d7a1a0f3`std::panicking::catch_unwind::do_call::h116f9bd4411b366e(data=<unavailable>) at panicking.rs:581:40 [opt]
       frame #7: 0x0000000100427b18 el1_sched-ba795739d7a1a0f3`std::panicking::catch_unwind::h36c2c02718023c48(f=AssertUnwindSafe<std::thread::lifecycle::spawn_unchecked::{closure#1}::{closure_env#0}<carrick_vmm_hvf::vcpu_kick::spawn_signal_pump_inner::{closure_env#0}, ()>> @ 0x00000077bcc90620) at panicking.rs:544:19 [opt]
       frame #8: 0x0000000100427b18 el1_sched-ba795739d7a1a0f3`std::panic::catch_unwind::hef5e51875c7ba19d(f=AssertUnwindSafe<std::thread::lifecycle::spawn_unchecked::{closure#1}::{closure_env#0}<carrick_vmm_hvf::vcpu_kick::spawn_signal_pump_inner::{closure_env#0}, ()>> @ 0x00000077bcc90540) at panic.rs:359:14 [opt] [inlined]
       frame #9: 0x0000000100427b18 el1_sched-ba795739d7a1a0f3`std::thread::lifecycle::spawn_unchecked::_$u7b$$u7b$closure$u7d$$u7d$::hea55bb08abacb230 at lifecycle.rs:89:26 [opt] [inlined]
       frame #10: 0x0000000100427af0 el1_sched-ba795739d7a1a0f3`core::ops::function::FnOnce::call_once$u7b$$u7b$vtable.shim$u7d$$u7d$::h36187f4fb6dcac9b((null)=0x0000000128e171e0, (null)=<unavailable>) at function.rs:250:5 [opt]
       frame #11: 0x0000000100db4354 el1_sched-ba795739d7a1a0f3`<alloc::boxed::Box<dyn core::ops::function::FnOnce<(), Output = ()> + core::marker::Send> as core::ops::function::FnOnce<()>>::call_once at boxed.rs:2249:9 [opt] [inlined]
       frame #12: 0x0000000100db4348 el1_sched-ba795739d7a1a0f3`<std::sys::thread::unix::Thread>::new::thread_start at unix.rs:118:17 [opt]
       frame #13: 0x000000018a8ffd00 libsystem_pthread.dylib`_pthread_start + 136
  thread #8, name = 'carrick-carrier-wait'
       frame #0: 0x000000018a8c3760 libsystem_kernel.dylib`poll + 8
       frame #1: 0x000000010077bd04 el1_sched-ba795739d7a1a0f3`carrick_kernel::kernel::continuation::wait_service::CarrierWaitServiceInner::run_reactor::h74f4de5e0ae6a6a1(weak=<unavailable>) at wait_service.rs:838:17 [opt]
       frame #2: 0x00000001006ea278 el1_sched-ba795739d7a1a0f3`carrick_kernel::kernel::continuation::wait_service::CarrierWaitService::try_new::_$u7b$$u7b$closure$u7d$$u7d$::hf21128085d56bf5d at wait_service.rs:1071:28 [opt] [inlined]
       frame #3: 0x00000001006ea274 el1_sched-ba795739d7a1a0f3`std::sys::backtrace::__rust_begin_short_backtrace::hbe464d46abbdf464(f=<unavailable>) at backtrace.rs:166:18 [opt]
       frame #4: 0x00000001006ee744 el1_sched-ba795739d7a1a0f3`std::thread::lifecycle::spawn_unchecked::_$u7b$$u7b$closure$u7d$$u7d$::_$u7b$$u7b$closure$u7d$$u7d$::h57045fa1bf3a792e at lifecycle.rs:91:13 [opt] [inlined]
       frame #5: 0x00000001006ee734 el1_sched-ba795739d7a1a0f3`_$LT$core..panic..unwind_safe..AssertUnwindSafe$LT$F$GT$$u20$as$u20$core..ops..function..FnOnce$LT$$LP$$RP$$GT$$GT$::call_once::ha5c66d15cb8a3c9f(self=AssertUnwindSafe<std::thread::lifecycle::spawn_unchecked::{closure#1}::{closure_env#0}<carrick_kernel::kernel::continuation::wait_service::{impl#12}::try_new::{closure_env#0}, ()>> @ 0x0000000170aceea0, (null)=<unavailable>) at unwind_safe.rs:275:9 [opt] [inlined]
       frame #6: 0x00000001006ee734 el1_sched-ba795739d7a1a0f3`std::panicking::catch_unwind::do_call::h851ef9744f3e9a14(data=<unavailable>) at panicking.rs:581:40 [opt]
       frame #7: 0x00000001006ee72c el1_sched-ba795739d7a1a0f3`std::panicking::catch_unwind::hf5b240c5408eb619(f=AssertUnwindSafe<std::thread::lifecycle::spawn_unchecked::{closure#1}::{closure_env#0}<carrick_kernel::kernel::continuation::wait_service::{impl#12}::try_new::{closure_env#0}, ()>> @ 0x00000077bcc7afd0) at panicking.rs:544:19 [opt]
       frame #8: 0x00000001006ee72c el1_sched-ba795739d7a1a0f3`std::panic::catch_unwind::hd9db8983781f68e9(f=AssertUnwindSafe<std::thread::lifecycle::spawn_unchecked::{closure#1}::{closure_env#0}<carrick_kernel::kernel::continuation::wait_service::{impl#12}::try_new::{closure_env#0}, ()>> @ 0x00000077bcc7b000) at panic.rs:359:14 [opt] [inlined]
       frame #9: 0x00000001006ee72c el1_sched-ba795739d7a1a0f3`std::thread::lifecycle::spawn_unchecked::_$u7b$$u7b$closure$u7d$$u7d$::h3af23be669e609b3 at lifecycle.rs:89:26 [opt]
       frame #10: 0x00000001006ee724 el1_sched-ba795739d7a1a0f3`core::ops::function::FnOnce::call_once$u7b$$u7b$vtable.shim$u7d$$u7d$::h093e8e39cd6b0afa((null)=0x0000000128e17a30, (null)=<unavailable>) at function.rs:250:5 [opt]
       frame #11: 0x0000000100db4354 el1_sched-ba795739d7a1a0f3`<alloc::boxed::Box<dyn core::ops::function::FnOnce<(), Output = ()> + core::marker::Send> as core::ops::function::FnOnce<()>>::call_once at boxed.rs:2249:9 [opt] [inlined]
       frame #12: 0x0000000100db4348 el1_sched-ba795739d7a1a0f3`<std::sys::thread::unix::Thread>::new::thread_start at unix.rs:118:17 [opt]
       frame #13: 0x000000018a8ffd00 libsystem_pthread.dylib`_pthread_start + 136
  thread #9, name = 'carrick-carrier-wait'
       frame #0: 0x000000018a8c3760 libsystem_kernel.dylib`poll + 8
       frame #1: 0x000000010077bd04 el1_sched-ba795739d7a1a0f3`carrick_kernel::kernel::continuation::wait_service::CarrierWaitServiceInner::run_reactor::h74f4de5e0ae6a6a1(weak=<unavailable>) at wait_service.rs:838:17 [opt]
       frame #2: 0x00000001006ea278 el1_sched-ba795739d7a1a0f3`carrick_kernel::kernel::continuation::wait_service::CarrierWaitService::try_new::_$u7b$$u7b$closure$u7d$$u7d$::hf21128085d56bf5d at wait_service.rs:1071:28 [opt] [inlined]
       frame #3: 0x00000001006ea274 el1_sched-ba795739d7a1a0f3`std::sys::backtrace::__rust_begin_short_backtrace::hbe464d46abbdf464(f=<unavailable>) at backtrace.rs:166:18 [opt]
       frame #4: 0x00000001006ee744 el1_sched-ba795739d7a1a0f3`std::thread::lifecycle::spawn_unchecked::_$u7b$$u7b$closure$u7d$$u7d$::_$u7b$$u7b$closure$u7d$$u7d$::h57045fa1bf3a792e at lifecycle.rs:91:13 [opt] [inlined]
       frame #5: 0x00000001006ee734 el1_sched-ba795739d7a1a0f3`_$LT$core..panic..unwind_safe..AssertUnwindSafe$LT$F$GT$$u20$as$u20$core..ops..function..FnOnce$LT$$LP$$RP$$GT$$GT$::call_once::ha5c66d15cb8a3c9f(self=AssertUnwindSafe<std::thread::lifecycle::spawn_unchecked::{closure#1}::{closure_env#0}<carrick_kernel::kernel::continuation::wait_service::{impl#12}::try_new::{closure_env#0}, ()>> @ 0x0000000170cdaea0, (null)=<unavailable>) at unwind_safe.rs:275:9 [opt] [inlined]
       frame #6: 0x00000001006ee734 el1_sched-ba795739d7a1a0f3`std::panicking::catch_unwind::do_call::h851ef9744f3e9a14(data=<unavailable>) at panicking.rs:581:40 [opt]
       frame #7: 0x00000001006ee72c el1_sched-ba795739d7a1a0f3`std::panicking::catch_unwind::hf5b240c5408eb619(f=AssertUnwindSafe<std::thread::lifecycle::spawn_unchecked::{closure#1}::{closure_env#0}<carrick_kernel::kernel::continuation::wait_service::{impl#12}::try_new::{closure_env#0}, ()>> @ 0x00000077bcc7adf0) at panicking.rs:544:19 [opt]
       frame #8: 0x00000001006ee72c el1_sched-ba795739d7a1a0f3`std::panic::catch_unwind::hd9db8983781f68e9(f=AssertUnwindSafe<std::thread::lifecycle::spawn_unchecked::{closure#1}::{closure_env#0}<carrick_kernel::kernel::continuation::wait_service::{impl#12}::try_new::{closure_env#0}, ()>> @ 0x00000077bcc7afd0) at panic.rs:359:14 [opt] [inlined]
       frame #9: 0x00000001006ee72c el1_sched-ba795739d7a1a0f3`std::thread::lifecycle::spawn_unchecked::_$u7b$$u7b$closure$u7d$$u7d$::h3af23be669e609b3 at lifecycle.rs:89:26 [opt]
       frame #10: 0x00000001006ee724 el1_sched-ba795739d7a1a0f3`core::ops::function::FnOnce::call_once$u7b$$u7b$vtable.shim$u7d$$u7d$::h093e8e39cd6b0afa((null)=0x0000000128e184f0, (null)=<unavailable>) at function.rs:250:5 [opt]
       frame #11: 0x0000000100db4354 el1_sched-ba795739d7a1a0f3`<alloc::boxed::Box<dyn core::ops::function::FnOnce<(), Output = ()> + core::marker::Send> as core::ops::function::FnOnce<()>>::call_once at boxed.rs:2249:9 [opt] [inlined]
       frame #12: 0x0000000100db4348 el1_sched-ba795739d7a1a0f3`<std::sys::thread::unix::Thread>::new::thread_start at unix.rs:118:17 [opt]
       frame #13: 0x000000018a8ffd00 libsystem_pthread.dylib`_pthread_start + 136
  thread #10, name = 'carrick-executor-0'
       frame #0: 0x000000018a8be50c libsystem_kernel.dylib`__psynch_cvwait + 8
       frame #1: 0x000000018a9001d0 libsystem_pthread.dylib`_pthread_cond_wait + 980
       frame #2: 0x0000000260b26540 Hypervisor`Base::Threading::ForceExitableEvent::wait() + 108
       frame #3: 0x0000000260b261ac Hypervisor`HvCore::Hypervisor::VcpuStateManager::wait_for_interrupt() + 684
       frame #4: 0x0000000260adea64 Hypervisor`Hv::Vcpu::run() + 64
       frame #5: 0x00000001004e4d1c el1_sched-ba795739d7a1a0f3`applevisor::vcpu::Vcpu::run::h9ac3ac5faebfe78c(self=<unavailable>) at vcpu.rs:191:25 [opt]
       frame #6: 0x00000001003e3828 el1_sched-ba795739d7a1a0f3`carrick_vmm_hvf::trap::HvfInner::run_to_exit_inner::h7c97e573f3280c8e(vcpu=<unavailable>, mailbox=<unavailable>, kick_armed=<unavailable>) at trap.rs:7511:18 [opt]
       frame #7: 0x00000001003e36b0 el1_sched-ba795739d7a1a0f3`carrick_vmm_hvf::trap::HvfInner::run_to_exit::h7f1a3952404f978b(vcpu=<unavailable>, mailbox=<unavailable>) at trap.rs:7452:20 [opt]
       frame #8: 0x000000010046fbc4 el1_sched-ba795739d7a1a0f3`_$LT$carrick_vmm_hvf..hvf_aarch64_engine..HvfAarch64Vcpu$u20$as$u20$carrick_aarch64..vmm..Aarch64Vcpu$GT$::run::hb51a24fd9eb1504d(self=0x0000000170ee2d80) at hvf_aarch64_engine.rs:581:20 [opt]
       frame #9: 0x00000001004755f0 el1_sched-ba795739d7a1a0f3`carrick_aarch64::engine::Aarch64EngineCore$LT$V$GT$::run_idle_entry_on_vcpu::h38dd27d3237f41ff(vcpu=0x0000000170ee2d80, carrier_root=CarrierMaintenanceRoot @ scalar, frame_va=<unavailable>) at engine.rs:1547:24 [opt]
       frame #10: 0x00000001004753a8 el1_sched-ba795739d7a1a0f3`carrick_vmm_hvf::hvf_aarch64_engine::run_worker_idle_entry::hd039330b57470c84(vmm=<unavailable>, vcpu=0x0000000170ee2d80, frame_va=<unavailable>) at hvf_aarch64_engine.rs:1421:9 [opt]
       frame #11: 0x000000010032a384 el1_sched-ba795739d7a1a0f3`_$LT$carrick_runtime..vcpu_loop..executor..backend..HvpatchPersistentExecutor$u20$as$u20$carrick_runtime..vcpu_loop..executor..backend..PersistentExecutor$GT$::wait_in_guest::ha222b18e55ff655a(self=0x0000000170ee22e0) at backend.rs:1192:13 [opt]
       frame #12: 0x0000000100266a90 el1_sched-ba795739d7a1a0f3`carrick_runtime::vcpu_loop::executor::next_runnable::h33b3687b36dfd804(scheduler=<unavailable>, backend=0x0000000170ee22e0, registration=0x0000000170ee22b0, kick=0x000000012980d810) at executor.rs:1540:26 [opt]
       frame #13: 0x0000000100266a7c el1_sched-ba795739d7a1a0f3`carrick_runtime::vcpu_loop::executor::run_executor_loop::h16559fca504fb64c(scheduler=<unavailable>, resolver=0x0000000170ee2268, backend=<unavailable>, runtime=<unavailable>, commands=<unavailable>) at executor.rs:278:27 [opt]
       frame #14: 0x0000000100263dd0 el1_sched-ba795739d7a1a0f3`carrick_runtime::vcpu_loop::executor::executor_worker::_$u7b$$u7b$closure$u7d$$u7d$::h9caefef6dadcaa07 at executor.rs:155:39 [opt]
       frame #15: 0x0000000100263cb8 el1_sched-ba795739d7a1a0f3`core::ops::function::FnOnce::call_once::h8a1267a422c367e1((null)={closure_env#1}<carrick_runtime::vcpu_loop::executor::backend::HvpatchPersistentExecutorFactory, carrick_runtime::vcpu_loop::executor::binding::HvpatchTaskBindingDirectory> @ 0x0000007795590780, (null)=<unavailable>) at function.rs:250:5 [opt] [inlined]
       frame #16: 0x0000000100263cb8 el1_sched-ba795739d7a1a0f3`_$LT$core..panic..unwind_safe..AssertUnwindSafe$LT$F$GT$$u20$as$u20$core..ops..function..FnOnce$LT$$LP$$RP$$GT$$GT$::call_once::h5f3fe5d9958d86ad(self=AssertUnwindSafe<carrick_runtime::vcpu_loop::executor::executor_worker::{closure_env#1}<carrick_runtime::vcpu_loop::executor::backend::HvpatchPersistentExecutorFactory, carrick_runtime::vcpu_loop::executor::binding::HvpatchTaskBindingDirectory>> @ 0x0000007795590a80, (null)=<unavailable>) at unwind_safe.rs:275:9 [opt] [inlined]
       frame #17: 0x0000000100263cb8 el1_sched-ba795739d7a1a0f3`std::panicking::catch_unwind::do_call::h29ce9e822a642d98(data=<unavailable>) at panicking.rs:581:40 [opt]
       frame #18: 0x0000000100263cb8 el1_sched-ba795739d7a1a0f3`std::panicking::catch_unwind::h1a41084116cdd5ec(f=AssertUnwindSafe<carrick_runtime::vcpu_loop::executor::executor_worker::{closure_env#1}<carrick_runtime::vcpu_loop::executor::backend::HvpatchPersistentExecutorFactory, carrick_runtime::vcpu_loop::executor::binding::HvpatchTaskBindingDirectory>> @ 0x0000007795590ae0) at panicking.rs:544:19 [opt]
       frame #19: 0x0000000100263cb8 el1_sched-ba795739d7a1a0f3`std::panic::catch_unwind::h9e6697967e43cc34(f=AssertUnwindSafe<carrick_runtime::vcpu_loop::executor::executor_worker::{closure_env#1}<carrick_runtime::vcpu_loop::executor::backend::HvpatchPersistentExecutorFactory, carrick_runtime::vcpu_loop::executor::binding::HvpatchTaskBindingDirectory>> @ 0x0000007795590b40) at panic.rs:359:14 [opt] [inlined]
       frame #20: 0x0000000100263cb8 el1_sched-ba795739d7a1a0f3`carrick_runtime::vcpu_loop::executor::executor_worker::h6659650ec665c127(slot=<unavailable>, scheduler=Arc<carrick_kernel::kernel::scheduler::Scheduler, alloc::alloc::Global> @ 0x0000000170ee2258, factory=Arc<carrick_runtime::vcpu_loop::executor::backend::HvpatchPersistentExecutorFactory, alloc::alloc::Global> @ 0x0000000170ee2260, resolver=Arc<carrick_runtime::vcpu_loop::executor::binding::HvpatchTaskBindingDirectory, alloc::alloc::Global> @ 0x0000000170ee2268, receipts=Arc<carrick_runtime::vcpu_loop::executor::pool::ReceiptLog, alloc::alloc::Global> @ 0x0000000170ee2270, control=Arc<carrick_runtime::vcpu_loop::executor::pool::PoolControl, alloc::alloc::Global> @ 0x0000000170ee2278, channels=<unavailable>) at executor.rs:125:21 [opt]
       frame #21: 0x00000001002412c0 el1_sched-ba795739d7a1a0f3`carrick_runtime::vcpu_loop::executor::pool::ExecutorPool$LT$F$C$R$GT$::start::_$u7b$$u7b$closure$u7d$$u7d$::hb743ce58afda6e7c at pool.rs:987:21 [opt] [inlined]
       frame #22: 0x0000000100241294 el1_sched-ba795739d7a1a0f3`std::sys::backtrace::__rust_begin_short_backtrace::hf904e9adac42143e(f=<unavailable>) at backtrace.rs:166:18 [opt]
       frame #23: 0x000000010031d734 el1_sched-ba795739d7a1a0f3`std::thread::lifecycle::spawn_unchecked::_$u7b$$u7b$closure$u7d$$u7d$::_$u7b$$u7b$closure$u7d$$u7d$::h6f97fec13f2b11b2 at lifecycle.rs:91:13 [opt] [inlined]
       frame #24: 0x000000010031d6f8 el1_sched-ba795739d7a1a0f3`_$LT$core..panic..unwind_safe..AssertUnwindSafe$LT$F$GT$$u20$as$u20$core..ops..function..FnOnce$LT$$LP$$RP$$GT$$GT$::call_once::h6ca9278a66b3246b(self=AssertUnwindSafe<std::thread::lifecycle::spawn_unchecked::{closure#1}::{closure_env#0}<carrick_runtime::vcpu_loop::executor::pool::{impl#15}::start::{closure_env#4}<carrick_runtime::vcpu_loop::executor::backend::HvpatchPersistentExecutorFactory, carrick_runtime::vcpu_loop::executor::binding::HvpatchTaskBindingDirectory>, carrick_runtime::vcpu_loop::executor::pool::WorkerOutcome>> @ 0x00000077bebf3980, (null)=<unavailable>) at unwind_safe.rs:275:9 [opt] [inlined]
       frame #25: 0x000000010031d6ec el1_sched-ba795739d7a1a0f3`std::panicking::catch_unwind::do_call::h26fe3308ed829988(data=<unavailable>) at panicking.rs:581:40 [opt]
       frame #26: 0x000000010031d6ec el1_sched-ba795739d7a1a0f3`std::panicking::catch_unwind::h685e6787e1d99c3d(f=AssertUnwindSafe<std::thread::lifecycle::spawn_unchecked::{closure#1}::{closure_env#0}<carrick_runtime::vcpu_loop::executor::pool::{impl#15}::start::{closure_env#4}<carrick_runtime::vcpu_loop::executor::backend::HvpatchPersistentExecutorFactory, carrick_runtime::vcpu_loop::executor::binding::HvpatchTaskBindingDirectory>, carrick_runtime::vcpu_loop::executor::pool::WorkerOutcome>> @ 0x00000077bebf3a00) at panicking.rs:544:19 [opt]
       frame #27: 0x000000010031d6ec el1_sched-ba795739d7a1a0f3`std::panic::catch_unwind::h8edd4e8e12c9ad12(f=AssertUnwindSafe<std::thread::lifecycle::spawn_unchecked::{closure#1}::{closure_env#0}<carrick_runtime::vcpu_loop::executor::pool::{impl#15}::start::{closure_env#4}<carrick_runtime::vcpu_loop::executor::backend::HvpatchPersistentExecutorFactory, carrick_runtime::vcpu_loop::executor::binding::HvpatchTaskBindingDirectory>, carrick_runtime::vcpu_loop::executor::pool::WorkerOutcome>> @ 0x00000077bebf3900) at panic.rs:359:14 [opt] [inlined]
       frame #28: 0x000000010031d6ec el1_sched-ba795739d7a1a0f3`std::thread::lifecycle::spawn_unchecked::_$u7b$$u7b$closure$u7d$$u7d$::ha34d47043a5b9232 at lifecycle.rs:89:26 [opt] [inlined]
       frame #29: 0x000000010031d6b8 el1_sched-ba795739d7a1a0f3`core::ops::function::FnOnce::call_once$u7b$$u7b$vtable.shim$u7d$$u7d$::hdb2a01d778d5ac22((null)=<unavailable>, (null)=<unavailable>) at function.rs:250:5 [opt]
       frame #30: 0x0000000100db4354 el1_sched-ba795739d7a1a0f3`<alloc::boxed::Box<dyn core::ops::function::FnOnce<(), Output = ()> + core::marker::Send> as core::ops::function::FnOnce<()>>::call_once at boxed.rs:2249:9 [opt] [inlined]
       frame #31: 0x0000000100db4348 el1_sched-ba795739d7a1a0f3`<std::sys::thread::unix::Thread>::new::thread_start at unix.rs:118:17 [opt]
       frame #32: 0x000000018a8ffd00 libsystem_pthread.dylib`_pthread_start + 136
  thread #11, name = 'carrick-executor-1'
       frame #0: 0x000000018a8be50c libsystem_kernel.dylib`__psynch_cvwait + 8
       frame #1: 0x000000018a9001d0 libsystem_pthread.dylib`_pthread_cond_wait + 980
       frame #2: 0x0000000260b26540 Hypervisor`Base::Threading::ForceExitableEvent::wait() + 108
       frame #3: 0x0000000260b261ac Hypervisor`HvCore::Hypervisor::VcpuStateManager::wait_for_interrupt() + 684
       frame #4: 0x0000000260adea64 Hypervisor`Hv::Vcpu::run() + 64
       frame #5: 0x00000001004e4d1c el1_sched-ba795739d7a1a0f3`applevisor::vcpu::Vcpu::run::h9ac3ac5faebfe78c(self=<unavailable>) at vcpu.rs:191:25 [opt]
       frame #6: 0x00000001003e3828 el1_sched-ba795739d7a1a0f3`carrick_vmm_hvf::trap::HvfInner::run_to_exit_inner::h7c97e573f3280c8e(vcpu=<unavailable>, mailbox=<unavailable>, kick_armed=<unavailable>) at trap.rs:7511:18 [opt]
       frame #7: 0x00000001003e36b0 el1_sched-ba795739d7a1a0f3`carrick_vmm_hvf::trap::HvfInner::run_to_exit::h7f1a3952404f978b(vcpu=<unavailable>, mailbox=<unavailable>) at trap.rs:7452:20 [opt]
       frame #8: 0x000000010046fbc4 el1_sched-ba795739d7a1a0f3`_$LT$carrick_vmm_hvf..hvf_aarch64_engine..HvfAarch64Vcpu$u20$as$u20$carrick_aarch64..vmm..Aarch64Vcpu$GT$::run::hb51a24fd9eb1504d(self=0x00000001710eed80) at hvf_aarch64_engine.rs:581:20 [opt]
       frame #9: 0x00000001004755f0 el1_sched-ba795739d7a1a0f3`carrick_aarch64::engine::Aarch64EngineCore$LT$V$GT$::run_idle_entry_on_vcpu::h38dd27d3237f41ff(vcpu=0x00000001710eed80, carrier_root=CarrierMaintenanceRoot @ scalar, frame_va=<unavailable>) at engine.rs:1547:24 [opt]
       frame #10: 0x00000001004753a8 el1_sched-ba795739d7a1a0f3`carrick_vmm_hvf::hvf_aarch64_engine::run_worker_idle_entry::hd039330b57470c84(vmm=<unavailable>, vcpu=0x00000001710eed80, frame_va=<unavailable>) at hvf_aarch64_engine.rs:1421:9 [opt]
       frame #11: 0x000000010032a384 el1_sched-ba795739d7a1a0f3`_$LT$carrick_runtime..vcpu_loop..executor..backend..HvpatchPersistentExecutor$u20$as$u20$carrick_runtime..vcpu_loop..executor..backend..PersistentExecutor$GT$::wait_in_guest::ha222b18e55ff655a(self=0x00000001710ee2e0) at backend.rs:1192:13 [opt]
       frame #12: 0x0000000100266a90 el1_sched-ba795739d7a1a0f3`carrick_runtime::vcpu_loop::executor::next_runnable::h33b3687b36dfd804(scheduler=<unavailable>, backend=0x00000001710ee2e0, registration=0x00000001710ee2b0, kick=0x0000000129a08d60) at executor.rs:1540:26 [opt]
       frame #13: 0x0000000100266a7c el1_sched-ba795739d7a1a0f3`carrick_runtime::vcpu_loop::executor::run_executor_loop::h16559fca504fb64c(scheduler=<unavailable>, resolver=0x00000001710ee268, backend=<unavailable>, runtime=<unavailable>, commands=<unavailable>) at executor.rs:278:27 [opt]
       frame #14: 0x0000000100263dd0 el1_sched-ba795739d7a1a0f3`carrick_runtime::vcpu_loop::executor::executor_worker::_$u7b$$u7b$closure$u7d$$u7d$::h9caefef6dadcaa07 at executor.rs:155:39 [opt]
       frame #15: 0x0000000100263cb8 el1_sched-ba795739d7a1a0f3`core::ops::function::FnOnce::call_once::h8a1267a422c367e1((null)={closure_env#1}<carrick_runtime::vcpu_loop::executor::backend::HvpatchPersistentExecutorFactory, carrick_runtime::vcpu_loop::executor::binding::HvpatchTaskBindingDirectory> @ 0x00000077955a08a0, (null)=<unavailable>) at function.rs:250:5 [opt] [inlined]
       frame #16: 0x0000000100263cb8 el1_sched-ba795739d7a1a0f3`_$LT$core..panic..unwind_safe..AssertUnwindSafe$LT$F$GT$$u20$as$u20$core..ops..function..FnOnce$LT$$LP$$RP$$GT$$GT$::call_once::h5f3fe5d9958d86ad(self=AssertUnwindSafe<carrick_runtime::vcpu_loop::executor::executor_worker::{closure_env#1}<carrick_runtime::vcpu_loop::executor::backend::HvpatchPersistentExecutorFactory, carrick_runtime::vcpu_loop::executor::binding::HvpatchTaskBindingDirectory>> @ 0x00000077955a0900, (null)=<unavailable>) at unwind_safe.rs:275:9 [opt] [inlined]
       frame #17: 0x0000000100263cb8 el1_sched-ba795739d7a1a0f3`std::panicking::catch_unwind::do_call::h29ce9e822a642d98(data=<unavailable>) at panicking.rs:581:40 [opt]
       frame #18: 0x0000000100263cb8 el1_sched-ba795739d7a1a0f3`std::panicking::catch_unwind::h1a41084116cdd5ec(f=AssertUnwindSafe<carrick_runtime::vcpu_loop::executor::executor_worker::{closure_env#1}<carrick_runtime::vcpu_loop::executor::backend::HvpatchPersistentExecutorFactory, carrick_runtime::vcpu_loop::executor::binding::HvpatchTaskBindingDirectory>> @ 0x00000077955a0840) at panicking.rs:544:19 [opt]
       frame #19: 0x0000000100263cb8 el1_sched-ba795739d7a1a0f3`std::panic::catch_unwind::h9e6697967e43cc34(f=AssertUnwindSafe<carrick_runtime::vcpu_loop::executor::executor_worker::{closure_env#1}<carrick_runtime::vcpu_loop::executor::backend::HvpatchPersistentExecutorFactory, carrick_runtime::vcpu_loop::executor::binding::HvpatchTaskBindingDirectory>> @ 0x00000077955a08a0) at panic.rs:359:14 [opt] [inlined]
       frame #20: 0x0000000100263cb8 el1_sched-ba795739d7a1a0f3`carrick_runtime::vcpu_loop::executor::executor_worker::h6659650ec665c127(slot=<unavailable>, scheduler=Arc<carrick_kernel::kernel::scheduler::Scheduler, alloc::alloc::Global> @ 0x00000001710ee258, factory=Arc<carrick_runtime::vcpu_loop::executor::backend::HvpatchPersistentExecutorFactory, alloc::alloc::Global> @ 0x00000001710ee260, resolver=Arc<carrick_runtime::vcpu_loop::executor::binding::HvpatchTaskBindingDirectory, alloc::alloc::Global> @ 0x00000001710ee268, receipts=Arc<carrick_runtime::vcpu_loop::executor::pool::ReceiptLog, alloc::alloc::Global> @ 0x00000001710ee270, control=Arc<carrick_runtime::vcpu_loop::executor::pool::PoolControl, alloc::alloc::Global> @ 0x00000001710ee278, channels=<unavailable>) at executor.rs:125:21 [opt]
       frame #21: 0x00000001002412c0 el1_sched-ba795739d7a1a0f3`carrick_runtime::vcpu_loop::executor::pool::ExecutorPool$LT$F$C$R$GT$::start::_$u7b$$u7b$closure$u7d$$u7d$::hb743ce58afda6e7c at pool.rs:987:21 [opt] [inlined]
       frame #22: 0x0000000100241294 el1_sched-ba795739d7a1a0f3`std::sys::backtrace::__rust_begin_short_backtrace::hf904e9adac42143e(f=<unavailable>) at backtrace.rs:166:18 [opt]
       frame #23: 0x000000010031d734 el1_sched-ba795739d7a1a0f3`std::thread::lifecycle::spawn_unchecked::_$u7b$$u7b$closure$u7d$$u7d$::_$u7b$$u7b$closure$u7d$$u7d$::h6f97fec13f2b11b2 at lifecycle.rs:91:13 [opt] [inlined]
       frame #24: 0x000000010031d6f8 el1_sched-ba795739d7a1a0f3`_$LT$core..panic..unwind_safe..AssertUnwindSafe$LT$F$GT$$u20$as$u20$core..ops..function..FnOnce$LT$$LP$$RP$$GT$$GT$::call_once::h6ca9278a66b3246b(self=AssertUnwindSafe<std::thread::lifecycle::spawn_unchecked::{closure#1}::{closure_env#0}<carrick_runtime::vcpu_loop::executor::pool::{impl#15}::start::{closure_env#4}<carrick_runtime::vcpu_loop::executor::backend::HvpatchPersistentExecutorFactory, carrick_runtime::vcpu_loop::executor::binding::HvpatchTaskBindingDirectory>, carrick_runtime::vcpu_loop::executor::pool::WorkerOutcome>> @ 0x00000077bebf3980, (null)=<unavailable>) at unwind_safe.rs:275:9 [opt] [inlined]
       frame #25: 0x000000010031d6ec el1_sched-ba795739d7a1a0f3`std::panicking::catch_unwind::do_call::h26fe3308ed829988(data=<unavailable>) at panicking.rs:581:40 [opt]
       frame #26: 0x000000010031d6ec el1_sched-ba795739d7a1a0f3`std::panicking::catch_unwind::h685e6787e1d99c3d(f=AssertUnwindSafe<std::thread::lifecycle::spawn_unchecked::{closure#1}::{closure_env#0}<carrick_runtime::vcpu_loop::executor::pool::{impl#15}::start::{closure_env#4}<carrick_runtime::vcpu_loop::executor::backend::HvpatchPersistentExecutorFactory, carrick_runtime::vcpu_loop::executor::binding::HvpatchTaskBindingDirectory>, carrick_runtime::vcpu_loop::executor::pool::WorkerOutcome>> @ 0x00000077bebf3a00) at panicking.rs:544:19 [opt]
       frame #27: 0x000000010031d6ec el1_sched-ba795739d7a1a0f3`std::panic::catch_unwind::h8edd4e8e12c9ad12(f=AssertUnwindSafe<std::thread::lifecycle::spawn_unchecked::{closure#1}::{closure_env#0}<carrick_runtime::vcpu_loop::executor::pool::{impl#15}::start::{closure_env#4}<carrick_runtime::vcpu_loop::executor::backend::HvpatchPersistentExecutorFactory, carrick_runtime::vcpu_loop::executor::binding::HvpatchTaskBindingDirectory>, carrick_runtime::vcpu_loop::executor::pool::WorkerOutcome>> @ 0x00000077bebf3900) at panic.rs:359:14 [opt] [inlined]
       frame #28: 0x000000010031d6ec el1_sched-ba795739d7a1a0f3`std::thread::lifecycle::spawn_unchecked::_$u7b$$u7b$closure$u7d$$u7d$::ha34d47043a5b9232 at lifecycle.rs:89:26 [opt] [inlined]
       frame #29: 0x000000010031d6b8 el1_sched-ba795739d7a1a0f3`core::ops::function::FnOnce::call_once$u7b$$u7b$vtable.shim$u7d$$u7d$::hdb2a01d778d5ac22((null)=<unavailable>, (null)=<unavailable>) at function.rs:250:5 [opt]
       frame #30: 0x0000000100db4354 el1_sched-ba795739d7a1a0f3`<alloc::boxed::Box<dyn core::ops::function::FnOnce<(), Output = ()> + core::marker::Send> as core::ops::function::FnOnce<()>>::call_once at boxed.rs:2249:9 [opt] [inlined]
       frame #31: 0x0000000100db4348 el1_sched-ba795739d7a1a0f3`<std::sys::thread::unix::Thread>::new::thread_start at unix.rs:118:17 [opt]
       frame #32: 0x000000018a8ffd00 libsystem_pthread.dylib`_pthread_start + 136
  thread #12, name = 'carrick-executor-2'
       frame #0: 0x000000018a8be50c libsystem_kernel.dylib`__psynch_cvwait + 8
       frame #1: 0x000000018a9001d0 libsystem_pthread.dylib`_pthread_cond_wait + 980
       frame #2: 0x0000000100b1c704 el1_sched-ba795739d7a1a0f3`_$LT$parking_lot_core..thread_parker..imp..ThreadParker$u20$as$u20$parking_lot_core..thread_parker..ThreadParkerT$GT$::park::h57b0f9e3b8bc7cbb(self=0x000000012a8bd318) at unix.rs:77:21 [opt] [inlined]
       frame #3: 0x0000000100b1c6f4 el1_sched-ba795739d7a1a0f3`parking_lot_core::parking_lot::park::_$u7b$$u7b$closure$u7d$$u7d$::h2e420e8db8f72615(thread_data=0x000000012a8bd318) at parking_lot.rs:635:36 [opt]
       frame #4: 0x0000000100b1c65c el1_sched-ba795739d7a1a0f3`parking_lot_core::parking_lot::with_thread_data::h284d9e59aff5050c(f=<unavailable>) at parking_lot.rs:207:5 [opt]
       frame #5: 0x0000000100b1c51c el1_sched-ba795739d7a1a0f3`parking_lot_core::parking_lot::park::h115ba7316cfa6034(key=<unavailable>, validate=<unavailable>, before_sleep=<unavailable>, timed_out=<unavailable>, park_token=(__0 = 0), timeout=<unavailable>) at parking_lot.rs:600:5 [opt] [inlined]
       frame #6: 0x0000000100b1c51c el1_sched-ba795739d7a1a0f3`parking_lot::condvar::Condvar::wait_until_internal::heb307538a997ec5d(self=0x0000000128e18560, mutex=0x0000000128e18568, timeout=Option<std::time::Instant> @ 0x000000779907cea0) at condvar.rs:334:17 [opt]
       frame #7: 0x000000010026dddc el1_sched-ba795739d7a1a0f3`parking_lot::condvar::Condvar::wait::h87210e8b09efb22c(self=<unavailable>, mutex_guard=<unavailable>) at condvar.rs:256:14 [opt] [inlined]
       frame #8: 0x000000010026ddc8 el1_sched-ba795739d7a1a0f3`carrick_runtime::vcpu_loop::executor::pool::PoolControl::wait_for_shutdown::he71c5d163d4eeb37(self=0x0000000128e18550) at pool.rs:524:35 [opt]
       frame #9: 0x000000010026465c el1_sched-ba795739d7a1a0f3`carrick_runtime::vcpu_loop::executor::executor_worker::h6659650ec665c127(slot=<unavailable>, scheduler=Arc<carrick_kernel::kernel::scheduler::Scheduler, alloc::alloc::Global> @ 0x00000001712fa258, factory=Arc<carrick_runtime::vcpu_loop::executor::backend::HvpatchPersistentExecutorFactory, alloc::alloc::Global> @ 0x00000001712fa260, resolver=Arc<carrick_runtime::vcpu_loop::executor::binding::HvpatchTaskBindingDirectory, alloc::alloc::Global> @ 0x00000001712fa268, receipts=Arc<carrick_runtime::vcpu_loop::executor::pool::ReceiptLog, alloc::alloc::Global> @ 0x00000001712fa270, control=Arc<carrick_runtime::vcpu_loop::executor::pool::PoolControl, alloc::alloc::Global> @ 0x00000001712fa278, channels=<unavailable>) at executor.rs:231:17 [opt]
       frame #10: 0x00000001002412c0 el1_sched-ba795739d7a1a0f3`carrick_runtime::vcpu_loop::executor::pool::ExecutorPool$LT$F$C$R$GT$::start::_$u7b$$u7b$closure$u7d$$u7d$::hb743ce58afda6e7c at pool.rs:987:21 [opt] [inlined]
       frame #11: 0x0000000100241294 el1_sched-ba795739d7a1a0f3`std::sys::backtrace::__rust_begin_short_backtrace::hf904e9adac42143e(f=<unavailable>) at backtrace.rs:166:18 [opt]
       frame #12: 0x000000010031d734 el1_sched-ba795739d7a1a0f3`std::thread::lifecycle::spawn_unchecked::_$u7b$$u7b$closure$u7d$$u7d$::_$u7b$$u7b$closure$u7d$$u7d$::h6f97fec13f2b11b2 at lifecycle.rs:91:13 [opt] [inlined]
       frame #13: 0x000000010031d6f8 el1_sched-ba795739d7a1a0f3`_$LT$core..panic..unwind_safe..AssertUnwindSafe$LT$F$GT$$u20$as$u20$core..ops..function..FnOnce$LT$$LP$$RP$$GT$$GT$::call_once::h6ca9278a66b3246b(self=AssertUnwindSafe<std::thread::lifecycle::spawn_unchecked::{closure#1}::{closure_env#0}<carrick_runtime::vcpu_loop::executor::pool::{impl#15}::start::{closure_env#4}<carrick_runtime::vcpu_loop::executor::backend::HvpatchPersistentExecutorFactory, carrick_runtime::vcpu_loop::executor::binding::HvpatchTaskBindingDirectory>, carrick_runtime::vcpu_loop::executor::pool::WorkerOutcome>> @ 0x00000077bebf3980, (null)=<unavailable>) at unwind_safe.rs:275:9 [opt] [inlined]
       frame #14: 0x000000010031d6ec el1_sched-ba795739d7a1a0f3`std::panicking::catch_unwind::do_call::h26fe3308ed829988(data=<unavailable>) at panicking.rs:581:40 [opt]
       frame #15: 0x000000010031d6ec el1_sched-ba795739d7a1a0f3`std::panicking::catch_unwind::h685e6787e1d99c3d(f=AssertUnwindSafe<std::thread::lifecycle::spawn_unchecked::{closure#1}::{closure_env#0}<carrick_runtime::vcpu_loop::executor::pool::{impl#15}::start::{closure_env#4}<carrick_runtime::vcpu_loop::executor::backend::HvpatchPersistentExecutorFactory, carrick_runtime::vcpu_loop::executor::binding::HvpatchTaskBindingDirectory>, carrick_runtime::vcpu_loop::executor::pool::WorkerOutcome>> @ 0x00000077bebf3a00) at panicking.rs:544:19 [opt]
       frame #16: 0x000000010031d6ec el1_sched-ba795739d7a1a0f3`std::panic::catch_unwind::h8edd4e8e12c9ad12(f=AssertUnwindSafe<std::thread::lifecycle::spawn_unchecked::{closure#1}::{closure_env#0}<carrick_runtime::vcpu_loop::executor::pool::{impl#15}::start::{closure_env#4}<carrick_runtime::vcpu_loop::executor::backend::HvpatchPersistentExecutorFactory, carrick_runtime::vcpu_loop::executor::binding::HvpatchTaskBindingDirectory>, carrick_runtime::vcpu_loop::executor::pool::WorkerOutcome>> @ 0x00000077bebf3900) at panic.rs:359:14 [opt] [inlined]
       frame #17: 0x000000010031d6ec el1_sched-ba795739d7a1a0f3`std::thread::lifecycle::spawn_unchecked::_$u7b$$u7b$closure$u7d$$u7d$::ha34d47043a5b9232 at lifecycle.rs:89:26 [opt] [inlined]
       frame #18: 0x000000010031d6b8 el1_sched-ba795739d7a1a0f3`core::ops::function::FnOnce::call_once$u7b$$u7b$vtable.shim$u7d$$u7d$::hdb2a01d778d5ac22((null)=<unavailable>, (null)=<unavailable>) at function.rs:250:5 [opt]
       frame #19: 0x0000000100db4354 el1_sched-ba795739d7a1a0f3`<alloc::boxed::Box<dyn core::ops::function::FnOnce<(), Output = ()> + core::marker::Send> as core::ops::function::FnOnce<()>>::call_once at boxed.rs:2249:9 [opt] [inlined]
       frame #20: 0x0000000100db4348 el1_sched-ba795739d7a1a0f3`<std::sys::thread::unix::Thread>::new::thread_start at unix.rs:118:17 [opt]
       frame #21: 0x000000018a8ffd00 libsystem_pthread.dylib`_pthread_start + 136
  thread #13, name = 'carrick-executor-3'
       frame #0: 0x000000018a8be50c libsystem_kernel.dylib`__psynch_cvwait + 8
       frame #1: 0x000000018a9001d0 libsystem_pthread.dylib`_pthread_cond_wait + 980
       frame #2: 0x0000000260b26540 Hypervisor`Base::Threading::ForceExitableEvent::wait() + 108
       frame #3: 0x0000000260b261ac Hypervisor`HvCore::Hypervisor::VcpuStateManager::wait_for_interrupt() + 684
       frame #4: 0x0000000260adea64 Hypervisor`Hv::Vcpu::run() + 64
       frame #5: 0x00000001004e4d1c el1_sched-ba795739d7a1a0f3`applevisor::vcpu::Vcpu::run::h9ac3ac5faebfe78c(self=<unavailable>) at vcpu.rs:191:25 [opt]
       frame #6: 0x00000001003e3828 el1_sched-ba795739d7a1a0f3`carrick_vmm_hvf::trap::HvfInner::run_to_exit_inner::h7c97e573f3280c8e(vcpu=<unavailable>, mailbox=<unavailable>, kick_armed=<unavailable>) at trap.rs:7511:18 [opt]
       frame #7: 0x00000001003e36b0 el1_sched-ba795739d7a1a0f3`carrick_vmm_hvf::trap::HvfInner::run_to_exit::h7f1a3952404f978b(vcpu=<unavailable>, mailbox=<unavailable>) at trap.rs:7452:20 [opt]
       frame #8: 0x000000010046fbc4 el1_sched-ba795739d7a1a0f3`_$LT$carrick_vmm_hvf..hvf_aarch64_engine..HvfAarch64Vcpu$u20$as$u20$carrick_aarch64..vmm..Aarch64Vcpu$GT$::run::hb51a24fd9eb1504d(self=0x0000000171506d80) at hvf_aarch64_engine.rs:581:20 [opt]
       frame #9: 0x00000001004755f0 el1_sched-ba795739d7a1a0f3`carrick_aarch64::engine::Aarch64EngineCore$LT$V$GT$::run_idle_entry_on_vcpu::h38dd27d3237f41ff(vcpu=0x0000000171506d80, carrier_root=CarrierMaintenanceRoot @ scalar, frame_va=<unavailable>) at engine.rs:1547:24 [opt]
       frame #10: 0x00000001004753a8 el1_sched-ba795739d7a1a0f3`carrick_vmm_hvf::hvf_aarch64_engine::run_worker_idle_entry::hd039330b57470c84(vmm=<unavailable>, vcpu=0x0000000171506d80, frame_va=<unavailable>) at hvf_aarch64_engine.rs:1421:9 [opt]
       frame #11: 0x000000010032a384 el1_sched-ba795739d7a1a0f3`_$LT$carrick_runtime..vcpu_loop..executor..backend..HvpatchPersistentExecutor$u20$as$u20$carrick_runtime..vcpu_loop..executor..backend..PersistentExecutor$GT$::wait_in_guest::ha222b18e55ff655a(self=0x00000001715062e0) at backend.rs:1192:13 [opt]
       frame #12: 0x0000000100266a90 el1_sched-ba795739d7a1a0f3`carrick_runtime::vcpu_loop::executor::next_runnable::h33b3687b36dfd804(scheduler=<unavailable>, backend=0x00000001715062e0, registration=0x00000001715062b0, kick=0x000000012980e7d0) at executor.rs:1540:26 [opt]
       frame #13: 0x0000000100266a7c el1_sched-ba795739d7a1a0f3`carrick_runtime::vcpu_loop::executor::run_executor_loop::h16559fca504fb64c(scheduler=<unavailable>, resolver=0x0000000171506268, backend=<unavailable>, runtime=<unavailable>, commands=<unavailable>) at executor.rs:278:27 [opt]
       frame #14: 0x0000000100263dd0 el1_sched-ba795739d7a1a0f3`carrick_runtime::vcpu_loop::executor::executor_worker::_$u7b$$u7b$closure$u7d$$u7d$::h9caefef6dadcaa07 at executor.rs:155:39 [opt]
       frame #15: 0x0000000100263cb8 el1_sched-ba795739d7a1a0f3`core::ops::function::FnOnce::call_once::h8a1267a422c367e1((null)={closure_env#1}<carrick_runtime::vcpu_loop::executor::backend::HvpatchPersistentExecutorFactory, carrick_runtime::vcpu_loop::executor::binding::HvpatchTaskBindingDirectory> @ 0x00000077955a1b00, (null)=<unavailable>) at function.rs:250:5 [opt] [inlined]
       frame #16: 0x0000000100263cb8 el1_sched-ba795739d7a1a0f3`_$LT$core..panic..unwind_safe..AssertUnwindSafe$LT$F$GT$$u20$as$u20$core..ops..function..FnOnce$LT$$LP$$RP$$GT$$GT$::call_once::h5f3fe5d9958d86ad(self=AssertUnwindSafe<carrick_runtime::vcpu_loop::executor::executor_worker::{closure_env#1}<carrick_runtime::vcpu_loop::executor::backend::HvpatchPersistentExecutorFactory, carrick_runtime::vcpu_loop::executor::binding::HvpatchTaskBindingDirectory>> @ 0x00000077955a1b60, (null)=<unavailable>) at unwind_safe.rs:275:9 [opt] [inlined]
       frame #17: 0x0000000100263cb8 el1_sched-ba795739d7a1a0f3`std::panicking::catch_unwind::do_call::h29ce9e822a642d98(data=<unavailable>) at panicking.rs:581:40 [opt]
       frame #18: 0x0000000100263cb8 el1_sched-ba795739d7a1a0f3`std::panicking::catch_unwind::h1a41084116cdd5ec(f=AssertUnwindSafe<carrick_runtime::vcpu_loop::executor::executor_worker::{closure_env#1}<carrick_runtime::vcpu_loop::executor::backend::HvpatchPersistentExecutorFactory, carrick_runtime::vcpu_loop::executor::binding::HvpatchTaskBindingDirectory>> @ 0x00000077955a1aa0) at panicking.rs:544:19 [opt]
       frame #19: 0x0000000100263cb8 el1_sched-ba795739d7a1a0f3`std::panic::catch_unwind::h9e6697967e43cc34(f=AssertUnwindSafe<carrick_runtime::vcpu_loop::executor::executor_worker::{closure_env#1}<carrick_runtime::vcpu_loop::executor::backend::HvpatchPersistentExecutorFactory, carrick_runtime::vcpu_loop::executor::binding::HvpatchTaskBindingDirectory>> @ 0x00000077955a1b00) at panic.rs:359:14 [opt] [inlined]
       frame #20: 0x0000000100263cb8 el1_sched-ba795739d7a1a0f3`carrick_runtime::vcpu_loop::executor::executor_worker::h6659650ec665c127(slot=<unavailable>, scheduler=Arc<carrick_kernel::kernel::scheduler::Scheduler, alloc::alloc::Global> @ 0x0000000171506258, factory=Arc<carrick_runtime::vcpu_loop::executor::backend::HvpatchPersistentExecutorFactory, alloc::alloc::Global> @ 0x0000000171506260, resolver=Arc<carrick_runtime::vcpu_loop::executor::binding::HvpatchTaskBindingDirectory, alloc::alloc::Global> @ 0x0000000171506268, receipts=Arc<carrick_runtime::vcpu_loop::executor::pool::ReceiptLog, alloc::alloc::Global> @ 0x0000000171506270, control=Arc<carrick_runtime::vcpu_loop::executor::pool::PoolControl, alloc::alloc::Global> @ 0x0000000171506278, channels=<unavailable>) at executor.rs:125:21 [opt]
       frame #21: 0x00000001002412c0 el1_sched-ba795739d7a1a0f3`carrick_runtime::vcpu_loop::executor::pool::ExecutorPool$LT$F$C$R$GT$::start::_$u7b$$u7b$closure$u7d$$u7d$::hb743ce58afda6e7c at pool.rs:987:21 [opt] [inlined]
       frame #22: 0x0000000100241294 el1_sched-ba795739d7a1a0f3`std::sys::backtrace::__rust_begin_short_backtrace::hf904e9adac42143e(f=<unavailable>) at backtrace.rs:166:18 [opt]
       frame #23: 0x000000010031d734 el1_sched-ba795739d7a1a0f3`std::thread::lifecycle::spawn_unchecked::_$u7b$$u7b$closure$u7d$$u7d$::_$u7b$$u7b$closure$u7d$$u7d$::h6f97fec13f2b11b2 at lifecycle.rs:91:13 [opt] [inlined]
       frame #24: 0x000000010031d6f8 el1_sched-ba795739d7a1a0f3`_$LT$core..panic..unwind_safe..AssertUnwindSafe$LT$F$GT$$u20$as$u20$core..ops..function..FnOnce$LT$$LP$$RP$$GT$$GT$::call_once::h6ca9278a66b3246b(self=AssertUnwindSafe<std::thread::lifecycle::spawn_unchecked::{closure#1}::{closure_env#0}<carrick_runtime::vcpu_loop::executor::pool::{impl#15}::start::{closure_env#4}<carrick_runtime::vcpu_loop::executor::backend::HvpatchPersistentExecutorFactory, carrick_runtime::vcpu_loop::executor::binding::HvpatchTaskBindingDirectory>, carrick_runtime::vcpu_loop::executor::pool::WorkerOutcome>> @ 0x00000077bebf3980, (null)=<unavailable>) at unwind_safe.rs:275:9 [opt] [inlined]
       frame #25: 0x000000010031d6ec el1_sched-ba795739d7a1a0f3`std::panicking::catch_unwind::do_call::h26fe3308ed829988(data=<unavailable>) at panicking.rs:581:40 [opt]
       frame #26: 0x000000010031d6ec el1_sched-ba795739d7a1a0f3`std::panicking::catch_unwind::h685e6787e1d99c3d(f=AssertUnwindSafe<std::thread::lifecycle::spawn_unchecked::{closure#1}::{closure_env#0}<carrick_runtime::vcpu_loop::executor::pool::{impl#15}::start::{closure_env#4}<carrick_runtime::vcpu_loop::executor::backend::HvpatchPersistentExecutorFactory, carrick_runtime::vcpu_loop::executor::binding::HvpatchTaskBindingDirectory>, carrick_runtime::vcpu_loop::executor::pool::WorkerOutcome>> @ 0x00000077bebf3a00) at panicking.rs:544:19 [opt]
       frame #27: 0x000000010031d6ec el1_sched-ba795739d7a1a0f3`std::panic::catch_unwind::h8edd4e8e12c9ad12(f=AssertUnwindSafe<std::thread::lifecycle::spawn_unchecked::{closure#1}::{closure_env#0}<carrick_runtime::vcpu_loop::executor::pool::{impl#15}::start::{closure_env#4}<carrick_runtime::vcpu_loop::executor::backend::HvpatchPersistentExecutorFactory, carrick_runtime::vcpu_loop::executor::binding::HvpatchTaskBindingDirectory>, carrick_runtime::vcpu_loop::executor::pool::WorkerOutcome>> @ 0x00000077bebf3900) at panic.rs:359:14 [opt] [inlined]
       frame #28: 0x000000010031d6ec el1_sched-ba795739d7a1a0f3`std::thread::lifecycle::spawn_unchecked::_$u7b$$u7b$closure$u7d$$u7d$::ha34d47043a5b9232 at lifecycle.rs:89:26 [opt] [inlined]
       frame #29: 0x000000010031d6b8 el1_sched-ba795739d7a1a0f3`core::ops::function::FnOnce::call_once$u7b$$u7b$vtable.shim$u7d$$u7d$::hdb2a01d778d5ac22((null)=<unavailable>, (null)=<unavailable>) at function.rs:250:5 [opt]
       frame #30: 0x0000000100db4354 el1_sched-ba795739d7a1a0f3`<alloc::boxed::Box<dyn core::ops::function::FnOnce<(), Output = ()> + core::marker::Send> as core::ops::function::FnOnce<()>>::call_once at boxed.rs:2249:9 [opt] [inlined]
       frame #31: 0x0000000100db4348 el1_sched-ba795739d7a1a0f3`<std::sys::thread::unix::Thread>::new::thread_start at unix.rs:118:17 [opt]
       frame #32: 0x000000018a8ffd00 libsystem_pthread.dylib`_pthread_start + 136
  thread #14, name = 'carrick-executor-4'
       frame #0: 0x000000018a8be50c libsystem_kernel.dylib`__psynch_cvwait + 8
       frame #1: 0x000000018a9001d0 libsystem_pthread.dylib`_pthread_cond_wait + 980
       frame #2: 0x0000000100b1c704 el1_sched-ba795739d7a1a0f3`_$LT$parking_lot_core..thread_parker..imp..ThreadParker$u20$as$u20$parking_lot_core..thread_parker..ThreadParkerT$GT$::park::h57b0f9e3b8bc7cbb(self=0x000000012b009318) at unix.rs:77:21 [opt] [inlined]
       frame #3: 0x0000000100b1c6f4 el1_sched-ba795739d7a1a0f3`parking_lot_core::parking_lot::park::_$u7b$$u7b$closure$u7d$$u7d$::h2e420e8db8f72615(thread_data=0x000000012b009318) at parking_lot.rs:635:36 [opt]
       frame #4: 0x0000000100b1c65c el1_sched-ba795739d7a1a0f3`parking_lot_core::parking_lot::with_thread_data::h284d9e59aff5050c(f=<unavailable>) at parking_lot.rs:207:5 [opt]
       frame #5: 0x0000000100b1c51c el1_sched-ba795739d7a1a0f3`parking_lot_core::parking_lot::park::h115ba7316cfa6034(key=<unavailable>, validate=<unavailable>, before_sleep=<unavailable>, timed_out=<unavailable>, park_token=(__0 = 0), timeout=<unavailable>) at parking_lot.rs:600:5 [opt] [inlined]
       frame #6: 0x0000000100b1c51c el1_sched-ba795739d7a1a0f3`parking_lot::condvar::Condvar::wait_until_internal::heb307538a997ec5d(self=0x0000000128e17748, mutex=0x0000000128e176f0, timeout=Option<std::time::Instant> @ 0x000000779907d4e0) at condvar.rs:334:17 [opt]
       frame #7: 0x000000010098a6cc el1_sched-ba795739d7a1a0f3`parking_lot::condvar::Condvar::wait::h826538e9e90ec9a8(self=<unavailable>, mutex_guard=<unavailable>) at condvar.rs:256:14 [opt] [inlined]
       frame #8: 0x000000010098a6b8 el1_sched-ba795739d7a1a0f3`carrick_kernel::kernel::scheduler::RunQueue::park_spare::h1d681ef7b2c3ab3d(self=<unavailable>, executor=0x00000001717122b0) at scheduler.rs:2730:36 [opt]
       frame #9: 0x0000000100998098 el1_sched-ba795739d7a1a0f3`carrick_kernel::kernel::scheduler::RunQueue::try_take_row::h237a5c9bf85644e7(self=<unavailable>, executor=<unavailable>, auditors=<unavailable>) at scheduler.rs:2485:22 [opt] [inlined]
       frame #10: 0x0000000100998034 el1_sched-ba795739d7a1a0f3`carrick_kernel::kernel::scheduler::RunQueue::try_take::h7505a8f0c1713dc1(self=0x0000000128e177f8, executor=0x00000001717122b0, recorder=Option<&dyn carrick_kernel::kernel::scheduler::DiscardRecorder> @ 0x00000077c47a2bc0, auditors=<unavailable>) at scheduler.rs:2768:34 [opt] [inlined]
       frame #11: 0x0000000100998034 el1_sched-ba795739d7a1a0f3`carrick_kernel::kernel::scheduler::Scheduler::try_take::hf4141e4389ae8ae6(self=<unavailable>, executor=0x00000001717122b0) at scheduler.rs:4265:14 [opt]
       frame #12: 0x00000001002658fc el1_sched-ba795739d7a1a0f3`carrick_runtime::vcpu_loop::executor::next_runnable::h33b3687b36dfd804(scheduler=<unavailable>, backend=0x00000001717122e0, registration=0x00000001717122b0, kick=0x0000000129b0d510) at executor.rs:1521:38 [opt]
       frame #13: 0x0000000100265858 el1_sched-ba795739d7a1a0f3`carrick_runtime::vcpu_loop::executor::run_executor_loop::h16559fca504fb64c(scheduler=<unavailable>, resolver=0x0000000171712268, backend=<unavailable>, runtime=<unavailable>, commands=<unavailable>) at executor.rs:278:27 [opt]
       frame #14: 0x0000000100263dd0 el1_sched-ba795739d7a1a0f3`carrick_runtime::vcpu_loop::executor::executor_worker::_$u7b$$u7b$closure$u7d$$u7d$::h9caefef6dadcaa07 at executor.rs:155:39 [opt]
       frame #15: 0x0000000100263cb8 el1_sched-ba795739d7a1a0f3`core::ops::function::FnOnce::call_once::h8a1267a422c367e1((null)={closure_env#1}<carrick_runtime::vcpu_loop::executor::backend::HvpatchPersistentExecutorFactory, carrick_runtime::vcpu_loop::executor::binding::HvpatchTaskBindingDirectory> @ 0x0000007795613c60, (null)=<unavailable>) at function.rs:250:5 [opt] [inlined]
       frame #16: 0x0000000100263cb8 el1_sched-ba795739d7a1a0f3`_$LT$core..panic..unwind_safe..AssertUnwindSafe$LT$F$GT$$u20$as$u20$core..ops..function..FnOnce$LT$$LP$$RP$$GT$$GT$::call_once::h5f3fe5d9958d86ad(self=AssertUnwindSafe<carrick_runtime::vcpu_loop::executor::executor_worker::{closure_env#1}<carrick_runtime::vcpu_loop::executor::backend::HvpatchPersistentExecutorFactory, carrick_runtime::vcpu_loop::executor::binding::HvpatchTaskBindingDirectory>> @ 0x0000007795613cc0, (null)=<unavailable>) at unwind_safe.rs:275:9 [opt] [inlined]
       frame #17: 0x0000000100263cb8 el1_sched-ba795739d7a1a0f3`std::panicking::catch_unwind::do_call::h29ce9e822a642d98(data=<unavailable>) at panicking.rs:581:40 [opt]
       frame #18: 0x0000000100263cb8 el1_sched-ba795739d7a1a0f3`std::panicking::catch_unwind::h1a41084116cdd5ec(f=AssertUnwindSafe<carrick_runtime::vcpu_loop::executor::executor_worker::{closure_env#1}<carrick_runtime::vcpu_loop::executor::backend::HvpatchPersistentExecutorFactory, carrick_runtime::vcpu_loop::executor::binding::HvpatchTaskBindingDirectory>> @ 0x0000007795613c00) at panicking.rs:544:19 [opt]
       frame #19: 0x0000000100263cb8 el1_sched-ba795739d7a1a0f3`std::panic::catch_unwind::h9e6697967e43cc34(f=AssertUnwindSafe<carrick_runtime::vcpu_loop::executor::executor_worker::{closure_env#1}<carrick_runtime::vcpu_loop::executor::backend::HvpatchPersistentExecutorFactory, carrick_runtime::vcpu_loop::executor::binding::HvpatchTaskBindingDirectory>> @ 0x0000007795613c60) at panic.rs:359:14 [opt] [inlined]
       frame #20: 0x0000000100263cb8 el1_sched-ba795739d7a1a0f3`carrick_runtime::vcpu_loop::executor::executor_worker::h6659650ec665c127(slot=<unavailable>, scheduler=Arc<carrick_kernel::kernel::scheduler::Scheduler, alloc::alloc::Global> @ 0x0000000171712258, factory=Arc<carrick_runtime::vcpu_loop::executor::backend::HvpatchPersistentExecutorFactory, alloc::alloc::Global> @ 0x0000000171712260, resolver=Arc<carrick_runtime::vcpu_loop::executor::binding::HvpatchTaskBindingDirectory, alloc::alloc::Global> @ 0x0000000171712268, receipts=Arc<carrick_runtime::vcpu_loop::executor::pool::ReceiptLog, alloc::alloc::Global> @ 0x0000000171712270, control=Arc<carrick_runtime::vcpu_loop::executor::pool::PoolControl, alloc::alloc::Global> @ 0x0000000171712278, channels=<unavailable>) at executor.rs:125:21 [opt]
       frame #21: 0x00000001002412c0 el1_sched-ba795739d7a1a0f3`carrick_runtime::vcpu_loop::executor::pool::ExecutorPool$LT$F$C$R$GT$::start::_$u7b$$u7b$closure$u7d$$u7d$::hb743ce58afda6e7c at pool.rs:987:21 [opt] [inlined]
       frame #22: 0x0000000100241294 el1_sched-ba795739d7a1a0f3`std::sys::backtrace::__rust_begin_short_backtrace::hf904e9adac42143e(f=<unavailable>) at backtrace.rs:166:18 [opt]
       frame #23: 0x000000010031d734 el1_sched-ba795739d7a1a0f3`std::thread::lifecycle::spawn_unchecked::_$u7b$$u7b$closure$u7d$$u7d$::_$u7b$$u7b$closure$u7d$$u7d$::h6f97fec13f2b11b2 at lifecycle.rs:91:13 [opt] [inlined]
       frame #24: 0x000000010031d6f8 el1_sched-ba795739d7a1a0f3`_$LT$core..panic..unwind_safe..AssertUnwindSafe$LT$F$GT$$u20$as$u20$core..ops..function..FnOnce$LT$$LP$$RP$$GT$$GT$::call_once::h6ca9278a66b3246b(self=AssertUnwindSafe<std::thread::lifecycle::spawn_unchecked::{closure#1}::{closure_env#0}<carrick_runtime::vcpu_loop::executor::pool::{impl#15}::start::{closure_env#4}<carrick_runtime::vcpu_loop::executor::backend::HvpatchPersistentExecutorFactory, carrick_runtime::vcpu_loop::executor::binding::HvpatchTaskBindingDirectory>, carrick_runtime::vcpu_loop::executor::pool::WorkerOutcome>> @ 0x00000077bebf3980, (null)=<unavailable>) at unwind_safe.rs:275:9 [opt] [inlined]
       frame #25: 0x000000010031d6ec el1_sched-ba795739d7a1a0f3`std::panicking::catch_unwind::do_call::h26fe3308ed829988(data=<unavailable>) at panicking.rs:581:40 [opt]
       frame #26: 0x000000010031d6ec el1_sched-ba795739d7a1a0f3`std::panicking::catch_unwind::h685e6787e1d99c3d(f=AssertUnwindSafe<std::thread::lifecycle::spawn_unchecked::{closure#1}::{closure_env#0}<carrick_runtime::vcpu_loop::executor::pool::{impl#15}::start::{closure_env#4}<carrick_runtime::vcpu_loop::executor::backend::HvpatchPersistentExecutorFactory, carrick_runtime::vcpu_loop::executor::binding::HvpatchTaskBindingDirectory>, carrick_runtime::vcpu_loop::executor::pool::WorkerOutcome>> @ 0x00000077bebf3a00) at panicking.rs:544:19 [opt]
       frame #27: 0x000000010031d6ec el1_sched-ba795739d7a1a0f3`std::panic::catch_unwind::h8edd4e8e12c9ad12(f=AssertUnwindSafe<std::thread::lifecycle::spawn_unchecked::{closure#1}::{closure_env#0}<carrick_runtime::vcpu_loop::executor::pool::{impl#15}::start::{closure_env#4}<carrick_runtime::vcpu_loop::executor::backend::HvpatchPersistentExecutorFactory, carrick_runtime::vcpu_loop::executor::binding::HvpatchTaskBindingDirectory>, carrick_runtime::vcpu_loop::executor::pool::WorkerOutcome>> @ 0x00000077bebf3900) at panic.rs:359:14 [opt] [inlined]
       frame #28: 0x000000010031d6ec el1_sched-ba795739d7a1a0f3`std::thread::lifecycle::spawn_unchecked::_$u7b$$u7b$closure$u7d$$u7d$::ha34d47043a5b9232 at lifecycle.rs:89:26 [opt] [inlined]
       frame #29: 0x000000010031d6b8 el1_sched-ba795739d7a1a0f3`core::ops::function::FnOnce::call_once$u7b$$u7b$vtable.shim$u7d$$u7d$::hdb2a01d778d5ac22((null)=<unavailable>, (null)=<unavailable>) at function.rs:250:5 [opt]
       frame #30: 0x0000000100db4354 el1_sched-ba795739d7a1a0f3`<alloc::boxed::Box<dyn core::ops::function::FnOnce<(), Output = ()> + core::marker::Send> as core::ops::function::FnOnce<()>>::call_once at boxed.rs:2249:9 [opt] [inlined]
       frame #31: 0x0000000100db4348 el1_sched-ba795739d7a1a0f3`<std::sys::thread::unix::Thread>::new::thread_start at unix.rs:118:17 [opt]
       frame #32: 0x000000018a8ffd00 libsystem_pthread.dylib`_pthread_start + 136
  thread #15, name = 'carrick-executor-5'
       frame #0: 0x000000018a8be50c libsystem_kernel.dylib`__psynch_cvwait + 8
       frame #1: 0x000000018a9001d0 libsystem_pthread.dylib`_pthread_cond_wait + 980
       frame #2: 0x0000000100b1c704 el1_sched-ba795739d7a1a0f3`_$LT$parking_lot_core..thread_parker..imp..ThreadParker$u20$as$u20$parking_lot_core..thread_parker..ThreadParkerT$GT$::park::h57b0f9e3b8bc7cbb(self=0x000000012a035b18) at unix.rs:77:21 [opt] [inlined]
       frame #3: 0x0000000100b1c6f4 el1_sched-ba795739d7a1a0f3`parking_lot_core::parking_lot::park::_$u7b$$u7b$closure$u7d$$u7d$::h2e420e8db8f72615(thread_data=0x000000012a035b18) at parking_lot.rs:635:36 [opt]
       frame #4: 0x0000000100b1c65c el1_sched-ba795739d7a1a0f3`parking_lot_core::parking_lot::with_thread_data::h284d9e59aff5050c(f=<unavailable>) at parking_lot.rs:207:5 [opt]
       frame #5: 0x0000000100b1c51c el1_sched-ba795739d7a1a0f3`parking_lot_core::parking_lot::park::h115ba7316cfa6034(key=<unavailable>, validate=<unavailable>, before_sleep=<unavailable>, timed_out=<unavailable>, park_token=(__0 = 0), timeout=<unavailable>) at parking_lot.rs:600:5 [opt] [inlined]
       frame #6: 0x0000000100b1c51c el1_sched-ba795739d7a1a0f3`parking_lot::condvar::Condvar::wait_until_internal::heb307538a997ec5d(self=0x0000000128e17748, mutex=0x0000000128e176f0, timeout=Option<std::time::Instant> @ 0x000000779907ffa0) at condvar.rs:334:17 [opt]
       frame #7: 0x000000010098a6cc el1_sched-ba795739d7a1a0f3`parking_lot::condvar::Condvar::wait::h826538e9e90ec9a8(self=<unavailable>, mutex_guard=<unavailable>) at condvar.rs:256:14 [opt] [inlined]
       frame #8: 0x000000010098a6b8 el1_sched-ba795739d7a1a0f3`carrick_kernel::kernel::scheduler::RunQueue::park_spare::h1d681ef7b2c3ab3d(self=<unavailable>, executor=0x000000017191e2b0) at scheduler.rs:2730:36 [opt]
       frame #9: 0x0000000100998098 el1_sched-ba795739d7a1a0f3`carrick_kernel::kernel::scheduler::RunQueue::try_take_row::h237a5c9bf85644e7(self=<unavailable>, executor=<unavailable>, auditors=<unavailable>) at scheduler.rs:2485:22 [opt] [inlined]
       frame #10: 0x0000000100998034 el1_sched-ba795739d7a1a0f3`carrick_kernel::kernel::scheduler::RunQueue::try_take::h7505a8f0c1713dc1(self=0x0000000128e177f8, executor=0x000000017191e2b0, recorder=Option<&dyn carrick_kernel::kernel::scheduler::DiscardRecorder> @ 0x00000077c47a2bc0, auditors=<unavailable>) at scheduler.rs:2768:34 [opt] [inlined]
       frame #11: 0x0000000100998034 el1_sched-ba795739d7a1a0f3`carrick_kernel::kernel::scheduler::Scheduler::try_take::hf4141e4389ae8ae6(self=<unavailable>, executor=0x000000017191e2b0) at scheduler.rs:4265:14 [opt]
       frame #12: 0x00000001002658fc el1_sched-ba795739d7a1a0f3`carrick_runtime::vcpu_loop::executor::next_runnable::h33b3687b36dfd804(scheduler=<unavailable>, backend=0x000000017191e2e0, registration=0x000000017191e2b0, kick=0x000000012980f620) at executor.rs:1521:38 [opt]
       frame #13: 0x0000000100265858 el1_sched-ba795739d7a1a0f3`carrick_runtime::vcpu_loop::executor::run_executor_loop::h16559fca504fb64c(scheduler=<unavailable>, resolver=0x000000017191e268, backend=<unavailable>, runtime=<unavailable>, commands=<unavailable>) at executor.rs:278:27 [opt]
       frame #14: 0x0000000100263dd0 el1_sched-ba795739d7a1a0f3`carrick_runtime::vcpu_loop::executor::executor_worker::_$u7b$$u7b$closure$u7d$$u7d$::h9caefef6dadcaa07 at executor.rs:155:39 [opt]
       frame #15: 0x0000000100263cb8 el1_sched-ba795739d7a1a0f3`core::ops::function::FnOnce::call_once::h8a1267a422c367e1((null)={closure_env#1}<carrick_runtime::vcpu_loop::executor::backend::HvpatchPersistentExecutorFactory, carrick_runtime::vcpu_loop::executor::binding::HvpatchTaskBindingDirectory> @ 0x0000007795613c00, (null)=<unavailable>) at function.rs:250:5 [opt] [inlined]
       frame #16: 0x0000000100263cb8 el1_sched-ba795739d7a1a0f3`_$LT$core..panic..unwind_safe..AssertUnwindSafe$LT$F$GT$$u20$as$u20$core..ops..function..FnOnce$LT$$LP$$RP$$GT$$GT$::call_once::h5f3fe5d9958d86ad(self=AssertUnwindSafe<carrick_runtime::vcpu_loop::executor::executor_worker::{closure_env#1}<carrick_runtime::vcpu_loop::executor::backend::HvpatchPersistentExecutorFactory, carrick_runtime::vcpu_loop::executor::binding::HvpatchTaskBindingDirectory>> @ 0x0000007795613d20, (null)=<unavailable>) at unwind_safe.rs:275:9 [opt] [inlined]
       frame #17: 0x0000000100263cb8 el1_sched-ba795739d7a1a0f3`std::panicking::catch_unwind::do_call::h29ce9e822a642d98(data=<unavailable>) at panicking.rs:581:40 [opt]
       frame #18: 0x0000000100263cb8 el1_sched-ba795739d7a1a0f3`std::panicking::catch_unwind::h1a41084116cdd5ec(f=AssertUnwindSafe<carrick_runtime::vcpu_loop::executor::executor_worker::{closure_env#1}<carrick_runtime::vcpu_loop::executor::backend::HvpatchPersistentExecutorFactory, carrick_runtime::vcpu_loop::executor::binding::HvpatchTaskBindingDirectory>> @ 0x0000007795613cc0) at panicking.rs:544:19 [opt]
       frame #19: 0x0000000100263cb8 el1_sched-ba795739d7a1a0f3`std::panic::catch_unwind::h9e6697967e43cc34(f=AssertUnwindSafe<carrick_runtime::vcpu_loop::executor::executor_worker::{closure_env#1}<carrick_runtime::vcpu_loop::executor::backend::HvpatchPersistentExecutorFactory, carrick_runtime::vcpu_loop::executor::binding::HvpatchTaskBindingDirectory>> @ 0x0000007795613c00) at panic.rs:359:14 [opt] [inlined]
       frame #20: 0x0000000100263cb8 el1_sched-ba795739d7a1a0f3`carrick_runtime::vcpu_loop::executor::executor_worker::h6659650ec665c127(slot=<unavailable>, scheduler=Arc<carrick_kernel::kernel::scheduler::Scheduler, alloc::alloc::Global> @ 0x000000017191e258, factory=Arc<carrick_runtime::vcpu_loop::executor::backend::HvpatchPersistentExecutorFactory, alloc::alloc::Global> @ 0x000000017191e260, resolver=Arc<carrick_runtime::vcpu_loop::executor::binding::HvpatchTaskBindingDirectory, alloc::alloc::Global> @ 0x000000017191e268, receipts=Arc<carrick_runtime::vcpu_loop::executor::pool::ReceiptLog, alloc::alloc::Global> @ 0x000000017191e270, control=Arc<carrick_runtime::vcpu_loop::executor::pool::PoolControl, alloc::alloc::Global> @ 0x000000017191e278, channels=<unavailable>) at executor.rs:125:21 [opt]
       frame #21: 0x00000001002412c0 el1_sched-ba795739d7a1a0f3`carrick_runtime::vcpu_loop::executor::pool::ExecutorPool$LT$F$C$R$GT$::start::_$u7b$$u7b$closure$u7d$$u7d$::hb743ce58afda6e7c at pool.rs:987:21 [opt] [inlined]
       frame #22: 0x0000000100241294 el1_sched-ba795739d7a1a0f3`std::sys::backtrace::__rust_begin_short_backtrace::hf904e9adac42143e(f=<unavailable>) at backtrace.rs:166:18 [opt]
       frame #23: 0x000000010031d734 el1_sched-ba795739d7a1a0f3`std::thread::lifecycle::spawn_unchecked::_$u7b$$u7b$closure$u7d$$u7d$::_$u7b$$u7b$closure$u7d$$u7d$::h6f97fec13f2b11b2 at lifecycle.rs:91:13 [opt] [inlined]
       frame #24: 0x000000010031d6f8 el1_sched-ba795739d7a1a0f3`_$LT$core..panic..unwind_safe..AssertUnwindSafe$LT$F$GT$$u20$as$u20$core..ops..function..FnOnce$LT$$LP$$RP$$GT$$GT$::call_once::h6ca9278a66b3246b(self=AssertUnwindSafe<std::thread::lifecycle::spawn_unchecked::{closure#1}::{closure_env#0}<carrick_runtime::vcpu_loop::executor::pool::{impl#15}::start::{closure_env#4}<carrick_runtime::vcpu_loop::executor::backend::HvpatchPersistentExecutorFactory, carrick_runtime::vcpu_loop::executor::binding::HvpatchTaskBindingDirectory>, carrick_runtime::vcpu_loop::executor::pool::WorkerOutcome>> @ 0x00000077bebf3980, (null)=<unavailable>) at unwind_safe.rs:275:9 [opt] [inlined]
       frame #25: 0x000000010031d6ec el1_sched-ba795739d7a1a0f3`std::panicking::catch_unwind::do_call::h26fe3308ed829988(data=<unavailable>) at panicking.rs:581:40 [opt]
       frame #26: 0x000000010031d6ec el1_sched-ba795739d7a1a0f3`std::panicking::catch_unwind::h685e6787e1d99c3d(f=AssertUnwindSafe<std::thread::lifecycle::spawn_unchecked::{closure#1}::{closure_env#0}<carrick_runtime::vcpu_loop::executor::pool::{impl#15}::start::{closure_env#4}<carrick_runtime::vcpu_loop::executor::backend::HvpatchPersistentExecutorFactory, carrick_runtime::vcpu_loop::executor::binding::HvpatchTaskBindingDirectory>, carrick_runtime::vcpu_loop::executor::pool::WorkerOutcome>> @ 0x00000077bebf3a00) at panicking.rs:544:19 [opt]
       frame #27: 0x000000010031d6ec el1_sched-ba795739d7a1a0f3`std::panic::catch_unwind::h8edd4e8e12c9ad12(f=AssertUnwindSafe<std::thread::lifecycle::spawn_unchecked::{closure#1}::{closure_env#0}<carrick_runtime::vcpu_loop::executor::pool::{impl#15}::start::{closure_env#4}<carrick_runtime::vcpu_loop::executor::backend::HvpatchPersistentExecutorFactory, carrick_runtime::vcpu_loop::executor::binding::HvpatchTaskBindingDirectory>, carrick_runtime::vcpu_loop::executor::pool::WorkerOutcome>> @ 0x00000077bebf3900) at panic.rs:359:14 [opt] [inlined]
       frame #28: 0x000000010031d6ec el1_sched-ba795739d7a1a0f3`std::thread::lifecycle::spawn_unchecked::_$u7b$$u7b$closure$u7d$$u7d$::ha34d47043a5b9232 at lifecycle.rs:89:26 [opt] [inlined]
       frame #29: 0x000000010031d6b8 el1_sched-ba795739d7a1a0f3`core::ops::function::FnOnce::call_once$u7b$$u7b$vtable.shim$u7d$$u7d$::hdb2a01d778d5ac22((null)=<unavailable>, (null)=<unavailable>) at function.rs:250:5 [opt]
       frame #30: 0x0000000100db4354 el1_sched-ba795739d7a1a0f3`<alloc::boxed::Box<dyn core::ops::function::FnOnce<(), Output = ()> + core::marker::Send> as core::ops::function::FnOnce<()>>::call_once at boxed.rs:2249:9 [opt] [inlined]
       frame #31: 0x0000000100db4348 el1_sched-ba795739d7a1a0f3`<std::sys::thread::unix::Thread>::new::thread_start at unix.rs:118:17 [opt]
       frame #32: 0x000000018a8ffd00 libsystem_pthread.dylib`_pthread_start + 136
  thread #16, name = 'carrick-executor-6'
       frame #0: 0x000000018a8be50c libsystem_kernel.dylib`__psynch_cvwait + 8
       frame #1: 0x000000018a9001d0 libsystem_pthread.dylib`_pthread_cond_wait + 980
       frame #2: 0x0000000100b1c704 el1_sched-ba795739d7a1a0f3`_$LT$parking_lot_core..thread_parker..imp..ThreadParker$u20$as$u20$parking_lot_core..thread_parker..ThreadParkerT$GT$::park::h57b0f9e3b8bc7cbb(self=0x000000012a8bd918) at unix.rs:77:21 [opt] [inlined]
       frame #3: 0x0000000100b1c6f4 el1_sched-ba795739d7a1a0f3`parking_lot_core::parking_lot::park::_$u7b$$u7b$closure$u7d$$u7d$::h2e420e8db8f72615(thread_data=0x000000012a8bd918) at parking_lot.rs:635:36 [opt]
       frame #4: 0x0000000100b1c65c el1_sched-ba795739d7a1a0f3`parking_lot_core::parking_lot::with_thread_data::h284d9e59aff5050c(f=<unavailable>) at parking_lot.rs:207:5 [opt]
       frame #5: 0x0000000100b1c51c el1_sched-ba795739d7a1a0f3`parking_lot_core::parking_lot::park::h115ba7316cfa6034(key=<unavailable>, validate=<unavailable>, before_sleep=<unavailable>, timed_out=<unavailable>, park_token=(__0 = 0), timeout=<unavailable>) at parking_lot.rs:600:5 [opt] [inlined]
       frame #6: 0x0000000100b1c51c el1_sched-ba795739d7a1a0f3`parking_lot::condvar::Condvar::wait_until_internal::heb307538a997ec5d(self=0x0000000128e17748, mutex=0x0000000128e176f0, timeout=Option<std::time::Instant> @ 0x00000077990780e0) at condvar.rs:334:17 [opt]
       frame #7: 0x000000010098a6cc el1_sched-ba795739d7a1a0f3`parking_lot::condvar::Condvar::wait::h826538e9e90ec9a8(self=<unavailable>, mutex_guard=<unavailable>) at condvar.rs:256:14 [opt] [inlined]
       frame #8: 0x000000010098a6b8 el1_sched-ba795739d7a1a0f3`carrick_kernel::kernel::scheduler::RunQueue::park_spare::h1d681ef7b2c3ab3d(self=<unavailable>, executor=0x0000000171b2a2b0) at scheduler.rs:2730:36 [opt]
       frame #9: 0x0000000100998098 el1_sched-ba795739d7a1a0f3`carrick_kernel::kernel::scheduler::RunQueue::try_take_row::h237a5c9bf85644e7(self=<unavailable>, executor=<unavailable>, auditors=<unavailable>) at scheduler.rs:2485:22 [opt] [inlined]
       frame #10: 0x0000000100998034 el1_sched-ba795739d7a1a0f3`carrick_kernel::kernel::scheduler::RunQueue::try_take::h7505a8f0c1713dc1(self=0x0000000128e177f8, executor=0x0000000171b2a2b0, recorder=Option<&dyn carrick_kernel::kernel::scheduler::DiscardRecorder> @ 0x00000077c47a2bc0, auditors=<unavailable>) at scheduler.rs:2768:34 [opt] [inlined]
       frame #11: 0x0000000100998034 el1_sched-ba795739d7a1a0f3`carrick_kernel::kernel::scheduler::Scheduler::try_take::hf4141e4389ae8ae6(self=<unavailable>, executor=0x0000000171b2a2b0) at scheduler.rs:4265:14 [opt]
       frame #12: 0x00000001002658fc el1_sched-ba795739d7a1a0f3`carrick_runtime::vcpu_loop::executor::next_runnable::h33b3687b36dfd804(scheduler=<unavailable>, backend=0x0000000171b2a2e0, registration=0x0000000171b2a2b0, kick=0x0000000129a0a900) at executor.rs:1521:38 [opt]
       frame #13: 0x0000000100265858 el1_sched-ba795739d7a1a0f3`carrick_runtime::vcpu_loop::executor::run_executor_loop::h16559fca504fb64c(scheduler=<unavailable>, resolver=0x0000000171b2a268, backend=<unavailable>, runtime=<unavailable>, commands=<unavailable>) at executor.rs:278:27 [opt]
       frame #14: 0x0000000100263dd0 el1_sched-ba795739d7a1a0f3`carrick_runtime::vcpu_loop::executor::executor_worker::_$u7b$$u7b$closure$u7d$$u7d$::h9caefef6dadcaa07 at executor.rs:155:39 [opt]
       frame #15: 0x0000000100263cb8 el1_sched-ba795739d7a1a0f3`core::ops::function::FnOnce::call_once::h8a1267a422c367e1((null)={closure_env#1}<carrick_runtime::vcpu_loop::executor::backend::HvpatchPersistentExecutorFactory, carrick_runtime::vcpu_loop::executor::binding::HvpatchTaskBindingDirectory> @ 0x0000007795613cc0, (null)=<unavailable>) at function.rs:250:5 [opt] [inlined]
       frame #16: 0x0000000100263cb8 el1_sched-ba795739d7a1a0f3`_$LT$core..panic..unwind_safe..AssertUnwindSafe$LT$F$GT$$u20$as$u20$core..ops..function..FnOnce$LT$$LP$$RP$$GT$$GT$::call_once::h5f3fe5d9958d86ad(self=AssertUnwindSafe<carrick_runtime::vcpu_loop::executor::executor_worker::{closure_env#1}<carrick_runtime::vcpu_loop::executor::backend::HvpatchPersistentExecutorFactory, carrick_runtime::vcpu_loop::executor::binding::HvpatchTaskBindingDirectory>> @ 0x0000007795613d80, (null)=<unavailable>) at unwind_safe.rs:275:9 [opt] [inlined]
       frame #17: 0x0000000100263cb8 el1_sched-ba795739d7a1a0f3`std::panicking::catch_unwind::do_call::h29ce9e822a642d98(data=<unavailable>) at panicking.rs:581:40 [opt]
       frame #18: 0x0000000100263cb8 el1_sched-ba795739d7a1a0f3`std::panicking::catch_unwind::h1a41084116cdd5ec(f=AssertUnwindSafe<carrick_runtime::vcpu_loop::executor::executor_worker::{closure_env#1}<carrick_runtime::vcpu_loop::executor::backend::HvpatchPersistentExecutorFactory, carrick_runtime::vcpu_loop::executor::binding::HvpatchTaskBindingDirectory>> @ 0x0000007795613d20) at panicking.rs:544:19 [opt]
       frame #19: 0x0000000100263cb8 el1_sched-ba795739d7a1a0f3`std::panic::catch_unwind::h9e6697967e43cc34(f=AssertUnwindSafe<carrick_runtime::vcpu_loop::executor::executor_worker::{closure_env#1}<carrick_runtime::vcpu_loop::executor::backend::HvpatchPersistentExecutorFactory, carrick_runtime::vcpu_loop::executor::binding::HvpatchTaskBindingDirectory>> @ 0x0000007795613cc0) at panic.rs:359:14 [opt] [inlined]
       frame #20: 0x0000000100263cb8 el1_sched-ba795739d7a1a0f3`carrick_runtime::vcpu_loop::executor::executor_worker::h6659650ec665c127(slot=<unavailable>, scheduler=Arc<carrick_kernel::kernel::scheduler::Scheduler, alloc::alloc::Global> @ 0x0000000171b2a258, factory=Arc<carrick_runtime::vcpu_loop::executor::backend::HvpatchPersistentExecutorFactory, alloc::alloc::Global> @ 0x0000000171b2a260, resolver=Arc<carrick_runtime::vcpu_loop::executor::binding::HvpatchTaskBindingDirectory, alloc::alloc::Global> @ 0x0000000171b2a268, receipts=Arc<carrick_runtime::vcpu_loop::executor::pool::ReceiptLog, alloc::alloc::Global> @ 0x0000000171b2a270, control=Arc<carrick_runtime::vcpu_loop::executor::pool::PoolControl, alloc::alloc::Global> @ 0x0000000171b2a278, channels=<unavailable>) at executor.rs:125:21 [opt]
       frame #21: 0x00000001002412c0 el1_sched-ba795739d7a1a0f3`carrick_runtime::vcpu_loop::executor::pool::ExecutorPool$LT$F$C$R$GT$::start::_$u7b$$u7b$closure$u7d$$u7d$::hb743ce58afda6e7c at pool.rs:987:21 [opt] [inlined]
       frame #22: 0x0000000100241294 el1_sched-ba795739d7a1a0f3`std::sys::backtrace::__rust_begin_short_backtrace::hf904e9adac42143e(f=<unavailable>) at backtrace.rs:166:18 [opt]
       frame #23: 0x000000010031d734 el1_sched-ba795739d7a1a0f3`std::thread::lifecycle::spawn_unchecked::_$u7b$$u7b$closure$u7d$$u7d$::_$u7b$$u7b$closure$u7d$$u7d$::h6f97fec13f2b11b2 at lifecycle.rs:91:13 [opt] [inlined]
       frame #24: 0x000000010031d6f8 el1_sched-ba795739d7a1a0f3`_$LT$core..panic..unwind_safe..AssertUnwindSafe$LT$F$GT$$u20$as$u20$core..ops..function..FnOnce$LT$$LP$$RP$$GT$$GT$::call_once::h6ca9278a66b3246b(self=AssertUnwindSafe<std::thread::lifecycle::spawn_unchecked::{closure#1}::{closure_env#0}<carrick_runtime::vcpu_loop::executor::pool::{impl#15}::start::{closure_env#4}<carrick_runtime::vcpu_loop::executor::backend::HvpatchPersistentExecutorFactory, carrick_runtime::vcpu_loop::executor::binding::HvpatchTaskBindingDirectory>, carrick_runtime::vcpu_loop::executor::pool::WorkerOutcome>> @ 0x00000077bebf3980, (null)=<unavailable>) at unwind_safe.rs:275:9 [opt] [inlined]
       frame #25: 0x000000010031d6ec el1_sched-ba795739d7a1a0f3`std::panicking::catch_unwind::do_call::h26fe3308ed829988(data=<unavailable>) at panicking.rs:581:40 [opt]
       frame #26: 0x000000010031d6ec el1_sched-ba795739d7a1a0f3`std::panicking::catch_unwind::h685e6787e1d99c3d(f=AssertUnwindSafe<std::thread::lifecycle::spawn_unchecked::{closure#1}::{closure_env#0}<carrick_runtime::vcpu_loop::executor::pool::{impl#15}::start::{closure_env#4}<carrick_runtime::vcpu_loop::executor::backend::HvpatchPersistentExecutorFactory, carrick_runtime::vcpu_loop::executor::binding::HvpatchTaskBindingDirectory>, carrick_runtime::vcpu_loop::executor::pool::WorkerOutcome>> @ 0x00000077bebf3a00) at panicking.rs:544:19 [opt]
       frame #27: 0x000000010031d6ec el1_sched-ba795739d7a1a0f3`std::panic::catch_unwind::h8edd4e8e12c9ad12(f=AssertUnwindSafe<std::thread::lifecycle::spawn_unchecked::{closure#1}::{closure_env#0}<carrick_runtime::vcpu_loop::executor::pool::{impl#15}::start::{closure_env#4}<carrick_runtime::vcpu_loop::executor::backend::HvpatchPersistentExecutorFactory, carrick_runtime::vcpu_loop::executor::binding::HvpatchTaskBindingDirectory>, carrick_runtime::vcpu_loop::executor::pool::WorkerOutcome>> @ 0x00000077bebf3900) at panic.rs:359:14 [opt] [inlined]
       frame #28: 0x000000010031d6ec el1_sched-ba795739d7a1a0f3`std::thread::lifecycle::spawn_unchecked::_$u7b$$u7b$closure$u7d$$u7d$::ha34d47043a5b9232 at lifecycle.rs:89:26 [opt] [inlined]
       frame #29: 0x000000010031d6b8 el1_sched-ba795739d7a1a0f3`core::ops::function::FnOnce::call_once$u7b$$u7b$vtable.shim$u7d$$u7d$::hdb2a01d778d5ac22((null)=<unavailable>, (null)=<unavailable>) at function.rs:250:5 [opt]
       frame #30: 0x0000000100db4354 el1_sched-ba795739d7a1a0f3`<alloc::boxed::Box<dyn core::ops::function::FnOnce<(), Output = ()> + core::marker::Send> as core::ops::function::FnOnce<()>>::call_once at boxed.rs:2249:9 [opt] [inlined]
       frame #31: 0x0000000100db4348 el1_sched-ba795739d7a1a0f3`<std::sys::thread::unix::Thread>::new::thread_start at unix.rs:118:17 [opt]
       frame #32: 0x000000018a8ffd00 libsystem_pthread.dylib`_pthread_start + 136
  thread #17, name = 'carrick-executor-7'
       frame #0: 0x000000018a8be50c libsystem_kernel.dylib`__psynch_cvwait + 8
       frame #1: 0x000000018a9001d0 libsystem_pthread.dylib`_pthread_cond_wait + 980
       frame #2: 0x0000000100b1c704 el1_sched-ba795739d7a1a0f3`_$LT$parking_lot_core..thread_parker..imp..ThreadParker$u20$as$u20$parking_lot_core..thread_parker..ThreadParkerT$GT$::park::h57b0f9e3b8bc7cbb(self=0x000000012a036118) at unix.rs:77:21 [opt] [inlined]
       frame #3: 0x0000000100b1c6f4 el1_sched-ba795739d7a1a0f3`parking_lot_core::parking_lot::park::_$u7b$$u7b$closure$u7d$$u7d$::h2e420e8db8f72615(thread_data=0x000000012a036118) at parking_lot.rs:635:36 [opt]
       frame #4: 0x0000000100b1c65c el1_sched-ba795739d7a1a0f3`parking_lot_core::parking_lot::with_thread_data::h284d9e59aff5050c(f=<unavailable>) at parking_lot.rs:207:5 [opt]
       frame #5: 0x0000000100b1c51c el1_sched-ba795739d7a1a0f3`parking_lot_core::parking_lot::park::h115ba7316cfa6034(key=<unavailable>, validate=<unavailable>, before_sleep=<unavailable>, timed_out=<unavailable>, park_token=(__0 = 0), timeout=<unavailable>) at parking_lot.rs:600:5 [opt] [inlined]
       frame #6: 0x0000000100b1c51c el1_sched-ba795739d7a1a0f3`parking_lot::condvar::Condvar::wait_until_internal::heb307538a997ec5d(self=0x0000000128e17748, mutex=0x0000000128e176f0, timeout=Option<std::time::Instant> @ 0x0000007799078220) at condvar.rs:334:17 [opt]
       frame #7: 0x000000010098a6cc el1_sched-ba795739d7a1a0f3`parking_lot::condvar::Condvar::wait::h826538e9e90ec9a8(self=<unavailable>, mutex_guard=<unavailable>) at condvar.rs:256:14 [opt] [inlined]
       frame #8: 0x000000010098a6b8 el1_sched-ba795739d7a1a0f3`carrick_kernel::kernel::scheduler::RunQueue::park_spare::h1d681ef7b2c3ab3d(self=<unavailable>, executor=0x0000000171d362b0) at scheduler.rs:2730:36 [opt]
       frame #9: 0x0000000100998098 el1_sched-ba795739d7a1a0f3`carrick_kernel::kernel::scheduler::RunQueue::try_take_row::h237a5c9bf85644e7(self=<unavailable>, executor=<unavailable>, auditors=<unavailable>) at scheduler.rs:2485:22 [opt] [inlined]
       frame #10: 0x0000000100998034 el1_sched-ba795739d7a1a0f3`carrick_kernel::kernel::scheduler::RunQueue::try_take::h7505a8f0c1713dc1(self=0x0000000128e177f8, executor=0x0000000171d362b0, recorder=Option<&dyn carrick_kernel::kernel::scheduler::DiscardRecorder> @ 0x00000077c47a2bc0, auditors=<unavailable>) at scheduler.rs:2768:34 [opt] [inlined]
       frame #11: 0x0000000100998034 el1_sched-ba795739d7a1a0f3`carrick_kernel::kernel::scheduler::Scheduler::try_take::hf4141e4389ae8ae6(self=<unavailable>, executor=0x0000000171d362b0) at scheduler.rs:4265:14 [opt]
       frame #12: 0x00000001002658fc el1_sched-ba795739d7a1a0f3`carrick_runtime::vcpu_loop::executor::next_runnable::h33b3687b36dfd804(scheduler=<unavailable>, backend=0x0000000171d362e0, registration=0x0000000171d362b0, kick=0x00000001298103c0) at executor.rs:1521:38 [opt]
       frame #13: 0x0000000100265858 el1_sched-ba795739d7a1a0f3`carrick_runtime::vcpu_loop::executor::run_executor_loop::h16559fca504fb64c(scheduler=<unavailable>, resolver=0x0000000171d36268, backend=<unavailable>, runtime=<unavailable>, commands=<unavailable>) at executor.rs:278:27 [opt]
       frame #14: 0x0000000100263dd0 el1_sched-ba795739d7a1a0f3`carrick_runtime::vcpu_loop::executor::executor_worker::_$u7b$$u7b$closure$u7d$$u7d$::h9caefef6dadcaa07 at executor.rs:155:39 [opt]
       frame #15: 0x0000000100263cb8 el1_sched-ba795739d7a1a0f3`core::ops::function::FnOnce::call_once::h8a1267a422c367e1((null)={closure_env#1}<carrick_runtime::vcpu_loop::executor::backend::HvpatchPersistentExecutorFactory, carrick_runtime::vcpu_loop::executor::binding::HvpatchTaskBindingDirectory> @ 0x0000007795613d20, (null)=<unavailable>) at function.rs:250:5 [opt] [inlined]
       frame #16: 0x0000000100263cb8 el1_sched-ba795739d7a1a0f3`_$LT$core..panic..unwind_safe..AssertUnwindSafe$LT$F$GT$$u20$as$u20$core..ops..function..FnOnce$LT$$LP$$RP$$GT$$GT$::call_once::h5f3fe5d9958d86ad(self=AssertUnwindSafe<carrick_runtime::vcpu_loop::executor::executor_worker::{closure_env#1}<carrick_runtime::vcpu_loop::executor::backend::HvpatchPersistentExecutorFactory, carrick_runtime::vcpu_loop::executor::binding::HvpatchTaskBindingDirectory>> @ 0x0000007795613de0, (null)=<unavailable>) at unwind_safe.rs:275:9 [opt] [inlined]
       frame #17: 0x0000000100263cb8 el1_sched-ba795739d7a1a0f3`std::panicking::catch_unwind::do_call::h29ce9e822a642d98(data=<unavailable>) at panicking.rs:581:40 [opt]
       frame #18: 0x0000000100263cb8 el1_sched-ba795739d7a1a0f3`std::panicking::catch_unwind::h1a41084116cdd5ec(f=AssertUnwindSafe<carrick_runtime::vcpu_loop::executor::executor_worker::{closure_env#1}<carrick_runtime::vcpu_loop::executor::backend::HvpatchPersistentExecutorFactory, carrick_runtime::vcpu_loop::executor::binding::HvpatchTaskBindingDirectory>> @ 0x0000007795613d80) at panicking.rs:544:19 [opt]
       frame #19: 0x0000000100263cb8 el1_sched-ba795739d7a1a0f3`std::panic::catch_unwind::h9e6697967e43cc34(f=AssertUnwindSafe<carrick_runtime::vcpu_loop::executor::executor_worker::{closure_env#1}<carrick_runtime::vcpu_loop::executor::backend::HvpatchPersistentExecutorFactory, carrick_runtime::vcpu_loop::executor::binding::HvpatchTaskBindingDirectory>> @ 0x0000007795613d20) at panic.rs:359:14 [opt] [inlined]
       frame #20: 0x0000000100263cb8 el1_sched-ba795739d7a1a0f3`carrick_runtime::vcpu_loop::executor::executor_worker::h6659650ec665c127(slot=<unavailable>, scheduler=Arc<carrick_kernel::kernel::scheduler::Scheduler, alloc::alloc::Global> @ 0x0000000171d36258, factory=Arc<carrick_runtime::vcpu_loop::executor::backend::HvpatchPersistentExecutorFactory, alloc::alloc::Global> @ 0x0000000171d36260, resolver=Arc<carrick_runtime::vcpu_loop::executor::binding::HvpatchTaskBindingDirectory, alloc::alloc::Global> @ 0x0000000171d36268, receipts=Arc<carrick_runtime::vcpu_loop::executor::pool::ReceiptLog, alloc::alloc::Global> @ 0x0000000171d36270, control=Arc<carrick_runtime::vcpu_loop::executor::pool::PoolControl, alloc::alloc::Global> @ 0x0000000171d36278, channels=<unavailable>) at executor.rs:125:21 [opt]
       frame #21: 0x00000001002412c0 el1_sched-ba795739d7a1a0f3`carrick_runtime::vcpu_loop::executor::pool::ExecutorPool$LT$F$C$R$GT$::start::_$u7b$$u7b$closure$u7d$$u7d$::hb743ce58afda6e7c at pool.rs:987:21 [opt] [inlined]
       frame #22: 0x0000000100241294 el1_sched-ba795739d7a1a0f3`std::sys::backtrace::__rust_begin_short_backtrace::hf904e9adac42143e(f=<unavailable>) at backtrace.rs:166:18 [opt]
       frame #23: 0x000000010031d734 el1_sched-ba795739d7a1a0f3`std::thread::lifecycle::spawn_unchecked::_$u7b$$u7b$closure$u7d$$u7d$::_$u7b$$u7b$closure$u7d$$u7d$::h6f97fec13f2b11b2 at lifecycle.rs:91:13 [opt] [inlined]
       frame #24: 0x000000010031d6f8 el1_sched-ba795739d7a1a0f3`_$LT$core..panic..unwind_safe..AssertUnwindSafe$LT$F$GT$$u20$as$u20$core..ops..function..FnOnce$LT$$LP$$RP$$GT$$GT$::call_once::h6ca9278a66b3246b(self=AssertUnwindSafe<std::thread::lifecycle::spawn_unchecked::{closure#1}::{closure_env#0}<carrick_runtime::vcpu_loop::executor::pool::{impl#15}::start::{closure_env#4}<carrick_runtime::vcpu_loop::executor::backend::HvpatchPersistentExecutorFactory, carrick_runtime::vcpu_loop::executor::binding::HvpatchTaskBindingDirectory>, carrick_runtime::vcpu_loop::executor::pool::WorkerOutcome>> @ 0x00000077bebf3980, (null)=<unavailable>) at unwind_safe.rs:275:9 [opt] [inlined]
       frame #25: 0x000000010031d6ec el1_sched-ba795739d7a1a0f3`std::panicking::catch_unwind::do_call::h26fe3308ed829988(data=<unavailable>) at panicking.rs:581:40 [opt]
       frame #26: 0x000000010031d6ec el1_sched-ba795739d7a1a0f3`std::panicking::catch_unwind::h685e6787e1d99c3d(f=AssertUnwindSafe<std::thread::lifecycle::spawn_unchecked::{closure#1}::{closure_env#0}<carrick_runtime::vcpu_loop::executor::pool::{impl#15}::start::{closure_env#4}<carrick_runtime::vcpu_loop::executor::backend::HvpatchPersistentExecutorFactory, carrick_runtime::vcpu_loop::executor::binding::HvpatchTaskBindingDirectory>, carrick_runtime::vcpu_loop::executor::pool::WorkerOutcome>> @ 0x00000077bebf3a00) at panicking.rs:544:19 [opt]
       frame #27: 0x000000010031d6ec el1_sched-ba795739d7a1a0f3`std::panic::catch_unwind::h8edd4e8e12c9ad12(f=AssertUnwindSafe<std::thread::lifecycle::spawn_unchecked::{closure#1}::{closure_env#0}<carrick_runtime::vcpu_loop::executor::pool::{impl#15}::start::{closure_env#4}<carrick_runtime::vcpu_loop::executor::backend::HvpatchPersistentExecutorFactory, carrick_runtime::vcpu_loop::executor::binding::HvpatchTaskBindingDirectory>, carrick_runtime::vcpu_loop::executor::pool::WorkerOutcome>> @ 0x00000077bebf3900) at panic.rs:359:14 [opt] [inlined]
       frame #28: 0x000000010031d6ec el1_sched-ba795739d7a1a0f3`std::thread::lifecycle::spawn_unchecked::_$u7b$$u7b$closure$u7d$$u7d$::ha34d47043a5b9232 at lifecycle.rs:89:26 [opt] [inlined]
       frame #29: 0x000000010031d6b8 el1_sched-ba795739d7a1a0f3`core::ops::function::FnOnce::call_once$u7b$$u7b$vtable.shim$u7d$$u7d$::hdb2a01d778d5ac22((null)=<unavailable>, (null)=<unavailable>) at function.rs:250:5 [opt]
       frame #30: 0x0000000100db4354 el1_sched-ba795739d7a1a0f3`<alloc::boxed::Box<dyn core::ops::function::FnOnce<(), Output = ()> + core::marker::Send> as core::ops::function::FnOnce<()>>::call_once at boxed.rs:2249:9 [opt] [inlined]
       frame #31: 0x0000000100db4348 el1_sched-ba795739d7a1a0f3`<std::sys::thread::unix::Thread>::new::thread_start at unix.rs:118:17 [opt]
       frame #32: 0x000000018a8ffd00 libsystem_pthread.dylib`_pthread_start + 136
  thread #18, name = 'carrick-executor-8'
       frame #0: 0x000000018a8be50c libsystem_kernel.dylib`__psynch_cvwait + 8
       frame #1: 0x000000018a9001d0 libsystem_pthread.dylib`_pthread_cond_wait + 980
       frame #2: 0x0000000100b1c704 el1_sched-ba795739d7a1a0f3`_$LT$parking_lot_core..thread_parker..imp..ThreadParker$u20$as$u20$parking_lot_core..thread_parker..ThreadParkerT$GT$::park::h57b0f9e3b8bc7cbb(self=0x000000012b10e118) at unix.rs:77:21 [opt] [inlined]
       frame #3: 0x0000000100b1c6f4 el1_sched-ba795739d7a1a0f3`parking_lot_core::parking_lot::park::_$u7b$$u7b$closure$u7d$$u7d$::h2e420e8db8f72615(thread_data=0x000000012b10e118) at parking_lot.rs:635:36 [opt]
       frame #4: 0x0000000100b1c65c el1_sched-ba795739d7a1a0f3`parking_lot_core::parking_lot::with_thread_data::h284d9e59aff5050c(f=<unavailable>) at parking_lot.rs:207:5 [opt]
       frame #5: 0x0000000100b1c51c el1_sched-ba795739d7a1a0f3`parking_lot_core::parking_lot::park::h115ba7316cfa6034(key=<unavailable>, validate=<unavailable>, before_sleep=<unavailable>, timed_out=<unavailable>, park_token=(__0 = 0), timeout=<unavailable>) at parking_lot.rs:600:5 [opt] [inlined]
       frame #6: 0x0000000100b1c51c el1_sched-ba795739d7a1a0f3`parking_lot::condvar::Condvar::wait_until_internal::heb307538a997ec5d(self=0x0000000128e17748, mutex=0x0000000128e176f0, timeout=Option<std::time::Instant> @ 0x0000007799078360) at condvar.rs:334:17 [opt]
       frame #7: 0x000000010098a6cc el1_sched-ba795739d7a1a0f3`parking_lot::condvar::Condvar::wait::h826538e9e90ec9a8(self=<unavailable>, mutex_guard=<unavailable>) at condvar.rs:256:14 [opt] [inlined]
       frame #8: 0x000000010098a6b8 el1_sched-ba795739d7a1a0f3`carrick_kernel::kernel::scheduler::RunQueue::park_spare::h1d681ef7b2c3ab3d(self=<unavailable>, executor=0x0000000171f422b0) at scheduler.rs:2730:36 [opt]
       frame #9: 0x0000000100998098 el1_sched-ba795739d7a1a0f3`carrick_kernel::kernel::scheduler::RunQueue::try_take_row::h237a5c9bf85644e7(self=<unavailable>, executor=<unavailable>, auditors=<unavailable>) at scheduler.rs:2485:22 [opt] [inlined]
       frame #10: 0x0000000100998034 el1_sched-ba795739d7a1a0f3`carrick_kernel::kernel::scheduler::RunQueue::try_take::h7505a8f0c1713dc1(self=0x0000000128e177f8, executor=0x0000000171f422b0, recorder=Option<&dyn carrick_kernel::kernel::scheduler::DiscardRecorder> @ 0x00000077c47a2bc0, auditors=<unavailable>) at scheduler.rs:2768:34 [opt] [inlined]
       frame #11: 0x0000000100998034 el1_sched-ba795739d7a1a0f3`carrick_kernel::kernel::scheduler::Scheduler::try_take::hf4141e4389ae8ae6(self=<unavailable>, executor=0x0000000171f422b0) at scheduler.rs:4265:14 [opt]
       frame #12: 0x00000001002658fc el1_sched-ba795739d7a1a0f3`carrick_runtime::vcpu_loop::executor::next_runnable::h33b3687b36dfd804(scheduler=<unavailable>, backend=0x0000000171f422e0, registration=0x0000000171f422b0, kick=0x0000000129b0b4f0) at executor.rs:1521:38 [opt]
       frame #13: 0x0000000100265858 el1_sched-ba795739d7a1a0f3`carrick_runtime::vcpu_loop::executor::run_executor_loop::h16559fca504fb64c(scheduler=<unavailable>, resolver=0x0000000171f42268, backend=<unavailable>, runtime=<unavailable>, commands=<unavailable>) at executor.rs:278:27 [opt]
       frame #14: 0x0000000100263dd0 el1_sched-ba795739d7a1a0f3`carrick_runtime::vcpu_loop::executor::executor_worker::_$u7b$$u7b$closure$u7d$$u7d$::h9caefef6dadcaa07 at executor.rs:155:39 [opt]
       frame #15: 0x0000000100263cb8 el1_sched-ba795739d7a1a0f3`core::ops::function::FnOnce::call_once::h8a1267a422c367e1((null)={closure_env#1}<carrick_runtime::vcpu_loop::executor::backend::HvpatchPersistentExecutorFactory, carrick_runtime::vcpu_loop::executor::binding::HvpatchTaskBindingDirectory> @ 0x0000007795613d80, (null)=<unavailable>) at function.rs:250:5 [opt] [inlined]
       frame #16: 0x0000000100263cb8 el1_sched-ba795739d7a1a0f3`_$LT$core..panic..unwind_safe..AssertUnwindSafe$LT$F$GT$$u20$as$u20$core..ops..function..FnOnce$LT$$LP$$RP$$GT$$GT$::call_once::h5f3fe5d9958d86ad(self=AssertUnwindSafe<carrick_runtime::vcpu_loop::executor::executor_worker::{closure_env#1}<carrick_runtime::vcpu_loop::executor::backend::HvpatchPersistentExecutorFactory, carrick_runtime::vcpu_loop::executor::binding::HvpatchTaskBindingDirectory>> @ 0x0000007795613e40, (null)=<unavailable>) at unwind_safe.rs:275:9 [opt] [inlined]
       frame #17: 0x0000000100263cb8 el1_sched-ba795739d7a1a0f3`std::panicking::catch_unwind::do_call::h29ce9e822a642d98(data=<unavailable>) at panicking.rs:581:40 [opt]
       frame #18: 0x0000000100263cb8 el1_sched-ba795739d7a1a0f3`std::panicking::catch_unwind::h1a41084116cdd5ec(f=AssertUnwindSafe<carrick_runtime::vcpu_loop::executor::executor_worker::{closure_env#1}<carrick_runtime::vcpu_loop::executor::backend::HvpatchPersistentExecutorFactory, carrick_runtime::vcpu_loop::executor::binding::HvpatchTaskBindingDirectory>> @ 0x0000007795613de0) at panicking.rs:544:19 [opt]
       frame #19: 0x0000000100263cb8 el1_sched-ba795739d7a1a0f3`std::panic::catch_unwind::h9e6697967e43cc34(f=AssertUnwindSafe<carrick_runtime::vcpu_loop::executor::executor_worker::{closure_env#1}<carrick_runtime::vcpu_loop::executor::backend::HvpatchPersistentExecutorFactory, carrick_runtime::vcpu_loop::executor::binding::HvpatchTaskBindingDirectory>> @ 0x0000007795613d80) at panic.rs:359:14 [opt] [inlined]
       frame #20: 0x0000000100263cb8 el1_sched-ba795739d7a1a0f3`carrick_runtime::vcpu_loop::executor::executor_worker::h6659650ec665c127(slot=<unavailable>, scheduler=Arc<carrick_kernel::kernel::scheduler::Scheduler, alloc::alloc::Global> @ 0x0000000171f42258, factory=Arc<carrick_runtime::vcpu_loop::executor::backend::HvpatchPersistentExecutorFactory, alloc::alloc::Global> @ 0x0000000171f42260, resolver=Arc<carrick_runtime::vcpu_loop::executor::binding::HvpatchTaskBindingDirectory, alloc::alloc::Global> @ 0x0000000171f42268, receipts=Arc<carrick_runtime::vcpu_loop::executor::pool::ReceiptLog, alloc::alloc::Global> @ 0x0000000171f42270, control=Arc<carrick_runtime::vcpu_loop::executor::pool::PoolControl, alloc::alloc::Global> @ 0x0000000171f42278, channels=<unavailable>) at executor.rs:125:21 [opt]
       frame #21: 0x00000001002412c0 el1_sched-ba795739d7a1a0f3`carrick_runtime::vcpu_loop::executor::pool::ExecutorPool$LT$F$C$R$GT$::start::_$u7b$$u7b$closure$u7d$$u7d$::hb743ce58afda6e7c at pool.rs:987:21 [opt] [inlined]
       frame #22: 0x0000000100241294 el1_sched-ba795739d7a1a0f3`std::sys::backtrace::__rust_begin_short_backtrace::hf904e9adac42143e(f=<unavailable>) at backtrace.rs:166:18 [opt]
       frame #23: 0x000000010031d734 el1_sched-ba795739d7a1a0f3`std::thread::lifecycle::spawn_unchecked::_$u7b$$u7b$closure$u7d$$u7d$::_$u7b$$u7b$closure$u7d$$u7d$::h6f97fec13f2b11b2 at lifecycle.rs:91:13 [opt] [inlined]
       frame #24: 0x000000010031d6f8 el1_sched-ba795739d7a1a0f3`_$LT$core..panic..unwind_safe..AssertUnwindSafe$LT$F$GT$$u20$as$u20$core..ops..function..FnOnce$LT$$LP$$RP$$GT$$GT$::call_once::h6ca9278a66b3246b(self=AssertUnwindSafe<std::thread::lifecycle::spawn_unchecked::{closure#1}::{closure_env#0}<carrick_runtime::vcpu_loop::executor::pool::{impl#15}::start::{closure_env#4}<carrick_runtime::vcpu_loop::executor::backend::HvpatchPersistentExecutorFactory, carrick_runtime::vcpu_loop::executor::binding::HvpatchTaskBindingDirectory>, carrick_runtime::vcpu_loop::executor::pool::WorkerOutcome>> @ 0x00000077bebf3980, (null)=<unavailable>) at unwind_safe.rs:275:9 [opt] [inlined]
       frame #25: 0x000000010031d6ec el1_sched-ba795739d7a1a0f3`std::panicking::catch_unwind::do_call::h26fe3308ed829988(data=<unavailable>) at panicking.rs:581:40 [opt]
       frame #26: 0x000000010031d6ec el1_sched-ba795739d7a1a0f3`std::panicking::catch_unwind::h685e6787e1d99c3d(f=AssertUnwindSafe<std::thread::lifecycle::spawn_unchecked::{closure#1}::{closure_env#0}<carrick_runtime::vcpu_loop::executor::pool::{impl#15}::start::{closure_env#4}<carrick_runtime::vcpu_loop::executor::backend::HvpatchPersistentExecutorFactory, carrick_runtime::vcpu_loop::executor::binding::HvpatchTaskBindingDirectory>, carrick_runtime::vcpu_loop::executor::pool::WorkerOutcome>> @ 0x00000077bebf3a00) at panicking.rs:544:19 [opt]
       frame #27: 0x000000010031d6ec el1_sched-ba795739d7a1a0f3`std::panic::catch_unwind::h8edd4e8e12c9ad12(f=AssertUnwindSafe<std::thread::lifecycle::spawn_unchecked::{closure#1}::{closure_env#0}<carrick_runtime::vcpu_loop::executor::pool::{impl#15}::start::{closure_env#4}<carrick_runtime::vcpu_loop::executor::backend::HvpatchPersistentExecutorFactory, carrick_runtime::vcpu_loop::executor::binding::HvpatchTaskBindingDirectory>, carrick_runtime::vcpu_loop::executor::pool::WorkerOutcome>> @ 0x00000077bebf3900) at panic.rs:359:14 [opt] [inlined]
       frame #28: 0x000000010031d6ec el1_sched-ba795739d7a1a0f3`std::thread::lifecycle::spawn_unchecked::_$u7b$$u7b$closure$u7d$$u7d$::ha34d47043a5b9232 at lifecycle.rs:89:26 [opt] [inlined]
       frame #29: 0x000000010031d6b8 el1_sched-ba795739d7a1a0f3`core::ops::function::FnOnce::call_once$u7b$$u7b$vtable.shim$u7d$$u7d$::hdb2a01d778d5ac22((null)=<unavailable>, (null)=<unavailable>) at function.rs:250:5 [opt]
       frame #30: 0x0000000100db4354 el1_sched-ba795739d7a1a0f3`<alloc::boxed::Box<dyn core::ops::function::FnOnce<(), Output = ()> + core::marker::Send> as core::ops::function::FnOnce<()>>::call_once at boxed.rs:2249:9 [opt] [inlined]
       frame #31: 0x0000000100db4348 el1_sched-ba795739d7a1a0f3`<std::sys::thread::unix::Thread>::new::thread_start at unix.rs:118:17 [opt]
       frame #32: 0x000000018a8ffd00 libsystem_pthread.dylib`_pthread_start + 136
  thread #19, name = 'carrick-executor-9'
       frame #0: 0x000000018a8be50c libsystem_kernel.dylib`__psynch_cvwait + 8
       frame #1: 0x000000018a9001d0 libsystem_pthread.dylib`_pthread_cond_wait + 980
       frame #2: 0x0000000100b1c704 el1_sched-ba795739d7a1a0f3`_$LT$parking_lot_core..thread_parker..imp..ThreadParker$u20$as$u20$parking_lot_core..thread_parker..ThreadParkerT$GT$::park::h57b0f9e3b8bc7cbb(self=0x000000012a036718) at unix.rs:77:21 [opt] [inlined]
       frame #3: 0x0000000100b1c6f4 el1_sched-ba795739d7a1a0f3`parking_lot_core::parking_lot::park::_$u7b$$u7b$closure$u7d$$u7d$::h2e420e8db8f72615(thread_data=0x000000012a036718) at parking_lot.rs:635:36 [opt]
       frame #4: 0x0000000100b1c65c el1_sched-ba795739d7a1a0f3`parking_lot_core::parking_lot::with_thread_data::h284d9e59aff5050c(f=<unavailable>) at parking_lot.rs:207:5 [opt]
       frame #5: 0x0000000100b1c51c el1_sched-ba795739d7a1a0f3`parking_lot_core::parking_lot::park::h115ba7316cfa6034(key=<unavailable>, validate=<unavailable>, before_sleep=<unavailable>, timed_out=<unavailable>, park_token=(__0 = 0), timeout=<unavailable>) at parking_lot.rs:600:5 [opt] [inlined]
       frame #6: 0x0000000100b1c51c el1_sched-ba795739d7a1a0f3`parking_lot::condvar::Condvar::wait_until_internal::heb307538a997ec5d(self=0x0000000128e17748, mutex=0x0000000128e176f0, timeout=Option<std::time::Instant> @ 0x00000077990784a0) at condvar.rs:334:17 [opt]
       frame #7: 0x000000010098a6cc el1_sched-ba795739d7a1a0f3`parking_lot::condvar::Condvar::wait::h826538e9e90ec9a8(self=<unavailable>, mutex_guard=<unavailable>) at condvar.rs:256:14 [opt] [inlined]
       frame #8: 0x000000010098a6b8 el1_sched-ba795739d7a1a0f3`carrick_kernel::kernel::scheduler::RunQueue::park_spare::h1d681ef7b2c3ab3d(self=<unavailable>, executor=0x000000017214e2b0) at scheduler.rs:2730:36 [opt]
       frame #9: 0x0000000100998098 el1_sched-ba795739d7a1a0f3`carrick_kernel::kernel::scheduler::RunQueue::try_take_row::h237a5c9bf85644e7(self=<unavailable>, executor=<unavailable>, auditors=<unavailable>) at scheduler.rs:2485:22 [opt] [inlined]
       frame #10: 0x0000000100998034 el1_sched-ba795739d7a1a0f3`carrick_kernel::kernel::scheduler::RunQueue::try_take::h7505a8f0c1713dc1(self=0x0000000128e177f8, executor=0x000000017214e2b0, recorder=Option<&dyn carrick_kernel::kernel::scheduler::DiscardRecorder> @ 0x00000077c47a2bc0, auditors=<unavailable>) at scheduler.rs:2768:34 [opt] [inlined]
       frame #11: 0x0000000100998034 el1_sched-ba795739d7a1a0f3`carrick_kernel::kernel::scheduler::Scheduler::try_take::hf4141e4389ae8ae6(self=<unavailable>, executor=0x000000017214e2b0) at scheduler.rs:4265:14 [opt]
       frame #12: 0x00000001002658fc el1_sched-ba795739d7a1a0f3`carrick_runtime::vcpu_loop::executor::next_runnable::h33b3687b36dfd804(scheduler=<unavailable>, backend=0x000000017214e2e0, registration=0x000000017214e2b0, kick=0x0000000129811100) at executor.rs:1521:38 [opt]
       frame #13: 0x0000000100265858 el1_sched-ba795739d7a1a0f3`carrick_runtime::vcpu_loop::executor::run_executor_loop::h16559fca504fb64c(scheduler=<unavailable>, resolver=0x000000017214e268, backend=<unavailable>, runtime=<unavailable>, commands=<unavailable>) at executor.rs:278:27 [opt]
       frame #14: 0x0000000100263dd0 el1_sched-ba795739d7a1a0f3`carrick_runtime::vcpu_loop::executor::executor_worker::_$u7b$$u7b$closure$u7d$$u7d$::h9caefef6dadcaa07 at executor.rs:155:39 [opt]
       frame #15: 0x0000000100263cb8 el1_sched-ba795739d7a1a0f3`core::ops::function::FnOnce::call_once::h8a1267a422c367e1((null)={closure_env#1}<carrick_runtime::vcpu_loop::executor::backend::HvpatchPersistentExecutorFactory, carrick_runtime::vcpu_loop::executor::binding::HvpatchTaskBindingDirectory> @ 0x0000007795613de0, (null)=<unavailable>) at function.rs:250:5 [opt] [inlined]
       frame #16: 0x0000000100263cb8 el1_sched-ba795739d7a1a0f3`_$LT$core..panic..unwind_safe..AssertUnwindSafe$LT$F$GT$$u20$as$u20$core..ops..function..FnOnce$LT$$LP$$RP$$GT$$GT$::call_once::h5f3fe5d9958d86ad(self=AssertUnwindSafe<carrick_runtime::vcpu_loop::executor::executor_worker::{closure_env#1}<carrick_runtime::vcpu_loop::executor::backend::HvpatchPersistentExecutorFactory, carrick_runtime::vcpu_loop::executor::binding::HvpatchTaskBindingDirectory>> @ 0x0000007795613ea0, (null)=<unavailable>) at unwind_safe.rs:275:9 [opt] [inlined]
       frame #17: 0x0000000100263cb8 el1_sched-ba795739d7a1a0f3`std::panicking::catch_unwind::do_call::h29ce9e822a642d98(data=<unavailable>) at panicking.rs:581:40 [opt]
       frame #18: 0x0000000100263cb8 el1_sched-ba795739d7a1a0f3`std::panicking::catch_unwind::h1a41084116cdd5ec(f=AssertUnwindSafe<carrick_runtime::vcpu_loop::executor::executor_worker::{closure_env#1}<carrick_runtime::vcpu_loop::executor::backend::HvpatchPersistentExecutorFactory, carrick_runtime::vcpu_loop::executor::binding::HvpatchTaskBindingDirectory>> @ 0x0000007795613e40) at panicking.rs:544:19 [opt]
       frame #19: 0x0000000100263cb8 el1_sched-ba795739d7a1a0f3`std::panic::catch_unwind::h9e6697967e43cc34(f=AssertUnwindSafe<carrick_runtime::vcpu_loop::executor::executor_worker::{closure_env#1}<carrick_runtime::vcpu_loop::executor::backend::HvpatchPersistentExecutorFactory, carrick_runtime::vcpu_loop::executor::binding::HvpatchTaskBindingDirectory>> @ 0x0000007795613de0) at panic.rs:359:14 [opt] [inlined]
       frame #20: 0x0000000100263cb8 el1_sched-ba795739d7a1a0f3`carrick_runtime::vcpu_loop::executor::executor_worker::h6659650ec665c127(slot=<unavailable>, scheduler=Arc<carrick_kernel::kernel::scheduler::Scheduler, alloc::alloc::Global> @ 0x000000017214e258, factory=Arc<carrick_runtime::vcpu_loop::executor::backend::HvpatchPersistentExecutorFactory, alloc::alloc::Global> @ 0x000000017214e260, resolver=Arc<carrick_runtime::vcpu_loop::executor::binding::HvpatchTaskBindingDirectory, alloc::alloc::Global> @ 0x000000017214e268, receipts=Arc<carrick_runtime::vcpu_loop::executor::pool::ReceiptLog, alloc::alloc::Global> @ 0x000000017214e270, control=Arc<carrick_runtime::vcpu_loop::executor::pool::PoolControl, alloc::alloc::Global> @ 0x000000017214e278, channels=<unavailable>) at executor.rs:125:21 [opt]
       frame #21: 0x00000001002412c0 el1_sched-ba795739d7a1a0f3`carrick_runtime::vcpu_loop::executor::pool::ExecutorPool$LT$F$C$R$GT$::start::_$u7b$$u7b$closure$u7d$$u7d$::hb743ce58afda6e7c at pool.rs:987:21 [opt] [inlined]
       frame #22: 0x0000000100241294 el1_sched-ba795739d7a1a0f3`std::sys::backtrace::__rust_begin_short_backtrace::hf904e9adac42143e(f=<unavailable>) at backtrace.rs:166:18 [opt]
       frame #23: 0x000000010031d734 el1_sched-ba795739d7a1a0f3`std::thread::lifecycle::spawn_unchecked::_$u7b$$u7b$closure$u7d$$u7d$::_$u7b$$u7b$closure$u7d$$u7d$::h6f97fec13f2b11b2 at lifecycle.rs:91:13 [opt] [inlined]
       frame #24: 0x000000010031d6f8 el1_sched-ba795739d7a1a0f3`_$LT$core..panic..unwind_safe..AssertUnwindSafe$LT$F$GT$$u20$as$u20$core..ops..function..FnOnce$LT$$LP$$RP$$GT$$GT$::call_once::h6ca9278a66b3246b(self=AssertUnwindSafe<std::thread::lifecycle::spawn_unchecked::{closure#1}::{closure_env#0}<carrick_runtime::vcpu_loop::executor::pool::{impl#15}::start::{closure_env#4}<carrick_runtime::vcpu_loop::executor::backend::HvpatchPersistentExecutorFactory, carrick_runtime::vcpu_loop::executor::binding::HvpatchTaskBindingDirectory>, carrick_runtime::vcpu_loop::executor::pool::WorkerOutcome>> @ 0x00000077bebf3980, (null)=<unavailable>) at unwind_safe.rs:275:9 [opt] [inlined]
       frame #25: 0x000000010031d6ec el1_sched-ba795739d7a1a0f3`std::panicking::catch_unwind::do_call::h26fe3308ed829988(data=<unavailable>) at panicking.rs:581:40 [opt]
       frame #26: 0x000000010031d6ec el1_sched-ba795739d7a1a0f3`std::panicking::catch_unwind::h685e6787e1d99c3d(f=AssertUnwindSafe<std::thread::lifecycle::spawn_unchecked::{closure#1}::{closure_env#0}<carrick_runtime::vcpu_loop::executor::pool::{impl#15}::start::{closure_env#4}<carrick_runtime::vcpu_loop::executor::backend::HvpatchPersistentExecutorFactory, carrick_runtime::vcpu_loop::executor::binding::HvpatchTaskBindingDirectory>, carrick_runtime::vcpu_loop::executor::pool::WorkerOutcome>> @ 0x00000077bebf3a00) at panicking.rs:544:19 [opt]
       frame #27: 0x000000010031d6ec el1_sched-ba795739d7a1a0f3`std::panic::catch_unwind::h8edd4e8e12c9ad12(f=AssertUnwindSafe<std::thread::lifecycle::spawn_unchecked::{closure#1}::{closure_env#0}<carrick_runtime::vcpu_loop::executor::pool::{impl#15}::start::{closure_env#4}<carrick_runtime::vcpu_loop::executor::backend::HvpatchPersistentExecutorFactory, carrick_runtime::vcpu_loop::executor::binding::HvpatchTaskBindingDirectory>, carrick_runtime::vcpu_loop::executor::pool::WorkerOutcome>> @ 0x00000077bebf3900) at panic.rs:359:14 [opt] [inlined]
       frame #28: 0x000000010031d6ec el1_sched-ba795739d7a1a0f3`std::thread::lifecycle::spawn_unchecked::_$u7b$$u7b$closure$u7d$$u7d$::ha34d47043a5b9232 at lifecycle.rs:89:26 [opt] [inlined]
       frame #29: 0x000000010031d6b8 el1_sched-ba795739d7a1a0f3`core::ops::function::FnOnce::call_once$u7b$$u7b$vtable.shim$u7d$$u7d$::hdb2a01d778d5ac22((null)=<unavailable>, (null)=<unavailable>) at function.rs:250:5 [opt]
       frame #30: 0x0000000100db4354 el1_sched-ba795739d7a1a0f3`<alloc::boxed::Box<dyn core::ops::function::FnOnce<(), Output = ()> + core::marker::Send> as core::ops::function::FnOnce<()>>::call_once at boxed.rs:2249:9 [opt] [inlined]
       frame #31: 0x0000000100db4348 el1_sched-ba795739d7a1a0f3`<std::sys::thread::unix::Thread>::new::thread_start at unix.rs:118:17 [opt]
       frame #32: 0x000000018a8ffd00 libsystem_pthread.dylib`_pthread_start + 136
  thread #20, name = 'carrick-executor-10'
       frame #0: 0x000000018a8be50c libsystem_kernel.dylib`__psynch_cvwait + 8
       frame #1: 0x000000018a9001d0 libsystem_pthread.dylib`_pthread_cond_wait + 980
       frame #2: 0x0000000100b1c704 el1_sched-ba795739d7a1a0f3`_$LT$parking_lot_core..thread_parker..imp..ThreadParker$u20$as$u20$parking_lot_core..thread_parker..ThreadParkerT$GT$::park::h57b0f9e3b8bc7cbb(self=0x000000012b00a118) at unix.rs:77:21 [opt] [inlined]
       frame #3: 0x0000000100b1c6f4 el1_sched-ba795739d7a1a0f3`parking_lot_core::parking_lot::park::_$u7b$$u7b$closure$u7d$$u7d$::h2e420e8db8f72615(thread_data=0x000000012b00a118) at parking_lot.rs:635:36 [opt]
       frame #4: 0x0000000100b1c65c el1_sched-ba795739d7a1a0f3`parking_lot_core::parking_lot::with_thread_data::h284d9e59aff5050c(f=<unavailable>) at parking_lot.rs:207:5 [opt]
       frame #5: 0x0000000100b1c51c el1_sched-ba795739d7a1a0f3`parking_lot_core::parking_lot::park::h115ba7316cfa6034(key=<unavailable>, validate=<unavailable>, before_sleep=<unavailable>, timed_out=<unavailable>, park_token=(__0 = 0), timeout=<unavailable>) at parking_lot.rs:600:5 [opt] [inlined]
       frame #6: 0x0000000100b1c51c el1_sched-ba795739d7a1a0f3`parking_lot::condvar::Condvar::wait_until_internal::heb307538a997ec5d(self=0x0000000128e17748, mutex=0x0000000128e176f0, timeout=Option<std::time::Instant> @ 0x00000077990785e0) at condvar.rs:334:17 [opt]
       frame #7: 0x000000010098a6cc el1_sched-ba795739d7a1a0f3`parking_lot::condvar::Condvar::wait::h826538e9e90ec9a8(self=<unavailable>, mutex_guard=<unavailable>) at condvar.rs:256:14 [opt] [inlined]
       frame #8: 0x000000010098a6b8 el1_sched-ba795739d7a1a0f3`carrick_kernel::kernel::scheduler::RunQueue::park_spare::h1d681ef7b2c3ab3d(self=<unavailable>, executor=0x000000017235a2b0) at scheduler.rs:2730:36 [opt]
       frame #9: 0x0000000100998098 el1_sched-ba795739d7a1a0f3`carrick_kernel::kernel::scheduler::RunQueue::try_take_row::h237a5c9bf85644e7(self=<unavailable>, executor=<unavailable>, auditors=<unavailable>) at scheduler.rs:2485:22 [opt] [inlined]
       frame #10: 0x0000000100998034 el1_sched-ba795739d7a1a0f3`carrick_kernel::kernel::scheduler::RunQueue::try_take::h7505a8f0c1713dc1(self=0x0000000128e177f8, executor=0x000000017235a2b0, recorder=Option<&dyn carrick_kernel::kernel::scheduler::DiscardRecorder> @ 0x00000077c47a2bc0, auditors=<unavailable>) at scheduler.rs:2768:34 [opt] [inlined]
       frame #11: 0x0000000100998034 el1_sched-ba795739d7a1a0f3`carrick_kernel::kernel::scheduler::Scheduler::try_take::hf4141e4389ae8ae6(self=<unavailable>, executor=0x000000017235a2b0) at scheduler.rs:4265:14 [opt]
       frame #12: 0x00000001002658fc el1_sched-ba795739d7a1a0f3`carrick_runtime::vcpu_loop::executor::next_runnable::h33b3687b36dfd804(scheduler=<unavailable>, backend=0x000000017235a2e0, registration=0x000000017235a2b0, kick=0x0000000129b0c240) at executor.rs:1521:38 [opt]
       frame #13: 0x0000000100265858 el1_sched-ba795739d7a1a0f3`carrick_runtime::vcpu_loop::executor::run_executor_loop::h16559fca504fb64c(scheduler=<unavailable>, resolver=0x000000017235a268, backend=<unavailable>, runtime=<unavailable>, commands=<unavailable>) at executor.rs:278:27 [opt]
       frame #14: 0x0000000100263dd0 el1_sched-ba795739d7a1a0f3`carrick_runtime::vcpu_loop::executor::executor_worker::_$u7b$$u7b$closure$u7d$$u7d$::h9caefef6dadcaa07 at executor.rs:155:39 [opt]
       frame #15: 0x0000000100263cb8 el1_sched-ba795739d7a1a0f3`core::ops::function::FnOnce::call_once::h8a1267a422c367e1((null)={closure_env#1}<carrick_runtime::vcpu_loop::executor::backend::HvpatchPersistentExecutorFactory, carrick_runtime::vcpu_loop::executor::binding::HvpatchTaskBindingDirectory> @ 0x0000007795613e40, (null)=<unavailable>) at function.rs:250:5 [opt] [inlined]
       frame #16: 0x0000000100263cb8 el1_sched-ba795739d7a1a0f3`_$LT$core..panic..unwind_safe..AssertUnwindSafe$LT$F$GT$$u20$as$u20$core..ops..function..FnOnce$LT$$LP$$RP$$GT$$GT$::call_once::h5f3fe5d9958d86ad(self=AssertUnwindSafe<carrick_runtime::vcpu_loop::executor::executor_worker::{closure_env#1}<carrick_runtime::vcpu_loop::executor::backend::HvpatchPersistentExecutorFactory, carrick_runtime::vcpu_loop::executor::binding::HvpatchTaskBindingDirectory>> @ 0x0000007795613f00, (null)=<unavailable>) at unwind_safe.rs:275:9 [opt] [inlined]
       frame #17: 0x0000000100263cb8 el1_sched-ba795739d7a1a0f3`std::panicking::catch_unwind::do_call::h29ce9e822a642d98(data=<unavailable>) at panicking.rs:581:40 [opt]
       frame #18: 0x0000000100263cb8 el1_sched-ba795739d7a1a0f3`std::panicking::catch_unwind::h1a41084116cdd5ec(f=AssertUnwindSafe<carrick_runtime::vcpu_loop::executor::executor_worker::{closure_env#1}<carrick_runtime::vcpu_loop::executor::backend::HvpatchPersistentExecutorFactory, carrick_runtime::vcpu_loop::executor::binding::HvpatchTaskBindingDirectory>> @ 0x0000007795613ea0) at panicking.rs:544:19 [opt]
       frame #19: 0x0000000100263cb8 el1_sched-ba795739d7a1a0f3`std::panic::catch_unwind::h9e6697967e43cc34(f=AssertUnwindSafe<carrick_runtime::vcpu_loop::executor::executor_worker::{closure_env#1}<carrick_runtime::vcpu_loop::executor::backend::HvpatchPersistentExecutorFactory, carrick_runtime::vcpu_loop::executor::binding::HvpatchTaskBindingDirectory>> @ 0x0000007795613e40) at panic.rs:359:14 [opt] [inlined]
       frame #20: 0x0000000100263cb8 el1_sched-ba795739d7a1a0f3`carrick_runtime::vcpu_loop::executor::executor_worker::h6659650ec665c127(slot=<unavailable>, scheduler=Arc<carrick_kernel::kernel::scheduler::Scheduler, alloc::alloc::Global> @ 0x000000017235a258, factory=Arc<carrick_runtime::vcpu_loop::executor::backend::HvpatchPersistentExecutorFactory, alloc::alloc::Global> @ 0x000000017235a260, resolver=Arc<carrick_runtime::vcpu_loop::executor::binding::HvpatchTaskBindingDirectory, alloc::alloc::Global> @ 0x000000017235a268, receipts=Arc<carrick_runtime::vcpu_loop::executor::pool::ReceiptLog, alloc::alloc::Global> @ 0x000000017235a270, control=Arc<carrick_runtime::vcpu_loop::executor::pool::PoolControl, alloc::alloc::Global> @ 0x000000017235a278, channels=<unavailable>) at executor.rs:125:21 [opt]
       frame #21: 0x00000001002412c0 el1_sched-ba795739d7a1a0f3`carrick_runtime::vcpu_loop::executor::pool::ExecutorPool$LT$F$C$R$GT$::start::_$u7b$$u7b$closure$u7d$$u7d$::hb743ce58afda6e7c at pool.rs:987:21 [opt] [inlined]
       frame #22: 0x0000000100241294 el1_sched-ba795739d7a1a0f3`std::sys::backtrace::__rust_begin_short_backtrace::hf904e9adac42143e(f=<unavailable>) at backtrace.rs:166:18 [opt]
       frame #23: 0x000000010031d734 el1_sched-ba795739d7a1a0f3`std::thread::lifecycle::spawn_unchecked::_$u7b$$u7b$closure$u7d$$u7d$::_$u7b$$u7b$closure$u7d$$u7d$::h6f97fec13f2b11b2 at lifecycle.rs:91:13 [opt] [inlined]
       frame #24: 0x000000010031d6f8 el1_sched-ba795739d7a1a0f3`_$LT$core..panic..unwind_safe..AssertUnwindSafe$LT$F$GT$$u20$as$u20$core..ops..function..FnOnce$LT$$LP$$RP$$GT$$GT$::call_once::h6ca9278a66b3246b(self=AssertUnwindSafe<std::thread::lifecycle::spawn_unchecked::{closure#1}::{closure_env#0}<carrick_runtime::vcpu_loop::executor::pool::{impl#15}::start::{closure_env#4}<carrick_runtime::vcpu_loop::executor::backend::HvpatchPersistentExecutorFactory, carrick_runtime::vcpu_loop::executor::binding::HvpatchTaskBindingDirectory>, carrick_runtime::vcpu_loop::executor::pool::WorkerOutcome>> @ 0x00000077bebf3980, (null)=<unavailable>) at unwind_safe.rs:275:9 [opt] [inlined]
       frame #25: 0x000000010031d6ec el1_sched-ba795739d7a1a0f3`std::panicking::catch_unwind::do_call::h26fe3308ed829988(data=<unavailable>) at panicking.rs:581:40 [opt]
       frame #26: 0x000000010031d6ec el1_sched-ba795739d7a1a0f3`std::panicking::catch_unwind::h685e6787e1d99c3d(f=AssertUnwindSafe<std::thread::lifecycle::spawn_unchecked::{closure#1}::{closure_env#0}<carrick_runtime::vcpu_loop::executor::pool::{impl#15}::start::{closure_env#4}<carrick_runtime::vcpu_loop::executor::backend::HvpatchPersistentExecutorFactory, carrick_runtime::vcpu_loop::executor::binding::HvpatchTaskBindingDirectory>, carrick_runtime::vcpu_loop::executor::pool::WorkerOutcome>> @ 0x00000077bebf3a00) at panicking.rs:544:19 [opt]
       frame #27: 0x000000010031d6ec el1_sched-ba795739d7a1a0f3`std::panic::catch_unwind::h8edd4e8e12c9ad12(f=AssertUnwindSafe<std::thread::lifecycle::spawn_unchecked::{closure#1}::{closure_env#0}<carrick_runtime::vcpu_loop::executor::pool::{impl#15}::start::{closure_env#4}<carrick_runtime::vcpu_loop::executor::backend::HvpatchPersistentExecutorFactory, carrick_runtime::vcpu_loop::executor::binding::HvpatchTaskBindingDirectory>, carrick_runtime::vcpu_loop::executor::pool::WorkerOutcome>> @ 0x00000077bebf3900) at panic.rs:359:14 [opt] [inlined]
       frame #28: 0x000000010031d6ec el1_sched-ba795739d7a1a0f3`std::thread::lifecycle::spawn_unchecked::_$u7b$$u7b$closure$u7d$$u7d$::ha34d47043a5b9232 at lifecycle.rs:89:26 [opt] [inlined]
       frame #29: 0x000000010031d6b8 el1_sched-ba795739d7a1a0f3`core::ops::function::FnOnce::call_once$u7b$$u7b$vtable.shim$u7d$$u7d$::hdb2a01d778d5ac22((null)=<unavailable>, (null)=<unavailable>) at function.rs:250:5 [opt]
       frame #30: 0x0000000100db4354 el1_sched-ba795739d7a1a0f3`<alloc::boxed::Box<dyn core::ops::function::FnOnce<(), Output = ()> + core::marker::Send> as core::ops::function::FnOnce<()>>::call_once at boxed.rs:2249:9 [opt] [inlined]
       frame #31: 0x0000000100db4348 el1_sched-ba795739d7a1a0f3`<std::sys::thread::unix::Thread>::new::thread_start at unix.rs:118:17 [opt]
       frame #32: 0x000000018a8ffd00 libsystem_pthread.dylib`_pthread_start + 136
  thread #21, name = 'carrick-executor-11'
       frame #0: 0x000000018a8be50c libsystem_kernel.dylib`__psynch_cvwait + 8
       frame #1: 0x000000018a9001d0 libsystem_pthread.dylib`_pthread_cond_wait + 980
       frame #2: 0x0000000100b1c704 el1_sched-ba795739d7a1a0f3`_$LT$parking_lot_core..thread_parker..imp..ThreadParker$u20$as$u20$parking_lot_core..thread_parker..ThreadParkerT$GT$::park::h57b0f9e3b8bc7cbb(self=0x000000012a036d18) at unix.rs:77:21 [opt] [inlined]
       frame #3: 0x0000000100b1c6f4 el1_sched-ba795739d7a1a0f3`parking_lot_core::parking_lot::park::_$u7b$$u7b$closure$u7d$$u7d$::h2e420e8db8f72615(thread_data=0x000000012a036d18) at parking_lot.rs:635:36 [opt]
       frame #4: 0x0000000100b1c65c el1_sched-ba795739d7a1a0f3`parking_lot_core::parking_lot::with_thread_data::h284d9e59aff5050c(f=<unavailable>) at parking_lot.rs:207:5 [opt]
       frame #5: 0x0000000100b1c51c el1_sched-ba795739d7a1a0f3`parking_lot_core::parking_lot::park::h115ba7316cfa6034(key=<unavailable>, validate=<unavailable>, before_sleep=<unavailable>, timed_out=<unavailable>, park_token=(__0 = 0), timeout=<unavailable>) at parking_lot.rs:600:5 [opt] [inlined]
       frame #6: 0x0000000100b1c51c el1_sched-ba795739d7a1a0f3`parking_lot::condvar::Condvar::wait_until_internal::heb307538a997ec5d(self=0x0000000128e17748, mutex=0x0000000128e176f0, timeout=Option<std::time::Instant> @ 0x0000007799078720) at condvar.rs:334:17 [opt]
       frame #7: 0x000000010098a6cc el1_sched-ba795739d7a1a0f3`parking_lot::condvar::Condvar::wait::h826538e9e90ec9a8(self=<unavailable>, mutex_guard=<unavailable>) at condvar.rs:256:14 [opt] [inlined]
       frame #8: 0x000000010098a6b8 el1_sched-ba795739d7a1a0f3`carrick_kernel::kernel::scheduler::RunQueue::park_spare::h1d681ef7b2c3ab3d(self=<unavailable>, executor=0x00000001725662b0) at scheduler.rs:2730:36 [opt]
       frame #9: 0x0000000100998098 el1_sched-ba795739d7a1a0f3`carrick_kernel::kernel::scheduler::RunQueue::try_take_row::h237a5c9bf85644e7(self=<unavailable>, executor=<unavailable>, auditors=<unavailable>) at scheduler.rs:2485:22 [opt] [inlined]
       frame #10: 0x0000000100998034 el1_sched-ba795739d7a1a0f3`carrick_kernel::kernel::scheduler::RunQueue::try_take::h7505a8f0c1713dc1(self=0x0000000128e177f8, executor=0x00000001725662b0, recorder=Option<&dyn carrick_kernel::kernel::scheduler::DiscardRecorder> @ 0x00000077c47a2bc0, auditors=<unavailable>) at scheduler.rs:2768:34 [opt] [inlined]
       frame #11: 0x0000000100998034 el1_sched-ba795739d7a1a0f3`carrick_kernel::kernel::scheduler::Scheduler::try_take::hf4141e4389ae8ae6(self=<unavailable>, executor=0x00000001725662b0) at scheduler.rs:4265:14 [opt]
       frame #12: 0x00000001002658fc el1_sched-ba795739d7a1a0f3`carrick_runtime::vcpu_loop::executor::next_runnable::h33b3687b36dfd804(scheduler=<unavailable>, backend=0x00000001725662e0, registration=0x00000001725662b0, kick=0x0000000129b0a430) at executor.rs:1521:38 [opt]
       frame #13: 0x0000000100265858 el1_sched-ba795739d7a1a0f3`carrick_runtime::vcpu_loop::executor::run_executor_loop::h16559fca504fb64c(scheduler=<unavailable>, resolver=0x0000000172566268, backend=<unavailable>, runtime=<unavailable>, commands=<unavailable>) at executor.rs:278:27 [opt]
       frame #14: 0x0000000100263dd0 el1_sched-ba795739d7a1a0f3`carrick_runtime::vcpu_loop::executor::executor_worker::_$u7b$$u7b$closure$u7d$$u7d$::h9caefef6dadcaa07 at executor.rs:155:39 [opt]
       frame #15: 0x0000000100263cb8 el1_sched-ba795739d7a1a0f3`core::ops::function::FnOnce::call_once::h8a1267a422c367e1((null)={closure_env#1}<carrick_runtime::vcpu_loop::executor::backend::HvpatchPersistentExecutorFactory, carrick_runtime::vcpu_loop::executor::binding::HvpatchTaskBindingDirectory> @ 0x0000007795613ea0, (null)=<unavailable>) at function.rs:250:5 [opt] [inlined]
       frame #16: 0x0000000100263cb8 el1_sched-ba795739d7a1a0f3`_$LT$core..panic..unwind_safe..AssertUnwindSafe$LT$F$GT$$u20$as$u20$core..ops..function..FnOnce$LT$$LP$$RP$$GT$$GT$::call_once::h5f3fe5d9958d86ad(self=AssertUnwindSafe<carrick_runtime::vcpu_loop::executor::executor_worker::{closure_env#1}<carrick_runtime::vcpu_loop::executor::backend::HvpatchPersistentExecutorFactory, carrick_runtime::vcpu_loop::executor::binding::HvpatchTaskBindingDirectory>> @ 0x0000007795613f60, (null)=<unavailable>) at unwind_safe.rs:275:9 [opt] [inlined]
       frame #17: 0x0000000100263cb8 el1_sched-ba795739d7a1a0f3`std::panicking::catch_unwind::do_call::h29ce9e822a642d98(data=<unavailable>) at panicking.rs:581:40 [opt]
       frame #18: 0x0000000100263cb8 el1_sched-ba795739d7a1a0f3`std::panicking::catch_unwind::h1a41084116cdd5ec(f=AssertUnwindSafe<carrick_runtime::vcpu_loop::executor::executor_worker::{closure_env#1}<carrick_runtime::vcpu_loop::executor::backend::HvpatchPersistentExecutorFactory, carrick_runtime::vcpu_loop::executor::binding::HvpatchTaskBindingDirectory>> @ 0x0000007795613f00) at panicking.rs:544:19 [opt]
       frame #19: 0x0000000100263cb8 el1_sched-ba795739d7a1a0f3`std::panic::catch_unwind::h9e6697967e43cc34(f=AssertUnwindSafe<carrick_runtime::vcpu_loop::executor::executor_worker::{closure_env#1}<carrick_runtime::vcpu_loop::executor::backend::HvpatchPersistentExecutorFactory, carrick_runtime::vcpu_loop::executor::binding::HvpatchTaskBindingDirectory>> @ 0x0000007795613ea0) at panic.rs:359:14 [opt] [inlined]
       frame #20: 0x0000000100263cb8 el1_sched-ba795739d7a1a0f3`carrick_runtime::vcpu_loop::executor::executor_worker::h6659650ec665c127(slot=<unavailable>, scheduler=Arc<carrick_kernel::kernel::scheduler::Scheduler, alloc::alloc::Global> @ 0x0000000172566258, factory=Arc<carrick_runtime::vcpu_loop::executor::backend::HvpatchPersistentExecutorFactory, alloc::alloc::Global> @ 0x0000000172566260, resolver=Arc<carrick_runtime::vcpu_loop::executor::binding::HvpatchTaskBindingDirectory, alloc::alloc::Global> @ 0x0000000172566268, receipts=Arc<carrick_runtime::vcpu_loop::executor::pool::ReceiptLog, alloc::alloc::Global> @ 0x0000000172566270, control=Arc<carrick_runtime::vcpu_loop::executor::pool::PoolControl, alloc::alloc::Global> @ 0x0000000172566278, channels=<unavailable>) at executor.rs:125:21 [opt]
       frame #21: 0x00000001002412c0 el1_sched-ba795739d7a1a0f3`carrick_runtime::vcpu_loop::executor::pool::ExecutorPool$LT$F$C$R$GT$::start::_$u7b$$u7b$closure$u7d$$u7d$::hb743ce58afda6e7c at pool.rs:987:21 [opt] [inlined]
       frame #22: 0x0000000100241294 el1_sched-ba795739d7a1a0f3`std::sys::backtrace::__rust_begin_short_backtrace::hf904e9adac42143e(f=<unavailable>) at backtrace.rs:166:18 [opt]
       frame #23: 0x000000010031d734 el1_sched-ba795739d7a1a0f3`std::thread::lifecycle::spawn_unchecked::_$u7b$$u7b$closure$u7d$$u7d$::_$u7b$$u7b$closure$u7d$$u7d$::h6f97fec13f2b11b2 at lifecycle.rs:91:13 [opt] [inlined]
       frame #24: 0x000000010031d6f8 el1_sched-ba795739d7a1a0f3`_$LT$core..panic..unwind_safe..AssertUnwindSafe$LT$F$GT$$u20$as$u20$core..ops..function..FnOnce$LT$$LP$$RP$$GT$$GT$::call_once::h6ca9278a66b3246b(self=AssertUnwindSafe<std::thread::lifecycle::spawn_unchecked::{closure#1}::{closure_env#0}<carrick_runtime::vcpu_loop::executor::pool::{impl#15}::start::{closure_env#4}<carrick_runtime::vcpu_loop::executor::backend::HvpatchPersistentExecutorFactory, carrick_runtime::vcpu_loop::executor::binding::HvpatchTaskBindingDirectory>, carrick_runtime::vcpu_loop::executor::pool::WorkerOutcome>> @ 0x00000077bebf3980, (null)=<unavailable>) at unwind_safe.rs:275:9 [opt] [inlined]
       frame #25: 0x000000010031d6ec el1_sched-ba795739d7a1a0f3`std::panicking::catch_unwind::do_call::h26fe3308ed829988(data=<unavailable>) at panicking.rs:581:40 [opt]
       frame #26: 0x000000010031d6ec el1_sched-ba795739d7a1a0f3`std::panicking::catch_unwind::h685e6787e1d99c3d(f=AssertUnwindSafe<std::thread::lifecycle::spawn_unchecked::{closure#1}::{closure_env#0}<carrick_runtime::vcpu_loop::executor::pool::{impl#15}::start::{closure_env#4}<carrick_runtime::vcpu_loop::executor::backend::HvpatchPersistentExecutorFactory, carrick_runtime::vcpu_loop::executor::binding::HvpatchTaskBindingDirectory>, carrick_runtime::vcpu_loop::executor::pool::WorkerOutcome>> @ 0x00000077bebf3a00) at panicking.rs:544:19 [opt]
       frame #27: 0x000000010031d6ec el1_sched-ba795739d7a1a0f3`std::panic::catch_unwind::h8edd4e8e12c9ad12(f=AssertUnwindSafe<std::thread::lifecycle::spawn_unchecked::{closure#1}::{closure_env#0}<carrick_runtime::vcpu_loop::executor::pool::{impl#15}::start::{closure_env#4}<carrick_runtime::vcpu_loop::executor::backend::HvpatchPersistentExecutorFactory, carrick_runtime::vcpu_loop::executor::binding::HvpatchTaskBindingDirectory>, carrick_runtime::vcpu_loop::executor::pool::WorkerOutcome>> @ 0x00000077bebf3900) at panic.rs:359:14 [opt] [inlined]
       frame #28: 0x000000010031d6ec el1_sched-ba795739d7a1a0f3`std::thread::lifecycle::spawn_unchecked::_$u7b$$u7b$closure$u7d$$u7d$::ha34d47043a5b9232 at lifecycle.rs:89:26 [opt] [inlined]
       frame #29: 0x000000010031d6b8 el1_sched-ba795739d7a1a0f3`core::ops::function::FnOnce::call_once$u7b$$u7b$vtable.shim$u7d$$u7d$::hdb2a01d778d5ac22((null)=<unavailable>, (null)=<unavailable>) at function.rs:250:5 [opt]
       frame #30: 0x0000000100db4354 el1_sched-ba795739d7a1a0f3`<alloc::boxed::Box<dyn core::ops::function::FnOnce<(), Output = ()> + core::marker::Send> as core::ops::function::FnOnce<()>>::call_once at boxed.rs:2249:9 [opt] [inlined]
       frame #31: 0x0000000100db4348 el1_sched-ba795739d7a1a0f3`<std::sys::thread::unix::Thread>::new::thread_start at unix.rs:118:17 [opt]
       frame #32: 0x000000018a8ffd00 libsystem_pthread.dylib`_pthread_start + 136
  thread #22, name = 'carrick-preemption-driver'
       frame #0: 0x000000018a8be50c libsystem_kernel.dylib`__psynch_cvwait + 8
       frame #1: 0x000000018a9001d0 libsystem_pthread.dylib`_pthread_cond_wait + 980
       frame #2: 0x0000000100b1c704 el1_sched-ba795739d7a1a0f3`_$LT$parking_lot_core..thread_parker..imp..ThreadParker$u20$as$u20$parking_lot_core..thread_parker..ThreadParkerT$GT$::park::h57b0f9e3b8bc7cbb(self=0x0000000118008718) at unix.rs:77:21 [opt] [inlined]
       frame #3: 0x0000000100b1c6f4 el1_sched-ba795739d7a1a0f3`parking_lot_core::parking_lot::park::_$u7b$$u7b$closure$u7d$$u7d$::h2e420e8db8f72615(thread_data=0x0000000118008718) at parking_lot.rs:635:36 [opt]
       frame #4: 0x0000000100b1c65c el1_sched-ba795739d7a1a0f3`parking_lot_core::parking_lot::with_thread_data::h284d9e59aff5050c(f=<unavailable>) at parking_lot.rs:207:5 [opt]
       frame #5: 0x0000000100b1c51c el1_sched-ba795739d7a1a0f3`parking_lot_core::parking_lot::park::h115ba7316cfa6034(key=<unavailable>, validate=<unavailable>, before_sleep=<unavailable>, timed_out=<unavailable>, park_token=(__0 = 0), timeout=<unavailable>) at parking_lot.rs:600:5 [opt] [inlined]
       frame #6: 0x0000000100b1c51c el1_sched-ba795739d7a1a0f3`parking_lot::condvar::Condvar::wait_until_internal::heb307538a997ec5d(self=0x0000000128e173a0, mutex=0x0000000128e173c0, timeout=Option<std::time::Instant> @ 0x0000007799078820) at condvar.rs:334:17 [opt]
       frame #7: 0x000000010099338c el1_sched-ba795739d7a1a0f3`parking_lot::condvar::Condvar::wait::h271e2544e260f6ff(self=<unavailable>, mutex_guard=<unavailable>) at condvar.rs:256:14 [opt] [inlined]
       frame #8: 0x000000010099337c el1_sched-ba795739d7a1a0f3`carrick_kernel::kernel::scheduler::Scheduler::wait_preemption_work::h44e4b677dccc56a0(self=0x0000000128e177f0) at scheduler.rs:5268:41 [opt]
       frame #9: 0x0000000100241184 el1_sched-ba795739d7a1a0f3`carrick_runtime::vcpu_loop::executor::preemption::PreemptionDriver::start::_$u7b$$u7b$closure$u7d$$u7d$::hf3d9b771899c8724 at preemption.rs:48:72 [opt]
       frame #10: 0x0000000100241174 el1_sched-ba795739d7a1a0f3`std::sys::backtrace::__rust_begin_short_backtrace::hc64de8e04ff68016(f=<unavailable>) at backtrace.rs:166:18 [opt]
       frame #11: 0x000000010031d56c el1_sched-ba795739d7a1a0f3`std::thread::lifecycle::spawn_unchecked::_$u7b$$u7b$closure$u7d$$u7d$::_$u7b$$u7b$closure$u7d$$u7d$::h41987d169f286c8b at lifecycle.rs:91:13 [opt] [inlined]
       frame #12: 0x000000010031d558 el1_sched-ba795739d7a1a0f3`_$LT$core..panic..unwind_safe..AssertUnwindSafe$LT$F$GT$$u20$as$u20$core..ops..function..FnOnce$LT$$LP$$RP$$GT$$GT$::call_once::h9c7665db6c7c44c3(self=<unavailable>, (null)=<unavailable>) at unwind_safe.rs:275:9 [opt] [inlined]
       frame #13: 0x000000010031d544 el1_sched-ba795739d7a1a0f3`std::panicking::catch_unwind::do_call::h1c9e6893c02f7333(data=<unavailable>) at panicking.rs:581:40 [opt] [inlined]
       frame #14: 0x000000010031d544 el1_sched-ba795739d7a1a0f3`std::panicking::catch_unwind::h673daa6f7b979c8c(f=AssertUnwindSafe<std::thread::lifecycle::spawn_unchecked::{closure#1}::{closure_env#0}<carrick_runtime::vcpu_loop::executor::preemption::{impl#0}::start::{closure_env#0}, ()>> @ 0x00000077bc3f8030) at panicking.rs:544:19 [opt]
       frame #15: 0x000000010031d544 el1_sched-ba795739d7a1a0f3`std::panic::catch_unwind::h02dc0e49a54bf286(f=AssertUnwindSafe<std::thread::lifecycle::spawn_unchecked::{closure#1}::{closure_env#0}<carrick_runtime::vcpu_loop::executor::preemption::{impl#0}::start::{closure_env#0}, ()>> @ 0x00000077bc3f8060) at panic.rs:359:14 [opt] [inlined]
       frame #16: 0x000000010031d544 el1_sched-ba795739d7a1a0f3`std::thread::lifecycle::spawn_unchecked::_$u7b$$u7b$closure$u7d$$u7d$::hf16f7208c16fc8bd at lifecycle.rs:89:26 [opt]
       frame #17: 0x000000010031d534 el1_sched-ba795739d7a1a0f3`core::ops::function::FnOnce::call_once$u7b$$u7b$vtable.shim$u7d$$u7d$::h91498913e24f49de((null)=0x0000000128e1cda0, (null)=<unavailable>) at function.rs:250:5 [opt]
       frame #18: 0x0000000100db4354 el1_sched-ba795739d7a1a0f3`<alloc::boxed::Box<dyn core::ops::function::FnOnce<(), Output = ()> + core::marker::Send> as core::ops::function::FnOnce<()>>::call_once at boxed.rs:2249:9 [opt] [inlined]
       frame #19: 0x0000000100db4348 el1_sched-ba795739d7a1a0f3`<std::sys::thread::unix::Thread>::new::thread_start at unix.rs:118:17 [opt]
       frame #20: 0x000000018a8ffd00 libsystem_pthread.dylib`_pthread_start + 136
  thread #23, name = 'carrick-kernel-debug'
       frame #0: 0x000000018a8c3734 libsystem_kernel.dylib`__accept + 8
       frame #1: 0x0000000100da582c el1_sched-ba795739d7a1a0f3`<std::sys::net::connection::socket::unix::Socket>::accept::{closure#0} at unix.rs:265:39 [opt] [inlined]
       frame #2: 0x0000000100da581c el1_sched-ba795739d7a1a0f3`std::sys::pal::unix::cvt_r::<i32, <std::sys::net::connection::socket::unix::Socket>::accept::{closure#0}> at mod.rs:255:19 [opt] [inlined]
       frame #3: 0x0000000100da581c el1_sched-ba795739d7a1a0f3`<std::sys::net::connection::socket::unix::Socket>::accept at unix.rs:265:30 [opt] [inlined]
       frame #4: 0x0000000100da581c el1_sched-ba795739d7a1a0f3`<std::os::unix::net::listener::UnixListener>::accept at listener.rs:180:27 [opt]
       frame #5: 0x00000001008c2e00 el1_sched-ba795739d7a1a0f3`carrick_kernel::kernel::debug::server::serve_loop::hf5878d2feea51ca0(listener=0x0000000172982eb0, kernel=<unavailable>, shutdown=0x0000000128e18020) at server.rs:179:47 [opt]
       frame #6: 0x00000001006e9908 el1_sched-ba795739d7a1a0f3`carrick_kernel::kernel::debug::server::KernelDebugServer::start_at::_$u7b$$u7b$closure$u7d$$u7d$::h8c4edbf50366b8b1 at server.rs:89:17 [opt] [inlined]
       frame #7: 0x00000001006e98ec el1_sched-ba795739d7a1a0f3`std::sys::backtrace::__rust_begin_short_backtrace::h4cebcec3220ecda7(f={closure_env#0} @ 0x0000000172982e50) at backtrace.rs:166:18 [opt]
       frame #8: 0x00000001006ef78c el1_sched-ba795739d7a1a0f3`std::thread::lifecycle::spawn_unchecked::_$u7b$$u7b$closure$u7d$$u7d$::_$u7b$$u7b$closure$u7d$$u7d$::h76865d5cdc49a79f at lifecycle.rs:91:13 [opt] [inlined]
       frame #9: 0x00000001006ef750 el1_sched-ba795739d7a1a0f3`_$LT$core..panic..unwind_safe..AssertUnwindSafe$LT$F$GT$$u20$as$u20$core..ops..function..FnOnce$LT$$LP$$RP$$GT$$GT$::call_once::h151bb463d4655fae(self=AssertUnwindSafe<std::thread::lifecycle::spawn_unchecked::{closure#1}::{closure_env#0}<carrick_kernel::kernel::debug::server::{impl#0}::start_at::{closure_env#0}, ()>> @ 0x0000000172982d40, (null)=<unavailable>) at unwind_safe.rs:275:9 [opt] [inlined]
       frame #10: 0x00000001006ef744 el1_sched-ba795739d7a1a0f3`std::panicking::catch_unwind::do_call::h6aba608a88c4a5b3(data=<unavailable>) at panicking.rs:581:40 [opt]
       frame #11: 0x00000001006ef73c el1_sched-ba795739d7a1a0f3`std::panicking::catch_unwind::h5b3a36f1a53a63d9(f=AssertUnwindSafe<std::thread::lifecycle::spawn_unchecked::{closure#1}::{closure_env#0}<carrick_kernel::kernel::debug::server::{impl#0}::start_at::{closure_env#0}, ()>> @ 0x00000077974bb160) at panicking.rs:544:19 [opt]
       frame #12: 0x00000001006ef73c el1_sched-ba795739d7a1a0f3`std::panic::catch_unwind::hefa3c3d72fe7f479(f=AssertUnwindSafe<std::thread::lifecycle::spawn_unchecked::{closure#1}::{closure_env#0}<carrick_kernel::kernel::debug::server::{impl#0}::start_at::{closure_env#0}, ()>> @ 0x00000077974bb2a0) at panic.rs:359:14 [opt] [inlined]
       frame #13: 0x00000001006ef73c el1_sched-ba795739d7a1a0f3`std::thread::lifecycle::spawn_unchecked::_$u7b$$u7b$closure$u7d$$u7d$::h4270517cf7cd33c5 at lifecycle.rs:89:26 [opt] [inlined]
       frame #14: 0x00000001006ef724 el1_sched-ba795739d7a1a0f3`core::ops::function::FnOnce::call_once$u7b$$u7b$vtable.shim$u7d$$u7d$::hcf6d1fd0da1119ab((null)=<unavailable>, (null)=<unavailable>) at function.rs:250:5 [opt]
       frame #15: 0x0000000100db4354 el1_sched-ba795739d7a1a0f3`<alloc::boxed::Box<dyn core::ops::function::FnOnce<(), Output = ()> + core::marker::Send> as core::ops::function::FnOnce<()>>::call_once at boxed.rs:2249:9 [opt] [inlined]
       frame #16: 0x0000000100db4348 el1_sched-ba795739d7a1a0f3`<std::sys::thread::unix::Thread>::new::thread_start at unix.rs:118:17 [opt]
       frame #17: 0x000000018a8ffd00 libsystem_pthread.dylib`_pthread_start + 136
(lldb) command script import /Users/tjfontaine/.codex/worktrees/el1-memory-corrections/carrick/scripts/carrick_lldb.py
carrick_lldb: registered `carrick` command. Run `carrick info` (after `carrick load-state <path>`) to verify.
(lldb) carrick eventring 128
# carrick event ring  pid=27350  total=10  showing=10  start=0  oldest=0  errors=0
     0 SYSLOG_RECORD owner=1 seq=1 total_bytes=69
     1 SYSLOG_STATE owner=1 read_seq=1 clear_seq=1 unread=69
     2 SYSLOG_WAKE owner=1 type=1 wake_count=1 poll_fd=16385
     3 SYSLOG_RECORD owner=2 seq=1 total_bytes=52
     4 SYSLOG_STATE owner=2 read_seq=1 clear_seq=1 unread=52
     5 SYSLOG_WAKE owner=2 type=1 wake_count=1 poll_fd=16389
     6 SCHED_DISPATCH tid=6 executor=3 cpu=2
     7 SCHED_BUDGET executor=3 budget_ms=4 generation=1
     8 HVPEXEC  pid=1 tid=1 executor=3 phase=claim
     9 HVPSETTLE tid=685866688 gen=1 step=18
(lldb) continue

thread 'el1_metadata_allocator_grows_and_returns_extents' (14751273) panicked at crates/carrick-embed/tests/common/mod.rs:112:21:
container run failed: runtime failure: filesystem backend error: failed to run ELF from dispatcher: carrier failed: logical HVPatch job 1 published before its executor binding retired
note: run with `RUST_BACKTRACE=1` environment variable to display a backtrace
FAILED

failures:

failures:
    el1_metadata_allocator_grows_and_returns_extents

test result: FAILED. 0 passed; 1 failed; 0 ignored; 0 measured; 32 filtered out; finished in 5.53s

Process 27350 resuming
Process 27350 exited with status = 101 (0x00000065)
