(lldb) process attach --pid 8177
Process 8177 stopped
* thread #1, name = 'main', queue = 'com.apple.main-thread', stop reason = signal SIGSTOP
       frame #0: 0x000000018a8bab9c libsystem_kernel.dylib`semaphore_wait_trap + 8
libsystem_kernel.dylib`semaphore_wait_trap:
->  0x18a8bab9c <+8>: ret    

libsystem_kernel.dylib`semaphore_wait_signal_trap:
    0x18a8baba0 <+0>: mov    x16, #-0x25               ; =-37 
    0x18a8baba4 <+4>: svc    #0x80
    0x18a8baba8 <+8>: ret    
Target 0: (el1_sched-3c030f910e35df6e) stopped.
Executable binary set to "/Volumes/CaseSensitive/carrick/.worktrees/wt-cp3-adapter/target/el1-ipc-processes-red-8c9617950/el1_sched-3c030f910e35df6e".
Architecture set to: arm64-apple-macosx-.
(lldb) thread backtrace all
* thread #1, name = 'main', queue = 'com.apple.main-thread', stop reason = signal SIGSTOP
   * frame #0: 0x000000018a8bab9c libsystem_kernel.dylib`semaphore_wait_trap + 8
     frame #1: 0x000000018f85549c libdispatch.dylib`_dispatch_sema4_wait + 28
     frame #2: 0x000000018f855b28 libdispatch.dylib`_dispatch_semaphore_wait_slow + 132
     frame #3: 0x00000001018d16e8 el1_sched-3c030f910e35df6e`<std::sys::sync::thread_parking::darwin::Parker>::park at darwin.rs:74:15 [opt] [inlined]
     frame #4: 0x00000001018d16c8 el1_sched-3c030f910e35df6e`<std::thread::thread::Thread>::park at thread.rs:121:47 [opt]
     frame #5: 0x0000000100b05014 el1_sched-3c030f910e35df6e`<std::sync::mpmc::context::Context>::wait_until at context.rs:143:44 [opt] [inlined]
     frame #6: 0x0000000100b04fb0 el1_sched-3c030f910e35df6e`<std::sync::mpmc::list::Channel<test::event::CompletedTest>>::recv::{closure#1} at list.rs:453:39 [opt]
     frame #7: 0x0000000100b0d2fc el1_sched-3c030f910e35df6e`<std::sync::mpmc::context::Context>::with::<<std::sync::mpmc::list::Channel<test::event::CompletedTest>>::recv::{closure#1}, ()>::{closure#0} at context.rs:49:13 [opt] [inlined]
     frame #8: 0x0000000100b0d2dc el1_sched-3c030f910e35df6e`<std::sync::mpmc::context::Context>::with::<<std::sync::mpmc::list::Channel<test::event::CompletedTest>>::recv::{closure#1}, ()>::{closure#1} at context.rs:57:31 [opt] [inlined]
     frame #9: 0x0000000100b0d2c4 el1_sched-3c030f910e35df6e`<std::thread::local::LocalKey<core::cell::Cell<core::option::Option<std::sync::mpmc::context::Context>>>>::try_with::<<std::sync::mpmc::context::Context>::with<<std::sync::mpmc::list::Channel<test::event::CompletedTest>>::recv::{closure#1}, ()>::{closure#1}, ()> at local.rs:462:12 [opt] [inlined]
     frame #10: 0x0000000100b0d2b4 el1_sched-3c030f910e35df6e`<std::sync::mpmc::context::Context>::with::<<std::sync::mpmc::list::Channel<test::event::CompletedTest>>::recv::{closure#1}, ()> at context.rs:53:14 [opt] [inlined]
     frame #11: 0x0000000100b0d2ac el1_sched-3c030f910e35df6e`<std::sync::mpmc::list::Channel<test::event::CompletedTest>>::recv at list.rs:442:13 [opt]
     frame #12: 0x0000000100b16ba0 el1_sched-3c030f910e35df6e`<std::sync::mpmc::Receiver<test::event::CompletedTest>>::recv at mod.rs:1012:48 [opt] [inlined]
     frame #13: 0x0000000100b16b8c el1_sched-3c030f910e35df6e`<std::sync::mpsc::Receiver<test::event::CompletedTest>>::recv at mpsc.rs:872:20 [opt] [inlined]
     frame #14: 0x0000000100b16b8c el1_sched-3c030f910e35df6e`test::run_tests::<test::console::run_tests_console::{closure#2}> at lib.rs:422:41 [opt] [inlined]
     frame #15: 0x0000000100b168f8 el1_sched-3c030f910e35df6e`test::console::run_tests_console at console.rs:327:5 [opt]
     frame #16: 0x0000000100b0919c el1_sched-3c030f910e35df6e`test::test_main_with_exit_callback::<test::test_main::{closure#0}> at lib.rs:160:19 [opt] [inlined]
     frame #17: 0x0000000100b09098 el1_sched-3c030f910e35df6e`test::test_main at lib.rs:101:5 [opt]
     frame #18: 0x0000000100b0743c el1_sched-3c030f910e35df6e`test::test_main_static at lib.rs:183:5 [opt]
     frame #19: 0x0000000100af33bc el1_sched-3c030f910e35df6e`std::sys::backtrace::__rust_begin_short_backtrace::h3ec20c32f9590263 + 12
     frame #20: 0x0000000100af49ac el1_sched-3c030f910e35df6e`std::rt::lang_start::_$u7b$$u7b$closure$u7d$$u7d$::he59b188dfd2d7717 + 16
     frame #21: 0x00000001018dac30 el1_sched-3c030f910e35df6e`<&dyn core::ops::function::Fn<(), Output = i32> + core::marker::Sync + core::panic::unwind_safe::RefUnwindSafe as core::ops::function::FnOnce<()>>::call_once at function.rs:287:21 [opt] [inlined]
     frame #22: 0x00000001018dac28 el1_sched-3c030f910e35df6e`std::panicking::catch_unwind::do_call::<&dyn core::ops::function::Fn<(), Output = i32> + core::marker::Sync + core::panic::unwind_safe::RefUnwindSafe, i32> at panicking.rs:581:40 [opt] [inlined]
     frame #23: 0x00000001018dac24 el1_sched-3c030f910e35df6e`std::panicking::catch_unwind::<i32, &dyn core::ops::function::Fn<(), Output = i32> + core::marker::Sync + core::panic::unwind_safe::RefUnwindSafe> at panicking.rs:544:19 [opt] [inlined]
     frame #24: 0x00000001018dac24 el1_sched-3c030f910e35df6e`std::panic::catch_unwind::<&dyn core::ops::function::Fn<(), Output = i32> + core::marker::Sync + core::panic::unwind_safe::RefUnwindSafe, i32> at panic.rs:359:14 [opt] [inlined]
     frame #25: 0x00000001018dac24 el1_sched-3c030f910e35df6e`std::rt::lang_start_internal::{closure#0} at rt.rs:175:24 [opt] [inlined]
     frame #26: 0x00000001018da89c el1_sched-3c030f910e35df6e`std::panicking::catch_unwind::do_call::<std::rt::lang_start_internal::{closure#0}, isize> at panicking.rs:581:40 [opt] [inlined]
     frame #27: 0x00000001018da89c el1_sched-3c030f910e35df6e`std::panicking::catch_unwind::<isize, std::rt::lang_start_internal::{closure#0}> at panicking.rs:544:19 [opt] [inlined]
     frame #28: 0x00000001018da89c el1_sched-3c030f910e35df6e`std::panic::catch_unwind::<std::rt::lang_start_internal::{closure#0}, isize> at panic.rs:359:14 [opt] [inlined]
     frame #29: 0x00000001018da89c el1_sched-3c030f910e35df6e`std::rt::lang_start_internal at rt.rs:171:5 [opt]
     frame #30: 0x0000000100af2798 el1_sched-3c030f910e35df6e`main + 52
     frame #31: 0x000000018a82bef0 dyld`start + 6688
  thread #2, name = 'carrick: /opt/carrick/el1-sched ipc-processes pipe 8 128'
       frame #0: 0x000000018a8be50c libsystem_kernel.dylib`__psynch_cvwait + 8
       frame #1: 0x000000018a9001d0 libsystem_pthread.dylib`_pthread_cond_wait + 980
       frame #2: 0x000000010164bc28 el1_sched-3c030f910e35df6e`_$LT$parking_lot_core..thread_parker..imp..ThreadParker$u20$as$u20$parking_lot_core..thread_parker..ThreadParkerT$GT$::park_until::h02cef476c1d9d5d9(self=0x0000000146808820, timeout=Instant @ 0x00000076d8f24b60) at unix.rs:97:25 [opt]
       frame #3: 0x000000010164bbf4 el1_sched-3c030f910e35df6e`parking_lot_core::parking_lot::park::_$u7b$$u7b$closure$u7d$$u7d$::h2e420e8db8f72615(thread_data=0x0000000146808820) at parking_lot.rs:633:49 [opt]
       frame #4: 0x000000010164bb40 el1_sched-3c030f910e35df6e`parking_lot_core::parking_lot::with_thread_data::h284d9e59aff5050c(f=<unavailable>) at parking_lot.rs:207:5 [opt]
       frame #5: 0x000000010164ba00 el1_sched-3c030f910e35df6e`parking_lot_core::parking_lot::park::h115ba7316cfa6034(key=<unavailable>, validate=<unavailable>, before_sleep=<unavailable>, timed_out=<unavailable>, park_token=(__0 = 0), timeout=<unavailable>) at parking_lot.rs:600:5 [opt] [inlined]
       frame #6: 0x000000010164ba00 el1_sched-3c030f910e35df6e`parking_lot::condvar::Condvar::wait_until_internal::heb307538a997ec5d(self=0x0000000147204ce0, mutex=0x0000000147204c90, timeout=Option<std::time::Instant> @ 0x00000076d8f25480) at condvar.rs:334:17 [opt]
       frame #7: 0x0000000100e0e0cc el1_sched-3c030f910e35df6e`parking_lot::condvar::Condvar::wait_for::h3aeb7a68c75d8998(self=<unavailable>, mutex_guard=<unavailable>, timeout=Duration @ 0x00000076d8f25640) at condvar.rs:387:14 [opt]
       frame #8: 0x0000000100e0e09c el1_sched-3c030f910e35df6e`carrick_runtime::vcpu_loop::outcome::HvpatchLoopResult::wait_supervised::he215a90e8680f592(self=HvpatchLoopResult @ 0x000000016f511fa0, liveness=<unavailable>) at outcome.rs:442:34 [opt]
       frame #9: 0x0000000100d30c64 el1_sched-3c030f910e35df6e`carrick_runtime::vcpu_loop::binding::VcpuLoopLaunch::wait::hb223920229ed634c(self=<unavailable>) at binding.rs:5102:38 [opt]
       frame #10: 0x0000000100d785e4 el1_sched-3c030f910e35df6e`carrick_hal::sigframe::save_fpsimd::hc06831234185fc49(engine=<unavailable>, mcontext=<unavailable>, enabled=<unavailable>) at sigframe.rs:337:9 [opt] [inlined]
       frame #11: 0x0000000100d76ca0 el1_sched-3c030f910e35df6e`carrick_runtime::threaded_loop::run_threaded_loop::hc5b3ded8e6ce87f3(engine=<unavailable>, dispatcher=<unavailable>, host=<unavailable>, max_traps=<unavailable>, carrier=<unavailable>) at threaded_loop.rs:236:15 [opt]
       frame #12: 0x0000000100e0b8c0 el1_sched-3c030f910e35df6e`carrick_runtime::runtime::run_threaded_hvf_loop::hff402036e7a1dbd9(trap=Aarch64EngineCore<carrick_vmm_hvf::hvf_aarch64_engine::HvfAarch64Vmm> @ 0x000000016f5158f0, dispatcher=SyscallDispatcher @ 0x000000016f515ff0, max_traps=<unavailable>, carrier=<unavailable>) at runtime.rs:2122:5 [opt] [inlined]
       frame #13: 0x0000000100e0b8a4 el1_sched-3c030f910e35df6e`carrick_runtime::runtime::run_address_space_with_hvf_and_dispatcher::_$u7b$$u7b$closure$u7d$$u7d$::h60550fb6d53ce467 at runtime.rs:769:30 [opt]
       frame #14: 0x0000000100e0b888 el1_sched-3c030f910e35df6e`carrick_runtime::runtime::run_address_space_with_hvf_and_dispatcher::h2255b0cff04dfc89(image=AddressSpace @ 0x000000016f514400, dispatcher=SyscallDispatcher @ 0x000000016f5144c8, max_traps=18446744073709551615, carrier=CarrierRuntime @ 0x000000016f514918, lease=CarrierLease @ 0x000000016f514360) at runtime.rs:747:19 [opt]
       frame #15: 0x0000000100e0b400 el1_sched-3c030f910e35df6e`carrick_runtime::runtime::finish_and_run_image_owned::h05fe02b829578bef(image=AddressSpace @ 0x000000016f516690, dispatcher=SyscallDispatcher @ 0x000000016f516750, requires_syscall_traps=<unavailable>, max_traps=<unavailable>, debug_state_path=<unavailable>, ownership=Option<(carrick_runtime::carrier::CarrierRuntime, carrick_runtime::carrier::CarrierLease)> @ 0x000000016f516bb0) at runtime.rs:979:5 [opt]
       frame #16: 0x0000000100d80f7c el1_sched-3c030f910e35df6e`std::panicking::panic_count::count_is_zero at panicking.rs:464:12 [opt] [inlined]
       frame #17: 0x0000000100e0cf28 el1_sched-3c030f910e35df6e`carrick_runtime::hvpatch::finish_hvpatch_image_on::hb42e0223452905b5(image=<unavailable>, dispatcher=<unavailable>, max_traps=<unavailable>, debug_state_path=<unavailable>, carrier=<unavailable>, lease=<unavailable>) at mod.rs:1437:5 [opt] [inlined]
       frame #18: 0x0000000100e0cf04 el1_sched-3c030f910e35df6e`carrick_runtime::runtime::run_elf_from_dispatcher_debug_owned::h7422b2ac336c7e4f(path=<unavailable>, dispatcher=<unavailable>, argv=<unavailable>, env=<unavailable>, options=<unavailable>) at runtime.rs:637:5 [opt]
       frame #19: 0x0000000100e0ce6c el1_sched-3c030f910e35df6e`carrick_runtime::runtime::run_elf_from_dispatcher_debug_on::h84b976cc7e258871(path=<unavailable>, dispatcher=<unavailable>, argv=<unavailable>, env=<unavailable>, options=<unavailable>) at runtime.rs:519:5 [opt]
       frame #20: 0x0000000100cf46e4 el1_sched-3c030f910e35df6e`carrick_runtime::prepare::PreparedRun::execute::h81ae4157385b6950(self=<unavailable>) at prepare.rs:850:17 [opt]
       frame #21: 0x0000000100b9e4d4 el1_sched-3c030f910e35df6e`carrick_embed::prepared::PreparedContainer::execute::he3d1d6b5da484f64(self=PreparedContainer @ 0x000000016f51bcc0) at prepared.rs:121:38 [opt]
       frame #22: 0x0000000100baaa00 el1_sched-3c030f910e35df6e`carrick_embed::builder::Container::run_blocking::h20ae21eb959d40a2(self=<unavailable>) at builder.rs:725:18 [opt]
       frame #23: 0x0000000100ba9bbc el1_sched-3c030f910e35df6e`carrick_embed::builder::ContainerBuilder::run_blocking::h1347080363e8d16f(self=<unavailable>) at builder.rs:585:23 [opt]
       frame #24: 0x0000000100aeeb14 el1_sched-3c030f910e35df6e`el1_sched::run_fixture::h77a4685e48d84763 + 1092
       frame #25: 0x0000000100af112c el1_sched-3c030f910e35df6e`el1_sched::ipc_blocking_population::h7465715b717af4db + 580
       frame #26: 0x0000000100ae4e84 el1_sched-3c030f910e35df6e`core::ops::function::FnOnce::call_once::h5f3ed2792c3150d5 + 32
       frame #27: 0x0000000100afa2f8 el1_sched-3c030f910e35df6e`<fn() -> core::result::Result<(), alloc::string::String> as core::ops::function::FnOnce<()>>::call_once at function.rs:250:5 [opt] [inlined]
       frame #28: 0x0000000100afa2f0 el1_sched-3c030f910e35df6e`test::__rust_begin_short_backtrace::<core::result::Result<(), alloc::string::String>, fn() -> core::result::Result<(), alloc::string::String>> at lib.rs:663:18 [opt]
       frame #29: 0x0000000100b04520 el1_sched-3c030f910e35df6e`test::run_test_in_process::{closure#0} at lib.rs:686:74 [opt] [inlined]
       frame #30: 0x0000000100b04514 el1_sched-3c030f910e35df6e`<core::panic::unwind_safe::AssertUnwindSafe<test::run_test_in_process::{closure#0}> as core::ops::function::FnOnce<()>>::call_once at unwind_safe.rs:275:9 [opt] [inlined]
       frame #31: 0x0000000100b04514 el1_sched-3c030f910e35df6e`std::panicking::catch_unwind::do_call::<core::panic::unwind_safe::AssertUnwindSafe<test::run_test_in_process::{closure#0}>, core::result::Result<(), alloc::string::String>> at panicking.rs:581:40 [opt] [inlined]
       frame #32: 0x0000000100b04510 el1_sched-3c030f910e35df6e`std::panicking::catch_unwind::<core::result::Result<(), alloc::string::String>, core::panic::unwind_safe::AssertUnwindSafe<test::run_test_in_process::{closure#0}>> at panicking.rs:544:19 [opt] [inlined]
       frame #33: 0x0000000100b04510 el1_sched-3c030f910e35df6e`std::panic::catch_unwind::<core::panic::unwind_safe::AssertUnwindSafe<test::run_test_in_process::{closure#0}>, core::result::Result<(), alloc::string::String>> at panic.rs:359:14 [opt] [inlined]
       frame #34: 0x0000000100b04510 el1_sched-3c030f910e35df6e`test::run_test_in_process at lib.rs:686:27 [opt] [inlined]
       frame #35: 0x0000000100b04458 el1_sched-3c030f910e35df6e`test::run_test::{closure#0} at lib.rs:607:43 [opt]
       frame #36: 0x0000000100b00e74 el1_sched-3c030f910e35df6e`test::run_test::{closure#1} at lib.rs:637:41 [opt] [inlined]
       frame #37: 0x0000000100b00e10 el1_sched-3c030f910e35df6e`std::sys::backtrace::__rust_begin_short_backtrace::<test::run_test::{closure#1}, ()> at backtrace.rs:166:18 [opt]
       frame #38: 0x0000000100b067f8 el1_sched-3c030f910e35df6e`std::thread::lifecycle::spawn_unchecked::<test::run_test::{closure#1}, ()>::{closure#1}::{closure#0} at lifecycle.rs:91:13 [opt] [inlined]
       frame #39: 0x0000000100b067e8 el1_sched-3c030f910e35df6e`<core::panic::unwind_safe::AssertUnwindSafe<std::thread::lifecycle::spawn_unchecked<test::run_test::{closure#1}, ()>::{closure#1}::{closure#0}> as core::ops::function::FnOnce<()>>::call_once at unwind_safe.rs:275:9 [opt] [inlined]
       frame #40: 0x0000000100b067e8 el1_sched-3c030f910e35df6e`std::panicking::catch_unwind::do_call::<core::panic::unwind_safe::AssertUnwindSafe<std::thread::lifecycle::spawn_unchecked<test::run_test::{closure#1}, ()>::{closure#1}::{closure#0}>, ()> at panicking.rs:581:40 [opt] [inlined]
       frame #41: 0x0000000100b067e4 el1_sched-3c030f910e35df6e`std::panicking::catch_unwind::<(), core::panic::unwind_safe::AssertUnwindSafe<std::thread::lifecycle::spawn_unchecked<test::run_test::{closure#1}, ()>::{closure#1}::{closure#0}>> at panicking.rs:544:19 [opt] [inlined]
       frame #42: 0x0000000100b067e4 el1_sched-3c030f910e35df6e`std::panic::catch_unwind::<core::panic::unwind_safe::AssertUnwindSafe<std::thread::lifecycle::spawn_unchecked<test::run_test::{closure#1}, ()>::{closure#1}::{closure#0}>, ()> at panic.rs:359:14 [opt] [inlined]
       frame #43: 0x0000000100b067e4 el1_sched-3c030f910e35df6e`std::thread::lifecycle::spawn_unchecked::<test::run_test::{closure#1}, ()>::{closure#1} at lifecycle.rs:89:26 [opt] [inlined]
       frame #44: 0x0000000100b067d4 el1_sched-3c030f910e35df6e`<std::thread::lifecycle::spawn_unchecked<test::run_test::{closure#1}, ()>::{closure#1} as core::ops::function::FnOnce<()>>::call_once::{shim:vtable#0} at function.rs:250:5 [opt]
       frame #45: 0x00000001018e3814 el1_sched-3c030f910e35df6e`<alloc::boxed::Box<dyn core::ops::function::FnOnce<(), Output = ()> + core::marker::Send> as core::ops::function::FnOnce<()>>::call_once at boxed.rs:2249:9 [opt] [inlined]
       frame #46: 0x00000001018e3808 el1_sched-3c030f910e35df6e`<std::sys::thread::unix::Thread>::new::thread_start at unix.rs:118:17 [opt]
       frame #47: 0x000000018a8ffd00 libsystem_pthread.dylib`_pthread_start + 136
  thread #3, name = 'carrick-carrier-finalizer'
       frame #0: 0x000000018a8be50c libsystem_kernel.dylib`__psynch_cvwait + 8
       frame #1: 0x000000018a9001d0 libsystem_pthread.dylib`_pthread_cond_wait + 980
       frame #2: 0x000000010164bbe8 el1_sched-3c030f910e35df6e`_$LT$parking_lot_core..thread_parker..imp..ThreadParker$u20$as$u20$parking_lot_core..thread_parker..ThreadParkerT$GT$::park::h57b0f9e3b8bc7cbb(self=0x0000000147808820) at unix.rs:77:21 [opt] [inlined]
       frame #3: 0x000000010164bbd8 el1_sched-3c030f910e35df6e`parking_lot_core::parking_lot::park::_$u7b$$u7b$closure$u7d$$u7d$::h2e420e8db8f72615(thread_data=0x0000000147808820) at parking_lot.rs:635:36 [opt]
       frame #4: 0x000000010164bb40 el1_sched-3c030f910e35df6e`parking_lot_core::parking_lot::with_thread_data::h284d9e59aff5050c(f=<unavailable>) at parking_lot.rs:207:5 [opt]
       frame #5: 0x000000010164ba00 el1_sched-3c030f910e35df6e`parking_lot_core::parking_lot::park::h115ba7316cfa6034(key=<unavailable>, validate=<unavailable>, before_sleep=<unavailable>, timed_out=<unavailable>, park_token=(__0 = 0), timeout=<unavailable>) at parking_lot.rs:600:5 [opt] [inlined]
       frame #6: 0x000000010164ba00 el1_sched-3c030f910e35df6e`parking_lot::condvar::Condvar::wait_until_internal::heb307538a997ec5d(self=0x0000000147005478, mutex=0x0000000147005450, timeout=Option<std::time::Instant> @ 0x00000076d7cede40) at condvar.rs:334:17 [opt]
       frame #7: 0x0000000100b9f6ac el1_sched-3c030f910e35df6e`parking_lot::condvar::Condvar::wait::h14fb073eb4de10eb(self=<unavailable>, mutex_guard=<unavailable>) at condvar.rs:256:14 [opt] [inlined]
       frame #8: 0x0000000100b9f69c el1_sched-3c030f910e35df6e`carrick_embed::carrier::Carrier::new::_$u7b$$u7b$closure$u7d$$u7d$::h2e401bc206cc2acc at carrier.rs:123:50 [opt]
       frame #9: 0x0000000100b9f668 el1_sched-3c030f910e35df6e`std::sys::backtrace::__rust_begin_short_backtrace::h0413c87d8d1a867b(f={closure_env#1} @ 0x0000007703451ce0) at backtrace.rs:166:18 [opt]
       frame #10: 0x0000000100bd91e4 el1_sched-3c030f910e35df6e`std::thread::lifecycle::spawn_unchecked::_$u7b$$u7b$closure$u7d$$u7d$::_$u7b$$u7b$closure$u7d$$u7d$::h7a013ecfb0a74054 at lifecycle.rs:91:13 [opt] [inlined]
       frame #11: 0x0000000100bd91cc el1_sched-3c030f910e35df6e`_$LT$core..panic..unwind_safe..AssertUnwindSafe$LT$F$GT$$u20$as$u20$core..ops..function..FnOnce$LT$$LP$$RP$$GT$$GT$::call_once::h11c9ee4874c3c620(self=<unavailable>, (null)=<unavailable>) at unwind_safe.rs:275:9 [opt] [inlined]
       frame #12: 0x0000000100bd91b8 el1_sched-3c030f910e35df6e`std::panicking::catch_unwind::do_call::hf408c10a31bafdc4(data=<unavailable>) at panicking.rs:581:40 [opt] [inlined]
       frame #13: 0x0000000100bd91b8 el1_sched-3c030f910e35df6e`std::panicking::catch_unwind::hf637af3928b54e9d(f=AssertUnwindSafe<std::thread::lifecycle::spawn_unchecked::{closure#1}::{closure_env#0}<carrick_embed::carrier::{impl#3}::new::{closure_env#1}, ()>> @ 0x00000076fb45f4b0) at panicking.rs:544:19 [opt]
       frame #14: 0x0000000100bd91b8 el1_sched-3c030f910e35df6e`std::panic::catch_unwind::hc9aa878cc1e57792(f=AssertUnwindSafe<std::thread::lifecycle::spawn_unchecked::{closure#1}::{closure_env#0}<carrick_embed::carrier::{impl#3}::new::{closure_env#1}, ()>> @ 0x00000076fb45f7b0) at panic.rs:359:14 [opt] [inlined]
       frame #15: 0x0000000100bd91b8 el1_sched-3c030f910e35df6e`std::thread::lifecycle::spawn_unchecked::_$u7b$$u7b$closure$u7d$$u7d$::hb64802a7c08022cf at lifecycle.rs:89:26 [opt]
       frame #16: 0x0000000100bd91a8 el1_sched-3c030f910e35df6e`core::ops::function::FnOnce::call_once$u7b$$u7b$vtable.shim$u7d$$u7d$::hf533d2878816ea99((null)=0x0000000147005560, (null)=<unavailable>) at function.rs:250:5 [opt]
       frame #17: 0x00000001018e3814 el1_sched-3c030f910e35df6e`<alloc::boxed::Box<dyn core::ops::function::FnOnce<(), Output = ()> + core::marker::Send> as core::ops::function::FnOnce<()>>::call_once at boxed.rs:2249:9 [opt] [inlined]
       frame #18: 0x00000001018e3808 el1_sched-3c030f910e35df6e`<std::sys::thread::unix::Thread>::new::thread_start at unix.rs:118:17 [opt]
       frame #19: 0x000000018a8ffd00 libsystem_pthread.dylib`_pthread_start + 136
  thread #4, name = 'carrick-fs-cleanup'
       frame #0: 0x000000018a8bab9c libsystem_kernel.dylib`semaphore_wait_trap + 8
       frame #1: 0x000000018f85549c libdispatch.dylib`_dispatch_sema4_wait + 28
       frame #2: 0x000000018f855b28 libdispatch.dylib`_dispatch_semaphore_wait_slow + 132
       frame #3: 0x00000001018d16e8 el1_sched-3c030f910e35df6e`<std::sys::sync::thread_parking::darwin::Parker>::park at darwin.rs:74:15 [opt] [inlined]
       frame #4: 0x00000001018d16c8 el1_sched-3c030f910e35df6e`<std::thread::thread::Thread>::park at thread.rs:121:47 [opt]
       frame #5: 0x00000001015636e4 el1_sched-3c030f910e35df6e`<std::sync::mpmc::context::Context>::wait_until(self=<unavailable>, deadline=Option<std::time::Instant> @ 0x00000076d7ceefc0) at context.rs:143:44 [opt] [inlined]
       frame #6: 0x00000001015636d4 el1_sched-3c030f910e35df6e`std::sync::mpmc::array::Channel$LT$T$GT$::recv::_$u7b$$u7b$closure$u7d$$u7d$::hf9e5a47bf7f884c6(cx=<unavailable>) at array.rs:402:39 [opt]
       frame #7: 0x000000010156342c el1_sched-3c030f910e35df6e`std::sync::mpmc::context::Context::with::_$u7b$$u7b$closure$u7d$$u7d$::hf31fc770ae6b06c9(cx=0x000000016fb4ad40) at context.rs:49:13 [opt]
       frame #8: 0x000000010156340c el1_sched-3c030f910e35df6e`std::sync::mpmc::context::Context::with::_$u7b$$u7b$closure$u7d$$u7d$::hc0e65bbbd704564d(cell=0x0000000150008588) at context.rs:57:31 [opt]
       frame #9: 0x00000001015633f4 el1_sched-3c030f910e35df6e`std::thread::local::LocalKey$LT$T$GT$::try_with::h55062636e3ffc4d7(self=<unavailable>, f=<unavailable>) at local.rs:462:12 [opt]
       frame #10: 0x00000001015633e4 el1_sched-3c030f910e35df6e`std::sync::mpmc::context::Context::with::h56aef3292dab6952(f={closure_env#1}<carrick_vfs::fs_backend::host::ScratchCleanupWork> @ 0x00000076f89a84a0) at context.rs:53:14 [opt]
       frame #11: 0x00000001015633dc el1_sched-3c030f910e35df6e`std::sync::mpmc::array::Channel$LT$T$GT$::recv::h2e600334aef86c5d(self=0x0000000147104b80, deadline=Option<std::time::Instant> @ 0x000000016fb4acf0) at array.rs:390:13 [opt]
       frame #12: 0x0000000101581508 el1_sched-3c030f910e35df6e`std::sync::mpmc::Receiver$LT$T$GT$::recv::hfbf88caf389d5577(self=0x000000016fb4ade0) at mod.rs:1011:49 [opt]
       frame #13: 0x00000001015814d0 el1_sched-3c030f910e35df6e`std::sync::mpsc::Receiver$LT$T$GT$::recv::h771a3f94f8ccd311(self=0x000000016fb4ade0) at mpsc.rs:872:20 [opt] [inlined]
       frame #14: 0x00000001015814d0 el1_sched-3c030f910e35df6e`carrick_vfs::fs_backend::host::scratch_cleanup_sender::_$u7b$$u7b$closure$u7d$$u7d$::_$u7b$$u7b$closure$u7d$$u7d$::h97eee2dd5e4b62f2 at host.rs:951:47 [opt] [inlined]
       frame #15: 0x00000001015814d0 el1_sched-3c030f910e35df6e`std::sys::backtrace::__rust_begin_short_backtrace::hb812df03caa4f61a(f={closure_env#0} @ 0x0000007703451da0) at backtrace.rs:166:18 [opt]
       frame #16: 0x0000000101595a58 el1_sched-3c030f910e35df6e`std::thread::lifecycle::spawn_unchecked::_$u7b$$u7b$closure$u7d$$u7d$::_$u7b$$u7b$closure$u7d$$u7d$::h666b535fe00b8cca at lifecycle.rs:91:13 [opt] [inlined]
       frame #17: 0x0000000101595a44 el1_sched-3c030f910e35df6e`_$LT$core..panic..unwind_safe..AssertUnwindSafe$LT$F$GT$$u20$as$u20$core..ops..function..FnOnce$LT$$LP$$RP$$GT$$GT$::call_once::h82abfc884597df0f(self=<unavailable>, (null)=<unavailable>) at unwind_safe.rs:275:9 [opt] [inlined]
       frame #18: 0x0000000101595a38 el1_sched-3c030f910e35df6e`std::panicking::catch_unwind::do_call::h1af205434d740910(data=<unavailable>) at panicking.rs:581:40 [opt] [inlined]
       frame #19: 0x0000000101595a38 el1_sched-3c030f910e35df6e`std::panicking::catch_unwind::h8425827c6ef97600(f=AssertUnwindSafe<std::thread::lifecycle::spawn_unchecked::{closure#1}::{closure_env#0}<carrick_vfs::fs_backend::host::scratch_cleanup_sender::{closure#0}::{closure_env#0}, ()>> @ 0x00000076facb3480) at panicking.rs:544:19 [opt]
       frame #20: 0x0000000101595a38 el1_sched-3c030f910e35df6e`std::panic::catch_unwind::h03fe06b8c0dc03f3(f=AssertUnwindSafe<std::thread::lifecycle::spawn_unchecked::{closure#1}::{closure_env#0}<carrick_vfs::fs_backend::host::scratch_cleanup_sender::{closure#0}::{closure_env#0}, ()>> @ 0x00000076facb3480) at panic.rs:359:14 [opt] [inlined]
       frame #21: 0x0000000101595a38 el1_sched-3c030f910e35df6e`std::thread::lifecycle::spawn_unchecked::_$u7b$$u7b$closure$u7d$$u7d$::hf8609980ed311ac9 at lifecycle.rs:89:26 [opt]
       frame #22: 0x0000000101595a2c el1_sched-3c030f910e35df6e`core::ops::function::FnOnce::call_once$u7b$$u7b$vtable.shim$u7d$$u7d$::h07b0f304453f94fd((null)=0x0000000147104b10, (null)=<unavailable>) at function.rs:250:5 [opt]
       frame #23: 0x00000001018e3814 el1_sched-3c030f910e35df6e`<alloc::boxed::Box<dyn core::ops::function::FnOnce<(), Output = ()> + core::marker::Send> as core::ops::function::FnOnce<()>>::call_once at boxed.rs:2249:9 [opt] [inlined]
       frame #24: 0x00000001018e3808 el1_sched-3c030f910e35df6e`<std::sys::thread::unix::Thread>::new::thread_start at unix.rs:118:17 [opt]
       frame #25: 0x000000018a8ffd00 libsystem_pthread.dylib`_pthread_start + 136
  thread #5, name = 'com.apple.virtualization.thread.virtual-clock'
       frame #0: 0x000000018a8be50c libsystem_kernel.dylib`__psynch_cvwait + 8
       frame #1: 0x000000018a9001fc libsystem_pthread.dylib`_pthread_cond_wait + 1024
       frame #2: 0x0000000260b10228 Hypervisor`HvCore::VirtualClock::thread_body() + 312
       frame #3: 0x0000000260b104b0 Hypervisor`void* std::__1::__thread_proxy[abi:fqe220106]<std::__1::tuple<std::__1::unique_ptr<std::__1::__thread_struct, std::__1::default_delete<std::__1::__thread_struct>>, void (HvCore::VirtualClock::*)(), HvCore::VirtualClock*>>(void*) + 92
       frame #4: 0x000000018a8ffd00 libsystem_pthread.dylib`_pthread_start + 136
  thread #6, name = 'carrick-carrier-wait'
       frame #0: 0x000000018a8c3760 libsystem_kernel.dylib`poll + 8
       frame #1: 0x000000010135aae8 el1_sched-3c030f910e35df6e`carrick_kernel::kernel::continuation::wait_service::CarrierWaitServiceInner::run_reactor::h9cc58e60444dd24a(weak=<unavailable>) at wait_service.rs:838:17 [opt]
       frame #2: 0x00000001012aa290 el1_sched-3c030f910e35df6e`carrick_kernel::kernel::continuation::wait_service::CarrierWaitService::try_new::_$u7b$$u7b$closure$u7d$$u7d$::ha9cbc11156102d63 at wait_service.rs:1071:28 [opt] [inlined]
       frame #3: 0x00000001012aa28c el1_sched-3c030f910e35df6e`std::sys::backtrace::__rust_begin_short_backtrace::hd2cdec0feb2bf809(f=<unavailable>) at backtrace.rs:166:18 [opt]
       frame #4: 0x00000001014d0234 el1_sched-3c030f910e35df6e`std::thread::lifecycle::spawn_unchecked::_$u7b$$u7b$closure$u7d$$u7d$::_$u7b$$u7b$closure$u7d$$u7d$::h203927d6eb8f7343 at lifecycle.rs:91:13 [opt] [inlined]
       frame #5: 0x00000001014d0224 el1_sched-3c030f910e35df6e`_$LT$core..panic..unwind_safe..AssertUnwindSafe$LT$F$GT$$u20$as$u20$core..ops..function..FnOnce$LT$$LP$$RP$$GT$$GT$::call_once::h32069c742acc41b8(self=<unavailable>, (null)=<unavailable>) at unwind_safe.rs:275:9 [opt] [inlined]
       frame #6: 0x00000001014d0224 el1_sched-3c030f910e35df6e`std::panicking::catch_unwind::do_call::h8bc355f5540777b8(data=<unavailable>) at panicking.rs:581:40 [opt] [inlined]
       frame #7: 0x00000001014d0224 el1_sched-3c030f910e35df6e`std::panicking::catch_unwind::h85d1d546aef1c2b1(f=AssertUnwindSafe<std::thread::lifecycle::spawn_unchecked::{closure#1}::{closure_env#0}<carrick_kernel::kernel::continuation::wait_service::{impl#12}::try_new::{closure_env#0}, ()>> @ 0x00000076fb45f6c0) at panicking.rs:544:19 [opt]
       frame #8: 0x00000001014d0224 el1_sched-3c030f910e35df6e`std::panic::catch_unwind::h860ec893ae07e767(f=AssertUnwindSafe<std::thread::lifecycle::spawn_unchecked::{closure#1}::{closure_env#0}<carrick_kernel::kernel::continuation::wait_service::{impl#12}::try_new::{closure_env#0}, ()>> @ 0x00000076fb45f660) at panic.rs:359:14 [opt] [inlined]
       frame #9: 0x00000001014d0224 el1_sched-3c030f910e35df6e`std::thread::lifecycle::spawn_unchecked::_$u7b$$u7b$closure$u7d$$u7d$::hdd50841ecd8b59dc at lifecycle.rs:89:26 [opt]
       frame #10: 0x00000001014d0218 el1_sched-3c030f910e35df6e`core::ops::function::FnOnce::call_once$u7b$$u7b$vtable.shim$u7d$$u7d$::h07a0fd16c045c659((null)=0x0000000147216be0, (null)=<unavailable>) at function.rs:250:5 [opt]
       frame #11: 0x00000001018e3814 el1_sched-3c030f910e35df6e`<alloc::boxed::Box<dyn core::ops::function::FnOnce<(), Output = ()> + core::marker::Send> as core::ops::function::FnOnce<()>>::call_once at boxed.rs:2249:9 [opt] [inlined]
       frame #12: 0x00000001018e3808 el1_sched-3c030f910e35df6e`<std::sys::thread::unix::Thread>::new::thread_start at unix.rs:118:17 [opt]
       frame #13: 0x000000018a8ffd00 libsystem_pthread.dylib`_pthread_start + 136
  thread #7, name = 'carrick-carrier-wait'
       frame #0: 0x000000018a8c3760 libsystem_kernel.dylib`poll + 8
       frame #1: 0x000000010135aae8 el1_sched-3c030f910e35df6e`carrick_kernel::kernel::continuation::wait_service::CarrierWaitServiceInner::run_reactor::h9cc58e60444dd24a(weak=<unavailable>) at wait_service.rs:838:17 [opt]
       frame #2: 0x00000001012aa290 el1_sched-3c030f910e35df6e`carrick_kernel::kernel::continuation::wait_service::CarrierWaitService::try_new::_$u7b$$u7b$closure$u7d$$u7d$::ha9cbc11156102d63 at wait_service.rs:1071:28 [opt] [inlined]
       frame #3: 0x00000001012aa28c el1_sched-3c030f910e35df6e`std::sys::backtrace::__rust_begin_short_backtrace::hd2cdec0feb2bf809(f=<unavailable>) at backtrace.rs:166:18 [opt]
       frame #4: 0x00000001014d0234 el1_sched-3c030f910e35df6e`std::thread::lifecycle::spawn_unchecked::_$u7b$$u7b$closure$u7d$$u7d$::_$u7b$$u7b$closure$u7d$$u7d$::h203927d6eb8f7343 at lifecycle.rs:91:13 [opt] [inlined]
       frame #5: 0x00000001014d0224 el1_sched-3c030f910e35df6e`_$LT$core..panic..unwind_safe..AssertUnwindSafe$LT$F$GT$$u20$as$u20$core..ops..function..FnOnce$LT$$LP$$RP$$GT$$GT$::call_once::h32069c742acc41b8(self=<unavailable>, (null)=<unavailable>) at unwind_safe.rs:275:9 [opt] [inlined]
       frame #6: 0x00000001014d0224 el1_sched-3c030f910e35df6e`std::panicking::catch_unwind::do_call::h8bc355f5540777b8(data=<unavailable>) at panicking.rs:581:40 [opt] [inlined]
       frame #7: 0x00000001014d0224 el1_sched-3c030f910e35df6e`std::panicking::catch_unwind::h85d1d546aef1c2b1(f=AssertUnwindSafe<std::thread::lifecycle::spawn_unchecked::{closure#1}::{closure_env#0}<carrick_kernel::kernel::continuation::wait_service::{impl#12}::try_new::{closure_env#0}, ()>> @ 0x00000076fb45f4e0) at panicking.rs:544:19 [opt]
       frame #8: 0x00000001014d0224 el1_sched-3c030f910e35df6e`std::panic::catch_unwind::h860ec893ae07e767(f=AssertUnwindSafe<std::thread::lifecycle::spawn_unchecked::{closure#1}::{closure_env#0}<carrick_kernel::kernel::continuation::wait_service::{impl#12}::try_new::{closure_env#0}, ()>> @ 0x00000076fb45f6c0) at panic.rs:359:14 [opt] [inlined]
       frame #9: 0x00000001014d0224 el1_sched-3c030f910e35df6e`std::thread::lifecycle::spawn_unchecked::_$u7b$$u7b$closure$u7d$$u7d$::hdd50841ecd8b59dc at lifecycle.rs:89:26 [opt]
       frame #10: 0x00000001014d0218 el1_sched-3c030f910e35df6e`core::ops::function::FnOnce::call_once$u7b$$u7b$vtable.shim$u7d$$u7d$::h07a0fd16c045c659((null)=0x0000000147218320, (null)=<unavailable>) at function.rs:250:5 [opt]
       frame #11: 0x00000001018e3814 el1_sched-3c030f910e35df6e`<alloc::boxed::Box<dyn core::ops::function::FnOnce<(), Output = ()> + core::marker::Send> as core::ops::function::FnOnce<()>>::call_once at boxed.rs:2249:9 [opt] [inlined]
       frame #12: 0x00000001018e3808 el1_sched-3c030f910e35df6e`<std::sys::thread::unix::Thread>::new::thread_start at unix.rs:118:17 [opt]
       frame #13: 0x000000018a8ffd00 libsystem_pthread.dylib`_pthread_start + 136
  thread #8, name = 'carrick-executor-0'
       frame #0: 0x000000018a8be50c libsystem_kernel.dylib`__psynch_cvwait + 8
       frame #1: 0x000000018a9001d0 libsystem_pthread.dylib`_pthread_cond_wait + 980
       frame #2: 0x0000000260b26540 Hypervisor`Base::Threading::ForceExitableEvent::wait() + 108
       frame #3: 0x0000000260b261ac Hypervisor`HvCore::Hypervisor::VcpuStateManager::wait_for_interrupt() + 684
       frame #4: 0x0000000260adea64 Hypervisor`Hv::Vcpu::run() + 64
       frame #5: 0x0000000100fe6764 el1_sched-3c030f910e35df6e`applevisor::vcpu::Vcpu::run::h9ac3ac5faebfe78c(self=<unavailable>) at vcpu.rs:191:25 [opt]
       frame #6: 0x0000000100ed9e84 el1_sched-3c030f910e35df6e`carrick_vmm_hvf::trap::HvfInner::run_to_exit_inner::h56359e2f1301214d(vcpu=<unavailable>, mailbox=<unavailable>, custody=<unavailable>, vm_generation=<unavailable>, kick_armed=<unavailable>) at trap.rs:7589:18 [opt]
       frame #7: 0x0000000100ed9cf4 el1_sched-3c030f910e35df6e`carrick_vmm_hvf::trap::HvfInner::run_to_exit::h374799bb4b0ec418(vcpu=<unavailable>, mailbox=<unavailable>, custody=<unavailable>, vm_generation=<unavailable>) at trap.rs:7528:20 [opt]
       frame #8: 0x0000000100fcc1f4 el1_sched-3c030f910e35df6e`_$LT$carrick_vmm_hvf..hvf_aarch64_engine..HvfAarch64Vcpu$u20$as$u20$carrick_aarch64..vmm..Aarch64Vcpu$GT$::run::h1b18c636311d1888(self=0x00000001701f79a0) at hvf_aarch64_engine.rs:589:20 [opt]
       frame #9: 0x0000000100f6c054 el1_sched-3c030f910e35df6e`carrick_aarch64::engine::Aarch64EngineCore$LT$V$GT$::run_idle_entry_on_vcpu::h09c22374eb5a30d9(vcpu=0x00000001701f79a0, carrier_root=<unavailable>, frame_va=<unavailable>) at engine.rs:1616:24 [opt]
       frame #10: 0x0000000100fceb9c el1_sched-3c030f910e35df6e`carrick_vmm_hvf::hvf_aarch64_engine::run_worker_idle_entry::hdd00012c6fd5d7a6(vmm=<unavailable>, vcpu=0x00000001701f79a0, frame_va=193342750432) at hvf_aarch64_engine.rs:1434:9 [opt]
       frame #11: 0x0000000100db98c4 el1_sched-3c030f910e35df6e`_$LT$carrick_runtime..vcpu_loop..executor..backend..HvpatchPersistentExecutor$u20$as$u20$carrick_runtime..vcpu_loop..executor..backend..PersistentExecutor$GT$::wait_in_guest::h5bc7ea27a772a2cb(self=0x00000001701f6210) at backend.rs:1192:13 [opt]
       frame #12: 0x0000000100d9af24 el1_sched-3c030f910e35df6e`carrick_runtime::vcpu_loop::executor::next_runnable::hcda68ebc45fc09eb(scheduler=<unavailable>, backend=0x00000001701f6210, registration=0x00000001701f61e0, kick=0x000000014700d0c0) at executor.rs:1540:26 [opt]
       frame #13: 0x0000000100d9af10 el1_sched-3c030f910e35df6e`carrick_runtime::vcpu_loop::executor::run_executor_loop::hbbda728b148f11af(scheduler=<unavailable>, resolver=<unavailable>, backend=<unavailable>, runtime=<unavailable>, commands=<unavailable>) at executor.rs:278:27 [opt]
       frame #14: 0x0000000100d9823c el1_sched-3c030f910e35df6e`carrick_runtime::vcpu_loop::executor::executor_worker::_$u7b$$u7b$closure$u7d$$u7d$::hf78b07e21679669f at executor.rs:155:39 [opt]
       frame #15: 0x0000000100d97f2c el1_sched-3c030f910e35df6e`core::ops::function::FnOnce::call_once::hc04101f8675148bf((null)={closure_env#1}<carrick_runtime::vcpu_loop::executor::backend::HvpatchPersistentExecutorFactory, carrick_runtime::vcpu_loop::executor::binding::HvpatchTaskBindingDirectory> @ 0x0000007704868660, (null)=<unavailable>) at function.rs:250:5 [opt] [inlined]
       frame #16: 0x0000000100d97f2c el1_sched-3c030f910e35df6e`_$LT$core..panic..unwind_safe..AssertUnwindSafe$LT$F$GT$$u20$as$u20$core..ops..function..FnOnce$LT$$LP$$RP$$GT$$GT$::call_once::hcc4e9e196ba538b3(self=AssertUnwindSafe<carrick_runtime::vcpu_loop::executor::executor_worker::{closure_env#1}<carrick_runtime::vcpu_loop::executor::backend::HvpatchPersistentExecutorFactory, carrick_runtime::vcpu_loop::executor::binding::HvpatchTaskBindingDirectory>> @ 0x0000007704868ae0, (null)=<unavailable>) at unwind_safe.rs:275:9 [opt] [inlined]
       frame #17: 0x0000000100d97f2c el1_sched-3c030f910e35df6e`std::panicking::catch_unwind::do_call::h73cde5dfc6cd6825(data=<unavailable>) at panicking.rs:581:40 [opt]
       frame #18: 0x0000000100d97f2c el1_sched-3c030f910e35df6e`std::panicking::catch_unwind::h31946fc5f28d4827(f=AssertUnwindSafe<carrick_runtime::vcpu_loop::executor::executor_worker::{closure_env#1}<carrick_runtime::vcpu_loop::executor::backend::HvpatchPersistentExecutorFactory, carrick_runtime::vcpu_loop::executor::binding::HvpatchTaskBindingDirectory>> @ 0x0000007704868b40) at panicking.rs:544:19 [opt]
       frame #19: 0x0000000100d97f2c el1_sched-3c030f910e35df6e`std::panic::catch_unwind::hab41338c39ba09dd(f=AssertUnwindSafe<carrick_runtime::vcpu_loop::executor::executor_worker::{closure_env#1}<carrick_runtime::vcpu_loop::executor::backend::HvpatchPersistentExecutorFactory, carrick_runtime::vcpu_loop::executor::binding::HvpatchTaskBindingDirectory>> @ 0x0000007704868a80) at panic.rs:359:14 [opt] [inlined]
       frame #20: 0x0000000100d97f2c el1_sched-3c030f910e35df6e`carrick_runtime::vcpu_loop::executor::executor_worker::h8630ad5ef2f40d56(slot=<unavailable>, scheduler=Arc<carrick_kernel::kernel::scheduler::Scheduler, alloc::alloc::Global> @ 0x00000001701f6188, factory=Arc<carrick_runtime::vcpu_loop::executor::backend::HvpatchPersistentExecutorFactory, alloc::alloc::Global> @ 0x00000001701f6190, resolver=Arc<carrick_runtime::vcpu_loop::executor::binding::HvpatchTaskBindingDirectory, alloc::alloc::Global> @ 0x00000001701f6198, receipts=Arc<carrick_runtime::vcpu_loop::executor::pool::ReceiptLog, alloc::alloc::Global> @ 0x00000001701f61a0, control=Arc<carrick_runtime::vcpu_loop::executor::pool::PoolControl, alloc::alloc::Global> @ 0x00000001701f61a8, channels=<unavailable>) at executor.rs:125:21 [opt]
       frame #21: 0x0000000100de2b64 el1_sched-3c030f910e35df6e`carrick_runtime::vcpu_loop::executor::pool::ExecutorPool$LT$F$C$R$GT$::start::_$u7b$$u7b$closure$u7d$$u7d$::h45a301511d144663 at pool.rs:987:21 [opt] [inlined]
       frame #22: 0x0000000100de2b38 el1_sched-3c030f910e35df6e`std::sys::backtrace::__rust_begin_short_backtrace::hee5156e4534fdc47(f=<unavailable>) at backtrace.rs:166:18 [opt]
       frame #23: 0x0000000100de46a0 el1_sched-3c030f910e35df6e`std::thread::lifecycle::spawn_unchecked::_$u7b$$u7b$closure$u7d$$u7d$::_$u7b$$u7b$closure$u7d$$u7d$::h81f614f849da7424 at lifecycle.rs:91:13 [opt] [inlined]
       frame #24: 0x0000000100de4690 el1_sched-3c030f910e35df6e`_$LT$core..panic..unwind_safe..AssertUnwindSafe$LT$F$GT$$u20$as$u20$core..ops..function..FnOnce$LT$$LP$$RP$$GT$$GT$::call_once::h17159c25faca63ef(self=AssertUnwindSafe<std::thread::lifecycle::spawn_unchecked::{closure#1}::{closure_env#0}<carrick_runtime::vcpu_loop::executor::pool::{impl#15}::start::{closure_env#4}<carrick_runtime::vcpu_loop::executor::backend::HvpatchPersistentExecutorFactory, carrick_runtime::vcpu_loop::executor::binding::HvpatchTaskBindingDirectory>, carrick_runtime::vcpu_loop::executor::pool::WorkerOutcome>> @ 0x00000001701fada8, (null)=<unavailable>) at unwind_safe.rs:275:9 [opt] [inlined]
       frame #25: 0x0000000100de4680 el1_sched-3c030f910e35df6e`std::panicking::catch_unwind::do_call::h9f0287e7aafef638(data=<unavailable>) at panicking.rs:581:40 [opt]
       frame #26: 0x0000000100de4678 el1_sched-3c030f910e35df6e`std::panicking::catch_unwind::hebc5ed47917f2065(f=AssertUnwindSafe<std::thread::lifecycle::spawn_unchecked::{closure#1}::{closure_env#0}<carrick_runtime::vcpu_loop::executor::pool::{impl#15}::start::{closure_env#4}<carrick_runtime::vcpu_loop::executor::backend::HvpatchPersistentExecutorFactory, carrick_runtime::vcpu_loop::executor::binding::HvpatchTaskBindingDirectory>, carrick_runtime::vcpu_loop::executor::pool::WorkerOutcome>> @ 0x0000007704899280) at panicking.rs:544:19 [opt]
       frame #27: 0x0000000100de4678 el1_sched-3c030f910e35df6e`std::panic::catch_unwind::h2a8527390e6c0e72(f=AssertUnwindSafe<std::thread::lifecycle::spawn_unchecked::{closure#1}::{closure_env#0}<carrick_runtime::vcpu_loop::executor::pool::{impl#15}::start::{closure_env#4}<carrick_runtime::vcpu_loop::executor::backend::HvpatchPersistentExecutorFactory, carrick_runtime::vcpu_loop::executor::binding::HvpatchTaskBindingDirectory>, carrick_runtime::vcpu_loop::executor::pool::WorkerOutcome>> @ 0x0000007704899300) at panic.rs:359:14 [opt] [inlined]
       frame #28: 0x0000000100de4678 el1_sched-3c030f910e35df6e`std::thread::lifecycle::spawn_unchecked::_$u7b$$u7b$closure$u7d$$u7d$::hb8b6873c7906c1e7 at lifecycle.rs:89:26 [opt] [inlined]
       frame #29: 0x0000000100de466c el1_sched-3c030f910e35df6e`core::ops::function::FnOnce::call_once$u7b$$u7b$vtable.shim$u7d$$u7d$::h18f3fd2a91d17fc9((null)=<unavailable>, (null)=<unavailable>) at function.rs:250:5 [opt]
       frame #30: 0x00000001018e3814 el1_sched-3c030f910e35df6e`<alloc::boxed::Box<dyn core::ops::function::FnOnce<(), Output = ()> + core::marker::Send> as core::ops::function::FnOnce<()>>::call_once at boxed.rs:2249:9 [opt] [inlined]
       frame #31: 0x00000001018e3808 el1_sched-3c030f910e35df6e`<std::sys::thread::unix::Thread>::new::thread_start at unix.rs:118:17 [opt]
       frame #32: 0x000000018a8ffd00 libsystem_pthread.dylib`_pthread_start + 136
  thread #9, name = 'carrick-executor-1'
       frame #0: 0x000000018a8be50c libsystem_kernel.dylib`__psynch_cvwait + 8
       frame #1: 0x000000018a9001d0 libsystem_pthread.dylib`_pthread_cond_wait + 980
       frame #2: 0x0000000260b26540 Hypervisor`Base::Threading::ForceExitableEvent::wait() + 108
       frame #3: 0x0000000260b261ac Hypervisor`HvCore::Hypervisor::VcpuStateManager::wait_for_interrupt() + 684
       frame #4: 0x0000000260adea64 Hypervisor`Hv::Vcpu::run() + 64
       frame #5: 0x0000000100fe6764 el1_sched-3c030f910e35df6e`applevisor::vcpu::Vcpu::run::h9ac3ac5faebfe78c(self=<unavailable>) at vcpu.rs:191:25 [opt]
       frame #6: 0x0000000100ed9e84 el1_sched-3c030f910e35df6e`carrick_vmm_hvf::trap::HvfInner::run_to_exit_inner::h56359e2f1301214d(vcpu=<unavailable>, mailbox=<unavailable>, custody=<unavailable>, vm_generation=<unavailable>, kick_armed=<unavailable>) at trap.rs:7589:18 [opt]
       frame #7: 0x0000000100ed9cf4 el1_sched-3c030f910e35df6e`carrick_vmm_hvf::trap::HvfInner::run_to_exit::h374799bb4b0ec418(vcpu=<unavailable>, mailbox=<unavailable>, custody=<unavailable>, vm_generation=<unavailable>) at trap.rs:7528:20 [opt]
       frame #8: 0x0000000100fcc1f4 el1_sched-3c030f910e35df6e`_$LT$carrick_vmm_hvf..hvf_aarch64_engine..HvfAarch64Vcpu$u20$as$u20$carrick_aarch64..vmm..Aarch64Vcpu$GT$::run::h1b18c636311d1888(self=0x00000001704039a0) at hvf_aarch64_engine.rs:589:20 [opt]
       frame #9: 0x0000000100f6c054 el1_sched-3c030f910e35df6e`carrick_aarch64::engine::Aarch64EngineCore$LT$V$GT$::run_idle_entry_on_vcpu::h09c22374eb5a30d9(vcpu=0x00000001704039a0, carrier_root=<unavailable>, frame_va=<unavailable>) at engine.rs:1616:24 [opt]
       frame #10: 0x0000000100fceb9c el1_sched-3c030f910e35df6e`carrick_vmm_hvf::hvf_aarch64_engine::run_worker_idle_entry::hdd00012c6fd5d7a6(vmm=<unavailable>, vcpu=0x00000001704039a0, frame_va=193342766816) at hvf_aarch64_engine.rs:1434:9 [opt]
       frame #11: 0x0000000100db98c4 el1_sched-3c030f910e35df6e`_$LT$carrick_runtime..vcpu_loop..executor..backend..HvpatchPersistentExecutor$u20$as$u20$carrick_runtime..vcpu_loop..executor..backend..PersistentExecutor$GT$::wait_in_guest::h5bc7ea27a772a2cb(self=0x0000000170402210) at backend.rs:1192:13 [opt]
       frame #12: 0x0000000100d9af24 el1_sched-3c030f910e35df6e`carrick_runtime::vcpu_loop::executor::next_runnable::hcda68ebc45fc09eb(scheduler=<unavailable>, backend=0x0000000170402210, registration=0x00000001704021e0, kick=0x0000000145e11140) at executor.rs:1540:26 [opt]
       frame #13: 0x0000000100d9af10 el1_sched-3c030f910e35df6e`carrick_runtime::vcpu_loop::executor::run_executor_loop::hbbda728b148f11af(scheduler=<unavailable>, resolver=<unavailable>, backend=<unavailable>, runtime=<unavailable>, commands=<unavailable>) at executor.rs:278:27 [opt]
       frame #14: 0x0000000100d9823c el1_sched-3c030f910e35df6e`carrick_runtime::vcpu_loop::executor::executor_worker::_$u7b$$u7b$closure$u7d$$u7d$::hf78b07e21679669f at executor.rs:155:39 [opt]
       frame #15: 0x0000000100d97f2c el1_sched-3c030f910e35df6e`core::ops::function::FnOnce::call_once::hc04101f8675148bf((null)={closure_env#1}<carrick_runtime::vcpu_loop::executor::backend::HvpatchPersistentExecutorFactory, carrick_runtime::vcpu_loop::executor::binding::HvpatchTaskBindingDirectory> @ 0x00000077048ac840, (null)=<unavailable>) at function.rs:250:5 [opt] [inlined]
       frame #16: 0x0000000100d97f2c el1_sched-3c030f910e35df6e`_$LT$core..panic..unwind_safe..AssertUnwindSafe$LT$F$GT$$u20$as$u20$core..ops..function..FnOnce$LT$$LP$$RP$$GT$$GT$::call_once::hcc4e9e196ba538b3(self=AssertUnwindSafe<carrick_runtime::vcpu_loop::executor::executor_worker::{closure_env#1}<carrick_runtime::vcpu_loop::executor::backend::HvpatchPersistentExecutorFactory, carrick_runtime::vcpu_loop::executor::binding::HvpatchTaskBindingDirectory>> @ 0x00000077048ac960, (null)=<unavailable>) at unwind_safe.rs:275:9 [opt] [inlined]
       frame #17: 0x0000000100d97f2c el1_sched-3c030f910e35df6e`std::panicking::catch_unwind::do_call::h73cde5dfc6cd6825(data=<unavailable>) at panicking.rs:581:40 [opt]
       frame #18: 0x0000000100d97f2c el1_sched-3c030f910e35df6e`std::panicking::catch_unwind::h31946fc5f28d4827(f=AssertUnwindSafe<carrick_runtime::vcpu_loop::executor::executor_worker::{closure_env#1}<carrick_runtime::vcpu_loop::executor::backend::HvpatchPersistentExecutorFactory, carrick_runtime::vcpu_loop::executor::binding::HvpatchTaskBindingDirectory>> @ 0x00000077048ac900) at panicking.rs:544:19 [opt]
       frame #19: 0x0000000100d97f2c el1_sched-3c030f910e35df6e`std::panic::catch_unwind::hab41338c39ba09dd(f=AssertUnwindSafe<carrick_runtime::vcpu_loop::executor::executor_worker::{closure_env#1}<carrick_runtime::vcpu_loop::executor::backend::HvpatchPersistentExecutorFactory, carrick_runtime::vcpu_loop::executor::binding::HvpatchTaskBindingDirectory>> @ 0x00000077048ac840) at panic.rs:359:14 [opt] [inlined]
       frame #20: 0x0000000100d97f2c el1_sched-3c030f910e35df6e`carrick_runtime::vcpu_loop::executor::executor_worker::h8630ad5ef2f40d56(slot=<unavailable>, scheduler=Arc<carrick_kernel::kernel::scheduler::Scheduler, alloc::alloc::Global> @ 0x0000000170402188, factory=Arc<carrick_runtime::vcpu_loop::executor::backend::HvpatchPersistentExecutorFactory, alloc::alloc::Global> @ 0x0000000170402190, resolver=Arc<carrick_runtime::vcpu_loop::executor::binding::HvpatchTaskBindingDirectory, alloc::alloc::Global> @ 0x0000000170402198, receipts=Arc<carrick_runtime::vcpu_loop::executor::pool::ReceiptLog, alloc::alloc::Global> @ 0x00000001704021a0, control=Arc<carrick_runtime::vcpu_loop::executor::pool::PoolControl, alloc::alloc::Global> @ 0x00000001704021a8, channels=<unavailable>) at executor.rs:125:21 [opt]
       frame #21: 0x0000000100de2b64 el1_sched-3c030f910e35df6e`carrick_runtime::vcpu_loop::executor::pool::ExecutorPool$LT$F$C$R$GT$::start::_$u7b$$u7b$closure$u7d$$u7d$::h45a301511d144663 at pool.rs:987:21 [opt] [inlined]
       frame #22: 0x0000000100de2b38 el1_sched-3c030f910e35df6e`std::sys::backtrace::__rust_begin_short_backtrace::hee5156e4534fdc47(f=<unavailable>) at backtrace.rs:166:18 [opt]
       frame #23: 0x0000000100de46a0 el1_sched-3c030f910e35df6e`std::thread::lifecycle::spawn_unchecked::_$u7b$$u7b$closure$u7d$$u7d$::_$u7b$$u7b$closure$u7d$$u7d$::h81f614f849da7424 at lifecycle.rs:91:13 [opt] [inlined]
       frame #24: 0x0000000100de4690 el1_sched-3c030f910e35df6e`_$LT$core..panic..unwind_safe..AssertUnwindSafe$LT$F$GT$$u20$as$u20$core..ops..function..FnOnce$LT$$LP$$RP$$GT$$GT$::call_once::h17159c25faca63ef(self=AssertUnwindSafe<std::thread::lifecycle::spawn_unchecked::{closure#1}::{closure_env#0}<carrick_runtime::vcpu_loop::executor::pool::{impl#15}::start::{closure_env#4}<carrick_runtime::vcpu_loop::executor::backend::HvpatchPersistentExecutorFactory, carrick_runtime::vcpu_loop::executor::binding::HvpatchTaskBindingDirectory>, carrick_runtime::vcpu_loop::executor::pool::WorkerOutcome>> @ 0x0000000170406da8, (null)=<unavailable>) at unwind_safe.rs:275:9 [opt] [inlined]
       frame #25: 0x0000000100de4680 el1_sched-3c030f910e35df6e`std::panicking::catch_unwind::do_call::h9f0287e7aafef638(data=<unavailable>) at panicking.rs:581:40 [opt]
       frame #26: 0x0000000100de4678 el1_sched-3c030f910e35df6e`std::panicking::catch_unwind::hebc5ed47917f2065(f=AssertUnwindSafe<std::thread::lifecycle::spawn_unchecked::{closure#1}::{closure_env#0}<carrick_runtime::vcpu_loop::executor::pool::{impl#15}::start::{closure_env#4}<carrick_runtime::vcpu_loop::executor::backend::HvpatchPersistentExecutorFactory, carrick_runtime::vcpu_loop::executor::binding::HvpatchTaskBindingDirectory>, carrick_runtime::vcpu_loop::executor::pool::WorkerOutcome>> @ 0x0000007704899200) at panicking.rs:544:19 [opt]
       frame #27: 0x0000000100de4678 el1_sched-3c030f910e35df6e`std::panic::catch_unwind::h2a8527390e6c0e72(f=AssertUnwindSafe<std::thread::lifecycle::spawn_unchecked::{closure#1}::{closure_env#0}<carrick_runtime::vcpu_loop::executor::pool::{impl#15}::start::{closure_env#4}<carrick_runtime::vcpu_loop::executor::backend::HvpatchPersistentExecutorFactory, carrick_runtime::vcpu_loop::executor::binding::HvpatchTaskBindingDirectory>, carrick_runtime::vcpu_loop::executor::pool::WorkerOutcome>> @ 0x0000007704899280) at panic.rs:359:14 [opt] [inlined]
       frame #28: 0x0000000100de4678 el1_sched-3c030f910e35df6e`std::thread::lifecycle::spawn_unchecked::_$u7b$$u7b$closure$u7d$$u7d$::hb8b6873c7906c1e7 at lifecycle.rs:89:26 [opt] [inlined]
       frame #29: 0x0000000100de466c el1_sched-3c030f910e35df6e`core::ops::function::FnOnce::call_once$u7b$$u7b$vtable.shim$u7d$$u7d$::h18f3fd2a91d17fc9((null)=<unavailable>, (null)=<unavailable>) at function.rs:250:5 [opt]
       frame #30: 0x00000001018e3814 el1_sched-3c030f910e35df6e`<alloc::boxed::Box<dyn core::ops::function::FnOnce<(), Output = ()> + core::marker::Send> as core::ops::function::FnOnce<()>>::call_once at boxed.rs:2249:9 [opt] [inlined]
       frame #31: 0x00000001018e3808 el1_sched-3c030f910e35df6e`<std::sys::thread::unix::Thread>::new::thread_start at unix.rs:118:17 [opt]
       frame #32: 0x000000018a8ffd00 libsystem_pthread.dylib`_pthread_start + 136
  thread #10, name = 'carrick-executor-2'
       frame #0: 0x000000018a8be50c libsystem_kernel.dylib`__psynch_cvwait + 8
       frame #1: 0x000000018a9001d0 libsystem_pthread.dylib`_pthread_cond_wait + 980
       frame #2: 0x0000000260b26540 Hypervisor`Base::Threading::ForceExitableEvent::wait() + 108
       frame #3: 0x0000000260b261ac Hypervisor`HvCore::Hypervisor::VcpuStateManager::wait_for_interrupt() + 684
       frame #4: 0x0000000260adea64 Hypervisor`Hv::Vcpu::run() + 64
       frame #5: 0x0000000100fe6764 el1_sched-3c030f910e35df6e`applevisor::vcpu::Vcpu::run::h9ac3ac5faebfe78c(self=<unavailable>) at vcpu.rs:191:25 [opt]
       frame #6: 0x0000000100ed9e84 el1_sched-3c030f910e35df6e`carrick_vmm_hvf::trap::HvfInner::run_to_exit_inner::h56359e2f1301214d(vcpu=<unavailable>, mailbox=<unavailable>, custody=<unavailable>, vm_generation=<unavailable>, kick_armed=<unavailable>) at trap.rs:7589:18 [opt]
       frame #7: 0x0000000100ed9cf4 el1_sched-3c030f910e35df6e`carrick_vmm_hvf::trap::HvfInner::run_to_exit::h374799bb4b0ec418(vcpu=<unavailable>, mailbox=<unavailable>, custody=<unavailable>, vm_generation=<unavailable>) at trap.rs:7528:20 [opt]
       frame #8: 0x0000000100fcc1f4 el1_sched-3c030f910e35df6e`_$LT$carrick_vmm_hvf..hvf_aarch64_engine..HvfAarch64Vcpu$u20$as$u20$carrick_aarch64..vmm..Aarch64Vcpu$GT$::run::h1b18c636311d1888(self=0x000000017060f9a0) at hvf_aarch64_engine.rs:589:20 [opt]
       frame #9: 0x0000000100f6c054 el1_sched-3c030f910e35df6e`carrick_aarch64::engine::Aarch64EngineCore$LT$V$GT$::run_idle_entry_on_vcpu::h09c22374eb5a30d9(vcpu=0x000000017060f9a0, carrier_root=<unavailable>, frame_va=<unavailable>) at engine.rs:1616:24 [opt]
       frame #10: 0x0000000100fceb9c el1_sched-3c030f910e35df6e`carrick_vmm_hvf::hvf_aarch64_engine::run_worker_idle_entry::hdd00012c6fd5d7a6(vmm=<unavailable>, vcpu=0x000000017060f9a0, frame_va=193342783200) at hvf_aarch64_engine.rs:1434:9 [opt]
       frame #11: 0x0000000100db98c4 el1_sched-3c030f910e35df6e`_$LT$carrick_runtime..vcpu_loop..executor..backend..HvpatchPersistentExecutor$u20$as$u20$carrick_runtime..vcpu_loop..executor..backend..PersistentExecutor$GT$::wait_in_guest::h5bc7ea27a772a2cb(self=0x000000017060e210) at backend.rs:1192:13 [opt]
       frame #12: 0x0000000100d9af24 el1_sched-3c030f910e35df6e`carrick_runtime::vcpu_loop::executor::next_runnable::hcda68ebc45fc09eb(scheduler=<unavailable>, backend=0x000000017060e210, registration=0x000000017060e1e0, kick=0x00000001471098d0) at executor.rs:1540:26 [opt]
       frame #13: 0x0000000100d9af10 el1_sched-3c030f910e35df6e`carrick_runtime::vcpu_loop::executor::run_executor_loop::hbbda728b148f11af(scheduler=<unavailable>, resolver=<unavailable>, backend=<unavailable>, runtime=<unavailable>, commands=<unavailable>) at executor.rs:278:27 [opt]
       frame #14: 0x0000000100d9823c el1_sched-3c030f910e35df6e`carrick_runtime::vcpu_loop::executor::executor_worker::_$u7b$$u7b$closure$u7d$$u7d$::hf78b07e21679669f at executor.rs:155:39 [opt]
       frame #15: 0x0000000100d97f2c el1_sched-3c030f910e35df6e`core::ops::function::FnOnce::call_once::hc04101f8675148bf((null)={closure_env#1}<carrick_runtime::vcpu_loop::executor::backend::HvpatchPersistentExecutorFactory, carrick_runtime::vcpu_loop::executor::binding::HvpatchTaskBindingDirectory> @ 0x00000077048ac840, (null)=<unavailable>) at function.rs:250:5 [opt] [inlined]
       frame #16: 0x0000000100d97f2c el1_sched-3c030f910e35df6e`_$LT$core..panic..unwind_safe..AssertUnwindSafe$LT$F$GT$$u20$as$u20$core..ops..function..FnOnce$LT$$LP$$RP$$GT$$GT$::call_once::hcc4e9e196ba538b3(self=AssertUnwindSafe<carrick_runtime::vcpu_loop::executor::executor_worker::{closure_env#1}<carrick_runtime::vcpu_loop::executor::backend::HvpatchPersistentExecutorFactory, carrick_runtime::vcpu_loop::executor::binding::HvpatchTaskBindingDirectory>> @ 0x00000077048aca20, (null)=<unavailable>) at unwind_safe.rs:275:9 [opt] [inlined]
       frame #17: 0x0000000100d97f2c el1_sched-3c030f910e35df6e`std::panicking::catch_unwind::do_call::h73cde5dfc6cd6825(data=<unavailable>) at panicking.rs:581:40 [opt]
       frame #18: 0x0000000100d97f2c el1_sched-3c030f910e35df6e`std::panicking::catch_unwind::h31946fc5f28d4827(f=AssertUnwindSafe<carrick_runtime::vcpu_loop::executor::executor_worker::{closure_env#1}<carrick_runtime::vcpu_loop::executor::backend::HvpatchPersistentExecutorFactory, carrick_runtime::vcpu_loop::executor::binding::HvpatchTaskBindingDirectory>> @ 0x00000077048ac9c0) at panicking.rs:544:19 [opt]
       frame #19: 0x0000000100d97f2c el1_sched-3c030f910e35df6e`std::panic::catch_unwind::hab41338c39ba09dd(f=AssertUnwindSafe<carrick_runtime::vcpu_loop::executor::executor_worker::{closure_env#1}<carrick_runtime::vcpu_loop::executor::backend::HvpatchPersistentExecutorFactory, carrick_runtime::vcpu_loop::executor::binding::HvpatchTaskBindingDirectory>> @ 0x00000077048ac840) at panic.rs:359:14 [opt] [inlined]
       frame #20: 0x0000000100d97f2c el1_sched-3c030f910e35df6e`carrick_runtime::vcpu_loop::executor::executor_worker::h8630ad5ef2f40d56(slot=<unavailable>, scheduler=Arc<carrick_kernel::kernel::scheduler::Scheduler, alloc::alloc::Global> @ 0x000000017060e188, factory=Arc<carrick_runtime::vcpu_loop::executor::backend::HvpatchPersistentExecutorFactory, alloc::alloc::Global> @ 0x000000017060e190, resolver=Arc<carrick_runtime::vcpu_loop::executor::binding::HvpatchTaskBindingDirectory, alloc::alloc::Global> @ 0x000000017060e198, receipts=Arc<carrick_runtime::vcpu_loop::executor::pool::ReceiptLog, alloc::alloc::Global> @ 0x000000017060e1a0, control=Arc<carrick_runtime::vcpu_loop::executor::pool::PoolControl, alloc::alloc::Global> @ 0x000000017060e1a8, channels=<unavailable>) at executor.rs:125:21 [opt]
       frame #21: 0x0000000100de2b64 el1_sched-3c030f910e35df6e`carrick_runtime::vcpu_loop::executor::pool::ExecutorPool$LT$F$C$R$GT$::start::_$u7b$$u7b$closure$u7d$$u7d$::h45a301511d144663 at pool.rs:987:21 [opt] [inlined]
       frame #22: 0x0000000100de2b38 el1_sched-3c030f910e35df6e`std::sys::backtrace::__rust_begin_short_backtrace::hee5156e4534fdc47(f=<unavailable>) at backtrace.rs:166:18 [opt]
       frame #23: 0x0000000100de46a0 el1_sched-3c030f910e35df6e`std::thread::lifecycle::spawn_unchecked::_$u7b$$u7b$closure$u7d$$u7d$::_$u7b$$u7b$closure$u7d$$u7d$::h81f614f849da7424 at lifecycle.rs:91:13 [opt] [inlined]
       frame #24: 0x0000000100de4690 el1_sched-3c030f910e35df6e`_$LT$core..panic..unwind_safe..AssertUnwindSafe$LT$F$GT$$u20$as$u20$core..ops..function..FnOnce$LT$$LP$$RP$$GT$$GT$::call_once::h17159c25faca63ef(self=AssertUnwindSafe<std::thread::lifecycle::spawn_unchecked::{closure#1}::{closure_env#0}<carrick_runtime::vcpu_loop::executor::pool::{impl#15}::start::{closure_env#4}<carrick_runtime::vcpu_loop::executor::backend::HvpatchPersistentExecutorFactory, carrick_runtime::vcpu_loop::executor::binding::HvpatchTaskBindingDirectory>, carrick_runtime::vcpu_loop::executor::pool::WorkerOutcome>> @ 0x0000000170612da8, (null)=<unavailable>) at unwind_safe.rs:275:9 [opt] [inlined]
       frame #25: 0x0000000100de4680 el1_sched-3c030f910e35df6e`std::panicking::catch_unwind::do_call::h9f0287e7aafef638(data=<unavailable>) at panicking.rs:581:40 [opt]
       frame #26: 0x0000000100de4678 el1_sched-3c030f910e35df6e`std::panicking::catch_unwind::hebc5ed47917f2065(f=AssertUnwindSafe<std::thread::lifecycle::spawn_unchecked::{closure#1}::{closure_env#0}<carrick_runtime::vcpu_loop::executor::pool::{impl#15}::start::{closure_env#4}<carrick_runtime::vcpu_loop::executor::backend::HvpatchPersistentExecutorFactory, carrick_runtime::vcpu_loop::executor::binding::HvpatchTaskBindingDirectory>, carrick_runtime::vcpu_loop::executor::pool::WorkerOutcome>> @ 0x0000007704899300) at panicking.rs:544:19 [opt]
       frame #27: 0x0000000100de4678 el1_sched-3c030f910e35df6e`std::panic::catch_unwind::h2a8527390e6c0e72(f=AssertUnwindSafe<std::thread::lifecycle::spawn_unchecked::{closure#1}::{closure_env#0}<carrick_runtime::vcpu_loop::executor::pool::{impl#15}::start::{closure_env#4}<carrick_runtime::vcpu_loop::executor::backend::HvpatchPersistentExecutorFactory, carrick_runtime::vcpu_loop::executor::binding::HvpatchTaskBindingDirectory>, carrick_runtime::vcpu_loop::executor::pool::WorkerOutcome>> @ 0x0000007704899200) at panic.rs:359:14 [opt] [inlined]
       frame #28: 0x0000000100de4678 el1_sched-3c030f910e35df6e`std::thread::lifecycle::spawn_unchecked::_$u7b$$u7b$closure$u7d$$u7d$::hb8b6873c7906c1e7 at lifecycle.rs:89:26 [opt] [inlined]
       frame #29: 0x0000000100de466c el1_sched-3c030f910e35df6e`core::ops::function::FnOnce::call_once$u7b$$u7b$vtable.shim$u7d$$u7d$::h18f3fd2a91d17fc9((null)=<unavailable>, (null)=<unavailable>) at function.rs:250:5 [opt]
       frame #30: 0x00000001018e3814 el1_sched-3c030f910e35df6e`<alloc::boxed::Box<dyn core::ops::function::FnOnce<(), Output = ()> + core::marker::Send> as core::ops::function::FnOnce<()>>::call_once at boxed.rs:2249:9 [opt] [inlined]
       frame #31: 0x00000001018e3808 el1_sched-3c030f910e35df6e`<std::sys::thread::unix::Thread>::new::thread_start at unix.rs:118:17 [opt]
       frame #32: 0x000000018a8ffd00 libsystem_pthread.dylib`_pthread_start + 136
  thread #11, name = 'carrick-executor-3'
       frame #0: 0x000000018a8be50c libsystem_kernel.dylib`__psynch_cvwait + 8
       frame #1: 0x000000018a9001d0 libsystem_pthread.dylib`_pthread_cond_wait + 980
       frame #2: 0x0000000260b26540 Hypervisor`Base::Threading::ForceExitableEvent::wait() + 108
       frame #3: 0x0000000260b261ac Hypervisor`HvCore::Hypervisor::VcpuStateManager::wait_for_interrupt() + 684
       frame #4: 0x0000000260adea64 Hypervisor`Hv::Vcpu::run() + 64
       frame #5: 0x0000000100fe6764 el1_sched-3c030f910e35df6e`applevisor::vcpu::Vcpu::run::h9ac3ac5faebfe78c(self=<unavailable>) at vcpu.rs:191:25 [opt]
       frame #6: 0x0000000100ed9e84 el1_sched-3c030f910e35df6e`carrick_vmm_hvf::trap::HvfInner::run_to_exit_inner::h56359e2f1301214d(vcpu=<unavailable>, mailbox=<unavailable>, custody=<unavailable>, vm_generation=<unavailable>, kick_armed=<unavailable>) at trap.rs:7589:18 [opt]
       frame #7: 0x0000000100ed9cf4 el1_sched-3c030f910e35df6e`carrick_vmm_hvf::trap::HvfInner::run_to_exit::h374799bb4b0ec418(vcpu=<unavailable>, mailbox=<unavailable>, custody=<unavailable>, vm_generation=<unavailable>) at trap.rs:7528:20 [opt]
       frame #8: 0x0000000100fcc1f4 el1_sched-3c030f910e35df6e`_$LT$carrick_vmm_hvf..hvf_aarch64_engine..HvfAarch64Vcpu$u20$as$u20$carrick_aarch64..vmm..Aarch64Vcpu$GT$::run::h1b18c636311d1888(self=0x000000017081b9a0) at hvf_aarch64_engine.rs:589:20 [opt]
       frame #9: 0x0000000100f6c054 el1_sched-3c030f910e35df6e`carrick_aarch64::engine::Aarch64EngineCore$LT$V$GT$::run_idle_entry_on_vcpu::h09c22374eb5a30d9(vcpu=0x000000017081b9a0, carrier_root=<unavailable>, frame_va=<unavailable>) at engine.rs:1616:24 [opt]
       frame #10: 0x0000000100fceb9c el1_sched-3c030f910e35df6e`carrick_vmm_hvf::hvf_aarch64_engine::run_worker_idle_entry::hdd00012c6fd5d7a6(vmm=<unavailable>, vcpu=0x000000017081b9a0, frame_va=193342799584) at hvf_aarch64_engine.rs:1434:9 [opt]
       frame #11: 0x0000000100db98c4 el1_sched-3c030f910e35df6e`_$LT$carrick_runtime..vcpu_loop..executor..backend..HvpatchPersistentExecutor$u20$as$u20$carrick_runtime..vcpu_loop..executor..backend..PersistentExecutor$GT$::wait_in_guest::h5bc7ea27a772a2cb(self=0x000000017081a210) at backend.rs:1192:13 [opt]
       frame #12: 0x0000000100d9af24 el1_sched-3c030f910e35df6e`carrick_runtime::vcpu_loop::executor::next_runnable::hcda68ebc45fc09eb(scheduler=<unavailable>, backend=0x000000017081a210, registration=0x000000017081a1e0, kick=0x000000014700e0f0) at executor.rs:1540:26 [opt]
       frame #13: 0x0000000100d9af10 el1_sched-3c030f910e35df6e`carrick_runtime::vcpu_loop::executor::run_executor_loop::hbbda728b148f11af(scheduler=<unavailable>, resolver=<unavailable>, backend=<unavailable>, runtime=<unavailable>, commands=<unavailable>) at executor.rs:278:27 [opt]
       frame #14: 0x0000000100d9823c el1_sched-3c030f910e35df6e`carrick_runtime::vcpu_loop::executor::executor_worker::_$u7b$$u7b$closure$u7d$$u7d$::hf78b07e21679669f at executor.rs:155:39 [opt]
       frame #15: 0x0000000100d97f2c el1_sched-3c030f910e35df6e`core::ops::function::FnOnce::call_once::hc04101f8675148bf((null)={closure_env#1}<carrick_runtime::vcpu_loop::executor::backend::HvpatchPersistentExecutorFactory, carrick_runtime::vcpu_loop::executor::binding::HvpatchTaskBindingDirectory> @ 0x00000077048ac840, (null)=<unavailable>) at function.rs:250:5 [opt] [inlined]
       frame #16: 0x0000000100d97f2c el1_sched-3c030f910e35df6e`_$LT$core..panic..unwind_safe..AssertUnwindSafe$LT$F$GT$$u20$as$u20$core..ops..function..FnOnce$LT$$LP$$RP$$GT$$GT$::call_once::hcc4e9e196ba538b3(self=AssertUnwindSafe<carrick_runtime::vcpu_loop::executor::executor_worker::{closure_env#1}<carrick_runtime::vcpu_loop::executor::backend::HvpatchPersistentExecutorFactory, carrick_runtime::vcpu_loop::executor::binding::HvpatchTaskBindingDirectory>> @ 0x00000077048acae0, (null)=<unavailable>) at unwind_safe.rs:275:9 [opt] [inlined]
       frame #17: 0x0000000100d97f2c el1_sched-3c030f910e35df6e`std::panicking::catch_unwind::do_call::h73cde5dfc6cd6825(data=<unavailable>) at panicking.rs:581:40 [opt]
       frame #18: 0x0000000100d97f2c el1_sched-3c030f910e35df6e`std::panicking::catch_unwind::h31946fc5f28d4827(f=AssertUnwindSafe<carrick_runtime::vcpu_loop::executor::executor_worker::{closure_env#1}<carrick_runtime::vcpu_loop::executor::backend::HvpatchPersistentExecutorFactory, carrick_runtime::vcpu_loop::executor::binding::HvpatchTaskBindingDirectory>> @ 0x00000077048aca80) at panicking.rs:544:19 [opt]
       frame #19: 0x0000000100d97f2c el1_sched-3c030f910e35df6e`std::panic::catch_unwind::hab41338c39ba09dd(f=AssertUnwindSafe<carrick_runtime::vcpu_loop::executor::executor_worker::{closure_env#1}<carrick_runtime::vcpu_loop::executor::backend::HvpatchPersistentExecutorFactory, carrick_runtime::vcpu_loop::executor::binding::HvpatchTaskBindingDirectory>> @ 0x00000077048ac840) at panic.rs:359:14 [opt] [inlined]
       frame #20: 0x0000000100d97f2c el1_sched-3c030f910e35df6e`carrick_runtime::vcpu_loop::executor::executor_worker::h8630ad5ef2f40d56(slot=<unavailable>, scheduler=Arc<carrick_kernel::kernel::scheduler::Scheduler, alloc::alloc::Global> @ 0x000000017081a188, factory=Arc<carrick_runtime::vcpu_loop::executor::backend::HvpatchPersistentExecutorFactory, alloc::alloc::Global> @ 0x000000017081a190, resolver=Arc<carrick_runtime::vcpu_loop::executor::binding::HvpatchTaskBindingDirectory, alloc::alloc::Global> @ 0x000000017081a198, receipts=Arc<carrick_runtime::vcpu_loop::executor::pool::ReceiptLog, alloc::alloc::Global> @ 0x000000017081a1a0, control=Arc<carrick_runtime::vcpu_loop::executor::pool::PoolControl, alloc::alloc::Global> @ 0x000000017081a1a8, channels=<unavailable>) at executor.rs:125:21 [opt]
       frame #21: 0x0000000100de2b64 el1_sched-3c030f910e35df6e`carrick_runtime::vcpu_loop::executor::pool::ExecutorPool$LT$F$C$R$GT$::start::_$u7b$$u7b$closure$u7d$$u7d$::h45a301511d144663 at pool.rs:987:21 [opt] [inlined]
       frame #22: 0x0000000100de2b38 el1_sched-3c030f910e35df6e`std::sys::backtrace::__rust_begin_short_backtrace::hee5156e4534fdc47(f=<unavailable>) at backtrace.rs:166:18 [opt]
       frame #23: 0x0000000100de46a0 el1_sched-3c030f910e35df6e`std::thread::lifecycle::spawn_unchecked::_$u7b$$u7b$closure$u7d$$u7d$::_$u7b$$u7b$closure$u7d$$u7d$::h81f614f849da7424 at lifecycle.rs:91:13 [opt] [inlined]
       frame #24: 0x0000000100de4690 el1_sched-3c030f910e35df6e`_$LT$core..panic..unwind_safe..AssertUnwindSafe$LT$F$GT$$u20$as$u20$core..ops..function..FnOnce$LT$$LP$$RP$$GT$$GT$::call_once::h17159c25faca63ef(self=AssertUnwindSafe<std::thread::lifecycle::spawn_unchecked::{closure#1}::{closure_env#0}<carrick_runtime::vcpu_loop::executor::pool::{impl#15}::start::{closure_env#4}<carrick_runtime::vcpu_loop::executor::backend::HvpatchPersistentExecutorFactory, carrick_runtime::vcpu_loop::executor::binding::HvpatchTaskBindingDirectory>, carrick_runtime::vcpu_loop::executor::pool::WorkerOutcome>> @ 0x000000017081eda8, (null)=<unavailable>) at unwind_safe.rs:275:9 [opt] [inlined]
       frame #25: 0x0000000100de4680 el1_sched-3c030f910e35df6e`std::panicking::catch_unwind::do_call::h9f0287e7aafef638(data=<unavailable>) at panicking.rs:581:40 [opt]
       frame #26: 0x0000000100de4678 el1_sched-3c030f910e35df6e`std::panicking::catch_unwind::hebc5ed47917f2065(f=AssertUnwindSafe<std::thread::lifecycle::spawn_unchecked::{closure#1}::{closure_env#0}<carrick_runtime::vcpu_loop::executor::pool::{impl#15}::start::{closure_env#4}<carrick_runtime::vcpu_loop::executor::backend::HvpatchPersistentExecutorFactory, carrick_runtime::vcpu_loop::executor::binding::HvpatchTaskBindingDirectory>, carrick_runtime::vcpu_loop::executor::pool::WorkerOutcome>> @ 0x0000007704899280) at panicking.rs:544:19 [opt]
       frame #27: 0x0000000100de4678 el1_sched-3c030f910e35df6e`std::panic::catch_unwind::h2a8527390e6c0e72(f=AssertUnwindSafe<std::thread::lifecycle::spawn_unchecked::{closure#1}::{closure_env#0}<carrick_runtime::vcpu_loop::executor::pool::{impl#15}::start::{closure_env#4}<carrick_runtime::vcpu_loop::executor::backend::HvpatchPersistentExecutorFactory, carrick_runtime::vcpu_loop::executor::binding::HvpatchTaskBindingDirectory>, carrick_runtime::vcpu_loop::executor::pool::WorkerOutcome>> @ 0x0000007704899300) at panic.rs:359:14 [opt] [inlined]
       frame #28: 0x0000000100de4678 el1_sched-3c030f910e35df6e`std::thread::lifecycle::spawn_unchecked::_$u7b$$u7b$closure$u7d$$u7d$::hb8b6873c7906c1e7 at lifecycle.rs:89:26 [opt] [inlined]
       frame #29: 0x0000000100de466c el1_sched-3c030f910e35df6e`core::ops::function::FnOnce::call_once$u7b$$u7b$vtable.shim$u7d$$u7d$::h18f3fd2a91d17fc9((null)=<unavailable>, (null)=<unavailable>) at function.rs:250:5 [opt]
       frame #30: 0x00000001018e3814 el1_sched-3c030f910e35df6e`<alloc::boxed::Box<dyn core::ops::function::FnOnce<(), Output = ()> + core::marker::Send> as core::ops::function::FnOnce<()>>::call_once at boxed.rs:2249:9 [opt] [inlined]
       frame #31: 0x00000001018e3808 el1_sched-3c030f910e35df6e`<std::sys::thread::unix::Thread>::new::thread_start at unix.rs:118:17 [opt]
       frame #32: 0x000000018a8ffd00 libsystem_pthread.dylib`_pthread_start + 136
  thread #12, name = 'carrick-executor-4'
       frame #0: 0x000000018a8be50c libsystem_kernel.dylib`__psynch_cvwait + 8
       frame #1: 0x000000018a9001d0 libsystem_pthread.dylib`_pthread_cond_wait + 980
       frame #2: 0x000000010164bbe8 el1_sched-3c030f910e35df6e`_$LT$parking_lot_core..thread_parker..imp..ThreadParker$u20$as$u20$parking_lot_core..thread_parker..ThreadParkerT$GT$::park::h57b0f9e3b8bc7cbb(self=0x0000000147837620) at unix.rs:77:21 [opt] [inlined]
       frame #3: 0x000000010164bbd8 el1_sched-3c030f910e35df6e`parking_lot_core::parking_lot::park::_$u7b$$u7b$closure$u7d$$u7d$::h2e420e8db8f72615(thread_data=0x0000000147837620) at parking_lot.rs:635:36 [opt]
       frame #4: 0x000000010164bb40 el1_sched-3c030f910e35df6e`parking_lot_core::parking_lot::with_thread_data::h284d9e59aff5050c(f=<unavailable>) at parking_lot.rs:207:5 [opt]
       frame #5: 0x000000010164ba00 el1_sched-3c030f910e35df6e`parking_lot_core::parking_lot::park::h115ba7316cfa6034(key=<unavailable>, validate=<unavailable>, before_sleep=<unavailable>, timed_out=<unavailable>, park_token=(__0 = 0), timeout=<unavailable>) at parking_lot.rs:600:5 [opt] [inlined]
       frame #6: 0x000000010164ba00 el1_sched-3c030f910e35df6e`parking_lot::condvar::Condvar::wait_until_internal::heb307538a997ec5d(self=0x00000001472168e8, mutex=0x0000000147216890, timeout=Option<std::time::Instant> @ 0x00000076d7ddfda0) at condvar.rs:334:17 [opt]
       frame #7: 0x0000000101324e54 el1_sched-3c030f910e35df6e`parking_lot::condvar::Condvar::wait::h64685ff27a807947(self=<unavailable>, mutex_guard=<unavailable>) at condvar.rs:256:14 [opt] [inlined]
       frame #8: 0x0000000101324e40 el1_sched-3c030f910e35df6e`carrick_kernel::kernel::scheduler::RunQueue::park_spare::hb8cb6cf93c39a09a(self=<unavailable>, executor=0x0000000170a261e0) at scheduler.rs:2800:36 [opt]
       frame #9: 0x0000000101333078 el1_sched-3c030f910e35df6e`carrick_kernel::kernel::scheduler::RunQueue::try_take_row::h28ce06442c82fee5(self=<unavailable>, executor=<unavailable>, auditors=<unavailable>) at scheduler.rs:2555:22 [opt] [inlined]
       frame #10: 0x0000000101333014 el1_sched-3c030f910e35df6e`carrick_kernel::kernel::scheduler::RunQueue::try_take::ha0f77fe01aa64dd6(self=0x00000001472169a8, executor=0x0000000170a261e0, recorder=Option<&dyn carrick_kernel::kernel::scheduler::DiscardRecorder> @ 0x00000076d7e44370, auditors=<unavailable>) at scheduler.rs:2838:34 [opt] [inlined]
       frame #11: 0x0000000101333014 el1_sched-3c030f910e35df6e`carrick_kernel::kernel::scheduler::Scheduler::try_take::h868fe880b67928a9(self=<unavailable>, executor=0x0000000170a261e0) at scheduler.rs:4332:14 [opt]
       frame #12: 0x0000000100d99dcc el1_sched-3c030f910e35df6e`carrick_runtime::vcpu_loop::executor::next_runnable::hcda68ebc45fc09eb(scheduler=<unavailable>, backend=0x0000000170a26210, registration=0x0000000170a261e0, kick=0x0000000147107800) at executor.rs:1521:38 [opt]
       frame #13: 0x0000000100d99db8 el1_sched-3c030f910e35df6e`carrick_runtime::vcpu_loop::executor::run_executor_loop::hbbda728b148f11af(scheduler=<unavailable>, resolver=<unavailable>, backend=<unavailable>, runtime=<unavailable>, commands=<unavailable>) at executor.rs:278:27 [opt]
       frame #14: 0x0000000100d9823c el1_sched-3c030f910e35df6e`carrick_runtime::vcpu_loop::executor::executor_worker::_$u7b$$u7b$closure$u7d$$u7d$::hf78b07e21679669f at executor.rs:155:39 [opt]
       frame #15: 0x0000000100d97f2c el1_sched-3c030f910e35df6e`core::ops::function::FnOnce::call_once::hc04101f8675148bf((null)={closure_env#1}<carrick_runtime::vcpu_loop::executor::backend::HvpatchPersistentExecutorFactory, carrick_runtime::vcpu_loop::executor::binding::HvpatchTaskBindingDirectory> @ 0x0000007704936c40, (null)=<unavailable>) at function.rs:250:5 [opt] [inlined]
       frame #16: 0x0000000100d97f2c el1_sched-3c030f910e35df6e`_$LT$core..panic..unwind_safe..AssertUnwindSafe$LT$F$GT$$u20$as$u20$core..ops..function..FnOnce$LT$$LP$$RP$$GT$$GT$::call_once::hcc4e9e196ba538b3(self=AssertUnwindSafe<carrick_runtime::vcpu_loop::executor::executor_worker::{closure_env#1}<carrick_runtime::vcpu_loop::executor::backend::HvpatchPersistentExecutorFactory, carrick_runtime::vcpu_loop::executor::binding::HvpatchTaskBindingDirectory>> @ 0x0000007704936d00, (null)=<unavailable>) at unwind_safe.rs:275:9 [opt] [inlined]
       frame #17: 0x0000000100d97f2c el1_sched-3c030f910e35df6e`std::panicking::catch_unwind::do_call::h73cde5dfc6cd6825(data=<unavailable>) at panicking.rs:581:40 [opt]
       frame #18: 0x0000000100d97f2c el1_sched-3c030f910e35df6e`std::panicking::catch_unwind::h31946fc5f28d4827(f=AssertUnwindSafe<carrick_runtime::vcpu_loop::executor::executor_worker::{closure_env#1}<carrick_runtime::vcpu_loop::executor::backend::HvpatchPersistentExecutorFactory, carrick_runtime::vcpu_loop::executor::binding::HvpatchTaskBindingDirectory>> @ 0x0000007704936ca0) at panicking.rs:544:19 [opt]
       frame #19: 0x0000000100d97f2c el1_sched-3c030f910e35df6e`std::panic::catch_unwind::hab41338c39ba09dd(f=AssertUnwindSafe<carrick_runtime::vcpu_loop::executor::executor_worker::{closure_env#1}<carrick_runtime::vcpu_loop::executor::backend::HvpatchPersistentExecutorFactory, carrick_runtime::vcpu_loop::executor::binding::HvpatchTaskBindingDirectory>> @ 0x0000007704936c40) at panic.rs:359:14 [opt] [inlined]
       frame #20: 0x0000000100d97f2c el1_sched-3c030f910e35df6e`carrick_runtime::vcpu_loop::executor::executor_worker::h8630ad5ef2f40d56(slot=<unavailable>, scheduler=Arc<carrick_kernel::kernel::scheduler::Scheduler, alloc::alloc::Global> @ 0x0000000170a26188, factory=Arc<carrick_runtime::vcpu_loop::executor::backend::HvpatchPersistentExecutorFactory, alloc::alloc::Global> @ 0x0000000170a26190, resolver=Arc<carrick_runtime::vcpu_loop::executor::binding::HvpatchTaskBindingDirectory, alloc::alloc::Global> @ 0x0000000170a26198, receipts=Arc<carrick_runtime::vcpu_loop::executor::pool::ReceiptLog, alloc::alloc::Global> @ 0x0000000170a261a0, control=Arc<carrick_runtime::vcpu_loop::executor::pool::PoolControl, alloc::alloc::Global> @ 0x0000000170a261a8, channels=<unavailable>) at executor.rs:125:21 [opt]
       frame #21: 0x0000000100de2b64 el1_sched-3c030f910e35df6e`carrick_runtime::vcpu_loop::executor::pool::ExecutorPool$LT$F$C$R$GT$::start::_$u7b$$u7b$closure$u7d$$u7d$::h45a301511d144663 at pool.rs:987:21 [opt] [inlined]
       frame #22: 0x0000000100de2b38 el1_sched-3c030f910e35df6e`std::sys::backtrace::__rust_begin_short_backtrace::hee5156e4534fdc47(f=<unavailable>) at backtrace.rs:166:18 [opt]
       frame #23: 0x0000000100de46a0 el1_sched-3c030f910e35df6e`std::thread::lifecycle::spawn_unchecked::_$u7b$$u7b$closure$u7d$$u7d$::_$u7b$$u7b$closure$u7d$$u7d$::h81f614f849da7424 at lifecycle.rs:91:13 [opt] [inlined]
       frame #24: 0x0000000100de4690 el1_sched-3c030f910e35df6e`_$LT$core..panic..unwind_safe..AssertUnwindSafe$LT$F$GT$$u20$as$u20$core..ops..function..FnOnce$LT$$LP$$RP$$GT$$GT$::call_once::h17159c25faca63ef(self=AssertUnwindSafe<std::thread::lifecycle::spawn_unchecked::{closure#1}::{closure_env#0}<carrick_runtime::vcpu_loop::executor::pool::{impl#15}::start::{closure_env#4}<carrick_runtime::vcpu_loop::executor::backend::HvpatchPersistentExecutorFactory, carrick_runtime::vcpu_loop::executor::binding::HvpatchTaskBindingDirectory>, carrick_runtime::vcpu_loop::executor::pool::WorkerOutcome>> @ 0x0000000170a2ada8, (null)=<unavailable>) at unwind_safe.rs:275:9 [opt] [inlined]
       frame #25: 0x0000000100de4680 el1_sched-3c030f910e35df6e`std::panicking::catch_unwind::do_call::h9f0287e7aafef638(data=<unavailable>) at panicking.rs:581:40 [opt]
       frame #26: 0x0000000100de4678 el1_sched-3c030f910e35df6e`std::panicking::catch_unwind::hebc5ed47917f2065(f=AssertUnwindSafe<std::thread::lifecycle::spawn_unchecked::{closure#1}::{closure_env#0}<carrick_runtime::vcpu_loop::executor::pool::{impl#15}::start::{closure_env#4}<carrick_runtime::vcpu_loop::executor::backend::HvpatchPersistentExecutorFactory, carrick_runtime::vcpu_loop::executor::binding::HvpatchTaskBindingDirectory>, carrick_runtime::vcpu_loop::executor::pool::WorkerOutcome>> @ 0x000000770491cb00) at panicking.rs:544:19 [opt]
       frame #27: 0x0000000100de4678 el1_sched-3c030f910e35df6e`std::panic::catch_unwind::h2a8527390e6c0e72(f=AssertUnwindSafe<std::thread::lifecycle::spawn_unchecked::{closure#1}::{closure_env#0}<carrick_runtime::vcpu_loop::executor::pool::{impl#15}::start::{closure_env#4}<carrick_runtime::vcpu_loop::executor::backend::HvpatchPersistentExecutorFactory, carrick_runtime::vcpu_loop::executor::binding::HvpatchTaskBindingDirectory>, carrick_runtime::vcpu_loop::executor::pool::WorkerOutcome>> @ 0x000000770491cb80) at panic.rs:359:14 [opt] [inlined]
       frame #28: 0x0000000100de4678 el1_sched-3c030f910e35df6e`std::thread::lifecycle::spawn_unchecked::_$u7b$$u7b$closure$u7d$$u7d$::hb8b6873c7906c1e7 at lifecycle.rs:89:26 [opt] [inlined]
       frame #29: 0x0000000100de466c el1_sched-3c030f910e35df6e`core::ops::function::FnOnce::call_once$u7b$$u7b$vtable.shim$u7d$$u7d$::h18f3fd2a91d17fc9((null)=<unavailable>, (null)=<unavailable>) at function.rs:250:5 [opt]
       frame #30: 0x00000001018e3814 el1_sched-3c030f910e35df6e`<alloc::boxed::Box<dyn core::ops::function::FnOnce<(), Output = ()> + core::marker::Send> as core::ops::function::FnOnce<()>>::call_once at boxed.rs:2249:9 [opt] [inlined]
       frame #31: 0x00000001018e3808 el1_sched-3c030f910e35df6e`<std::sys::thread::unix::Thread>::new::thread_start at unix.rs:118:17 [opt]
       frame #32: 0x000000018a8ffd00 libsystem_pthread.dylib`_pthread_start + 136
  thread #13, name = 'carrick-executor-5'
       frame #0: 0x000000018a8be50c libsystem_kernel.dylib`__psynch_cvwait + 8
       frame #1: 0x000000018a9001d0 libsystem_pthread.dylib`_pthread_cond_wait + 980
       frame #2: 0x000000010164bbe8 el1_sched-3c030f910e35df6e`_$LT$parking_lot_core..thread_parker..imp..ThreadParker$u20$as$u20$parking_lot_core..thread_parker..ThreadParkerT$GT$::park::h57b0f9e3b8bc7cbb(self=0x0000000147836e20) at unix.rs:77:21 [opt] [inlined]
       frame #3: 0x000000010164bbd8 el1_sched-3c030f910e35df6e`parking_lot_core::parking_lot::park::_$u7b$$u7b$closure$u7d$$u7d$::h2e420e8db8f72615(thread_data=0x0000000147836e20) at parking_lot.rs:635:36 [opt]
       frame #4: 0x000000010164bb40 el1_sched-3c030f910e35df6e`parking_lot_core::parking_lot::with_thread_data::h284d9e59aff5050c(f=<unavailable>) at parking_lot.rs:207:5 [opt]
       frame #5: 0x000000010164ba00 el1_sched-3c030f910e35df6e`parking_lot_core::parking_lot::park::h115ba7316cfa6034(key=<unavailable>, validate=<unavailable>, before_sleep=<unavailable>, timed_out=<unavailable>, park_token=(__0 = 0), timeout=<unavailable>) at parking_lot.rs:600:5 [opt] [inlined]
       frame #6: 0x000000010164ba00 el1_sched-3c030f910e35df6e`parking_lot::condvar::Condvar::wait_until_internal::heb307538a997ec5d(self=0x00000001472168e8, mutex=0x0000000147216890, timeout=Option<std::time::Instant> @ 0x00000076d7e3c840) at condvar.rs:334:17 [opt]
       frame #7: 0x0000000101324e54 el1_sched-3c030f910e35df6e`parking_lot::condvar::Condvar::wait::h64685ff27a807947(self=<unavailable>, mutex_guard=<unavailable>) at condvar.rs:256:14 [opt] [inlined]
       frame #8: 0x0000000101324e40 el1_sched-3c030f910e35df6e`carrick_kernel::kernel::scheduler::RunQueue::park_spare::hb8cb6cf93c39a09a(self=<unavailable>, executor=0x0000000170c321e0) at scheduler.rs:2800:36 [opt]
       frame #9: 0x0000000101333078 el1_sched-3c030f910e35df6e`carrick_kernel::kernel::scheduler::RunQueue::try_take_row::h28ce06442c82fee5(self=<unavailable>, executor=<unavailable>, auditors=<unavailable>) at scheduler.rs:2555:22 [opt] [inlined]
       frame #10: 0x0000000101333014 el1_sched-3c030f910e35df6e`carrick_kernel::kernel::scheduler::RunQueue::try_take::ha0f77fe01aa64dd6(self=0x00000001472169a8, executor=0x0000000170c321e0, recorder=Option<&dyn carrick_kernel::kernel::scheduler::DiscardRecorder> @ 0x00000076d7e44370, auditors=<unavailable>) at scheduler.rs:2838:34 [opt] [inlined]
       frame #11: 0x0000000101333014 el1_sched-3c030f910e35df6e`carrick_kernel::kernel::scheduler::Scheduler::try_take::h868fe880b67928a9(self=<unavailable>, executor=0x0000000170c321e0) at scheduler.rs:4332:14 [opt]
       frame #12: 0x0000000100d99dcc el1_sched-3c030f910e35df6e`carrick_runtime::vcpu_loop::executor::next_runnable::hcda68ebc45fc09eb(scheduler=<unavailable>, backend=0x0000000170c32210, registration=0x0000000170c321e0, kick=0x00000001471080a0) at executor.rs:1521:38 [opt]
       frame #13: 0x0000000100d99db8 el1_sched-3c030f910e35df6e`carrick_runtime::vcpu_loop::executor::run_executor_loop::hbbda728b148f11af(scheduler=<unavailable>, resolver=<unavailable>, backend=<unavailable>, runtime=<unavailable>, commands=<unavailable>) at executor.rs:278:27 [opt]
       frame #14: 0x0000000100d9823c el1_sched-3c030f910e35df6e`carrick_runtime::vcpu_loop::executor::executor_worker::_$u7b$$u7b$closure$u7d$$u7d$::hf78b07e21679669f at executor.rs:155:39 [opt]
       frame #15: 0x0000000100d97f2c el1_sched-3c030f910e35df6e`core::ops::function::FnOnce::call_once::hc04101f8675148bf((null)={closure_env#1}<carrick_runtime::vcpu_loop::executor::backend::HvpatchPersistentExecutorFactory, carrick_runtime::vcpu_loop::executor::binding::HvpatchTaskBindingDirectory> @ 0x0000007704936ca0, (null)=<unavailable>) at function.rs:250:5 [opt] [inlined]
       frame #16: 0x0000000100d97f2c el1_sched-3c030f910e35df6e`_$LT$core..panic..unwind_safe..AssertUnwindSafe$LT$F$GT$$u20$as$u20$core..ops..function..FnOnce$LT$$LP$$RP$$GT$$GT$::call_once::hcc4e9e196ba538b3(self=AssertUnwindSafe<carrick_runtime::vcpu_loop::executor::executor_worker::{closure_env#1}<carrick_runtime::vcpu_loop::executor::backend::HvpatchPersistentExecutorFactory, carrick_runtime::vcpu_loop::executor::binding::HvpatchTaskBindingDirectory>> @ 0x0000007704936d60, (null)=<unavailable>) at unwind_safe.rs:275:9 [opt] [inlined]
       frame #17: 0x0000000100d97f2c el1_sched-3c030f910e35df6e`std::panicking::catch_unwind::do_call::h73cde5dfc6cd6825(data=<unavailable>) at panicking.rs:581:40 [opt]
       frame #18: 0x0000000100d97f2c el1_sched-3c030f910e35df6e`std::panicking::catch_unwind::h31946fc5f28d4827(f=AssertUnwindSafe<carrick_runtime::vcpu_loop::executor::executor_worker::{closure_env#1}<carrick_runtime::vcpu_loop::executor::backend::HvpatchPersistentExecutorFactory, carrick_runtime::vcpu_loop::executor::binding::HvpatchTaskBindingDirectory>> @ 0x0000007704936c40) at panicking.rs:544:19 [opt]
       frame #19: 0x0000000100d97f2c el1_sched-3c030f910e35df6e`std::panic::catch_unwind::hab41338c39ba09dd(f=AssertUnwindSafe<carrick_runtime::vcpu_loop::executor::executor_worker::{closure_env#1}<carrick_runtime::vcpu_loop::executor::backend::HvpatchPersistentExecutorFactory, carrick_runtime::vcpu_loop::executor::binding::HvpatchTaskBindingDirectory>> @ 0x0000007704936ca0) at panic.rs:359:14 [opt] [inlined]
       frame #20: 0x0000000100d97f2c el1_sched-3c030f910e35df6e`carrick_runtime::vcpu_loop::executor::executor_worker::h8630ad5ef2f40d56(slot=<unavailable>, scheduler=Arc<carrick_kernel::kernel::scheduler::Scheduler, alloc::alloc::Global> @ 0x0000000170c32188, factory=Arc<carrick_runtime::vcpu_loop::executor::backend::HvpatchPersistentExecutorFactory, alloc::alloc::Global> @ 0x0000000170c32190, resolver=Arc<carrick_runtime::vcpu_loop::executor::binding::HvpatchTaskBindingDirectory, alloc::alloc::Global> @ 0x0000000170c32198, receipts=Arc<carrick_runtime::vcpu_loop::executor::pool::ReceiptLog, alloc::alloc::Global> @ 0x0000000170c321a0, control=Arc<carrick_runtime::vcpu_loop::executor::pool::PoolControl, alloc::alloc::Global> @ 0x0000000170c321a8, channels=<unavailable>) at executor.rs:125:21 [opt]
       frame #21: 0x0000000100de2b64 el1_sched-3c030f910e35df6e`carrick_runtime::vcpu_loop::executor::pool::ExecutorPool$LT$F$C$R$GT$::start::_$u7b$$u7b$closure$u7d$$u7d$::h45a301511d144663 at pool.rs:987:21 [opt] [inlined]
       frame #22: 0x0000000100de2b38 el1_sched-3c030f910e35df6e`std::sys::backtrace::__rust_begin_short_backtrace::hee5156e4534fdc47(f=<unavailable>) at backtrace.rs:166:18 [opt]
       frame #23: 0x0000000100de46a0 el1_sched-3c030f910e35df6e`std::thread::lifecycle::spawn_unchecked::_$u7b$$u7b$closure$u7d$$u7d$::_$u7b$$u7b$closure$u7d$$u7d$::h81f614f849da7424 at lifecycle.rs:91:13 [opt] [inlined]
       frame #24: 0x0000000100de4690 el1_sched-3c030f910e35df6e`_$LT$core..panic..unwind_safe..AssertUnwindSafe$LT$F$GT$$u20$as$u20$core..ops..function..FnOnce$LT$$LP$$RP$$GT$$GT$::call_once::h17159c25faca63ef(self=AssertUnwindSafe<std::thread::lifecycle::spawn_unchecked::{closure#1}::{closure_env#0}<carrick_runtime::vcpu_loop::executor::pool::{impl#15}::start::{closure_env#4}<carrick_runtime::vcpu_loop::executor::backend::HvpatchPersistentExecutorFactory, carrick_runtime::vcpu_loop::executor::binding::HvpatchTaskBindingDirectory>, carrick_runtime::vcpu_loop::executor::pool::WorkerOutcome>> @ 0x0000000170c36da8, (null)=<unavailable>) at unwind_safe.rs:275:9 [opt] [inlined]
       frame #25: 0x0000000100de4680 el1_sched-3c030f910e35df6e`std::panicking::catch_unwind::do_call::h9f0287e7aafef638(data=<unavailable>) at panicking.rs:581:40 [opt]
       frame #26: 0x0000000100de4678 el1_sched-3c030f910e35df6e`std::panicking::catch_unwind::hebc5ed47917f2065(f=AssertUnwindSafe<std::thread::lifecycle::spawn_unchecked::{closure#1}::{closure_env#0}<carrick_runtime::vcpu_loop::executor::pool::{impl#15}::start::{closure_env#4}<carrick_runtime::vcpu_loop::executor::backend::HvpatchPersistentExecutorFactory, carrick_runtime::vcpu_loop::executor::binding::HvpatchTaskBindingDirectory>, carrick_runtime::vcpu_loop::executor::pool::WorkerOutcome>> @ 0x000000770491ca80) at panicking.rs:544:19 [opt]
       frame #27: 0x0000000100de4678 el1_sched-3c030f910e35df6e`std::panic::catch_unwind::h2a8527390e6c0e72(f=AssertUnwindSafe<std::thread::lifecycle::spawn_unchecked::{closure#1}::{closure_env#0}<carrick_runtime::vcpu_loop::executor::pool::{impl#15}::start::{closure_env#4}<carrick_runtime::vcpu_loop::executor::backend::HvpatchPersistentExecutorFactory, carrick_runtime::vcpu_loop::executor::binding::HvpatchTaskBindingDirectory>, carrick_runtime::vcpu_loop::executor::pool::WorkerOutcome>> @ 0x000000770491cb00) at panic.rs:359:14 [opt] [inlined]
       frame #28: 0x0000000100de4678 el1_sched-3c030f910e35df6e`std::thread::lifecycle::spawn_unchecked::_$u7b$$u7b$closure$u7d$$u7d$::hb8b6873c7906c1e7 at lifecycle.rs:89:26 [opt] [inlined]
       frame #29: 0x0000000100de466c el1_sched-3c030f910e35df6e`core::ops::function::FnOnce::call_once$u7b$$u7b$vtable.shim$u7d$$u7d$::h18f3fd2a91d17fc9((null)=<unavailable>, (null)=<unavailable>) at function.rs:250:5 [opt]
       frame #30: 0x00000001018e3814 el1_sched-3c030f910e35df6e`<alloc::boxed::Box<dyn core::ops::function::FnOnce<(), Output = ()> + core::marker::Send> as core::ops::function::FnOnce<()>>::call_once at boxed.rs:2249:9 [opt] [inlined]
       frame #31: 0x00000001018e3808 el1_sched-3c030f910e35df6e`<std::sys::thread::unix::Thread>::new::thread_start at unix.rs:118:17 [opt]
       frame #32: 0x000000018a8ffd00 libsystem_pthread.dylib`_pthread_start + 136
  thread #14, name = 'carrick-executor-6'
       frame #0: 0x000000018a8be50c libsystem_kernel.dylib`__psynch_cvwait + 8
       frame #1: 0x000000018a9001d0 libsystem_pthread.dylib`_pthread_cond_wait + 980
       frame #2: 0x000000010164bbe8 el1_sched-3c030f910e35df6e`_$LT$parking_lot_core..thread_parker..imp..ThreadParker$u20$as$u20$parking_lot_core..thread_parker..ThreadParkerT$GT$::park::h57b0f9e3b8bc7cbb(self=0x0000000146011a20) at unix.rs:77:21 [opt] [inlined]
       frame #3: 0x000000010164bbd8 el1_sched-3c030f910e35df6e`parking_lot_core::parking_lot::park::_$u7b$$u7b$closure$u7d$$u7d$::h2e420e8db8f72615(thread_data=0x0000000146011a20) at parking_lot.rs:635:36 [opt]
       frame #4: 0x000000010164bb40 el1_sched-3c030f910e35df6e`parking_lot_core::parking_lot::with_thread_data::h284d9e59aff5050c(f=<unavailable>) at parking_lot.rs:207:5 [opt]
       frame #5: 0x000000010164ba00 el1_sched-3c030f910e35df6e`parking_lot_core::parking_lot::park::h115ba7316cfa6034(key=<unavailable>, validate=<unavailable>, before_sleep=<unavailable>, timed_out=<unavailable>, park_token=(__0 = 0), timeout=<unavailable>) at parking_lot.rs:600:5 [opt] [inlined]
       frame #6: 0x000000010164ba00 el1_sched-3c030f910e35df6e`parking_lot::condvar::Condvar::wait_until_internal::heb307538a997ec5d(self=0x00000001472168e8, mutex=0x0000000147216890, timeout=Option<std::time::Instant> @ 0x00000076d7e3c980) at condvar.rs:334:17 [opt]
       frame #7: 0x0000000101324e54 el1_sched-3c030f910e35df6e`parking_lot::condvar::Condvar::wait::h64685ff27a807947(self=<unavailable>, mutex_guard=<unavailable>) at condvar.rs:256:14 [opt] [inlined]
       frame #8: 0x0000000101324e40 el1_sched-3c030f910e35df6e`carrick_kernel::kernel::scheduler::RunQueue::park_spare::hb8cb6cf93c39a09a(self=<unavailable>, executor=0x0000000170e3e1e0) at scheduler.rs:2800:36 [opt]
       frame #9: 0x0000000101333078 el1_sched-3c030f910e35df6e`carrick_kernel::kernel::scheduler::RunQueue::try_take_row::h28ce06442c82fee5(self=<unavailable>, executor=<unavailable>, auditors=<unavailable>) at scheduler.rs:2555:22 [opt] [inlined]
       frame #10: 0x0000000101333014 el1_sched-3c030f910e35df6e`carrick_kernel::kernel::scheduler::RunQueue::try_take::ha0f77fe01aa64dd6(self=0x00000001472169a8, executor=0x0000000170e3e1e0, recorder=Option<&dyn carrick_kernel::kernel::scheduler::DiscardRecorder> @ 0x00000076d7e44370, auditors=<unavailable>) at scheduler.rs:2838:34 [opt] [inlined]
       frame #11: 0x0000000101333014 el1_sched-3c030f910e35df6e`carrick_kernel::kernel::scheduler::Scheduler::try_take::h868fe880b67928a9(self=<unavailable>, executor=0x0000000170e3e1e0) at scheduler.rs:4332:14 [opt]
       frame #12: 0x0000000100d99dcc el1_sched-3c030f910e35df6e`carrick_runtime::vcpu_loop::executor::next_runnable::hcda68ebc45fc09eb(scheduler=<unavailable>, backend=0x0000000170e3e210, registration=0x0000000170e3e1e0, kick=0x0000000145e11d20) at executor.rs:1521:38 [opt]
       frame #13: 0x0000000100d99db8 el1_sched-3c030f910e35df6e`carrick_runtime::vcpu_loop::executor::run_executor_loop::hbbda728b148f11af(scheduler=<unavailable>, resolver=<unavailable>, backend=<unavailable>, runtime=<unavailable>, commands=<unavailable>) at executor.rs:278:27 [opt]
       frame #14: 0x0000000100d9823c el1_sched-3c030f910e35df6e`carrick_runtime::vcpu_loop::executor::executor_worker::_$u7b$$u7b$closure$u7d$$u7d$::hf78b07e21679669f at executor.rs:155:39 [opt]
       frame #15: 0x0000000100d97f2c el1_sched-3c030f910e35df6e`core::ops::function::FnOnce::call_once::hc04101f8675148bf((null)={closure_env#1}<carrick_runtime::vcpu_loop::executor::backend::HvpatchPersistentExecutorFactory, carrick_runtime::vcpu_loop::executor::binding::HvpatchTaskBindingDirectory> @ 0x0000007704936c40, (null)=<unavailable>) at function.rs:250:5 [opt] [inlined]
       frame #16: 0x0000000100d97f2c el1_sched-3c030f910e35df6e`_$LT$core..panic..unwind_safe..AssertUnwindSafe$LT$F$GT$$u20$as$u20$core..ops..function..FnOnce$LT$$LP$$RP$$GT$$GT$::call_once::hcc4e9e196ba538b3(self=AssertUnwindSafe<carrick_runtime::vcpu_loop::executor::executor_worker::{closure_env#1}<carrick_runtime::vcpu_loop::executor::backend::HvpatchPersistentExecutorFactory, carrick_runtime::vcpu_loop::executor::binding::HvpatchTaskBindingDirectory>> @ 0x0000007704936dc0, (null)=<unavailable>) at unwind_safe.rs:275:9 [opt] [inlined]
       frame #17: 0x0000000100d97f2c el1_sched-3c030f910e35df6e`std::panicking::catch_unwind::do_call::h73cde5dfc6cd6825(data=<unavailable>) at panicking.rs:581:40 [opt]
       frame #18: 0x0000000100d97f2c el1_sched-3c030f910e35df6e`std::panicking::catch_unwind::h31946fc5f28d4827(f=AssertUnwindSafe<carrick_runtime::vcpu_loop::executor::executor_worker::{closure_env#1}<carrick_runtime::vcpu_loop::executor::backend::HvpatchPersistentExecutorFactory, carrick_runtime::vcpu_loop::executor::binding::HvpatchTaskBindingDirectory>> @ 0x0000007704936ca0) at panicking.rs:544:19 [opt]
       frame #19: 0x0000000100d97f2c el1_sched-3c030f910e35df6e`std::panic::catch_unwind::hab41338c39ba09dd(f=AssertUnwindSafe<carrick_runtime::vcpu_loop::executor::executor_worker::{closure_env#1}<carrick_runtime::vcpu_loop::executor::backend::HvpatchPersistentExecutorFactory, carrick_runtime::vcpu_loop::executor::binding::HvpatchTaskBindingDirectory>> @ 0x0000007704936c40) at panic.rs:359:14 [opt] [inlined]
       frame #20: 0x0000000100d97f2c el1_sched-3c030f910e35df6e`carrick_runtime::vcpu_loop::executor::executor_worker::h8630ad5ef2f40d56(slot=<unavailable>, scheduler=Arc<carrick_kernel::kernel::scheduler::Scheduler, alloc::alloc::Global> @ 0x0000000170e3e188, factory=Arc<carrick_runtime::vcpu_loop::executor::backend::HvpatchPersistentExecutorFactory, alloc::alloc::Global> @ 0x0000000170e3e190, resolver=Arc<carrick_runtime::vcpu_loop::executor::binding::HvpatchTaskBindingDirectory, alloc::alloc::Global> @ 0x0000000170e3e198, receipts=Arc<carrick_runtime::vcpu_loop::executor::pool::ReceiptLog, alloc::alloc::Global> @ 0x0000000170e3e1a0, control=Arc<carrick_runtime::vcpu_loop::executor::pool::PoolControl, alloc::alloc::Global> @ 0x0000000170e3e1a8, channels=<unavailable>) at executor.rs:125:21 [opt]
       frame #21: 0x0000000100de2b64 el1_sched-3c030f910e35df6e`carrick_runtime::vcpu_loop::executor::pool::ExecutorPool$LT$F$C$R$GT$::start::_$u7b$$u7b$closure$u7d$$u7d$::h45a301511d144663 at pool.rs:987:21 [opt] [inlined]
       frame #22: 0x0000000100de2b38 el1_sched-3c030f910e35df6e`std::sys::backtrace::__rust_begin_short_backtrace::hee5156e4534fdc47(f=<unavailable>) at backtrace.rs:166:18 [opt]
       frame #23: 0x0000000100de46a0 el1_sched-3c030f910e35df6e`std::thread::lifecycle::spawn_unchecked::_$u7b$$u7b$closure$u7d$$u7d$::_$u7b$$u7b$closure$u7d$$u7d$::h81f614f849da7424 at lifecycle.rs:91:13 [opt] [inlined]
       frame #24: 0x0000000100de4690 el1_sched-3c030f910e35df6e`_$LT$core..panic..unwind_safe..AssertUnwindSafe$LT$F$GT$$u20$as$u20$core..ops..function..FnOnce$LT$$LP$$RP$$GT$$GT$::call_once::h17159c25faca63ef(self=AssertUnwindSafe<std::thread::lifecycle::spawn_unchecked::{closure#1}::{closure_env#0}<carrick_runtime::vcpu_loop::executor::pool::{impl#15}::start::{closure_env#4}<carrick_runtime::vcpu_loop::executor::backend::HvpatchPersistentExecutorFactory, carrick_runtime::vcpu_loop::executor::binding::HvpatchTaskBindingDirectory>, carrick_runtime::vcpu_loop::executor::pool::WorkerOutcome>> @ 0x0000000170e42da8, (null)=<unavailable>) at unwind_safe.rs:275:9 [opt] [inlined]
       frame #25: 0x0000000100de4680 el1_sched-3c030f910e35df6e`std::panicking::catch_unwind::do_call::h9f0287e7aafef638(data=<unavailable>) at panicking.rs:581:40 [opt]
       frame #26: 0x0000000100de4678 el1_sched-3c030f910e35df6e`std::panicking::catch_unwind::hebc5ed47917f2065(f=AssertUnwindSafe<std::thread::lifecycle::spawn_unchecked::{closure#1}::{closure_env#0}<carrick_runtime::vcpu_loop::executor::pool::{impl#15}::start::{closure_env#4}<carrick_runtime::vcpu_loop::executor::backend::HvpatchPersistentExecutorFactory, carrick_runtime::vcpu_loop::executor::binding::HvpatchTaskBindingDirectory>, carrick_runtime::vcpu_loop::executor::pool::WorkerOutcome>> @ 0x000000770491cb80) at panicking.rs:544:19 [opt]
       frame #27: 0x0000000100de4678 el1_sched-3c030f910e35df6e`std::panic::catch_unwind::h2a8527390e6c0e72(f=AssertUnwindSafe<std::thread::lifecycle::spawn_unchecked::{closure#1}::{closure_env#0}<carrick_runtime::vcpu_loop::executor::pool::{impl#15}::start::{closure_env#4}<carrick_runtime::vcpu_loop::executor::backend::HvpatchPersistentExecutorFactory, carrick_runtime::vcpu_loop::executor::binding::HvpatchTaskBindingDirectory>, carrick_runtime::vcpu_loop::executor::pool::WorkerOutcome>> @ 0x000000770491ca80) at panic.rs:359:14 [opt] [inlined]
       frame #28: 0x0000000100de4678 el1_sched-3c030f910e35df6e`std::thread::lifecycle::spawn_unchecked::_$u7b$$u7b$closure$u7d$$u7d$::hb8b6873c7906c1e7 at lifecycle.rs:89:26 [opt] [inlined]
       frame #29: 0x0000000100de466c el1_sched-3c030f910e35df6e`core::ops::function::FnOnce::call_once$u7b$$u7b$vtable.shim$u7d$$u7d$::h18f3fd2a91d17fc9((null)=<unavailable>, (null)=<unavailable>) at function.rs:250:5 [opt]
       frame #30: 0x00000001018e3814 el1_sched-3c030f910e35df6e`<alloc::boxed::Box<dyn core::ops::function::FnOnce<(), Output = ()> + core::marker::Send> as core::ops::function::FnOnce<()>>::call_once at boxed.rs:2249:9 [opt] [inlined]
       frame #31: 0x00000001018e3808 el1_sched-3c030f910e35df6e`<std::sys::thread::unix::Thread>::new::thread_start at unix.rs:118:17 [opt]
       frame #32: 0x000000018a8ffd00 libsystem_pthread.dylib`_pthread_start + 136
  thread #15, name = 'carrick-executor-7'
       frame #0: 0x000000018a8be50c libsystem_kernel.dylib`__psynch_cvwait + 8
       frame #1: 0x000000018a9001d0 libsystem_pthread.dylib`_pthread_cond_wait + 980
       frame #2: 0x000000010164bbe8 el1_sched-3c030f910e35df6e`_$LT$parking_lot_core..thread_parker..imp..ThreadParker$u20$as$u20$parking_lot_core..thread_parker..ThreadParkerT$GT$::park::h57b0f9e3b8bc7cbb(self=0x00000001468cc020) at unix.rs:77:21 [opt] [inlined]
       frame #3: 0x000000010164bbd8 el1_sched-3c030f910e35df6e`parking_lot_core::parking_lot::park::_$u7b$$u7b$closure$u7d$$u7d$::h2e420e8db8f72615(thread_data=0x00000001468cc020) at parking_lot.rs:635:36 [opt]
       frame #4: 0x000000010164bb40 el1_sched-3c030f910e35df6e`parking_lot_core::parking_lot::with_thread_data::h284d9e59aff5050c(f=<unavailable>) at parking_lot.rs:207:5 [opt]
       frame #5: 0x000000010164ba00 el1_sched-3c030f910e35df6e`parking_lot_core::parking_lot::park::h115ba7316cfa6034(key=<unavailable>, validate=<unavailable>, before_sleep=<unavailable>, timed_out=<unavailable>, park_token=(__0 = 0), timeout=<unavailable>) at parking_lot.rs:600:5 [opt] [inlined]
       frame #6: 0x000000010164ba00 el1_sched-3c030f910e35df6e`parking_lot::condvar::Condvar::wait_until_internal::heb307538a997ec5d(self=0x00000001472168e8, mutex=0x0000000147216890, timeout=Option<std::time::Instant> @ 0x00000076d7e3cac0) at condvar.rs:334:17 [opt]
       frame #7: 0x0000000101324e54 el1_sched-3c030f910e35df6e`parking_lot::condvar::Condvar::wait::h64685ff27a807947(self=<unavailable>, mutex_guard=<unavailable>) at condvar.rs:256:14 [opt] [inlined]
       frame #8: 0x0000000101324e40 el1_sched-3c030f910e35df6e`carrick_kernel::kernel::scheduler::RunQueue::park_spare::hb8cb6cf93c39a09a(self=<unavailable>, executor=0x000000017104a1e0) at scheduler.rs:2800:36 [opt]
       frame #9: 0x0000000101333078 el1_sched-3c030f910e35df6e`carrick_kernel::kernel::scheduler::RunQueue::try_take_row::h28ce06442c82fee5(self=<unavailable>, executor=<unavailable>, auditors=<unavailable>) at scheduler.rs:2555:22 [opt] [inlined]
       frame #10: 0x0000000101333014 el1_sched-3c030f910e35df6e`carrick_kernel::kernel::scheduler::RunQueue::try_take::ha0f77fe01aa64dd6(self=0x00000001472169a8, executor=0x000000017104a1e0, recorder=Option<&dyn carrick_kernel::kernel::scheduler::DiscardRecorder> @ 0x00000076d7e44370, auditors=<unavailable>) at scheduler.rs:2838:34 [opt] [inlined]
       frame #11: 0x0000000101333014 el1_sched-3c030f910e35df6e`carrick_kernel::kernel::scheduler::Scheduler::try_take::h868fe880b67928a9(self=<unavailable>, executor=0x000000017104a1e0) at scheduler.rs:4332:14 [opt]
       frame #12: 0x0000000100d99dcc el1_sched-3c030f910e35df6e`carrick_runtime::vcpu_loop::executor::next_runnable::hcda68ebc45fc09eb(scheduler=<unavailable>, backend=0x000000017104a210, registration=0x000000017104a1e0, kick=0x000000014700ede0) at executor.rs:1521:38 [opt]
       frame #13: 0x0000000100d99db8 el1_sched-3c030f910e35df6e`carrick_runtime::vcpu_loop::executor::run_executor_loop::hbbda728b148f11af(scheduler=<unavailable>, resolver=<unavailable>, backend=<unavailable>, runtime=<unavailable>, commands=<unavailable>) at executor.rs:278:27 [opt]
       frame #14: 0x0000000100d9823c el1_sched-3c030f910e35df6e`carrick_runtime::vcpu_loop::executor::executor_worker::_$u7b$$u7b$closure$u7d$$u7d$::hf78b07e21679669f at executor.rs:155:39 [opt]
       frame #15: 0x0000000100d97f2c el1_sched-3c030f910e35df6e`core::ops::function::FnOnce::call_once::hc04101f8675148bf((null)={closure_env#1}<carrick_runtime::vcpu_loop::executor::backend::HvpatchPersistentExecutorFactory, carrick_runtime::vcpu_loop::executor::binding::HvpatchTaskBindingDirectory> @ 0x0000007704936ca0, (null)=<unavailable>) at function.rs:250:5 [opt] [inlined]
       frame #16: 0x0000000100d97f2c el1_sched-3c030f910e35df6e`_$LT$core..panic..unwind_safe..AssertUnwindSafe$LT$F$GT$$u20$as$u20$core..ops..function..FnOnce$LT$$LP$$RP$$GT$$GT$::call_once::hcc4e9e196ba538b3(self=AssertUnwindSafe<carrick_runtime::vcpu_loop::executor::executor_worker::{closure_env#1}<carrick_runtime::vcpu_loop::executor::backend::HvpatchPersistentExecutorFactory, carrick_runtime::vcpu_loop::executor::binding::HvpatchTaskBindingDirectory>> @ 0x0000007704936e20, (null)=<unavailable>) at unwind_safe.rs:275:9 [opt] [inlined]
       frame #17: 0x0000000100d97f2c el1_sched-3c030f910e35df6e`std::panicking::catch_unwind::do_call::h73cde5dfc6cd6825(data=<unavailable>) at panicking.rs:581:40 [opt]
       frame #18: 0x0000000100d97f2c el1_sched-3c030f910e35df6e`std::panicking::catch_unwind::h31946fc5f28d4827(f=AssertUnwindSafe<carrick_runtime::vcpu_loop::executor::executor_worker::{closure_env#1}<carrick_runtime::vcpu_loop::executor::backend::HvpatchPersistentExecutorFactory, carrick_runtime::vcpu_loop::executor::binding::HvpatchTaskBindingDirectory>> @ 0x0000007704936c40) at panicking.rs:544:19 [opt]
       frame #19: 0x0000000100d97f2c el1_sched-3c030f910e35df6e`std::panic::catch_unwind::hab41338c39ba09dd(f=AssertUnwindSafe<carrick_runtime::vcpu_loop::executor::executor_worker::{closure_env#1}<carrick_runtime::vcpu_loop::executor::backend::HvpatchPersistentExecutorFactory, carrick_runtime::vcpu_loop::executor::binding::HvpatchTaskBindingDirectory>> @ 0x0000007704936ca0) at panic.rs:359:14 [opt] [inlined]
       frame #20: 0x0000000100d97f2c el1_sched-3c030f910e35df6e`carrick_runtime::vcpu_loop::executor::executor_worker::h8630ad5ef2f40d56(slot=<unavailable>, scheduler=Arc<carrick_kernel::kernel::scheduler::Scheduler, alloc::alloc::Global> @ 0x000000017104a188, factory=Arc<carrick_runtime::vcpu_loop::executor::backend::HvpatchPersistentExecutorFactory, alloc::alloc::Global> @ 0x000000017104a190, resolver=Arc<carrick_runtime::vcpu_loop::executor::binding::HvpatchTaskBindingDirectory, alloc::alloc::Global> @ 0x000000017104a198, receipts=Arc<carrick_runtime::vcpu_loop::executor::pool::ReceiptLog, alloc::alloc::Global> @ 0x000000017104a1a0, control=Arc<carrick_runtime::vcpu_loop::executor::pool::PoolControl, alloc::alloc::Global> @ 0x000000017104a1a8, channels=<unavailable>) at executor.rs:125:21 [opt]
       frame #21: 0x0000000100de2b64 el1_sched-3c030f910e35df6e`carrick_runtime::vcpu_loop::executor::pool::ExecutorPool$LT$F$C$R$GT$::start::_$u7b$$u7b$closure$u7d$$u7d$::h45a301511d144663 at pool.rs:987:21 [opt] [inlined]
       frame #22: 0x0000000100de2b38 el1_sched-3c030f910e35df6e`std::sys::backtrace::__rust_begin_short_backtrace::hee5156e4534fdc47(f=<unavailable>) at backtrace.rs:166:18 [opt]
       frame #23: 0x0000000100de46a0 el1_sched-3c030f910e35df6e`std::thread::lifecycle::spawn_unchecked::_$u7b$$u7b$closure$u7d$$u7d$::_$u7b$$u7b$closure$u7d$$u7d$::h81f614f849da7424 at lifecycle.rs:91:13 [opt] [inlined]
       frame #24: 0x0000000100de4690 el1_sched-3c030f910e35df6e`_$LT$core..panic..unwind_safe..AssertUnwindSafe$LT$F$GT$$u20$as$u20$core..ops..function..FnOnce$LT$$LP$$RP$$GT$$GT$::call_once::h17159c25faca63ef(self=AssertUnwindSafe<std::thread::lifecycle::spawn_unchecked::{closure#1}::{closure_env#0}<carrick_runtime::vcpu_loop::executor::pool::{impl#15}::start::{closure_env#4}<carrick_runtime::vcpu_loop::executor::backend::HvpatchPersistentExecutorFactory, carrick_runtime::vcpu_loop::executor::binding::HvpatchTaskBindingDirectory>, carrick_runtime::vcpu_loop::executor::pool::WorkerOutcome>> @ 0x000000017104eda8, (null)=<unavailable>) at unwind_safe.rs:275:9 [opt] [inlined]
       frame #25: 0x0000000100de4680 el1_sched-3c030f910e35df6e`std::panicking::catch_unwind::do_call::h9f0287e7aafef638(data=<unavailable>) at panicking.rs:581:40 [opt]
       frame #26: 0x0000000100de4678 el1_sched-3c030f910e35df6e`std::panicking::catch_unwind::hebc5ed47917f2065(f=AssertUnwindSafe<std::thread::lifecycle::spawn_unchecked::{closure#1}::{closure_env#0}<carrick_runtime::vcpu_loop::executor::pool::{impl#15}::start::{closure_env#4}<carrick_runtime::vcpu_loop::executor::backend::HvpatchPersistentExecutorFactory, carrick_runtime::vcpu_loop::executor::binding::HvpatchTaskBindingDirectory>, carrick_runtime::vcpu_loop::executor::pool::WorkerOutcome>> @ 0x000000770491cb00) at panicking.rs:544:19 [opt]
       frame #27: 0x0000000100de4678 el1_sched-3c030f910e35df6e`std::panic::catch_unwind::h2a8527390e6c0e72(f=AssertUnwindSafe<std::thread::lifecycle::spawn_unchecked::{closure#1}::{closure_env#0}<carrick_runtime::vcpu_loop::executor::pool::{impl#15}::start::{closure_env#4}<carrick_runtime::vcpu_loop::executor::backend::HvpatchPersistentExecutorFactory, carrick_runtime::vcpu_loop::executor::binding::HvpatchTaskBindingDirectory>, carrick_runtime::vcpu_loop::executor::pool::WorkerOutcome>> @ 0x000000770491cb80) at panic.rs:359:14 [opt] [inlined]
       frame #28: 0x0000000100de4678 el1_sched-3c030f910e35df6e`std::thread::lifecycle::spawn_unchecked::_$u7b$$u7b$closure$u7d$$u7d$::hb8b6873c7906c1e7 at lifecycle.rs:89:26 [opt] [inlined]
       frame #29: 0x0000000100de466c el1_sched-3c030f910e35df6e`core::ops::function::FnOnce::call_once$u7b$$u7b$vtable.shim$u7d$$u7d$::h18f3fd2a91d17fc9((null)=<unavailable>, (null)=<unavailable>) at function.rs:250:5 [opt]
       frame #30: 0x00000001018e3814 el1_sched-3c030f910e35df6e`<alloc::boxed::Box<dyn core::ops::function::FnOnce<(), Output = ()> + core::marker::Send> as core::ops::function::FnOnce<()>>::call_once at boxed.rs:2249:9 [opt] [inlined]
       frame #31: 0x00000001018e3808 el1_sched-3c030f910e35df6e`<std::sys::thread::unix::Thread>::new::thread_start at unix.rs:118:17 [opt]
       frame #32: 0x000000018a8ffd00 libsystem_pthread.dylib`_pthread_start + 136
  thread #16, name = 'carrick-executor-8'
       frame #0: 0x000000018a8be50c libsystem_kernel.dylib`__psynch_cvwait + 8
       frame #1: 0x000000018a9001d0 libsystem_pthread.dylib`_pthread_cond_wait + 980
       frame #2: 0x000000010164bbe8 el1_sched-3c030f910e35df6e`_$LT$parking_lot_core..thread_parker..imp..ThreadParker$u20$as$u20$parking_lot_core..thread_parker..ThreadParkerT$GT$::park::h57b0f9e3b8bc7cbb(self=0x0000000146012220) at unix.rs:77:21 [opt] [inlined]
       frame #3: 0x000000010164bbd8 el1_sched-3c030f910e35df6e`parking_lot_core::parking_lot::park::_$u7b$$u7b$closure$u7d$$u7d$::h2e420e8db8f72615(thread_data=0x0000000146012220) at parking_lot.rs:635:36 [opt]
       frame #4: 0x000000010164bb40 el1_sched-3c030f910e35df6e`parking_lot_core::parking_lot::with_thread_data::h284d9e59aff5050c(f=<unavailable>) at parking_lot.rs:207:5 [opt]
       frame #5: 0x000000010164ba00 el1_sched-3c030f910e35df6e`parking_lot_core::parking_lot::park::h115ba7316cfa6034(key=<unavailable>, validate=<unavailable>, before_sleep=<unavailable>, timed_out=<unavailable>, park_token=(__0 = 0), timeout=<unavailable>) at parking_lot.rs:600:5 [opt] [inlined]
       frame #6: 0x000000010164ba00 el1_sched-3c030f910e35df6e`parking_lot::condvar::Condvar::wait_until_internal::heb307538a997ec5d(self=0x00000001472168e8, mutex=0x0000000147216890, timeout=Option<std::time::Instant> @ 0x00000076d7e3cc00) at condvar.rs:334:17 [opt]
       frame #7: 0x0000000101324e54 el1_sched-3c030f910e35df6e`parking_lot::condvar::Condvar::wait::h64685ff27a807947(self=<unavailable>, mutex_guard=<unavailable>) at condvar.rs:256:14 [opt] [inlined]
       frame #8: 0x0000000101324e40 el1_sched-3c030f910e35df6e`carrick_kernel::kernel::scheduler::RunQueue::park_spare::hb8cb6cf93c39a09a(self=<unavailable>, executor=0x00000001712561e0) at scheduler.rs:2800:36 [opt]
       frame #9: 0x0000000101333078 el1_sched-3c030f910e35df6e`carrick_kernel::kernel::scheduler::RunQueue::try_take_row::h28ce06442c82fee5(self=<unavailable>, executor=<unavailable>, auditors=<unavailable>) at scheduler.rs:2555:22 [opt] [inlined]
       frame #10: 0x0000000101333014 el1_sched-3c030f910e35df6e`carrick_kernel::kernel::scheduler::RunQueue::try_take::ha0f77fe01aa64dd6(self=0x00000001472169a8, executor=0x00000001712561e0, recorder=Option<&dyn carrick_kernel::kernel::scheduler::DiscardRecorder> @ 0x00000076d7e44370, auditors=<unavailable>) at scheduler.rs:2838:34 [opt] [inlined]
       frame #11: 0x0000000101333014 el1_sched-3c030f910e35df6e`carrick_kernel::kernel::scheduler::Scheduler::try_take::h868fe880b67928a9(self=<unavailable>, executor=0x00000001712561e0) at scheduler.rs:4332:14 [opt]
       frame #12: 0x0000000100d99dcc el1_sched-3c030f910e35df6e`carrick_runtime::vcpu_loop::executor::next_runnable::hcda68ebc45fc09eb(scheduler=<unavailable>, backend=0x0000000171256210, registration=0x00000001712561e0, kick=0x0000000145e128d0) at executor.rs:1521:38 [opt]
       frame #13: 0x0000000100d99db8 el1_sched-3c030f910e35df6e`carrick_runtime::vcpu_loop::executor::run_executor_loop::hbbda728b148f11af(scheduler=<unavailable>, resolver=<unavailable>, backend=<unavailable>, runtime=<unavailable>, commands=<unavailable>) at executor.rs:278:27 [opt]
       frame #14: 0x0000000100d9823c el1_sched-3c030f910e35df6e`carrick_runtime::vcpu_loop::executor::executor_worker::_$u7b$$u7b$closure$u7d$$u7d$::hf78b07e21679669f at executor.rs:155:39 [opt]
       frame #15: 0x0000000100d97f2c el1_sched-3c030f910e35df6e`core::ops::function::FnOnce::call_once::hc04101f8675148bf((null)={closure_env#1}<carrick_runtime::vcpu_loop::executor::backend::HvpatchPersistentExecutorFactory, carrick_runtime::vcpu_loop::executor::binding::HvpatchTaskBindingDirectory> @ 0x0000007704936c40, (null)=<unavailable>) at function.rs:250:5 [opt] [inlined]
       frame #16: 0x0000000100d97f2c el1_sched-3c030f910e35df6e`_$LT$core..panic..unwind_safe..AssertUnwindSafe$LT$F$GT$$u20$as$u20$core..ops..function..FnOnce$LT$$LP$$RP$$GT$$GT$::call_once::hcc4e9e196ba538b3(self=AssertUnwindSafe<carrick_runtime::vcpu_loop::executor::executor_worker::{closure_env#1}<carrick_runtime::vcpu_loop::executor::backend::HvpatchPersistentExecutorFactory, carrick_runtime::vcpu_loop::executor::binding::HvpatchTaskBindingDirectory>> @ 0x0000007704936e80, (null)=<unavailable>) at unwind_safe.rs:275:9 [opt] [inlined]
       frame #17: 0x0000000100d97f2c el1_sched-3c030f910e35df6e`std::panicking::catch_unwind::do_call::h73cde5dfc6cd6825(data=<unavailable>) at panicking.rs:581:40 [opt]
       frame #18: 0x0000000100d97f2c el1_sched-3c030f910e35df6e`std::panicking::catch_unwind::h31946fc5f28d4827(f=AssertUnwindSafe<carrick_runtime::vcpu_loop::executor::executor_worker::{closure_env#1}<carrick_runtime::vcpu_loop::executor::backend::HvpatchPersistentExecutorFactory, carrick_runtime::vcpu_loop::executor::binding::HvpatchTaskBindingDirectory>> @ 0x0000007704936ca0) at panicking.rs:544:19 [opt]
       frame #19: 0x0000000100d97f2c el1_sched-3c030f910e35df6e`std::panic::catch_unwind::hab41338c39ba09dd(f=AssertUnwindSafe<carrick_runtime::vcpu_loop::executor::executor_worker::{closure_env#1}<carrick_runtime::vcpu_loop::executor::backend::HvpatchPersistentExecutorFactory, carrick_runtime::vcpu_loop::executor::binding::HvpatchTaskBindingDirectory>> @ 0x0000007704936c40) at panic.rs:359:14 [opt] [inlined]
       frame #20: 0x0000000100d97f2c el1_sched-3c030f910e35df6e`carrick_runtime::vcpu_loop::executor::executor_worker::h8630ad5ef2f40d56(slot=<unavailable>, scheduler=Arc<carrick_kernel::kernel::scheduler::Scheduler, alloc::alloc::Global> @ 0x0000000171256188, factory=Arc<carrick_runtime::vcpu_loop::executor::backend::HvpatchPersistentExecutorFactory, alloc::alloc::Global> @ 0x0000000171256190, resolver=Arc<carrick_runtime::vcpu_loop::executor::binding::HvpatchTaskBindingDirectory, alloc::alloc::Global> @ 0x0000000171256198, receipts=Arc<carrick_runtime::vcpu_loop::executor::pool::ReceiptLog, alloc::alloc::Global> @ 0x00000001712561a0, control=Arc<carrick_runtime::vcpu_loop::executor::pool::PoolControl, alloc::alloc::Global> @ 0x00000001712561a8, channels=<unavailable>) at executor.rs:125:21 [opt]
       frame #21: 0x0000000100de2b64 el1_sched-3c030f910e35df6e`carrick_runtime::vcpu_loop::executor::pool::ExecutorPool$LT$F$C$R$GT$::start::_$u7b$$u7b$closure$u7d$$u7d$::h45a301511d144663 at pool.rs:987:21 [opt] [inlined]
       frame #22: 0x0000000100de2b38 el1_sched-3c030f910e35df6e`std::sys::backtrace::__rust_begin_short_backtrace::hee5156e4534fdc47(f=<unavailable>) at backtrace.rs:166:18 [opt]
       frame #23: 0x0000000100de46a0 el1_sched-3c030f910e35df6e`std::thread::lifecycle::spawn_unchecked::_$u7b$$u7b$closure$u7d$$u7d$::_$u7b$$u7b$closure$u7d$$u7d$::h81f614f849da7424 at lifecycle.rs:91:13 [opt] [inlined]
       frame #24: 0x0000000100de4690 el1_sched-3c030f910e35df6e`_$LT$core..panic..unwind_safe..AssertUnwindSafe$LT$F$GT$$u20$as$u20$core..ops..function..FnOnce$LT$$LP$$RP$$GT$$GT$::call_once::h17159c25faca63ef(self=AssertUnwindSafe<std::thread::lifecycle::spawn_unchecked::{closure#1}::{closure_env#0}<carrick_runtime::vcpu_loop::executor::pool::{impl#15}::start::{closure_env#4}<carrick_runtime::vcpu_loop::executor::backend::HvpatchPersistentExecutorFactory, carrick_runtime::vcpu_loop::executor::binding::HvpatchTaskBindingDirectory>, carrick_runtime::vcpu_loop::executor::pool::WorkerOutcome>> @ 0x000000017125ada8, (null)=<unavailable>) at unwind_safe.rs:275:9 [opt] [inlined]
       frame #25: 0x0000000100de4680 el1_sched-3c030f910e35df6e`std::panicking::catch_unwind::do_call::h9f0287e7aafef638(data=<unavailable>) at panicking.rs:581:40 [opt]
       frame #26: 0x0000000100de4678 el1_sched-3c030f910e35df6e`std::panicking::catch_unwind::hebc5ed47917f2065(f=AssertUnwindSafe<std::thread::lifecycle::spawn_unchecked::{closure#1}::{closure_env#0}<carrick_runtime::vcpu_loop::executor::pool::{impl#15}::start::{closure_env#4}<carrick_runtime::vcpu_loop::executor::backend::HvpatchPersistentExecutorFactory, carrick_runtime::vcpu_loop::executor::binding::HvpatchTaskBindingDirectory>, carrick_runtime::vcpu_loop::executor::pool::WorkerOutcome>> @ 0x000000770491ca80) at panicking.rs:544:19 [opt]
       frame #27: 0x0000000100de4678 el1_sched-3c030f910e35df6e`std::panic::catch_unwind::h2a8527390e6c0e72(f=AssertUnwindSafe<std::thread::lifecycle::spawn_unchecked::{closure#1}::{closure_env#0}<carrick_runtime::vcpu_loop::executor::pool::{impl#15}::start::{closure_env#4}<carrick_runtime::vcpu_loop::executor::backend::HvpatchPersistentExecutorFactory, carrick_runtime::vcpu_loop::executor::binding::HvpatchTaskBindingDirectory>, carrick_runtime::vcpu_loop::executor::pool::WorkerOutcome>> @ 0x000000770491cb00) at panic.rs:359:14 [opt] [inlined]
       frame #28: 0x0000000100de4678 el1_sched-3c030f910e35df6e`std::thread::lifecycle::spawn_unchecked::_$u7b$$u7b$closure$u7d$$u7d$::hb8b6873c7906c1e7 at lifecycle.rs:89:26 [opt] [inlined]
       frame #29: 0x0000000100de466c el1_sched-3c030f910e35df6e`core::ops::function::FnOnce::call_once$u7b$$u7b$vtable.shim$u7d$$u7d$::h18f3fd2a91d17fc9((null)=<unavailable>, (null)=<unavailable>) at function.rs:250:5 [opt]
       frame #30: 0x00000001018e3814 el1_sched-3c030f910e35df6e`<alloc::boxed::Box<dyn core::ops::function::FnOnce<(), Output = ()> + core::marker::Send> as core::ops::function::FnOnce<()>>::call_once at boxed.rs:2249:9 [opt] [inlined]
       frame #31: 0x00000001018e3808 el1_sched-3c030f910e35df6e`<std::sys::thread::unix::Thread>::new::thread_start at unix.rs:118:17 [opt]
       frame #32: 0x000000018a8ffd00 libsystem_pthread.dylib`_pthread_start + 136
  thread #17, name = 'carrick-executor-9'
       frame #0: 0x000000018a8be50c libsystem_kernel.dylib`__psynch_cvwait + 8
       frame #1: 0x000000018a9001d0 libsystem_pthread.dylib`_pthread_cond_wait + 980
       frame #2: 0x000000010164bbe8 el1_sched-3c030f910e35df6e`_$LT$parking_lot_core..thread_parker..imp..ThreadParker$u20$as$u20$parking_lot_core..thread_parker..ThreadParkerT$GT$::park::h57b0f9e3b8bc7cbb(self=0x0000000147837e20) at unix.rs:77:21 [opt] [inlined]
       frame #3: 0x000000010164bbd8 el1_sched-3c030f910e35df6e`parking_lot_core::parking_lot::park::_$u7b$$u7b$closure$u7d$$u7d$::h2e420e8db8f72615(thread_data=0x0000000147837e20) at parking_lot.rs:635:36 [opt]
       frame #4: 0x000000010164bb40 el1_sched-3c030f910e35df6e`parking_lot_core::parking_lot::with_thread_data::h284d9e59aff5050c(f=<unavailable>) at parking_lot.rs:207:5 [opt]
       frame #5: 0x000000010164ba00 el1_sched-3c030f910e35df6e`parking_lot_core::parking_lot::park::h115ba7316cfa6034(key=<unavailable>, validate=<unavailable>, before_sleep=<unavailable>, timed_out=<unavailable>, park_token=(__0 = 0), timeout=<unavailable>) at parking_lot.rs:600:5 [opt] [inlined]
       frame #6: 0x000000010164ba00 el1_sched-3c030f910e35df6e`parking_lot::condvar::Condvar::wait_until_internal::heb307538a997ec5d(self=0x00000001472168e8, mutex=0x0000000147216890, timeout=Option<std::time::Instant> @ 0x00000076d7e3cd40) at condvar.rs:334:17 [opt]
       frame #7: 0x0000000101324e54 el1_sched-3c030f910e35df6e`parking_lot::condvar::Condvar::wait::h64685ff27a807947(self=<unavailable>, mutex_guard=<unavailable>) at condvar.rs:256:14 [opt] [inlined]
       frame #8: 0x0000000101324e40 el1_sched-3c030f910e35df6e`carrick_kernel::kernel::scheduler::RunQueue::park_spare::hb8cb6cf93c39a09a(self=<unavailable>, executor=0x00000001714621e0) at scheduler.rs:2800:36 [opt]
       frame #9: 0x0000000101333078 el1_sched-3c030f910e35df6e`carrick_kernel::kernel::scheduler::RunQueue::try_take_row::h28ce06442c82fee5(self=<unavailable>, executor=<unavailable>, auditors=<unavailable>) at scheduler.rs:2555:22 [opt] [inlined]
       frame #10: 0x0000000101333014 el1_sched-3c030f910e35df6e`carrick_kernel::kernel::scheduler::RunQueue::try_take::ha0f77fe01aa64dd6(self=0x00000001472169a8, executor=0x00000001714621e0, recorder=Option<&dyn carrick_kernel::kernel::scheduler::DiscardRecorder> @ 0x00000076d7e44370, auditors=<unavailable>) at scheduler.rs:2838:34 [opt] [inlined]
       frame #11: 0x0000000101333014 el1_sched-3c030f910e35df6e`carrick_kernel::kernel::scheduler::Scheduler::try_take::h868fe880b67928a9(self=<unavailable>, executor=0x00000001714621e0) at scheduler.rs:4332:14 [opt]
       frame #12: 0x0000000100d99dcc el1_sched-3c030f910e35df6e`carrick_runtime::vcpu_loop::executor::next_runnable::hcda68ebc45fc09eb(scheduler=<unavailable>, backend=0x0000000171462210, registration=0x00000001714621e0, kick=0x0000000147105e60) at executor.rs:1521:38 [opt]
       frame #13: 0x0000000100d99db8 el1_sched-3c030f910e35df6e`carrick_runtime::vcpu_loop::executor::run_executor_loop::hbbda728b148f11af(scheduler=<unavailable>, resolver=<unavailable>, backend=<unavailable>, runtime=<unavailable>, commands=<unavailable>) at executor.rs:278:27 [opt]
       frame #14: 0x0000000100d9823c el1_sched-3c030f910e35df6e`carrick_runtime::vcpu_loop::executor::executor_worker::_$u7b$$u7b$closure$u7d$$u7d$::hf78b07e21679669f at executor.rs:155:39 [opt]
       frame #15: 0x0000000100d97f2c el1_sched-3c030f910e35df6e`core::ops::function::FnOnce::call_once::hc04101f8675148bf((null)={closure_env#1}<carrick_runtime::vcpu_loop::executor::backend::HvpatchPersistentExecutorFactory, carrick_runtime::vcpu_loop::executor::binding::HvpatchTaskBindingDirectory> @ 0x0000007704936ca0, (null)=<unavailable>) at function.rs:250:5 [opt] [inlined]
       frame #16: 0x0000000100d97f2c el1_sched-3c030f910e35df6e`_$LT$core..panic..unwind_safe..AssertUnwindSafe$LT$F$GT$$u20$as$u20$core..ops..function..FnOnce$LT$$LP$$RP$$GT$$GT$::call_once::hcc4e9e196ba538b3(self=AssertUnwindSafe<carrick_runtime::vcpu_loop::executor::executor_worker::{closure_env#1}<carrick_runtime::vcpu_loop::executor::backend::HvpatchPersistentExecutorFactory, carrick_runtime::vcpu_loop::executor::binding::HvpatchTaskBindingDirectory>> @ 0x0000007704936ee0, (null)=<unavailable>) at unwind_safe.rs:275:9 [opt] [inlined]
       frame #17: 0x0000000100d97f2c el1_sched-3c030f910e35df6e`std::panicking::catch_unwind::do_call::h73cde5dfc6cd6825(data=<unavailable>) at panicking.rs:581:40 [opt]
       frame #18: 0x0000000100d97f2c el1_sched-3c030f910e35df6e`std::panicking::catch_unwind::h31946fc5f28d4827(f=AssertUnwindSafe<carrick_runtime::vcpu_loop::executor::executor_worker::{closure_env#1}<carrick_runtime::vcpu_loop::executor::backend::HvpatchPersistentExecutorFactory, carrick_runtime::vcpu_loop::executor::binding::HvpatchTaskBindingDirectory>> @ 0x0000007704936c40) at panicking.rs:544:19 [opt]
       frame #19: 0x0000000100d97f2c el1_sched-3c030f910e35df6e`std::panic::catch_unwind::hab41338c39ba09dd(f=AssertUnwindSafe<carrick_runtime::vcpu_loop::executor::executor_worker::{closure_env#1}<carrick_runtime::vcpu_loop::executor::backend::HvpatchPersistentExecutorFactory, carrick_runtime::vcpu_loop::executor::binding::HvpatchTaskBindingDirectory>> @ 0x0000007704936ca0) at panic.rs:359:14 [opt] [inlined]
       frame #20: 0x0000000100d97f2c el1_sched-3c030f910e35df6e`carrick_runtime::vcpu_loop::executor::executor_worker::h8630ad5ef2f40d56(slot=<unavailable>, scheduler=Arc<carrick_kernel::kernel::scheduler::Scheduler, alloc::alloc::Global> @ 0x0000000171462188, factory=Arc<carrick_runtime::vcpu_loop::executor::backend::HvpatchPersistentExecutorFactory, alloc::alloc::Global> @ 0x0000000171462190, resolver=Arc<carrick_runtime::vcpu_loop::executor::binding::HvpatchTaskBindingDirectory, alloc::alloc::Global> @ 0x0000000171462198, receipts=Arc<carrick_runtime::vcpu_loop::executor::pool::ReceiptLog, alloc::alloc::Global> @ 0x00000001714621a0, control=Arc<carrick_runtime::vcpu_loop::executor::pool::PoolControl, alloc::alloc::Global> @ 0x00000001714621a8, channels=<unavailable>) at executor.rs:125:21 [opt]
       frame #21: 0x0000000100de2b64 el1_sched-3c030f910e35df6e`carrick_runtime::vcpu_loop::executor::pool::ExecutorPool$LT$F$C$R$GT$::start::_$u7b$$u7b$closure$u7d$$u7d$::h45a301511d144663 at pool.rs:987:21 [opt] [inlined]
       frame #22: 0x0000000100de2b38 el1_sched-3c030f910e35df6e`std::sys::backtrace::__rust_begin_short_backtrace::hee5156e4534fdc47(f=<unavailable>) at backtrace.rs:166:18 [opt]
       frame #23: 0x0000000100de46a0 el1_sched-3c030f910e35df6e`std::thread::lifecycle::spawn_unchecked::_$u7b$$u7b$closure$u7d$$u7d$::_$u7b$$u7b$closure$u7d$$u7d$::h81f614f849da7424 at lifecycle.rs:91:13 [opt] [inlined]
       frame #24: 0x0000000100de4690 el1_sched-3c030f910e35df6e`_$LT$core..panic..unwind_safe..AssertUnwindSafe$LT$F$GT$$u20$as$u20$core..ops..function..FnOnce$LT$$LP$$RP$$GT$$GT$::call_once::h17159c25faca63ef(self=AssertUnwindSafe<std::thread::lifecycle::spawn_unchecked::{closure#1}::{closure_env#0}<carrick_runtime::vcpu_loop::executor::pool::{impl#15}::start::{closure_env#4}<carrick_runtime::vcpu_loop::executor::backend::HvpatchPersistentExecutorFactory, carrick_runtime::vcpu_loop::executor::binding::HvpatchTaskBindingDirectory>, carrick_runtime::vcpu_loop::executor::pool::WorkerOutcome>> @ 0x0000000171466da8, (null)=<unavailable>) at unwind_safe.rs:275:9 [opt] [inlined]
       frame #25: 0x0000000100de4680 el1_sched-3c030f910e35df6e`std::panicking::catch_unwind::do_call::h9f0287e7aafef638(data=<unavailable>) at panicking.rs:581:40 [opt]
       frame #26: 0x0000000100de4678 el1_sched-3c030f910e35df6e`std::panicking::catch_unwind::hebc5ed47917f2065(f=AssertUnwindSafe<std::thread::lifecycle::spawn_unchecked::{closure#1}::{closure_env#0}<carrick_runtime::vcpu_loop::executor::pool::{impl#15}::start::{closure_env#4}<carrick_runtime::vcpu_loop::executor::backend::HvpatchPersistentExecutorFactory, carrick_runtime::vcpu_loop::executor::binding::HvpatchTaskBindingDirectory>, carrick_runtime::vcpu_loop::executor::pool::WorkerOutcome>> @ 0x000000770491cb80) at panicking.rs:544:19 [opt]
       frame #27: 0x0000000100de4678 el1_sched-3c030f910e35df6e`std::panic::catch_unwind::h2a8527390e6c0e72(f=AssertUnwindSafe<std::thread::lifecycle::spawn_unchecked::{closure#1}::{closure_env#0}<carrick_runtime::vcpu_loop::executor::pool::{impl#15}::start::{closure_env#4}<carrick_runtime::vcpu_loop::executor::backend::HvpatchPersistentExecutorFactory, carrick_runtime::vcpu_loop::executor::binding::HvpatchTaskBindingDirectory>, carrick_runtime::vcpu_loop::executor::pool::WorkerOutcome>> @ 0x000000770491ca80) at panic.rs:359:14 [opt] [inlined]
       frame #28: 0x0000000100de4678 el1_sched-3c030f910e35df6e`std::thread::lifecycle::spawn_unchecked::_$u7b$$u7b$closure$u7d$$u7d$::hb8b6873c7906c1e7 at lifecycle.rs:89:26 [opt] [inlined]
       frame #29: 0x0000000100de466c el1_sched-3c030f910e35df6e`core::ops::function::FnOnce::call_once$u7b$$u7b$vtable.shim$u7d$$u7d$::h18f3fd2a91d17fc9((null)=<unavailable>, (null)=<unavailable>) at function.rs:250:5 [opt]
       frame #30: 0x00000001018e3814 el1_sched-3c030f910e35df6e`<alloc::boxed::Box<dyn core::ops::function::FnOnce<(), Output = ()> + core::marker::Send> as core::ops::function::FnOnce<()>>::call_once at boxed.rs:2249:9 [opt] [inlined]
       frame #31: 0x00000001018e3808 el1_sched-3c030f910e35df6e`<std::sys::thread::unix::Thread>::new::thread_start at unix.rs:118:17 [opt]
       frame #32: 0x000000018a8ffd00 libsystem_pthread.dylib`_pthread_start + 136
  thread #18, name = 'carrick-executor-10'
       frame #0: 0x000000018a8be50c libsystem_kernel.dylib`__psynch_cvwait + 8
       frame #1: 0x000000018a9001d0 libsystem_pthread.dylib`_pthread_cond_wait + 980
       frame #2: 0x000000010164bbe8 el1_sched-3c030f910e35df6e`_$LT$parking_lot_core..thread_parker..imp..ThreadParker$u20$as$u20$parking_lot_core..thread_parker..ThreadParkerT$GT$::park::h57b0f9e3b8bc7cbb(self=0x0000000146012a20) at unix.rs:77:21 [opt] [inlined]
       frame #3: 0x000000010164bbd8 el1_sched-3c030f910e35df6e`parking_lot_core::parking_lot::park::_$u7b$$u7b$closure$u7d$$u7d$::h2e420e8db8f72615(thread_data=0x0000000146012a20) at parking_lot.rs:635:36 [opt]
       frame #4: 0x000000010164bb40 el1_sched-3c030f910e35df6e`parking_lot_core::parking_lot::with_thread_data::h284d9e59aff5050c(f=<unavailable>) at parking_lot.rs:207:5 [opt]
       frame #5: 0x000000010164ba00 el1_sched-3c030f910e35df6e`parking_lot_core::parking_lot::park::h115ba7316cfa6034(key=<unavailable>, validate=<unavailable>, before_sleep=<unavailable>, timed_out=<unavailable>, park_token=(__0 = 0), timeout=<unavailable>) at parking_lot.rs:600:5 [opt] [inlined]
       frame #6: 0x000000010164ba00 el1_sched-3c030f910e35df6e`parking_lot::condvar::Condvar::wait_until_internal::heb307538a997ec5d(self=0x00000001472168e8, mutex=0x0000000147216890, timeout=Option<std::time::Instant> @ 0x00000076d7e3ce80) at condvar.rs:334:17 [opt]
       frame #7: 0x0000000101324e54 el1_sched-3c030f910e35df6e`parking_lot::condvar::Condvar::wait::h64685ff27a807947(self=<unavailable>, mutex_guard=<unavailable>) at condvar.rs:256:14 [opt] [inlined]
       frame #8: 0x0000000101324e40 el1_sched-3c030f910e35df6e`carrick_kernel::kernel::scheduler::RunQueue::park_spare::hb8cb6cf93c39a09a(self=<unavailable>, executor=0x000000017166e1e0) at scheduler.rs:2800:36 [opt]
       frame #9: 0x0000000101333078 el1_sched-3c030f910e35df6e`carrick_kernel::kernel::scheduler::RunQueue::try_take_row::h28ce06442c82fee5(self=<unavailable>, executor=<unavailable>, auditors=<unavailable>) at scheduler.rs:2555:22 [opt] [inlined]
       frame #10: 0x0000000101333014 el1_sched-3c030f910e35df6e`carrick_kernel::kernel::scheduler::RunQueue::try_take::ha0f77fe01aa64dd6(self=0x00000001472169a8, executor=0x000000017166e1e0, recorder=Option<&dyn carrick_kernel::kernel::scheduler::DiscardRecorder> @ 0x00000076d7e44370, auditors=<unavailable>) at scheduler.rs:2838:34 [opt] [inlined]
       frame #11: 0x0000000101333014 el1_sched-3c030f910e35df6e`carrick_kernel::kernel::scheduler::Scheduler::try_take::h868fe880b67928a9(self=<unavailable>, executor=0x000000017166e1e0) at scheduler.rs:4332:14 [opt]
       frame #12: 0x0000000100d99dcc el1_sched-3c030f910e35df6e`carrick_runtime::vcpu_loop::executor::next_runnable::hcda68ebc45fc09eb(scheduler=<unavailable>, backend=0x000000017166e210, registration=0x000000017166e1e0, kick=0x0000000145e13470) at executor.rs:1521:38 [opt]
       frame #13: 0x0000000100d99db8 el1_sched-3c030f910e35df6e`carrick_runtime::vcpu_loop::executor::run_executor_loop::hbbda728b148f11af(scheduler=<unavailable>, resolver=<unavailable>, backend=<unavailable>, runtime=<unavailable>, commands=<unavailable>) at executor.rs:278:27 [opt]
       frame #14: 0x0000000100d9823c el1_sched-3c030f910e35df6e`carrick_runtime::vcpu_loop::executor::executor_worker::_$u7b$$u7b$closure$u7d$$u7d$::hf78b07e21679669f at executor.rs:155:39 [opt]
       frame #15: 0x0000000100d97f2c el1_sched-3c030f910e35df6e`core::ops::function::FnOnce::call_once::hc04101f8675148bf((null)={closure_env#1}<carrick_runtime::vcpu_loop::executor::backend::HvpatchPersistentExecutorFactory, carrick_runtime::vcpu_loop::executor::binding::HvpatchTaskBindingDirectory> @ 0x0000007704936c40, (null)=<unavailable>) at function.rs:250:5 [opt] [inlined]
       frame #16: 0x0000000100d97f2c el1_sched-3c030f910e35df6e`_$LT$core..panic..unwind_safe..AssertUnwindSafe$LT$F$GT$$u20$as$u20$core..ops..function..FnOnce$LT$$LP$$RP$$GT$$GT$::call_once::hcc4e9e196ba538b3(self=AssertUnwindSafe<carrick_runtime::vcpu_loop::executor::executor_worker::{closure_env#1}<carrick_runtime::vcpu_loop::executor::backend::HvpatchPersistentExecutorFactory, carrick_runtime::vcpu_loop::executor::binding::HvpatchTaskBindingDirectory>> @ 0x0000007704936f40, (null)=<unavailable>) at unwind_safe.rs:275:9 [opt] [inlined]
       frame #17: 0x0000000100d97f2c el1_sched-3c030f910e35df6e`std::panicking::catch_unwind::do_call::h73cde5dfc6cd6825(data=<unavailable>) at panicking.rs:581:40 [opt]
       frame #18: 0x0000000100d97f2c el1_sched-3c030f910e35df6e`std::panicking::catch_unwind::h31946fc5f28d4827(f=AssertUnwindSafe<carrick_runtime::vcpu_loop::executor::executor_worker::{closure_env#1}<carrick_runtime::vcpu_loop::executor::backend::HvpatchPersistentExecutorFactory, carrick_runtime::vcpu_loop::executor::binding::HvpatchTaskBindingDirectory>> @ 0x0000007704936ca0) at panicking.rs:544:19 [opt]
       frame #19: 0x0000000100d97f2c el1_sched-3c030f910e35df6e`std::panic::catch_unwind::hab41338c39ba09dd(f=AssertUnwindSafe<carrick_runtime::vcpu_loop::executor::executor_worker::{closure_env#1}<carrick_runtime::vcpu_loop::executor::backend::HvpatchPersistentExecutorFactory, carrick_runtime::vcpu_loop::executor::binding::HvpatchTaskBindingDirectory>> @ 0x0000007704936c40) at panic.rs:359:14 [opt] [inlined]
       frame #20: 0x0000000100d97f2c el1_sched-3c030f910e35df6e`carrick_runtime::vcpu_loop::executor::executor_worker::h8630ad5ef2f40d56(slot=<unavailable>, scheduler=Arc<carrick_kernel::kernel::scheduler::Scheduler, alloc::alloc::Global> @ 0x000000017166e188, factory=Arc<carrick_runtime::vcpu_loop::executor::backend::HvpatchPersistentExecutorFactory, alloc::alloc::Global> @ 0x000000017166e190, resolver=Arc<carrick_runtime::vcpu_loop::executor::binding::HvpatchTaskBindingDirectory, alloc::alloc::Global> @ 0x000000017166e198, receipts=Arc<carrick_runtime::vcpu_loop::executor::pool::ReceiptLog, alloc::alloc::Global> @ 0x000000017166e1a0, control=Arc<carrick_runtime::vcpu_loop::executor::pool::PoolControl, alloc::alloc::Global> @ 0x000000017166e1a8, channels=<unavailable>) at executor.rs:125:21 [opt]
       frame #21: 0x0000000100de2b64 el1_sched-3c030f910e35df6e`carrick_runtime::vcpu_loop::executor::pool::ExecutorPool$LT$F$C$R$GT$::start::_$u7b$$u7b$closure$u7d$$u7d$::h45a301511d144663 at pool.rs:987:21 [opt] [inlined]
       frame #22: 0x0000000100de2b38 el1_sched-3c030f910e35df6e`std::sys::backtrace::__rust_begin_short_backtrace::hee5156e4534fdc47(f=<unavailable>) at backtrace.rs:166:18 [opt]
       frame #23: 0x0000000100de46a0 el1_sched-3c030f910e35df6e`std::thread::lifecycle::spawn_unchecked::_$u7b$$u7b$closure$u7d$$u7d$::_$u7b$$u7b$closure$u7d$$u7d$::h81f614f849da7424 at lifecycle.rs:91:13 [opt] [inlined]
       frame #24: 0x0000000100de4690 el1_sched-3c030f910e35df6e`_$LT$core..panic..unwind_safe..AssertUnwindSafe$LT$F$GT$$u20$as$u20$core..ops..function..FnOnce$LT$$LP$$RP$$GT$$GT$::call_once::h17159c25faca63ef(self=AssertUnwindSafe<std::thread::lifecycle::spawn_unchecked::{closure#1}::{closure_env#0}<carrick_runtime::vcpu_loop::executor::pool::{impl#15}::start::{closure_env#4}<carrick_runtime::vcpu_loop::executor::backend::HvpatchPersistentExecutorFactory, carrick_runtime::vcpu_loop::executor::binding::HvpatchTaskBindingDirectory>, carrick_runtime::vcpu_loop::executor::pool::WorkerOutcome>> @ 0x0000000171672da8, (null)=<unavailable>) at unwind_safe.rs:275:9 [opt] [inlined]
       frame #25: 0x0000000100de4680 el1_sched-3c030f910e35df6e`std::panicking::catch_unwind::do_call::h9f0287e7aafef638(data=<unavailable>) at panicking.rs:581:40 [opt]
       frame #26: 0x0000000100de4678 el1_sched-3c030f910e35df6e`std::panicking::catch_unwind::hebc5ed47917f2065(f=AssertUnwindSafe<std::thread::lifecycle::spawn_unchecked::{closure#1}::{closure_env#0}<carrick_runtime::vcpu_loop::executor::pool::{impl#15}::start::{closure_env#4}<carrick_runtime::vcpu_loop::executor::backend::HvpatchPersistentExecutorFactory, carrick_runtime::vcpu_loop::executor::binding::HvpatchTaskBindingDirectory>, carrick_runtime::vcpu_loop::executor::pool::WorkerOutcome>> @ 0x000000770491cb00) at panicking.rs:544:19 [opt]
       frame #27: 0x0000000100de4678 el1_sched-3c030f910e35df6e`std::panic::catch_unwind::h2a8527390e6c0e72(f=AssertUnwindSafe<std::thread::lifecycle::spawn_unchecked::{closure#1}::{closure_env#0}<carrick_runtime::vcpu_loop::executor::pool::{impl#15}::start::{closure_env#4}<carrick_runtime::vcpu_loop::executor::backend::HvpatchPersistentExecutorFactory, carrick_runtime::vcpu_loop::executor::binding::HvpatchTaskBindingDirectory>, carrick_runtime::vcpu_loop::executor::pool::WorkerOutcome>> @ 0x000000770491cb80) at panic.rs:359:14 [opt] [inlined]
       frame #28: 0x0000000100de4678 el1_sched-3c030f910e35df6e`std::thread::lifecycle::spawn_unchecked::_$u7b$$u7b$closure$u7d$$u7d$::hb8b6873c7906c1e7 at lifecycle.rs:89:26 [opt] [inlined]
       frame #29: 0x0000000100de466c el1_sched-3c030f910e35df6e`core::ops::function::FnOnce::call_once$u7b$$u7b$vtable.shim$u7d$$u7d$::h18f3fd2a91d17fc9((null)=<unavailable>, (null)=<unavailable>) at function.rs:250:5 [opt]
       frame #30: 0x00000001018e3814 el1_sched-3c030f910e35df6e`<alloc::boxed::Box<dyn core::ops::function::FnOnce<(), Output = ()> + core::marker::Send> as core::ops::function::FnOnce<()>>::call_once at boxed.rs:2249:9 [opt] [inlined]
       frame #31: 0x00000001018e3808 el1_sched-3c030f910e35df6e`<std::sys::thread::unix::Thread>::new::thread_start at unix.rs:118:17 [opt]
       frame #32: 0x000000018a8ffd00 libsystem_pthread.dylib`_pthread_start + 136
  thread #19, name = 'carrick-executor-11'
       frame #0: 0x000000018a8be50c libsystem_kernel.dylib`__psynch_cvwait + 8
       frame #1: 0x000000018a9001d0 libsystem_pthread.dylib`_pthread_cond_wait + 980
       frame #2: 0x000000010164bbe8 el1_sched-3c030f910e35df6e`_$LT$parking_lot_core..thread_parker..imp..ThreadParker$u20$as$u20$parking_lot_core..thread_parker..ThreadParkerT$GT$::park::h57b0f9e3b8bc7cbb(self=0x0000000147838620) at unix.rs:77:21 [opt] [inlined]
       frame #3: 0x000000010164bbd8 el1_sched-3c030f910e35df6e`parking_lot_core::parking_lot::park::_$u7b$$u7b$closure$u7d$$u7d$::h2e420e8db8f72615(thread_data=0x0000000147838620) at parking_lot.rs:635:36 [opt]
       frame #4: 0x000000010164bb40 el1_sched-3c030f910e35df6e`parking_lot_core::parking_lot::with_thread_data::h284d9e59aff5050c(f=<unavailable>) at parking_lot.rs:207:5 [opt]
       frame #5: 0x000000010164ba00 el1_sched-3c030f910e35df6e`parking_lot_core::parking_lot::park::h115ba7316cfa6034(key=<unavailable>, validate=<unavailable>, before_sleep=<unavailable>, timed_out=<unavailable>, park_token=(__0 = 0), timeout=<unavailable>) at parking_lot.rs:600:5 [opt] [inlined]
       frame #6: 0x000000010164ba00 el1_sched-3c030f910e35df6e`parking_lot::condvar::Condvar::wait_until_internal::heb307538a997ec5d(self=0x00000001472168e8, mutex=0x0000000147216890, timeout=Option<std::time::Instant> @ 0x00000076d7e3cfc0) at condvar.rs:334:17 [opt]
       frame #7: 0x0000000101324e54 el1_sched-3c030f910e35df6e`parking_lot::condvar::Condvar::wait::h64685ff27a807947(self=<unavailable>, mutex_guard=<unavailable>) at condvar.rs:256:14 [opt] [inlined]
       frame #8: 0x0000000101324e40 el1_sched-3c030f910e35df6e`carrick_kernel::kernel::scheduler::RunQueue::park_spare::hb8cb6cf93c39a09a(self=<unavailable>, executor=0x000000017187a1e0) at scheduler.rs:2800:36 [opt]
       frame #9: 0x0000000101333078 el1_sched-3c030f910e35df6e`carrick_kernel::kernel::scheduler::RunQueue::try_take_row::h28ce06442c82fee5(self=<unavailable>, executor=<unavailable>, auditors=<unavailable>) at scheduler.rs:2555:22 [opt] [inlined]
       frame #10: 0x0000000101333014 el1_sched-3c030f910e35df6e`carrick_kernel::kernel::scheduler::RunQueue::try_take::ha0f77fe01aa64dd6(self=0x00000001472169a8, executor=0x000000017187a1e0, recorder=Option<&dyn carrick_kernel::kernel::scheduler::DiscardRecorder> @ 0x00000076d7e44370, auditors=<unavailable>) at scheduler.rs:2838:34 [opt] [inlined]
       frame #11: 0x0000000101333014 el1_sched-3c030f910e35df6e`carrick_kernel::kernel::scheduler::Scheduler::try_take::h868fe880b67928a9(self=<unavailable>, executor=0x000000017187a1e0) at scheduler.rs:4332:14 [opt]
       frame #12: 0x0000000100d99dcc el1_sched-3c030f910e35df6e`carrick_runtime::vcpu_loop::executor::next_runnable::hcda68ebc45fc09eb(scheduler=<unavailable>, backend=0x000000017187a210, registration=0x000000017187a1e0, kick=0x000000014710de00) at executor.rs:1521:38 [opt]
       frame #13: 0x0000000100d99db8 el1_sched-3c030f910e35df6e`carrick_runtime::vcpu_loop::executor::run_executor_loop::hbbda728b148f11af(scheduler=<unavailable>, resolver=<unavailable>, backend=<unavailable>, runtime=<unavailable>, commands=<unavailable>) at executor.rs:278:27 [opt]
       frame #14: 0x0000000100d9823c el1_sched-3c030f910e35df6e`carrick_runtime::vcpu_loop::executor::executor_worker::_$u7b$$u7b$closure$u7d$$u7d$::hf78b07e21679669f at executor.rs:155:39 [opt]
       frame #15: 0x0000000100d97f2c el1_sched-3c030f910e35df6e`core::ops::function::FnOnce::call_once::hc04101f8675148bf((null)={closure_env#1}<carrick_runtime::vcpu_loop::executor::backend::HvpatchPersistentExecutorFactory, carrick_runtime::vcpu_loop::executor::binding::HvpatchTaskBindingDirectory> @ 0x0000007704936ca0, (null)=<unavailable>) at function.rs:250:5 [opt] [inlined]
       frame #16: 0x0000000100d97f2c el1_sched-3c030f910e35df6e`_$LT$core..panic..unwind_safe..AssertUnwindSafe$LT$F$GT$$u20$as$u20$core..ops..function..FnOnce$LT$$LP$$RP$$GT$$GT$::call_once::hcc4e9e196ba538b3(self=AssertUnwindSafe<carrick_runtime::vcpu_loop::executor::executor_worker::{closure_env#1}<carrick_runtime::vcpu_loop::executor::backend::HvpatchPersistentExecutorFactory, carrick_runtime::vcpu_loop::executor::binding::HvpatchTaskBindingDirectory>> @ 0x0000007704936fa0, (null)=<unavailable>) at unwind_safe.rs:275:9 [opt] [inlined]
       frame #17: 0x0000000100d97f2c el1_sched-3c030f910e35df6e`std::panicking::catch_unwind::do_call::h73cde5dfc6cd6825(data=<unavailable>) at panicking.rs:581:40 [opt]
       frame #18: 0x0000000100d97f2c el1_sched-3c030f910e35df6e`std::panicking::catch_unwind::h31946fc5f28d4827(f=AssertUnwindSafe<carrick_runtime::vcpu_loop::executor::executor_worker::{closure_env#1}<carrick_runtime::vcpu_loop::executor::backend::HvpatchPersistentExecutorFactory, carrick_runtime::vcpu_loop::executor::binding::HvpatchTaskBindingDirectory>> @ 0x0000007704936c40) at panicking.rs:544:19 [opt]
       frame #19: 0x0000000100d97f2c el1_sched-3c030f910e35df6e`std::panic::catch_unwind::hab41338c39ba09dd(f=AssertUnwindSafe<carrick_runtime::vcpu_loop::executor::executor_worker::{closure_env#1}<carrick_runtime::vcpu_loop::executor::backend::HvpatchPersistentExecutorFactory, carrick_runtime::vcpu_loop::executor::binding::HvpatchTaskBindingDirectory>> @ 0x0000007704936ca0) at panic.rs:359:14 [opt] [inlined]
       frame #20: 0x0000000100d97f2c el1_sched-3c030f910e35df6e`carrick_runtime::vcpu_loop::executor::executor_worker::h8630ad5ef2f40d56(slot=<unavailable>, scheduler=Arc<carrick_kernel::kernel::scheduler::Scheduler, alloc::alloc::Global> @ 0x000000017187a188, factory=Arc<carrick_runtime::vcpu_loop::executor::backend::HvpatchPersistentExecutorFactory, alloc::alloc::Global> @ 0x000000017187a190, resolver=Arc<carrick_runtime::vcpu_loop::executor::binding::HvpatchTaskBindingDirectory, alloc::alloc::Global> @ 0x000000017187a198, receipts=Arc<carrick_runtime::vcpu_loop::executor::pool::ReceiptLog, alloc::alloc::Global> @ 0x000000017187a1a0, control=Arc<carrick_runtime::vcpu_loop::executor::pool::PoolControl, alloc::alloc::Global> @ 0x000000017187a1a8, channels=<unavailable>) at executor.rs:125:21 [opt]
       frame #21: 0x0000000100de2b64 el1_sched-3c030f910e35df6e`carrick_runtime::vcpu_loop::executor::pool::ExecutorPool$LT$F$C$R$GT$::start::_$u7b$$u7b$closure$u7d$$u7d$::h45a301511d144663 at pool.rs:987:21 [opt] [inlined]
       frame #22: 0x0000000100de2b38 el1_sched-3c030f910e35df6e`std::sys::backtrace::__rust_begin_short_backtrace::hee5156e4534fdc47(f=<unavailable>) at backtrace.rs:166:18 [opt]
       frame #23: 0x0000000100de46a0 el1_sched-3c030f910e35df6e`std::thread::lifecycle::spawn_unchecked::_$u7b$$u7b$closure$u7d$$u7d$::_$u7b$$u7b$closure$u7d$$u7d$::h81f614f849da7424 at lifecycle.rs:91:13 [opt] [inlined]
       frame #24: 0x0000000100de4690 el1_sched-3c030f910e35df6e`_$LT$core..panic..unwind_safe..AssertUnwindSafe$LT$F$GT$$u20$as$u20$core..ops..function..FnOnce$LT$$LP$$RP$$GT$$GT$::call_once::h17159c25faca63ef(self=AssertUnwindSafe<std::thread::lifecycle::spawn_unchecked::{closure#1}::{closure_env#0}<carrick_runtime::vcpu_loop::executor::pool::{impl#15}::start::{closure_env#4}<carrick_runtime::vcpu_loop::executor::backend::HvpatchPersistentExecutorFactory, carrick_runtime::vcpu_loop::executor::binding::HvpatchTaskBindingDirectory>, carrick_runtime::vcpu_loop::executor::pool::WorkerOutcome>> @ 0x000000017187eda8, (null)=<unavailable>) at unwind_safe.rs:275:9 [opt] [inlined]
       frame #25: 0x0000000100de4680 el1_sched-3c030f910e35df6e`std::panicking::catch_unwind::do_call::h9f0287e7aafef638(data=<unavailable>) at panicking.rs:581:40 [opt]
       frame #26: 0x0000000100de4678 el1_sched-3c030f910e35df6e`std::panicking::catch_unwind::hebc5ed47917f2065(f=AssertUnwindSafe<std::thread::lifecycle::spawn_unchecked::{closure#1}::{closure_env#0}<carrick_runtime::vcpu_loop::executor::pool::{impl#15}::start::{closure_env#4}<carrick_runtime::vcpu_loop::executor::backend::HvpatchPersistentExecutorFactory, carrick_runtime::vcpu_loop::executor::binding::HvpatchTaskBindingDirectory>, carrick_runtime::vcpu_loop::executor::pool::WorkerOutcome>> @ 0x000000770491ca80) at panicking.rs:544:19 [opt]
       frame #27: 0x0000000100de4678 el1_sched-3c030f910e35df6e`std::panic::catch_unwind::h2a8527390e6c0e72(f=AssertUnwindSafe<std::thread::lifecycle::spawn_unchecked::{closure#1}::{closure_env#0}<carrick_runtime::vcpu_loop::executor::pool::{impl#15}::start::{closure_env#4}<carrick_runtime::vcpu_loop::executor::backend::HvpatchPersistentExecutorFactory, carrick_runtime::vcpu_loop::executor::binding::HvpatchTaskBindingDirectory>, carrick_runtime::vcpu_loop::executor::pool::WorkerOutcome>> @ 0x000000770491cb00) at panic.rs:359:14 [opt] [inlined]
       frame #28: 0x0000000100de4678 el1_sched-3c030f910e35df6e`std::thread::lifecycle::spawn_unchecked::_$u7b$$u7b$closure$u7d$$u7d$::hb8b6873c7906c1e7 at lifecycle.rs:89:26 [opt] [inlined]
       frame #29: 0x0000000100de466c el1_sched-3c030f910e35df6e`core::ops::function::FnOnce::call_once$u7b$$u7b$vtable.shim$u7d$$u7d$::h18f3fd2a91d17fc9((null)=<unavailable>, (null)=<unavailable>) at function.rs:250:5 [opt]
       frame #30: 0x00000001018e3814 el1_sched-3c030f910e35df6e`<alloc::boxed::Box<dyn core::ops::function::FnOnce<(), Output = ()> + core::marker::Send> as core::ops::function::FnOnce<()>>::call_once at boxed.rs:2249:9 [opt] [inlined]
       frame #31: 0x00000001018e3808 el1_sched-3c030f910e35df6e`<std::sys::thread::unix::Thread>::new::thread_start at unix.rs:118:17 [opt]
       frame #32: 0x000000018a8ffd00 libsystem_pthread.dylib`_pthread_start + 136
  thread #20, name = 'carrick-preemption-driver'
       frame #0: 0x000000018a8be50c libsystem_kernel.dylib`__psynch_cvwait + 8
       frame #1: 0x000000018a9001d0 libsystem_pthread.dylib`_pthread_cond_wait + 980
       frame #2: 0x000000010164bbe8 el1_sched-3c030f910e35df6e`_$LT$parking_lot_core..thread_parker..imp..ThreadParker$u20$as$u20$parking_lot_core..thread_parker..ThreadParkerT$GT$::park::h57b0f9e3b8bc7cbb(self=0x0000000126808820) at unix.rs:77:21 [opt] [inlined]
       frame #3: 0x000000010164bbd8 el1_sched-3c030f910e35df6e`parking_lot_core::parking_lot::park::_$u7b$$u7b$closure$u7d$$u7d$::h2e420e8db8f72615(thread_data=0x0000000126808820) at parking_lot.rs:635:36 [opt]
       frame #4: 0x000000010164bb40 el1_sched-3c030f910e35df6e`parking_lot_core::parking_lot::with_thread_data::h284d9e59aff5050c(f=<unavailable>) at parking_lot.rs:207:5 [opt]
       frame #5: 0x000000010164ba00 el1_sched-3c030f910e35df6e`parking_lot_core::parking_lot::park::h115ba7316cfa6034(key=<unavailable>, validate=<unavailable>, before_sleep=<unavailable>, timed_out=<unavailable>, park_token=(__0 = 0), timeout=<unavailable>) at parking_lot.rs:600:5 [opt] [inlined]
       frame #6: 0x000000010164ba00 el1_sched-3c030f910e35df6e`parking_lot::condvar::Condvar::wait_until_internal::heb307538a997ec5d(self=0x0000000147216540, mutex=0x0000000147216560, timeout=Option<std::time::Instant> @ 0x00000076d7e3d480) at condvar.rs:334:17 [opt]
       frame #7: 0x000000010132e3ec el1_sched-3c030f910e35df6e`parking_lot::condvar::Condvar::wait::hbdd1b3caecda1ce0(self=<unavailable>, mutex_guard=<unavailable>) at condvar.rs:256:14 [opt] [inlined]
       frame #8: 0x000000010132e3dc el1_sched-3c030f910e35df6e`carrick_kernel::kernel::scheduler::Scheduler::wait_preemption_work::h1ac807d8cbf3eac3(self=0x00000001472169a0) at scheduler.rs:5335:41 [opt]
       frame #9: 0x0000000100de262c el1_sched-3c030f910e35df6e`carrick_runtime::vcpu_loop::executor::preemption::PreemptionDriver::start::_$u7b$$u7b$closure$u7d$$u7d$::h1f38e7df3c70a5d7 at preemption.rs:48:72 [opt]
       frame #10: 0x0000000100de261c el1_sched-3c030f910e35df6e`std::sys::backtrace::__rust_begin_short_backtrace::h45065420ea76ea1a(f=<unavailable>) at backtrace.rs:166:18 [opt]
       frame #11: 0x0000000100de48dc el1_sched-3c030f910e35df6e`std::thread::lifecycle::spawn_unchecked::_$u7b$$u7b$closure$u7d$$u7d$::_$u7b$$u7b$closure$u7d$$u7d$::h7f56f3eb83c072fc at lifecycle.rs:91:13 [opt] [inlined]
       frame #12: 0x0000000100de48cc el1_sched-3c030f910e35df6e`_$LT$core..panic..unwind_safe..AssertUnwindSafe$LT$F$GT$$u20$as$u20$core..ops..function..FnOnce$LT$$LP$$RP$$GT$$GT$::call_once::h415dcb00796b5e96(self=AssertUnwindSafe<std::thread::lifecycle::spawn_unchecked::{closure#1}::{closure_env#0}<carrick_runtime::vcpu_loop::executor::preemption::{impl#0}::start::{closure_env#0}, ()>> @ 0x0000000171a8ae80, (null)=<unavailable>) at unwind_safe.rs:275:9 [opt] [inlined]
       frame #13: 0x0000000100de48c0 el1_sched-3c030f910e35df6e`std::panicking::catch_unwind::do_call::ha6845b6fcf996ace(data=<unavailable>) at panicking.rs:581:40 [opt]
       frame #14: 0x0000000100de48b0 el1_sched-3c030f910e35df6e`std::panicking::catch_unwind::h751d8c26fd4c5bc7(f=AssertUnwindSafe<std::thread::lifecycle::spawn_unchecked::{closure#1}::{closure_env#0}<carrick_runtime::vcpu_loop::executor::preemption::{impl#0}::start::{closure_env#0}, ()>> @ 0x00000076fb45fa50) at panicking.rs:544:19 [opt]
       frame #15: 0x0000000100de48b0 el1_sched-3c030f910e35df6e`std::panic::catch_unwind::h2d5d9bd281526728(f=AssertUnwindSafe<std::thread::lifecycle::spawn_unchecked::{closure#1}::{closure_env#0}<carrick_runtime::vcpu_loop::executor::preemption::{impl#0}::start::{closure_env#0}, ()>> @ 0x00000076fb45f9f0) at panic.rs:359:14 [opt] [inlined]
       frame #16: 0x0000000100de48b0 el1_sched-3c030f910e35df6e`std::thread::lifecycle::spawn_unchecked::_$u7b$$u7b$closure$u7d$$u7d$::h3a5a372929bfb981 at lifecycle.rs:89:26 [opt]
       frame #17: 0x0000000100de48a0 el1_sched-3c030f910e35df6e`core::ops::function::FnOnce::call_once$u7b$$u7b$vtable.shim$u7d$$u7d$::hbb5942b30423cdf2((null)=0x000000014721cdd0, (null)=<unavailable>) at function.rs:250:5 [opt]
       frame #18: 0x00000001018e3814 el1_sched-3c030f910e35df6e`<alloc::boxed::Box<dyn core::ops::function::FnOnce<(), Output = ()> + core::marker::Send> as core::ops::function::FnOnce<()>>::call_once at boxed.rs:2249:9 [opt] [inlined]
       frame #19: 0x00000001018e3808 el1_sched-3c030f910e35df6e`<std::sys::thread::unix::Thread>::new::thread_start at unix.rs:118:17 [opt]
       frame #20: 0x000000018a8ffd00 libsystem_pthread.dylib`_pthread_start + 136
  thread #21, name = 'carrick-kernel-debug'
       frame #0: 0x000000018a8c3734 libsystem_kernel.dylib`__accept + 8
       frame #1: 0x00000001018d4cec el1_sched-3c030f910e35df6e`<std::sys::net::connection::socket::unix::Socket>::accept::{closure#0} at unix.rs:265:39 [opt] [inlined]
       frame #2: 0x00000001018d4cdc el1_sched-3c030f910e35df6e`std::sys::pal::unix::cvt_r::<i32, <std::sys::net::connection::socket::unix::Socket>::accept::{closure#0}> at mod.rs:255:19 [opt] [inlined]
       frame #3: 0x00000001018d4cdc el1_sched-3c030f910e35df6e`<std::sys::net::connection::socket::unix::Socket>::accept at unix.rs:265:30 [opt] [inlined]
       frame #4: 0x00000001018d4cdc el1_sched-3c030f910e35df6e`<std::os::unix::net::listener::UnixListener>::accept at listener.rs:180:27 [opt]
       frame #5: 0x00000001012da8c4 el1_sched-3c030f910e35df6e`carrick_kernel::kernel::debug::server::serve_loop::hf28f37192a55a77e(listener=0x0000000171ea2eb0, kernel=<unavailable>, shutdown=0x0000000145e11030) at server.rs:181:47 [opt]
       frame #6: 0x00000001012aa0f8 el1_sched-3c030f910e35df6e`carrick_kernel::kernel::debug::server::KernelDebugServer::start_at::_$u7b$$u7b$closure$u7d$$u7d$::h1b9675fadaa0951c at server.rs:91:17 [opt] [inlined]
       frame #7: 0x00000001012aa0dc el1_sched-3c030f910e35df6e`std::sys::backtrace::__rust_begin_short_backtrace::h8c27fef5f944c636(f={closure_env#0} @ 0x0000000171ea2e50) at backtrace.rs:166:18 [opt]
       frame #8: 0x00000001014d12c8 el1_sched-3c030f910e35df6e`std::thread::lifecycle::spawn_unchecked::_$u7b$$u7b$closure$u7d$$u7d$::_$u7b$$u7b$closure$u7d$$u7d$::h7d530e323422d22f at lifecycle.rs:91:13 [opt] [inlined]
       frame #9: 0x00000001014d1280 el1_sched-3c030f910e35df6e`_$LT$core..panic..unwind_safe..AssertUnwindSafe$LT$F$GT$$u20$as$u20$core..ops..function..FnOnce$LT$$LP$$RP$$GT$$GT$::call_once::h40801df307c739de(self=AssertUnwindSafe<std::thread::lifecycle::spawn_unchecked::{closure#1}::{closure_env#0}<carrick_kernel::kernel::debug::server::{impl#0}::start_at::{closure_env#0}, ()>> @ 0x00000076d8f08b40, (null)=<unavailable>) at unwind_safe.rs:275:9 [opt] [inlined]
       frame #10: 0x00000001014d1254 el1_sched-3c030f910e35df6e`std::panicking::catch_unwind::do_call::ha46aedaedaf5b6f9(data=<unavailable>) at panicking.rs:581:40 [opt]
       frame #11: 0x00000001014d1254 el1_sched-3c030f910e35df6e`std::panicking::catch_unwind::hf37f74ecc4177fbf(f=AssertUnwindSafe<std::thread::lifecycle::spawn_unchecked::{closure#1}::{closure_env#0}<carrick_kernel::kernel::debug::server::{impl#0}::start_at::{closure_env#0}, ()>> @ 0x00000076d8f090e0) at panicking.rs:544:19 [opt]
       frame #12: 0x00000001014d1254 el1_sched-3c030f910e35df6e`std::panic::catch_unwind::hc7b8eb0d0502653b(f=AssertUnwindSafe<std::thread::lifecycle::spawn_unchecked::{closure#1}::{closure_env#0}<carrick_kernel::kernel::debug::server::{impl#0}::start_at::{closure_env#0}, ()>> @ 0x00000076d8f09040) at panic.rs:359:14 [opt] [inlined]
       frame #13: 0x00000001014d1254 el1_sched-3c030f910e35df6e`std::thread::lifecycle::spawn_unchecked::_$u7b$$u7b$closure$u7d$$u7d$::h3aafa54165b2bb23 at lifecycle.rs:89:26 [opt] [inlined]
       frame #14: 0x00000001014d1220 el1_sched-3c030f910e35df6e`core::ops::function::FnOnce::call_once$u7b$$u7b$vtable.shim$u7d$$u7d$::h6475303ef5757a7b((null)=<unavailable>, (null)=<unavailable>) at function.rs:250:5 [opt]
       frame #15: 0x00000001018e3814 el1_sched-3c030f910e35df6e`<alloc::boxed::Box<dyn core::ops::function::FnOnce<(), Output = ()> + core::marker::Send> as core::ops::function::FnOnce<()>>::call_once at boxed.rs:2249:9 [opt] [inlined]
       frame #16: 0x00000001018e3808 el1_sched-3c030f910e35df6e`<std::sys::thread::unix::Thread>::new::thread_start at unix.rs:118:17 [opt]
       frame #17: 0x000000018a8ffd00 libsystem_pthread.dylib`_pthread_start + 136
  thread #22
       frame #0: 0x000000018a8be308 libsystem_kernel.dylib`__semwait_signal + 8
       frame #1: 0x000000018a926054 libsystem_c.dylib`nanosleep + 220
       frame #2: 0x00000001018ddfc8 el1_sched-3c030f910e35df6e`std::sys::thread::unix::sleep::nanosleep at unix.rs:558:34 [opt] [inlined]
       frame #3: 0x00000001018ddfbc el1_sched-3c030f910e35df6e`std::sys::thread::unix::sleep at unix.rs:579:21 [opt] [inlined]
       frame #4: 0x00000001018ddf9c el1_sched-3c030f910e35df6e`std::thread::functions::sleep at functions.rs:293:5 [opt]
       frame #5: 0x0000000100af3464 el1_sched-3c030f910e35df6e`std::sys::backtrace::__rust_begin_short_backtrace::hd0349f593cc0b673 + 120
       frame #6: 0x0000000100af9a4c el1_sched-3c030f910e35df6e`core::ops::function::FnOnce::call_once$u7b$$u7b$vtable.shim$u7d$$u7d$::h5b6fcaab2075d848 + 120
       frame #7: 0x00000001018e3814 el1_sched-3c030f910e35df6e`<alloc::boxed::Box<dyn core::ops::function::FnOnce<(), Output = ()> + core::marker::Send> as core::ops::function::FnOnce<()>>::call_once at boxed.rs:2249:9 [opt] [inlined]
       frame #8: 0x00000001018e3808 el1_sched-3c030f910e35df6e`<std::sys::thread::unix::Thread>::new::thread_start at unix.rs:118:17 [opt]
       frame #9: 0x000000018a8ffd00 libsystem_pthread.dylib`_pthread_start + 136
  thread #23, name = 'carrick-signal-pump'
       frame #0: 0x000000018a8c0fcc libsystem_kernel.dylib`kevent + 8
       frame #1: 0x000000010159f6f8 el1_sched-3c030f910e35df6e`carrick_host_bsd::kqueue::Kqueue::wait::hefeb6bd447cc32ec(self=<unavailable>, changes=<unavailable>, events=<unavailable>, timeout=<unavailable>) at kqueue.rs:136:13 [opt]
       frame #2: 0x0000000100fbff60 el1_sched-3c030f910e35df6e`carrick_vmm_hvf::vcpu_kick::spawn_signal_pump_inner::_$u7b$$u7b$closure$u7d$$u7d$::he6005c6e34b6aabf at vcpu_kick.rs:614:34 [opt]
       frame #3: 0x0000000100fbfb00 el1_sched-3c030f910e35df6e`std::sys::backtrace::__rust_begin_short_backtrace::h039d05a63fc3e29b(f={closure_env#0} @ 0x0000000171c96e70) at backtrace.rs:166:18 [opt]
       frame #4: 0x0000000100f08f6c el1_sched-3c030f910e35df6e`std::thread::lifecycle::spawn_unchecked::_$u7b$$u7b$closure$u7d$$u7d$::_$u7b$$u7b$closure$u7d$$u7d$::h72e00fa268a3da02 at lifecycle.rs:91:13 [opt] [inlined]
       frame #5: 0x0000000100f08f30 el1_sched-3c030f910e35df6e`_$LT$core..panic..unwind_safe..AssertUnwindSafe$LT$F$GT$$u20$as$u20$core..ops..function..FnOnce$LT$$LP$$RP$$GT$$GT$::call_once::h806c4409b9d4a947(self=AssertUnwindSafe<std::thread::lifecycle::spawn_unchecked::{closure#1}::{closure_env#0}<carrick_vmm_hvf::vcpu_kick::spawn_signal_pump_inner::{closure_env#0}, ()>> @ 0x00000076fac2a4c0, (null)=<unavailable>) at unwind_safe.rs:275:9 [opt] [inlined]
       frame #6: 0x0000000100f08f20 el1_sched-3c030f910e35df6e`std::panicking::catch_unwind::do_call::h1f2d2258534878aa(data=<unavailable>) at panicking.rs:581:40 [opt]
       frame #7: 0x0000000100f08f20 el1_sched-3c030f910e35df6e`std::panicking::catch_unwind::h759ccb1805acf9ee(f=AssertUnwindSafe<std::thread::lifecycle::spawn_unchecked::{closure#1}::{closure_env#0}<carrick_vmm_hvf::vcpu_kick::spawn_signal_pump_inner::{closure_env#0}, ()>> @ 0x00000076fac2a530) at panicking.rs:544:19 [opt]
       frame #8: 0x0000000100f08f20 el1_sched-3c030f910e35df6e`std::panic::catch_unwind::h176ebc4d22764598(f=AssertUnwindSafe<std::thread::lifecycle::spawn_unchecked::{closure#1}::{closure_env#0}<carrick_vmm_hvf::vcpu_kick::spawn_signal_pump_inner::{closure_env#0}, ()>> @ 0x00000076fac2a450) at panic.rs:359:14 [opt] [inlined]
       frame #9: 0x0000000100f08f20 el1_sched-3c030f910e35df6e`std::thread::lifecycle::spawn_unchecked::_$u7b$$u7b$closure$u7d$$u7d$::hef140e91acae5c50 at lifecycle.rs:89:26 [opt] [inlined]
       frame #10: 0x0000000100f08ef8 el1_sched-3c030f910e35df6e`core::ops::function::FnOnce::call_once$u7b$$u7b$vtable.shim$u7d$$u7d$::h1de1e3ec7b13a1f0((null)=0x0000000145e14d00, (null)=<unavailable>) at function.rs:250:5 [opt]
       frame #11: 0x00000001018e3814 el1_sched-3c030f910e35df6e`<alloc::boxed::Box<dyn core::ops::function::FnOnce<(), Output = ()> + core::marker::Send> as core::ops::function::FnOnce<()>>::call_once at boxed.rs:2249:9 [opt] [inlined]
       frame #12: 0x00000001018e3808 el1_sched-3c030f910e35df6e`<std::sys::thread::unix::Thread>::new::thread_start at unix.rs:118:17 [opt]
       frame #13: 0x000000018a8ffd00 libsystem_pthread.dylib`_pthread_start + 136
(lldb) process save-core --style modified-memory /private/tmp/el1-ipc-lldb-8177.core
Saving 688128 bytes of data for memory region at 0x101e24000
Saving 16384 bytes of data for memory region at 0x101ecc000
Saving 65536 bytes of data for memory region at 0x101ed4000
Saving 32768 bytes of data for memory region at 0x101f10000
Saving 32768 bytes of data for memory region at 0x101f40000
Saving 49152 bytes of data for memory region at 0x10278c000
Saving 16384 bytes of data for memory region at 0x102798000
Saving 49152 bytes of data for memory region at 0x1027a0000
Saving 16384 bytes of data for memory region at 0x1027ac000
Saving 32768 bytes of data for memory region at 0x1027b4000
Saving 32768 bytes of data for memory region at 0x1027c4000
Saving 32768 bytes of data for memory region at 0x1027d4000
Saving 32768 bytes of data for memory region at 0x1027e0000
Saving 16384 bytes of data for memory region at 0x1027e8000
Saving 32768 bytes of data for memory region at 0x1027f0000
Saving 32768 bytes of data for memory region at 0x102800000
Saving 32768 bytes of data for memory region at 0x102810000
Saving 32768 bytes of data for memory region at 0x1028ac000
Saving 16384 bytes of data for memory region at 0x1029d0000
Saving 16384 bytes of data for memory region at 0x102a10000
Saving 1032192 bytes of data for memory region at 0x102a14000
Saving 16384 bytes of data for memory region at 0x102b14000
Saving 491520 bytes of data for memory region at 0x102b1c000
Saving 81920 bytes of data for memory region at 0x102c24000
Saving 786432 bytes of data for memory region at 0x102cac000
Saving 65536 bytes of data for memory region at 0x102d94000
Saving 32768 bytes of data for memory region at 0x106800000
Saving 163840 bytes of data for memory region at 0x108000000
Saving 98304 bytes of data for memory region at 0x110000000
Saving 16384 bytes of data for memory region at 0x110100000
Saving 65536 bytes of data for memory region at 0x110200000
Saving 16384 bytes of data for memory region at 0x110600000
Saving 16384 bytes of data for memory region at 0x110610000
Saving 32768 bytes of data for memory region at 0x110620000
Saving 376832 bytes of data for memory region at 0x110630000
Saving 16384 bytes of data for memory region at 0x110690000
Saving 376832 bytes of data for memory region at 0x110698000
Saving 16384 bytes of data for memory region at 0x111010000
Saving 65536 bytes of data for memory region at 0x111030000
Saving 16384 bytes of data for memory region at 0x113100000
Saving 16384 bytes of data for memory region at 0x113140000
Saving 16384 bytes of data for memory region at 0x113180000
Saving 16384 bytes of data for memory region at 0x1131c0000
Saving 16384 bytes of data for memory region at 0x113200000
Saving 16384 bytes of data for memory region at 0x113240000
Saving 16384 bytes of data for memory region at 0x113280000
Saving 16384 bytes of data for memory region at 0x1132c0000
Saving 16384 bytes of data for memory region at 0x113400000
Saving 65536 bytes of data for memory region at 0x113500000
Saving 32768 bytes of data for memory region at 0x11358c000
Saving 16384 bytes of data for memory region at 0x11398c000
Saving 16384 bytes of data for memory region at 0x1139ac000
Saving 16384 bytes of data for memory region at 0x114000000
Saving 32768 bytes of data for memory region at 0x11c7fc000
Saving 81920 bytes of data for memory region at 0x11c820000
Saving 81920 bytes of data for memory region at 0x11c840000
Saving 81920 bytes of data for memory region at 0x11c860000
Saving 81920 bytes of data for memory region at 0x11c880000
Saving 81920 bytes of data for memory region at 0x11c8a0000
Saving 81920 bytes of data for memory region at 0x11c8c0000
Saving 81920 bytes of data for memory region at 0x11c8e0000
Saving 81920 bytes of data for memory region at 0x11c900000
Saving 81920 bytes of data for memory region at 0x11c920000
Saving 81920 bytes of data for memory region at 0x11c940000
Saving 81920 bytes of data for memory region at 0x11c960000
Saving 81920 bytes of data for memory region at 0x11c980000
Saving 81920 bytes of data for memory region at 0x11c9a0000
Saving 81920 bytes of data for memory region at 0x11c9c0000
Saving 81920 bytes of data for memory region at 0x11c9e0000
Saving 81920 bytes of data for memory region at 0x11ca00000
Saving 1835008 bytes of data for memory region at 0x124848000
Saving 16384 bytes of data for memory region at 0x125204000
Saving 16384 bytes of data for memory region at 0x125820000
Saving 16384 bytes of data for memory region at 0x125a30000
Saving 16384 bytes of data for memory region at 0x125c3c000
Saving 32768 bytes of data for memory region at 0x125e00000
Saving 32768 bytes of data for memory region at 0x125f00000
Saving 32768 bytes of data for memory region at 0x126000000
Saving 32768 bytes of data for memory region at 0x126100000
Saving 32768 bytes of data for memory region at 0x126200000
Saving 16384 bytes of data for memory region at 0x126514000
Saving 16384 bytes of data for memory region at 0x126734000
Saving 16384 bytes of data for memory region at 0x126800000
Saving 16384 bytes of data for memory region at 0x126808000
Saving 16384 bytes of data for memory region at 0x12720c000
Saving 16384 bytes of data for memory region at 0x12742c000
Saving 16384 bytes of data for memory region at 0x127650000
Saving 16384 bytes of data for memory region at 0x12786c000
Saving 16384 bytes of data for memory region at 0x127a9c000
Saving 16384 bytes of data for memory region at 0x127cc0000
Saving 16384 bytes of data for memory region at 0x127ee8000
Saving 1163264 bytes of data for memory region at 0x128000000
Saving 131072 bytes of data for memory region at 0x128120000
Saving 868352 bytes of data for memory region at 0x128150000
Saving 5619712 bytes of data for memory region at 0x128228000
Saving 16384 bytes of data for memory region at 0x130228000
Saving 16384 bytes of data for memory region at 0x130460000
Saving 32768 bytes of data for memory region at 0x135e00000
Saving 262144 bytes of data for memory region at 0x138000000
Saving 393216 bytes of data for memory region at 0x145e00000
Saving 32768 bytes of data for memory region at 0x145f00000
Saving 475136 bytes of data for memory region at 0x146000000
Saving 1916928 bytes of data for memory region at 0x146800000
Saving 1212416 bytes of data for memory region at 0x147000000
Saving 180224 bytes of data for memory region at 0x147200000
Saving 1441792 bytes of data for memory region at 0x147300000
Saving 16384 bytes of data for memory region at 0x1474fc000
Saving 393216 bytes of data for memory region at 0x147800000
Saving 32768 bytes of data for memory region at 0x148000000
Saving 983040 bytes of data for memory region at 0x148348000
Saving 360448 bytes of data for memory region at 0x1484c8000
Saving 4423680 bytes of data for memory region at 0x148d28000
Saving 1490944 bytes of data for memory region at 0x149328000
Saving 16384 bytes of data for memory region at 0x150000000
Saving 376832 bytes of data for memory region at 0x150008000
Saving 360448 bytes of data for memory region at 0x158000000
Saving 212992 bytes of data for memory region at 0x1581f8000
Saving 245760 bytes of data for memory region at 0x158230000
Saving 16384 bytes of data for memory region at 0x160000000
Saving 65536 bytes of data for memory region at 0x16f310000
Saving 131072 bytes of data for memory region at 0x16f508000
Saving 16384 bytes of data for memory region at 0x16f730000
Saving 16384 bytes of data for memory region at 0x16f93c000
Saving 32768 bytes of data for memory region at 0x16fb44000
Saving 16384 bytes of data for memory region at 0x16fbd4000
Saving 16384 bytes of data for memory region at 0x16fde0000
Saving 16384 bytes of data for memory region at 0x16ffec000
Saving 196608 bytes of data for memory region at 0x1701cc000
Saving 196608 bytes of data for memory region at 0x1703d8000
Saving 196608 bytes of data for memory region at 0x1705e4000
Saving 196608 bytes of data for memory region at 0x1707f0000
Saving 81920 bytes of data for memory region at 0x170a18000
Saving 81920 bytes of data for memory region at 0x170c24000
Saving 81920 bytes of data for memory region at 0x170e30000
Saving 81920 bytes of data for memory region at 0x17103c000
Saving 81920 bytes of data for memory region at 0x171248000
Saving 81920 bytes of data for memory region at 0x171454000
Saving 81920 bytes of data for memory region at 0x171660000
Saving 81920 bytes of data for memory region at 0x17186c000
Saving 16384 bytes of data for memory region at 0x171a88000
Saving 16384 bytes of data for memory region at 0x171c94000
Saving 16384 bytes of data for memory region at 0x171ea0000
Saving 16384 bytes of data for memory region at 0x18a9b8000
Saving 32768 bytes of data for memory region at 0x1f52f4000
Saving 32768 bytes of data for memory region at 0x1f5300000
Saving 16384 bytes of data for memory region at 0x1f53a4000
Saving 16384 bytes of data for memory region at 0x1f53b4000
Saving 16384 bytes of data for memory region at 0x1f53c0000
Saving 16384 bytes of data for memory region at 0x1f53c8000
Saving 16384 bytes of data for memory region at 0x1f53e0000
Saving 16384 bytes of data for memory region at 0x1f5414000
Saving 49152 bytes of data for memory region at 0x1f78b8000
Saving 32768 bytes of data for memory region at 0x1f78dc000
Saving 147456 bytes of data for memory region at 0x1f7b84000
Saving 16384 bytes of data for memory region at 0x1f7bac000
Saving 16384 bytes of data for memory region at 0x1f7bbc000
Saving 32768 bytes of data for memory region at 0x1f7bc4000
Saving 147456 bytes of data for memory region at 0x1f7bd0000
Saving 16384 bytes of data for memory region at 0x27d33c000
Saving 16384 bytes of data for memory region at 0x280548000
Saving 16384 bytes of data for memory region at 0x2d7328000
Saving 16384 bytes of data for memory region at 0x2edfa0000
Saving 16384 bytes of data for memory region at 0x2ee4f4000
Saving 16384 bytes of data for memory region at 0x355468000
Saving 212992 bytes of data for memory region at 0x7100000000
Saving 16384 bytes of data for memory region at 0xfa2f5b38000
Saving 16384 bytes of data for memory region at 0xfa2f5b3c000
Saving 16384 bytes of data for memory region at 0x17abb3da0000
Saving 16384 bytes of data for memory region at 0x17abb3da4000
Saving 16384 bytes of data for memory region at 0x17b223644000
Saving 16384 bytes of data for memory region at 0x17b223648000
Saving 16384 bytes of data for memory region at 0x1a7e95880000
Saving 16384 bytes of data for memory region at 0x1a7e95884000
Saving 16384 bytes of data for memory region at 0x1c2488044000
Saving 16384 bytes of data for memory region at 0x1c2488048000
Saving 16384 bytes of data for memory region at 0x1e3bede54000
Saving 16384 bytes of data for memory region at 0x1e3bede58000
Saving 16384 bytes of data for memory region at 0x3020072f0000
Saving 16384 bytes of data for memory region at 0x3020072f4000
Saving 16384 bytes of data for memory region at 0x439dd1b94000
Saving 16384 bytes of data for memory region at 0x439dd1b98000
Saving 16384 bytes of data for memory region at 0x442ec70a0000
Saving 16384 bytes of data for memory region at 0x442ec70a4000
Saving 16384 bytes of data for memory region at 0x4ade56494000
Saving 16384 bytes of data for memory region at 0x4ade56498000
Saving 16384 bytes of data for memory region at 0x4ca2f4a94000
Saving 16384 bytes of data for memory region at 0x4ca2f4a98000
Saving 16384 bytes of data for memory region at 0x64d873650000
Saving 16384 bytes of data for memory region at 0x64d873654000

Modified-memory or stack-memory only corefile created.  This corefile may 
not show library/framework/app binaries on a different system, or when 
those binaries have been updated/modified. Copies are not included
in this corefile.  Use --style full to include all process memory.
(lldb) detach
Process 8177 detached
