frame pointers: enforced
cargo fmt --all -- --check
    Finished `dev` profile [unoptimized + debuginfo] target(s) in 0.18s
cargo deny check licenses bans sources
warning[duplicate]: found 2 duplicate entries for crate 'base64'
   ┌─ /Volumes/CaseSensitive/carrick/.worktrees/codex-hybrid-kernel/Cargo.lock:19:1
   │  
19 │ ╭ base64 0.13.1 registry+https://github.com/rust-lang/crates.io-index
20 │ │ base64 0.22.1 registry+https://github.com/rust-lang/crates.io-index
   │ ╰───────────────────────────────────────────────────────────────────┘ lock entries
   │  
   ├ base64 v0.13.1
     └── jwt v0.16.0
         └── oci-client v0.15.0
             ├── carrick-image v0.1.0
             │   ├── carrick-cli v0.1.0
             │   ├── carrick-engine v0.1.0
             │   │   └── carrick-cli v0.1.0 (*)
             │   └── (dev) carrick-runtime v0.1.0
             │       ├── carrick-cli v0.1.0 (*)
             │       └── carrick-engine v0.1.0 (*)
             ├── carrick-runtime v0.1.0 (*)
             └── carrick-spec v0.1.0
                 ├── carrick-cli v0.1.0 (*)
                 ├── carrick-engine v0.1.0 (*)
                 ├── carrick-image v0.1.0 (*)
                 └── carrick-runtime v0.1.0 (*)
   ├ base64 v0.22.1
     ├── bollard v0.18.1
     │   └── (dev) carrick-cli v0.1.0
     ├── carrick-cli v0.1.0 (*)
     ├── carrick-image v0.1.0
     │   ├── carrick-cli v0.1.0 (*)
     │   ├── carrick-engine v0.1.0
     │   │   └── carrick-cli v0.1.0 (*)
     │   └── (dev) carrick-runtime v0.1.0
     │       ├── carrick-cli v0.1.0 (*)
     │       └── carrick-engine v0.1.0 (*)
     ├── hyper-util v0.1.20
     │   ├── bollard v0.18.1 (*)
     │   ├── carrick-cli v0.1.0 (*)
     │   ├── hyper-named-pipe v0.1.0
     │   │   └── bollard v0.18.1 (*)
     │   ├── hyper-rustls v0.27.9
     │   │   └── reqwest v0.12.28
     │   │       └── oci-client v0.15.0
     │   │           ├── carrick-image v0.1.0 (*)
     │   │           ├── carrick-runtime v0.1.0 (*)
     │   │           └── carrick-spec v0.1.0
     │   │               ├── carrick-cli v0.1.0 (*)
     │   │               ├── carrick-engine v0.1.0 (*)
     │   │               ├── carrick-image v0.1.0 (*)
     │   │               └── carrick-runtime v0.1.0 (*)
     │   ├── hyperlocal v0.9.1
     │   │   └── bollard v0.18.1 (*)
     │   └── reqwest v0.12.28 (*)
     └── reqwest v0.12.28 (*)

warning[duplicate]: found 2 duplicate entries for crate 'bitflags'
   ┌─ /Volumes/CaseSensitive/carrick/.worktrees/codex-hybrid-kernel/Cargo.lock:26:1
   │  
26 │ ╭ bitflags 1.3.2 registry+https://github.com/rust-lang/crates.io-index
27 │ │ bitflags 2.11.1 registry+https://github.com/rust-lang/crates.io-index
   │ ╰─────────────────────────────────────────────────────────────────────┘ lock entries
   │  
   ├ bitflags v1.3.2
     ├── vmm-sys-util v0.14.0
     │   ├── kvm-bindings v0.12.1
     │   │   ├── carrick-vmm-kvm v0.1.0
     │   │   └── kvm-ioctls v0.22.1
     │   │       └── carrick-vmm-kvm v0.1.0 (*)
     │   └── kvm-ioctls v0.22.1 (*)
     └── vmm-sys-util v0.15.0
         └── carrick-vmm-kvm v0.1.0 (*)
   ├ bitflags v2.11.1
     ├── bindgen v0.72.1
     │   └── (build) bad64-sys v0.10.0
     │       └── bad64 v0.12.0
     │           ├── carrick-dsr-aarch64 v0.1.0
     │           │   ├── carrick-native-darwin v0.1.0
     │           │   │   └── carrick-runtime v0.1.0
     │           │   │       ├── carrick-cli v0.1.0
     │           │   │       └── carrick-engine v0.1.0
     │           │   │           └── carrick-cli v0.1.0 (*)
     │           │   └── (dev) carrick-runtime v0.1.0 (*)
     │           ├── carrick-native-darwin v0.1.0 (*)
     │           └── (dev) carrick-runtime v0.1.0 (*)
     ├── carrick-aarch64 v0.1.0
     │   ├── carrick-vmm-hvf v0.1.0
     │   │   ├── carrick-cli v0.1.0 (*)
     │   │   └── carrick-runtime v0.1.0 (*)
     │   └── carrick-vmm-kvm v0.1.0
     ├── carrick-abi v0.1.0
     │   ├── carrick-aarch64 v0.1.0 (*)
     │   ├── carrick-dsr v0.1.0
     │   │   ├── carrick-dsr-aarch64 v0.1.0 (*)
     │   │   ├── (dev) carrick-dsr-x86 v0.1.0
     │   │   │   └── carrick-runtime v0.1.0 (*)
     │   │   ├── carrick-native-darwin v0.1.0 (*)
     │   │   ├── carrick-native-freebsd v0.1.0
     │   │   │   ├── (dev) carrick-dsr-x86 v0.1.0 (*)
     │   │   │   └── carrick-runtime v0.1.0 (*)
     │   │   ├── carrick-native-netbsd v0.1.0
     │   │   │   └── carrick-runtime v0.1.0 (*)
     │   │   └── (dev) carrick-runtime v0.1.0 (*)
     │   ├── carrick-dsr-aarch64 v0.1.0 (*)
     │   ├── carrick-dsr-x86 v0.1.0 (*)
     │   ├── carrick-hal v0.1.0
     │   │   ├── carrick-aarch64 v0.1.0 (*)
     │   │   ├── carrick-host-bsd v0.1.0
     │   │   │   ├── carrick-cli v0.1.0 (*)
     │   │   │   ├── carrick-runtime v0.1.0 (*)
     │   │   │   ├── carrick-vmm-bhyve v0.1.0
     │   │   │   ├── carrick-vmm-hvf v0.1.0 (*)
     │   │   │   └── carrick-vmm-nvmm v0.1.0
     │   │   ├── carrick-host-linux v0.1.0
     │   │   ├── carrick-native-freebsd v0.1.0 (*)
     │   │   ├── carrick-native-netbsd v0.1.0 (*)
     │   │   ├── carrick-runtime v0.1.0 (*)
     │   │   ├── carrick-thread v0.1.0
     │   │   │   ├── carrick-native-freebsd v0.1.0 (*)
     │   │   │   ├── carrick-native-netbsd v0.1.0 (*)
     │   │   │   ├── carrick-runtime v0.1.0 (*)
     │   │   │   ├── carrick-vmm-bhyve v0.1.0 (*)
     │   │   │   ├── carrick-vmm-hvf v0.1.0 (*)
     │   │   │   ├── carrick-vmm-kvm v0.1.0 (*)
     │   │   │   └── carrick-vmm-nvmm v0.1.0 (*)
     │   │   ├── carrick-vmm-bhyve v0.1.0 (*)
     │   │   ├── carrick-vmm-hvf v0.1.0 (*)
     │   │   ├── carrick-vmm-kvm v0.1.0 (*)
     │   │   ├── carrick-vmm-nvmm v0.1.0 (*)
     │   │   └── carrick-x86 v0.1.0
     │   │       ├── carrick-vmm-bhyve v0.1.0 (*)
     │   │       ├── carrick-vmm-kvm v0.1.0 (*)
     │   │       └── carrick-vmm-nvmm v0.1.0 (*)
     │   ├── carrick-host-bsd v0.1.0 (*)
     │   ├── carrick-host-linux v0.1.0 (*)
     │   ├── carrick-mem v0.1.0
     │   │   ├── carrick-aarch64 v0.1.0 (*)
     │   │   ├── carrick-dsr v0.1.0 (*)
     │   │   ├── carrick-dsr-aarch64 v0.1.0 (*)
     │   │   ├── carrick-hal v0.1.0 (*)
     │   │   ├── carrick-runtime v0.1.0 (*)
     │   │   ├── carrick-vmm-bhyve v0.1.0 (*)
     │   │   ├── carrick-vmm-hvf v0.1.0 (*)
     │   │   ├── carrick-vmm-kvm v0.1.0 (*)
     │   │   ├── carrick-vmm-nvmm v0.1.0 (*)
     │   │   └── carrick-x86 v0.1.0 (*)
     │   ├── carrick-native-freebsd v0.1.0 (*)
     │   ├── carrick-native-netbsd v0.1.0 (*)
     │   ├── carrick-observability v0.1.0
     │   │   ├── carrick-aarch64 v0.1.0 (*)
     │   │   ├── carrick-native-darwin v0.1.0 (*)
     │   │   ├── carrick-runtime v0.1.0 (*)
     │   │   ├── carrick-thread v0.1.0 (*)
     │   │   └── carrick-vmm-hvf v0.1.0 (*)
     │   ├── carrick-runtime v0.1.0 (*)
     │   ├── carrick-signal-core v0.1.0
     │   │   ├── carrick-hal v0.1.0 (*)
     │   │   ├── carrick-host-bsd v0.1.0 (*)
     │   │   ├── carrick-runtime v0.1.0 (*)
     │   │   ├── carrick-vmm-bhyve v0.1.0 (*)
     │   │   ├── carrick-vmm-hvf v0.1.0 (*)
     │   │   ├── carrick-vmm-kvm v0.1.0 (*)
     │   │   └── carrick-vmm-nvmm v0.1.0 (*)
     │   ├── carrick-thread v0.1.0 (*)
     │   ├── carrick-timer-core v0.1.0
     │   │   ├── carrick-hal v0.1.0 (*)
     │   │   ├── carrick-runtime v0.1.0 (*)
     │   │   ├── carrick-vmm-bhyve v0.1.0 (*)
     │   │   ├── carrick-vmm-hvf v0.1.0 (*)
     │   │   ├── carrick-vmm-kvm v0.1.0 (*)
     │   │   └── carrick-vmm-nvmm v0.1.0 (*)
     │   ├── carrick-vmm-bhyve v0.1.0 (*)
     │   ├── carrick-vmm-hvf v0.1.0 (*)
     │   ├── carrick-vmm-kvm v0.1.0 (*)
     │   ├── carrick-vmm-nvmm v0.1.0 (*)
     │   └── carrick-x86 v0.1.0 (*)
     ├── carrick-runtime v0.1.0 (*)
     ├── carrick-vmm-bhyve v0.1.0 (*)
     ├── carrick-x86 v0.1.0 (*)
     ├── dynasm v5.0.0
     │   └── dynasmrt v5.0.0
     │       ├── carrick-dsr-aarch64 v0.1.0 (*)
     │       └── (dev) carrick-runtime v0.1.0 (*)
     ├── kvm-ioctls v0.22.1
     │   └── carrick-vmm-kvm v0.1.0 (*)
     ├── proptest v1.11.0
     │   ├── (dev) carrick-dsr v0.1.0 (*)
     │   └── (dev) carrick-runtime v0.1.0 (*)
     ├── redox_syscall v0.5.18
     │   └── parking_lot_core v0.9.12
     │       ├── carrick-runtime v0.1.0 (*)
     │       ├── carrick-thread v0.1.0 (*)
     │       ├── carrick-vmm-hvf v0.1.0 (*)
     │       └── parking_lot v0.12.5
     │           ├── carrick-dsr v0.1.0 (*)
     │           ├── carrick-dsr-aarch64 v0.1.0 (*)
     │           ├── carrick-guest-mem v0.1.0
     │           │   ├── carrick-aarch64 v0.1.0 (*)
     │           │   ├── carrick-dsr v0.1.0 (*)
     │           │   ├── carrick-dsr-aarch64 v0.1.0 (*)
     │           │   ├── carrick-dsr-x86 v0.1.0 (*)
     │           │   ├── carrick-hal v0.1.0 (*)
     │           │   ├── carrick-mem v0.1.0 (*)
     │           │   ├── carrick-native-darwin v0.1.0 (*)
     │           │   ├── carrick-observability v0.1.0 (*)
     │           │   ├── carrick-runtime v0.1.0 (*)
     │           │   ├── carrick-spec v0.1.0
     │           │   │   ├── carrick-cli v0.1.0 (*)
     │           │   │   ├── carrick-engine v0.1.0 (*)
     │           │   │   ├── carrick-image v0.1.0
     │           │   │   │   ├── carrick-cli v0.1.0 (*)
     │           │   │   │   ├── carrick-engine v0.1.0 (*)
     │           │   │   │   └── (dev) carrick-runtime v0.1.0 (*)
     │           │   │   └── carrick-runtime v0.1.0 (*)
     │           │   ├── carrick-vmm-bhyve v0.1.0 (*)
     │           │   ├── carrick-vmm-hvf v0.1.0 (*)
     │           │   ├── carrick-vmm-kvm v0.1.0 (*)
     │           │   ├── carrick-vmm-nvmm v0.1.0 (*)
     │           │   └── carrick-x86 v0.1.0 (*)
     │           ├── carrick-mem v0.1.0 (*)
     │           ├── carrick-observability v0.1.0 (*)
     │           ├── carrick-runtime v0.1.0 (*)
     │           ├── carrick-thread v0.1.0 (*)
     │           └── carrick-vmm-hvf v0.1.0 (*)
     ├── rustix v1.1.4
     │   ├── cap-primitives v4.0.2
     │   │   └── cap-std v4.0.2
     │   │       └── carrick-runtime v0.1.0 (*)
     │   ├── cap-std v4.0.2 (*)
     │   ├── fd-lock v4.0.4
     │   │   └── carrick-runtime v0.1.0 (*)
     │   ├── fs-set-times v0.20.3
     │   │   └── cap-primitives v4.0.2 (*)
     │   ├── rustix-linux-procfs v0.1.1
     │   │   └── cap-primitives v4.0.2 (*)
     │   └── tempfile v3.27.0
     │       ├── (dev) carrick-cli v0.1.0 (*)
     │       ├── carrick-dsr v0.1.0 (*)
     │       ├── carrick-dsr-aarch64 v0.1.0 (*)
     │       ├── (dev) carrick-dsr-x86 v0.1.0 (*)
     │       ├── (dev) carrick-host v0.1.0
     │       │   ├── carrick-aarch64 v0.1.0 (*)
     │       │   ├── carrick-dsr v0.1.0 (*)
     │       │   ├── carrick-dsr-aarch64 v0.1.0 (*)
     │       │   ├── carrick-host-bsd v0.1.0 (*)
     │       │   ├── carrick-runtime v0.1.0 (*)
     │       │   ├── carrick-timer-core v0.1.0 (*)
     │       │   ├── carrick-vmm-bhyve v0.1.0 (*)
     │       │   ├── carrick-vmm-hvf v0.1.0 (*)
     │       │   ├── carrick-vmm-kvm v0.1.0 (*)
     │       │   ├── carrick-vmm-nvmm v0.1.0 (*)
     │       │   └── carrick-x86 v0.1.0 (*)
     │       ├── (dev) carrick-image v0.1.0 (*)
     │       ├── carrick-native-darwin v0.1.0 (*)
     │       ├── (dev) carrick-native-freebsd v0.1.0 (*)
     │       ├── carrick-observability v0.1.0 (*)
     │       ├── (dev) carrick-portable v0.1.0
     │       │   ├── carrick-dsr v0.1.0 (*)
     │       │   ├── carrick-runtime v0.1.0 (*)
     │       │   └── carrick-timer-core v0.1.0 (*)
     │       ├── (dev) carrick-runtime v0.1.0 (*)
     │       ├── carrick-signal-core v0.1.0 (*)
     │       ├── proptest v1.11.0 (*)
     │       └── rusty-fork v0.3.1
     │           └── proptest v1.11.0 (*)
     ├── tower-http v0.6.10
     │   └── reqwest v0.12.28
     │       └── oci-client v0.15.0
     │           ├── carrick-image v0.1.0 (*)
     │           ├── carrick-runtime v0.1.0 (*)
     │           └── carrick-spec v0.1.0 (*)
     └── winx v0.36.4
         └── cap-primitives v4.0.2 (*)

warning[duplicate]: found 2 duplicate entries for crate 'cpufeatures'
   ┌─ /Volumes/CaseSensitive/carrick/.worktrees/codex-hybrid-kernel/Cargo.lock:85:1
   │  
85 │ ╭ cpufeatures 0.2.17 registry+https://github.com/rust-lang/crates.io-index
86 │ │ cpufeatures 0.3.0 registry+https://github.com/rust-lang/crates.io-index
   │ ╰───────────────────────────────────────────────────────────────────────┘ lock entries
   │  
   ├ cpufeatures v0.2.17
     └── sha2 v0.10.9
         ├── carrick-cli v0.1.0
         ├── carrick-dsr v0.1.0
         │   ├── carrick-dsr-aarch64 v0.1.0
         │   │   ├── carrick-native-darwin v0.1.0
         │   │   │   └── carrick-runtime v0.1.0
         │   │   │       ├── carrick-cli v0.1.0 (*)
         │   │   │       └── carrick-engine v0.1.0
         │   │   │           └── carrick-cli v0.1.0 (*)
         │   │   └── (dev) carrick-runtime v0.1.0 (*)
         │   ├── (dev) carrick-dsr-x86 v0.1.0
         │   │   └── carrick-runtime v0.1.0 (*)
         │   ├── carrick-native-darwin v0.1.0 (*)
         │   ├── carrick-native-freebsd v0.1.0
         │   │   ├── (dev) carrick-dsr-x86 v0.1.0 (*)
         │   │   └── carrick-runtime v0.1.0 (*)
         │   ├── carrick-native-netbsd v0.1.0
         │   │   └── carrick-runtime v0.1.0 (*)
         │   └── (dev) carrick-runtime v0.1.0 (*)
         ├── carrick-dsr-aarch64 v0.1.0 (*)
         ├── carrick-image v0.1.0
         │   ├── carrick-cli v0.1.0 (*)
         │   ├── carrick-engine v0.1.0 (*)
         │   └── (dev) carrick-runtime v0.1.0 (*)
         ├── carrick-native-darwin v0.1.0 (*)
         ├── carrick-observability v0.1.0
         │   ├── carrick-aarch64 v0.1.0
         │   │   ├── carrick-vmm-hvf v0.1.0
         │   │   │   ├── carrick-cli v0.1.0 (*)
         │   │   │   └── carrick-runtime v0.1.0 (*)
         │   │   └── carrick-vmm-kvm v0.1.0
         │   ├── carrick-native-darwin v0.1.0 (*)
         │   ├── carrick-runtime v0.1.0 (*)
         │   ├── carrick-thread v0.1.0
         │   │   ├── carrick-native-freebsd v0.1.0 (*)
         │   │   ├── carrick-native-netbsd v0.1.0 (*)
         │   │   ├── carrick-runtime v0.1.0 (*)
         │   │   ├── carrick-vmm-bhyve v0.1.0
         │   │   ├── carrick-vmm-hvf v0.1.0 (*)
         │   │   ├── carrick-vmm-kvm v0.1.0 (*)
         │   │   └── carrick-vmm-nvmm v0.1.0
         │   └── carrick-vmm-hvf v0.1.0 (*)
         ├── carrick-runtime v0.1.0 (*)
         ├── jwt v0.16.0
         │   └── oci-client v0.15.0
         │       ├── carrick-image v0.1.0 (*)
         │       ├── carrick-runtime v0.1.0 (*)
         │       └── carrick-spec v0.1.0
         │           ├── carrick-cli v0.1.0 (*)
         │           ├── carrick-engine v0.1.0 (*)
         │           ├── carrick-image v0.1.0 (*)
         │           └── carrick-runtime v0.1.0 (*)
         ├── oci-client v0.15.0 (*)
         └── (build) pest_meta v2.8.6
             └── pest_generator v2.8.6
                 └── pest_derive v2.8.6
                     └── dtrace-parser v0.3.0
                         ├── usdt-attr-macro v0.6.0
                         │   └── usdt v0.6.0
                         │       ├── carrick-observability v0.1.0 (*)
                         │       └── carrick-vmm-hvf v0.1.0 (*)
                         ├── usdt-impl v0.6.0
                         │   ├── usdt v0.6.0 (*)
                         │   ├── usdt-attr-macro v0.6.0 (*)
                         │   └── usdt-macro v0.6.0
                         │       └── usdt v0.6.0 (*)
                         └── usdt-macro v0.6.0 (*)
   ├ cpufeatures v0.3.0
     └── chacha20 v0.10.1
         └── rand v0.10.1
             └── hickory-proto v0.26.1
                 └── carrick-runtime v0.1.0
                     ├── carrick-cli v0.1.0
                     └── carrick-engine v0.1.0
                         └── carrick-cli v0.1.0 (*)

warning[duplicate]: found 3 duplicate entries for crate 'getrandom'
    ┌─ /Volumes/CaseSensitive/carrick/.worktrees/codex-hybrid-kernel/Cargo.lock:126:1
    │  
126 │ ╭ getrandom 0.2.17 registry+https://github.com/rust-lang/crates.io-index
127 │ │ getrandom 0.3.4 registry+https://github.com/rust-lang/crates.io-index
128 │ │ getrandom 0.4.2 registry+https://github.com/rust-lang/crates.io-index
    │ ╰─────────────────────────────────────────────────────────────────────┘ lock entries
    │  
    ├ getrandom v0.2.17
      └── ring v0.17.14
          ├── rustls v0.23.40
          │   ├── hyper-rustls v0.27.9
          │   │   └── reqwest v0.12.28
          │   │       └── oci-client v0.15.0
          │   │           ├── carrick-image v0.1.0
          │   │           │   ├── carrick-cli v0.1.0
          │   │           │   ├── carrick-engine v0.1.0
          │   │           │   │   └── carrick-cli v0.1.0 (*)
          │   │           │   └── (dev) carrick-runtime v0.1.0
          │   │           │       ├── carrick-cli v0.1.0 (*)
          │   │           │       └── carrick-engine v0.1.0 (*)
          │   │           ├── carrick-runtime v0.1.0 (*)
          │   │           └── carrick-spec v0.1.0
          │   │               ├── carrick-cli v0.1.0 (*)
          │   │               ├── carrick-engine v0.1.0 (*)
          │   │               ├── carrick-image v0.1.0 (*)
          │   │               └── carrick-runtime v0.1.0 (*)
          │   ├── reqwest v0.12.28 (*)
          │   └── tokio-rustls v0.26.4
          │       ├── hyper-rustls v0.27.9 (*)
          │       └── reqwest v0.12.28 (*)
          └── rustls-webpki v0.103.13
              └── rustls v0.23.40 (*)
    ├ getrandom v0.3.4
      ├── carrick-dsr-aarch64 v0.1.0
      │   ├── carrick-native-darwin v0.1.0
      │   │   └── carrick-runtime v0.1.0
      │   │       ├── carrick-cli v0.1.0
      │   │       └── carrick-engine v0.1.0
      │   │           └── carrick-cli v0.1.0 (*)
      │   └── (dev) carrick-runtime v0.1.0 (*)
      ├── carrick-native-darwin v0.1.0 (*)
      ├── carrick-runtime v0.1.0 (*)
      └── rand_core v0.9.5
          ├── rand v0.9.4
          │   ├── carrick-cli v0.1.0 (*)
          │   └── proptest v1.11.0
          │       ├── (dev) carrick-dsr v0.1.0
          │       │   ├── carrick-dsr-aarch64 v0.1.0 (*)
          │       │   ├── (dev) carrick-dsr-x86 v0.1.0
          │       │   │   └── carrick-runtime v0.1.0 (*)
          │       │   ├── carrick-native-darwin v0.1.0 (*)
          │       │   ├── carrick-native-freebsd v0.1.0
          │       │   │   ├── (dev) carrick-dsr-x86 v0.1.0 (*)
          │       │   │   └── carrick-runtime v0.1.0 (*)
          │       │   ├── carrick-native-netbsd v0.1.0
          │       │   │   └── carrick-runtime v0.1.0 (*)
          │       │   └── (dev) carrick-runtime v0.1.0 (*)
          │       └── (dev) carrick-runtime v0.1.0 (*)
          ├── rand_chacha v0.9.0
          │   ├── proptest v1.11.0 (*)
          │   └── rand v0.9.4 (*)
          └── rand_xorshift v0.4.0
              └── proptest v1.11.0 (*)
    ├ getrandom v0.4.2
      ├── jobserver v0.1.35
      │   └── cc v1.2.62
      │       ├── (build) bad64-sys v0.10.0
      │       │   └── bad64 v0.12.0
      │       │       ├── carrick-dsr-aarch64 v0.1.0
      │       │       │   ├── carrick-native-darwin v0.1.0
      │       │       │   │   └── carrick-runtime v0.1.0
      │       │       │   │       ├── carrick-cli v0.1.0
      │       │       │   │       └── carrick-engine v0.1.0
      │       │       │   │           └── carrick-cli v0.1.0 (*)
      │       │       │   └── (dev) carrick-runtime v0.1.0 (*)
      │       │       ├── carrick-native-darwin v0.1.0 (*)
      │       │       └── (dev) carrick-runtime v0.1.0 (*)
      │       ├── (build) carrick-dsr-aarch64 v0.1.0 (*)
      │       ├── (build) carrick-dsr-x86 v0.1.0
      │       │   └── carrick-runtime v0.1.0 (*)
      │       ├── (build) carrick-native-darwin v0.1.0 (*)
      │       ├── (build) carrick-vmm-hvf v0.1.0
      │       │   ├── carrick-cli v0.1.0 (*)
      │       │   └── carrick-runtime v0.1.0 (*)
      │       ├── (build) iana-time-zone-haiku v0.1.2
      │       │   └── iana-time-zone v0.1.65
      │       │       └── chrono v0.4.44
      │       │           ├── carrick-cli v0.1.0 (*)
      │       │           └── oci-client v0.15.0
      │       │               ├── carrick-image v0.1.0
      │       │               │   ├── carrick-cli v0.1.0 (*)
      │       │               │   ├── carrick-engine v0.1.0 (*)
      │       │               │   └── (dev) carrick-runtime v0.1.0 (*)
      │       │               ├── carrick-runtime v0.1.0 (*)
      │       │               └── carrick-spec v0.1.0
      │       │                   ├── carrick-cli v0.1.0 (*)
      │       │                   ├── carrick-engine v0.1.0 (*)
      │       │                   ├── carrick-image v0.1.0 (*)
      │       │                   └── carrick-runtime v0.1.0 (*)
      │       ├── (build) ring v0.17.14
      │       │   ├── rustls v0.23.40
      │       │   │   ├── hyper-rustls v0.27.9
      │       │   │   │   └── reqwest v0.12.28
      │       │   │   │       └── oci-client v0.15.0 (*)
      │       │   │   ├── reqwest v0.12.28 (*)
      │       │   │   └── tokio-rustls v0.26.4
      │       │   │       ├── hyper-rustls v0.27.9 (*)
      │       │   │       └── reqwest v0.12.28 (*)
      │       │   └── rustls-webpki v0.103.13
      │       │       └── rustls v0.23.40 (*)
      │       └── (build) sha2-asm v0.6.4
      │           └── sha2 v0.10.9
      │               ├── carrick-cli v0.1.0 (*)
      │               ├── carrick-dsr v0.1.0
      │               │   ├── carrick-dsr-aarch64 v0.1.0 (*)
      │               │   ├── (dev) carrick-dsr-x86 v0.1.0 (*)
      │               │   ├── carrick-native-darwin v0.1.0 (*)
      │               │   ├── carrick-native-freebsd v0.1.0
      │               │   │   ├── (dev) carrick-dsr-x86 v0.1.0 (*)
      │               │   │   └── carrick-runtime v0.1.0 (*)
      │               │   ├── carrick-native-netbsd v0.1.0
      │               │   │   └── carrick-runtime v0.1.0 (*)
      │               │   └── (dev) carrick-runtime v0.1.0 (*)
      │               ├── carrick-dsr-aarch64 v0.1.0 (*)
      │               ├── carrick-image v0.1.0 (*)
      │               ├── carrick-native-darwin v0.1.0 (*)
      │               ├── carrick-observability v0.1.0
      │               │   ├── carrick-aarch64 v0.1.0
      │               │   │   ├── carrick-vmm-hvf v0.1.0 (*)
      │               │   │   └── carrick-vmm-kvm v0.1.0
      │               │   ├── carrick-native-darwin v0.1.0 (*)
      │               │   ├── carrick-runtime v0.1.0 (*)
      │               │   ├── carrick-thread v0.1.0
      │               │   │   ├── carrick-native-freebsd v0.1.0 (*)
      │               │   │   ├── carrick-native-netbsd v0.1.0 (*)
      │               │   │   ├── carrick-runtime v0.1.0 (*)
      │               │   │   ├── carrick-vmm-bhyve v0.1.0
      │               │   │   ├── carrick-vmm-hvf v0.1.0 (*)
      │               │   │   ├── carrick-vmm-kvm v0.1.0 (*)
      │               │   │   └── carrick-vmm-nvmm v0.1.0
      │               │   └── carrick-vmm-hvf v0.1.0 (*)
      │               ├── carrick-runtime v0.1.0 (*)
      │               ├── jwt v0.16.0
      │               │   └── oci-client v0.15.0 (*)
      │               ├── oci-client v0.15.0 (*)
      │               └── (build) pest_meta v2.8.6
      │                   └── pest_generator v2.8.6
      │                       └── pest_derive v2.8.6
      │                           └── dtrace-parser v0.3.0
      │                               ├── usdt-attr-macro v0.6.0
      │                               │   └── usdt v0.6.0
      │                               │       ├── carrick-observability v0.1.0 (*)
      │                               │       └── carrick-vmm-hvf v0.1.0 (*)
      │                               ├── usdt-impl v0.6.0
      │                               │   ├── usdt v0.6.0 (*)
      │                               │   ├── usdt-attr-macro v0.6.0 (*)
      │                               │   └── usdt-macro v0.6.0
      │                               │       └── usdt v0.6.0 (*)
      │                               └── usdt-macro v0.6.0 (*)
      ├── rand v0.10.1
      │   └── hickory-proto v0.26.1
      │       └── carrick-runtime v0.1.0 (*)
      └── tempfile v3.27.0
          ├── (dev) carrick-cli v0.1.0 (*)
          ├── carrick-dsr v0.1.0 (*)
          ├── carrick-dsr-aarch64 v0.1.0 (*)
          ├── (dev) carrick-dsr-x86 v0.1.0 (*)
          ├── (dev) carrick-host v0.1.0
          │   ├── carrick-aarch64 v0.1.0 (*)
          │   ├── carrick-dsr v0.1.0 (*)
          │   ├── carrick-dsr-aarch64 v0.1.0 (*)
          │   ├── carrick-host-bsd v0.1.0
          │   │   ├── carrick-cli v0.1.0 (*)
          │   │   ├── carrick-runtime v0.1.0 (*)
          │   │   ├── carrick-vmm-bhyve v0.1.0 (*)
          │   │   ├── carrick-vmm-hvf v0.1.0 (*)
          │   │   └── carrick-vmm-nvmm v0.1.0 (*)
          │   ├── carrick-runtime v0.1.0 (*)
          │   ├── carrick-timer-core v0.1.0
          │   │   ├── carrick-hal v0.1.0
          │   │   │   ├── carrick-aarch64 v0.1.0 (*)
          │   │   │   ├── carrick-host-bsd v0.1.0 (*)
          │   │   │   ├── carrick-host-linux v0.1.0
          │   │   │   ├── carrick-native-freebsd v0.1.0 (*)
          │   │   │   ├── carrick-native-netbsd v0.1.0 (*)
          │   │   │   ├── carrick-runtime v0.1.0 (*)
          │   │   │   ├── carrick-thread v0.1.0 (*)
          │   │   │   ├── carrick-vmm-bhyve v0.1.0 (*)
          │   │   │   ├── carrick-vmm-hvf v0.1.0 (*)
          │   │   │   ├── carrick-vmm-kvm v0.1.0 (*)
          │   │   │   ├── carrick-vmm-nvmm v0.1.0 (*)
          │   │   │   └── carrick-x86 v0.1.0
          │   │   │       ├── carrick-vmm-bhyve v0.1.0 (*)
          │   │   │       ├── carrick-vmm-kvm v0.1.0 (*)
          │   │   │       └── carrick-vmm-nvmm v0.1.0 (*)
          │   │   ├── carrick-runtime v0.1.0 (*)
          │   │   ├── carrick-vmm-bhyve v0.1.0 (*)
          │   │   ├── carrick-vmm-hvf v0.1.0 (*)
          │   │   ├── carrick-vmm-kvm v0.1.0 (*)
          │   │   └── carrick-vmm-nvmm v0.1.0 (*)
          │   ├── carrick-vmm-bhyve v0.1.0 (*)
          │   ├── carrick-vmm-hvf v0.1.0 (*)
          │   ├── carrick-vmm-kvm v0.1.0 (*)
          │   ├── carrick-vmm-nvmm v0.1.0 (*)
          │   └── carrick-x86 v0.1.0 (*)
          ├── (dev) carrick-image v0.1.0 (*)
          ├── carrick-native-darwin v0.1.0 (*)
          ├── (dev) carrick-native-freebsd v0.1.0 (*)
          ├── carrick-observability v0.1.0 (*)
          ├── (dev) carrick-portable v0.1.0
          │   ├── carrick-dsr v0.1.0 (*)
          │   ├── carrick-runtime v0.1.0 (*)
          │   └── carrick-timer-core v0.1.0 (*)
          ├── (dev) carrick-runtime v0.1.0 (*)
          ├── carrick-signal-core v0.1.0
          │   ├── carrick-hal v0.1.0 (*)
          │   ├── carrick-host-bsd v0.1.0 (*)
          │   ├── carrick-runtime v0.1.0 (*)
          │   ├── carrick-vmm-bhyve v0.1.0 (*)
          │   ├── carrick-vmm-hvf v0.1.0 (*)
          │   ├── carrick-vmm-kvm v0.1.0 (*)
          │   └── carrick-vmm-nvmm v0.1.0 (*)
          ├── proptest v1.11.0
          │   ├── (dev) carrick-dsr v0.1.0 (*)
          │   └── (dev) carrick-runtime v0.1.0 (*)
          └── rusty-fork v0.3.1
              └── proptest v1.11.0 (*)

warning[duplicate]: found 2 duplicate entries for crate 'io-lifetimes'
    ┌─ /Volumes/CaseSensitive/carrick/.worktrees/codex-hybrid-kernel/Cargo.lock:163:1
    │  
163 │ ╭ io-lifetimes 2.0.4 registry+https://github.com/rust-lang/crates.io-index
164 │ │ io-lifetimes 3.0.1 registry+https://github.com/rust-lang/crates.io-index
    │ ╰────────────────────────────────────────────────────────────────────────┘ lock entries
    │  
    ├ io-lifetimes v2.0.4
      └── fs-set-times v0.20.3
          └── cap-primitives v4.0.2
              └── cap-std v4.0.2
                  └── carrick-runtime v0.1.0
                      ├── carrick-cli v0.1.0
                      └── carrick-engine v0.1.0
                          └── carrick-cli v0.1.0 (*)
    ├ io-lifetimes v3.0.1
      ├── cap-primitives v4.0.2
      │   └── cap-std v4.0.2
      │       └── carrick-runtime v0.1.0
      │           ├── carrick-cli v0.1.0
      │           └── carrick-engine v0.1.0
      │               └── carrick-cli v0.1.0 (*)
      ├── cap-std v4.0.2 (*)
      └── io-extras v0.19.0
          ├── cap-primitives v4.0.2 (*)
          └── cap-std v4.0.2 (*)

warning[duplicate]: found 2 duplicate entries for crate 'r-efi'
    ┌─ /Volumes/CaseSensitive/carrick/.worktrees/codex-hybrid-kernel/Cargo.lock:228:1
    │  
228 │ ╭ r-efi 5.3.0 registry+https://github.com/rust-lang/crates.io-index
229 │ │ r-efi 6.0.0 registry+https://github.com/rust-lang/crates.io-index
    │ ╰─────────────────────────────────────────────────────────────────┘ lock entries
    │  
    ├ r-efi v5.3.0
      └── getrandom v0.3.4
          ├── carrick-dsr-aarch64 v0.1.0
          │   ├── carrick-native-darwin v0.1.0
          │   │   └── carrick-runtime v0.1.0
          │   │       ├── carrick-cli v0.1.0
          │   │       └── carrick-engine v0.1.0
          │   │           └── carrick-cli v0.1.0 (*)
          │   └── (dev) carrick-runtime v0.1.0 (*)
          ├── carrick-native-darwin v0.1.0 (*)
          ├── carrick-runtime v0.1.0 (*)
          └── rand_core v0.9.5
              ├── rand v0.9.4
              │   ├── carrick-cli v0.1.0 (*)
              │   └── proptest v1.11.0
              │       ├── (dev) carrick-dsr v0.1.0
              │       │   ├── carrick-dsr-aarch64 v0.1.0 (*)
              │       │   ├── (dev) carrick-dsr-x86 v0.1.0
              │       │   │   └── carrick-runtime v0.1.0 (*)
              │       │   ├── carrick-native-darwin v0.1.0 (*)
              │       │   ├── carrick-native-freebsd v0.1.0
              │       │   │   ├── (dev) carrick-dsr-x86 v0.1.0 (*)
              │       │   │   └── carrick-runtime v0.1.0 (*)
              │       │   ├── carrick-native-netbsd v0.1.0
              │       │   │   └── carrick-runtime v0.1.0 (*)
              │       │   └── (dev) carrick-runtime v0.1.0 (*)
              │       └── (dev) carrick-runtime v0.1.0 (*)
              ├── rand_chacha v0.9.0
              │   ├── proptest v1.11.0 (*)
              │   └── rand v0.9.4 (*)
              └── rand_xorshift v0.4.0
                  └── proptest v1.11.0 (*)
    ├ r-efi v6.0.0
      └── getrandom v0.4.2
          ├── jobserver v0.1.35
          │   └── cc v1.2.62
          │       ├── (build) bad64-sys v0.10.0
          │       │   └── bad64 v0.12.0
          │       │       ├── carrick-dsr-aarch64 v0.1.0
          │       │       │   ├── carrick-native-darwin v0.1.0
          │       │       │   │   └── carrick-runtime v0.1.0
          │       │       │   │       ├── carrick-cli v0.1.0
          │       │       │   │       └── carrick-engine v0.1.0
          │       │       │   │           └── carrick-cli v0.1.0 (*)
          │       │       │   └── (dev) carrick-runtime v0.1.0 (*)
          │       │       ├── carrick-native-darwin v0.1.0 (*)
          │       │       └── (dev) carrick-runtime v0.1.0 (*)
          │       ├── (build) carrick-dsr-aarch64 v0.1.0 (*)
          │       ├── (build) carrick-dsr-x86 v0.1.0
          │       │   └── carrick-runtime v0.1.0 (*)
          │       ├── (build) carrick-native-darwin v0.1.0 (*)
          │       ├── (build) carrick-vmm-hvf v0.1.0
          │       │   ├── carrick-cli v0.1.0 (*)
          │       │   └── carrick-runtime v0.1.0 (*)
          │       ├── (build) iana-time-zone-haiku v0.1.2
          │       │   └── iana-time-zone v0.1.65
          │       │       └── chrono v0.4.44
          │       │           ├── carrick-cli v0.1.0 (*)
          │       │           └── oci-client v0.15.0
          │       │               ├── carrick-image v0.1.0
          │       │               │   ├── carrick-cli v0.1.0 (*)
          │       │               │   ├── carrick-engine v0.1.0 (*)
          │       │               │   └── (dev) carrick-runtime v0.1.0 (*)
          │       │               ├── carrick-runtime v0.1.0 (*)
          │       │               └── carrick-spec v0.1.0
          │       │                   ├── carrick-cli v0.1.0 (*)
          │       │                   ├── carrick-engine v0.1.0 (*)
          │       │                   ├── carrick-image v0.1.0 (*)
          │       │                   └── carrick-runtime v0.1.0 (*)
          │       ├── (build) ring v0.17.14
          │       │   ├── rustls v0.23.40
          │       │   │   ├── hyper-rustls v0.27.9
          │       │   │   │   └── reqwest v0.12.28
          │       │   │   │       └── oci-client v0.15.0 (*)
          │       │   │   ├── reqwest v0.12.28 (*)
          │       │   │   └── tokio-rustls v0.26.4
          │       │   │       ├── hyper-rustls v0.27.9 (*)
          │       │   │       └── reqwest v0.12.28 (*)
          │       │   └── rustls-webpki v0.103.13
          │       │       └── rustls v0.23.40 (*)
          │       └── (build) sha2-asm v0.6.4
          │           └── sha2 v0.10.9
          │               ├── carrick-cli v0.1.0 (*)
          │               ├── carrick-dsr v0.1.0
          │               │   ├── carrick-dsr-aarch64 v0.1.0 (*)
          │               │   ├── (dev) carrick-dsr-x86 v0.1.0 (*)
          │               │   ├── carrick-native-darwin v0.1.0 (*)
          │               │   ├── carrick-native-freebsd v0.1.0
          │               │   │   ├── (dev) carrick-dsr-x86 v0.1.0 (*)
          │               │   │   └── carrick-runtime v0.1.0 (*)
          │               │   ├── carrick-native-netbsd v0.1.0
          │               │   │   └── carrick-runtime v0.1.0 (*)
          │               │   └── (dev) carrick-runtime v0.1.0 (*)
          │               ├── carrick-dsr-aarch64 v0.1.0 (*)
          │               ├── carrick-image v0.1.0 (*)
          │               ├── carrick-native-darwin v0.1.0 (*)
          │               ├── carrick-observability v0.1.0
          │               │   ├── carrick-aarch64 v0.1.0
          │               │   │   ├── carrick-vmm-hvf v0.1.0 (*)
          │               │   │   └── carrick-vmm-kvm v0.1.0
          │               │   ├── carrick-native-darwin v0.1.0 (*)
          │               │   ├── carrick-runtime v0.1.0 (*)
          │               │   ├── carrick-thread v0.1.0
          │               │   │   ├── carrick-native-freebsd v0.1.0 (*)
          │               │   │   ├── carrick-native-netbsd v0.1.0 (*)
          │               │   │   ├── carrick-runtime v0.1.0 (*)
          │               │   │   ├── carrick-vmm-bhyve v0.1.0
          │               │   │   ├── carrick-vmm-hvf v0.1.0 (*)
          │               │   │   ├── carrick-vmm-kvm v0.1.0 (*)
          │               │   │   └── carrick-vmm-nvmm v0.1.0
          │               │   └── carrick-vmm-hvf v0.1.0 (*)
          │               ├── carrick-runtime v0.1.0 (*)
          │               ├── jwt v0.16.0
          │               │   └── oci-client v0.15.0 (*)
          │               ├── oci-client v0.15.0 (*)
          │               └── (build) pest_meta v2.8.6
          │                   └── pest_generator v2.8.6
          │                       └── pest_derive v2.8.6
          │                           └── dtrace-parser v0.3.0
          │                               ├── usdt-attr-macro v0.6.0
          │                               │   └── usdt v0.6.0
          │                               │       ├── carrick-observability v0.1.0 (*)
          │                               │       └── carrick-vmm-hvf v0.1.0 (*)
          │                               ├── usdt-impl v0.6.0
          │                               │   ├── usdt v0.6.0 (*)
          │                               │   ├── usdt-attr-macro v0.6.0 (*)
          │                               │   └── usdt-macro v0.6.0
          │                               │       └── usdt v0.6.0 (*)
          │                               └── usdt-macro v0.6.0 (*)
          ├── rand v0.10.1
          │   └── hickory-proto v0.26.1
          │       └── carrick-runtime v0.1.0 (*)
          └── tempfile v3.27.0
              ├── (dev) carrick-cli v0.1.0 (*)
              ├── carrick-dsr v0.1.0 (*)
              ├── carrick-dsr-aarch64 v0.1.0 (*)
              ├── (dev) carrick-dsr-x86 v0.1.0 (*)
              ├── (dev) carrick-host v0.1.0
              │   ├── carrick-aarch64 v0.1.0 (*)
              │   ├── carrick-dsr v0.1.0 (*)
              │   ├── carrick-dsr-aarch64 v0.1.0 (*)
              │   ├── carrick-host-bsd v0.1.0
              │   │   ├── carrick-cli v0.1.0 (*)
              │   │   ├── carrick-runtime v0.1.0 (*)
              │   │   ├── carrick-vmm-bhyve v0.1.0 (*)
              │   │   ├── carrick-vmm-hvf v0.1.0 (*)
              │   │   └── carrick-vmm-nvmm v0.1.0 (*)
              │   ├── carrick-runtime v0.1.0 (*)
              │   ├── carrick-timer-core v0.1.0
              │   │   ├── carrick-hal v0.1.0
              │   │   │   ├── carrick-aarch64 v0.1.0 (*)
              │   │   │   ├── carrick-host-bsd v0.1.0 (*)
              │   │   │   ├── carrick-host-linux v0.1.0
              │   │   │   ├── carrick-native-freebsd v0.1.0 (*)
              │   │   │   ├── carrick-native-netbsd v0.1.0 (*)
              │   │   │   ├── carrick-runtime v0.1.0 (*)
              │   │   │   ├── carrick-thread v0.1.0 (*)
              │   │   │   ├── carrick-vmm-bhyve v0.1.0 (*)
              │   │   │   ├── carrick-vmm-hvf v0.1.0 (*)
              │   │   │   ├── carrick-vmm-kvm v0.1.0 (*)
              │   │   │   ├── carrick-vmm-nvmm v0.1.0 (*)
              │   │   │   └── carrick-x86 v0.1.0
              │   │   │       ├── carrick-vmm-bhyve v0.1.0 (*)
              │   │   │       ├── carrick-vmm-kvm v0.1.0 (*)
              │   │   │       └── carrick-vmm-nvmm v0.1.0 (*)
              │   │   ├── carrick-runtime v0.1.0 (*)
              │   │   ├── carrick-vmm-bhyve v0.1.0 (*)
              │   │   ├── carrick-vmm-hvf v0.1.0 (*)
              │   │   ├── carrick-vmm-kvm v0.1.0 (*)
              │   │   └── carrick-vmm-nvmm v0.1.0 (*)
              │   ├── carrick-vmm-bhyve v0.1.0 (*)
              │   ├── carrick-vmm-hvf v0.1.0 (*)
              │   ├── carrick-vmm-kvm v0.1.0 (*)
              │   ├── carrick-vmm-nvmm v0.1.0 (*)
              │   └── carrick-x86 v0.1.0 (*)
              ├── (dev) carrick-image v0.1.0 (*)
              ├── carrick-native-darwin v0.1.0 (*)
              ├── (dev) carrick-native-freebsd v0.1.0 (*)
              ├── carrick-observability v0.1.0 (*)
              ├── (dev) carrick-portable v0.1.0
              │   ├── carrick-dsr v0.1.0 (*)
              │   ├── carrick-runtime v0.1.0 (*)
              │   └── carrick-timer-core v0.1.0 (*)
              ├── (dev) carrick-runtime v0.1.0 (*)
              ├── carrick-signal-core v0.1.0
              │   ├── carrick-hal v0.1.0 (*)
              │   ├── carrick-host-bsd v0.1.0 (*)
              │   ├── carrick-runtime v0.1.0 (*)
              │   ├── carrick-vmm-bhyve v0.1.0 (*)
              │   ├── carrick-vmm-hvf v0.1.0 (*)
              │   ├── carrick-vmm-kvm v0.1.0 (*)
              │   └── carrick-vmm-nvmm v0.1.0 (*)
              ├── proptest v1.11.0
              │   ├── (dev) carrick-dsr v0.1.0 (*)
              │   └── (dev) carrick-runtime v0.1.0 (*)
              └── rusty-fork v0.3.1
                  └── proptest v1.11.0 (*)

warning[duplicate]: found 2 duplicate entries for crate 'rand'
    ┌─ /Volumes/CaseSensitive/carrick/.worktrees/codex-hybrid-kernel/Cargo.lock:230:1
    │  
230 │ ╭ rand 0.9.4 registry+https://github.com/rust-lang/crates.io-index
231 │ │ rand 0.10.1 registry+https://github.com/rust-lang/crates.io-index
    │ ╰─────────────────────────────────────────────────────────────────┘ lock entries
    │  
    ├ rand v0.9.4
      ├── carrick-cli v0.1.0
      └── proptest v1.11.0
          ├── (dev) carrick-dsr v0.1.0
          │   ├── carrick-dsr-aarch64 v0.1.0
          │   │   ├── carrick-native-darwin v0.1.0
          │   │   │   └── carrick-runtime v0.1.0
          │   │   │       ├── carrick-cli v0.1.0 (*)
          │   │   │       └── carrick-engine v0.1.0
          │   │   │           └── carrick-cli v0.1.0 (*)
          │   │   └── (dev) carrick-runtime v0.1.0 (*)
          │   ├── (dev) carrick-dsr-x86 v0.1.0
          │   │   └── carrick-runtime v0.1.0 (*)
          │   ├── carrick-native-darwin v0.1.0 (*)
          │   ├── carrick-native-freebsd v0.1.0
          │   │   ├── (dev) carrick-dsr-x86 v0.1.0 (*)
          │   │   └── carrick-runtime v0.1.0 (*)
          │   ├── carrick-native-netbsd v0.1.0
          │   │   └── carrick-runtime v0.1.0 (*)
          │   └── (dev) carrick-runtime v0.1.0 (*)
          └── (dev) carrick-runtime v0.1.0 (*)
    ├ rand v0.10.1
      └── hickory-proto v0.26.1
          └── carrick-runtime v0.1.0
              ├── carrick-cli v0.1.0
              └── carrick-engine v0.1.0
                  └── carrick-cli v0.1.0 (*)

warning[duplicate]: found 2 duplicate entries for crate 'rand_core'
    ┌─ /Volumes/CaseSensitive/carrick/.worktrees/codex-hybrid-kernel/Cargo.lock:233:1
    │  
233 │ ╭ rand_core 0.9.5 registry+https://github.com/rust-lang/crates.io-index
234 │ │ rand_core 0.10.1 registry+https://github.com/rust-lang/crates.io-index
    │ ╰──────────────────────────────────────────────────────────────────────┘ lock entries
    │  
    ├ rand_core v0.9.5
      ├── rand v0.9.4
      │   ├── carrick-cli v0.1.0
      │   └── proptest v1.11.0
      │       ├── (dev) carrick-dsr v0.1.0
      │       │   ├── carrick-dsr-aarch64 v0.1.0
      │       │   │   ├── carrick-native-darwin v0.1.0
      │       │   │   │   └── carrick-runtime v0.1.0
      │       │   │   │       ├── carrick-cli v0.1.0 (*)
      │       │   │   │       └── carrick-engine v0.1.0
      │       │   │   │           └── carrick-cli v0.1.0 (*)
      │       │   │   └── (dev) carrick-runtime v0.1.0 (*)
      │       │   ├── (dev) carrick-dsr-x86 v0.1.0
      │       │   │   └── carrick-runtime v0.1.0 (*)
      │       │   ├── carrick-native-darwin v0.1.0 (*)
      │       │   ├── carrick-native-freebsd v0.1.0
      │       │   │   ├── (dev) carrick-dsr-x86 v0.1.0 (*)
      │       │   │   └── carrick-runtime v0.1.0 (*)
      │       │   ├── carrick-native-netbsd v0.1.0
      │       │   │   └── carrick-runtime v0.1.0 (*)
      │       │   └── (dev) carrick-runtime v0.1.0 (*)
      │       └── (dev) carrick-runtime v0.1.0 (*)
      ├── rand_chacha v0.9.0
      │   ├── proptest v1.11.0 (*)
      │   └── rand v0.9.4 (*)
      └── rand_xorshift v0.4.0
          └── proptest v1.11.0 (*)
    ├ rand_core v0.10.1
      ├── chacha20 v0.10.1
      │   └── rand v0.10.1
      │       └── hickory-proto v0.26.1
      │           └── carrick-runtime v0.1.0
      │               ├── carrick-cli v0.1.0
      │               └── carrick-engine v0.1.0
      │                   └── carrick-cli v0.1.0 (*)
      ├── getrandom v0.4.2
      │   ├── jobserver v0.1.35
      │   │   └── cc v1.2.62
      │   │       ├── (build) bad64-sys v0.10.0
      │   │       │   └── bad64 v0.12.0
      │   │       │       ├── carrick-dsr-aarch64 v0.1.0
      │   │       │       │   ├── carrick-native-darwin v0.1.0
      │   │       │       │   │   └── carrick-runtime v0.1.0 (*)
      │   │       │       │   └── (dev) carrick-runtime v0.1.0 (*)
      │   │       │       ├── carrick-native-darwin v0.1.0 (*)
      │   │       │       └── (dev) carrick-runtime v0.1.0 (*)
      │   │       ├── (build) carrick-dsr-aarch64 v0.1.0 (*)
      │   │       ├── (build) carrick-dsr-x86 v0.1.0
      │   │       │   └── carrick-runtime v0.1.0 (*)
      │   │       ├── (build) carrick-native-darwin v0.1.0 (*)
      │   │       ├── (build) carrick-vmm-hvf v0.1.0
      │   │       │   ├── carrick-cli v0.1.0 (*)
      │   │       │   └── carrick-runtime v0.1.0 (*)
      │   │       ├── (build) iana-time-zone-haiku v0.1.2
      │   │       │   └── iana-time-zone v0.1.65
      │   │       │       └── chrono v0.4.44
      │   │       │           ├── carrick-cli v0.1.0 (*)
      │   │       │           └── oci-client v0.15.0
      │   │       │               ├── carrick-image v0.1.0
      │   │       │               │   ├── carrick-cli v0.1.0 (*)
      │   │       │               │   ├── carrick-engine v0.1.0 (*)
      │   │       │               │   └── (dev) carrick-runtime v0.1.0 (*)
      │   │       │               ├── carrick-runtime v0.1.0 (*)
      │   │       │               └── carrick-spec v0.1.0
      │   │       │                   ├── carrick-cli v0.1.0 (*)
      │   │       │                   ├── carrick-engine v0.1.0 (*)
      │   │       │                   ├── carrick-image v0.1.0 (*)
      │   │       │                   └── carrick-runtime v0.1.0 (*)
      │   │       ├── (build) ring v0.17.14
      │   │       │   ├── rustls v0.23.40
      │   │       │   │   ├── hyper-rustls v0.27.9
      │   │       │   │   │   └── reqwest v0.12.28
      │   │       │   │   │       └── oci-client v0.15.0 (*)
      │   │       │   │   ├── reqwest v0.12.28 (*)
      │   │       │   │   └── tokio-rustls v0.26.4
      │   │       │   │       ├── hyper-rustls v0.27.9 (*)
      │   │       │   │       └── reqwest v0.12.28 (*)
      │   │       │   └── rustls-webpki v0.103.13
      │   │       │       └── rustls v0.23.40 (*)
      │   │       └── (build) sha2-asm v0.6.4
      │   │           └── sha2 v0.10.9
      │   │               ├── carrick-cli v0.1.0 (*)
      │   │               ├── carrick-dsr v0.1.0
      │   │               │   ├── carrick-dsr-aarch64 v0.1.0 (*)
      │   │               │   ├── (dev) carrick-dsr-x86 v0.1.0 (*)
      │   │               │   ├── carrick-native-darwin v0.1.0 (*)
      │   │               │   ├── carrick-native-freebsd v0.1.0
      │   │               │   │   ├── (dev) carrick-dsr-x86 v0.1.0 (*)
      │   │               │   │   └── carrick-runtime v0.1.0 (*)
      │   │               │   ├── carrick-native-netbsd v0.1.0
      │   │               │   │   └── carrick-runtime v0.1.0 (*)
      │   │               │   └── (dev) carrick-runtime v0.1.0 (*)
      │   │               ├── carrick-dsr-aarch64 v0.1.0 (*)
      │   │               ├── carrick-image v0.1.0 (*)
      │   │               ├── carrick-native-darwin v0.1.0 (*)
      │   │               ├── carrick-observability v0.1.0
      │   │               │   ├── carrick-aarch64 v0.1.0
      │   │               │   │   ├── carrick-vmm-hvf v0.1.0 (*)
      │   │               │   │   └── carrick-vmm-kvm v0.1.0
      │   │               │   ├── carrick-native-darwin v0.1.0 (*)
      │   │               │   ├── carrick-runtime v0.1.0 (*)
      │   │               │   ├── carrick-thread v0.1.0
      │   │               │   │   ├── carrick-native-freebsd v0.1.0 (*)
      │   │               │   │   ├── carrick-native-netbsd v0.1.0 (*)
      │   │               │   │   ├── carrick-runtime v0.1.0 (*)
      │   │               │   │   ├── carrick-vmm-bhyve v0.1.0
      │   │               │   │   ├── carrick-vmm-hvf v0.1.0 (*)
      │   │               │   │   ├── carrick-vmm-kvm v0.1.0 (*)
      │   │               │   │   └── carrick-vmm-nvmm v0.1.0
      │   │               │   └── carrick-vmm-hvf v0.1.0 (*)
      │   │               ├── carrick-runtime v0.1.0 (*)
      │   │               ├── jwt v0.16.0
      │   │               │   └── oci-client v0.15.0 (*)
      │   │               ├── oci-client v0.15.0 (*)
      │   │               └── (build) pest_meta v2.8.6
      │   │                   └── pest_generator v2.8.6
      │   │                       └── pest_derive v2.8.6
      │   │                           └── dtrace-parser v0.3.0
      │   │                               ├── usdt-attr-macro v0.6.0
      │   │                               │   └── usdt v0.6.0
      │   │                               │       ├── carrick-observability v0.1.0 (*)
      │   │                               │       └── carrick-vmm-hvf v0.1.0 (*)
      │   │                               ├── usdt-impl v0.6.0
      │   │                               │   ├── usdt v0.6.0 (*)
      │   │                               │   ├── usdt-attr-macro v0.6.0 (*)
      │   │                               │   └── usdt-macro v0.6.0
      │   │                               │       └── usdt v0.6.0 (*)
      │   │                               └── usdt-macro v0.6.0 (*)
      │   ├── rand v0.10.1 (*)
      │   └── tempfile v3.27.0
      │       ├── (dev) carrick-cli v0.1.0 (*)
      │       ├── carrick-dsr v0.1.0 (*)
      │       ├── carrick-dsr-aarch64 v0.1.0 (*)
      │       ├── (dev) carrick-dsr-x86 v0.1.0 (*)
      │       ├── (dev) carrick-host v0.1.0
      │       │   ├── carrick-aarch64 v0.1.0 (*)
      │       │   ├── carrick-dsr v0.1.0 (*)
      │       │   ├── carrick-dsr-aarch64 v0.1.0 (*)
      │       │   ├── carrick-host-bsd v0.1.0
      │       │   │   ├── carrick-cli v0.1.0 (*)
      │       │   │   ├── carrick-runtime v0.1.0 (*)
      │       │   │   ├── carrick-vmm-bhyve v0.1.0 (*)
      │       │   │   ├── carrick-vmm-hvf v0.1.0 (*)
      │       │   │   └── carrick-vmm-nvmm v0.1.0 (*)
      │       │   ├── carrick-runtime v0.1.0 (*)
      │       │   ├── carrick-timer-core v0.1.0
      │       │   │   ├── carrick-hal v0.1.0
      │       │   │   │   ├── carrick-aarch64 v0.1.0 (*)
      │       │   │   │   ├── carrick-host-bsd v0.1.0 (*)
      │       │   │   │   ├── carrick-host-linux v0.1.0
      │       │   │   │   ├── carrick-native-freebsd v0.1.0 (*)
      │       │   │   │   ├── carrick-native-netbsd v0.1.0 (*)
      │       │   │   │   ├── carrick-runtime v0.1.0 (*)
      │       │   │   │   ├── carrick-thread v0.1.0 (*)
      │       │   │   │   ├── carrick-vmm-bhyve v0.1.0 (*)
      │       │   │   │   ├── carrick-vmm-hvf v0.1.0 (*)
      │       │   │   │   ├── carrick-vmm-kvm v0.1.0 (*)
      │       │   │   │   ├── carrick-vmm-nvmm v0.1.0 (*)
      │       │   │   │   └── carrick-x86 v0.1.0
      │       │   │   │       ├── carrick-vmm-bhyve v0.1.0 (*)
      │       │   │   │       ├── carrick-vmm-kvm v0.1.0 (*)
      │       │   │   │       └── carrick-vmm-nvmm v0.1.0 (*)
      │       │   │   ├── carrick-runtime v0.1.0 (*)
      │       │   │   ├── carrick-vmm-bhyve v0.1.0 (*)
      │       │   │   ├── carrick-vmm-hvf v0.1.0 (*)
      │       │   │   ├── carrick-vmm-kvm v0.1.0 (*)
      │       │   │   └── carrick-vmm-nvmm v0.1.0 (*)
      │       │   ├── carrick-vmm-bhyve v0.1.0 (*)
      │       │   ├── carrick-vmm-hvf v0.1.0 (*)
      │       │   ├── carrick-vmm-kvm v0.1.0 (*)
      │       │   ├── carrick-vmm-nvmm v0.1.0 (*)
      │       │   └── carrick-x86 v0.1.0 (*)
      │       ├── (dev) carrick-image v0.1.0 (*)
      │       ├── carrick-native-darwin v0.1.0 (*)
      │       ├── (dev) carrick-native-freebsd v0.1.0 (*)
      │       ├── carrick-observability v0.1.0 (*)
      │       ├── (dev) carrick-portable v0.1.0
      │       │   ├── carrick-dsr v0.1.0 (*)
      │       │   ├── carrick-runtime v0.1.0 (*)
      │       │   └── carrick-timer-core v0.1.0 (*)
      │       ├── (dev) carrick-runtime v0.1.0 (*)
      │       ├── carrick-signal-core v0.1.0
      │       │   ├── carrick-hal v0.1.0 (*)
      │       │   ├── carrick-host-bsd v0.1.0 (*)
      │       │   ├── carrick-runtime v0.1.0 (*)
      │       │   ├── carrick-vmm-bhyve v0.1.0 (*)
      │       │   ├── carrick-vmm-hvf v0.1.0 (*)
      │       │   ├── carrick-vmm-kvm v0.1.0 (*)
      │       │   └── carrick-vmm-nvmm v0.1.0 (*)
      │       ├── proptest v1.11.0
      │       │   ├── (dev) carrick-dsr v0.1.0 (*)
      │       │   └── (dev) carrick-runtime v0.1.0 (*)
      │       └── rusty-fork v0.3.1
      │           └── proptest v1.11.0 (*)
      └── rand v0.10.1 (*)

warning[duplicate]: found 2 duplicate entries for crate 'vmm-sys-util'
    ┌─ /Volumes/CaseSensitive/carrick/.worktrees/codex-hybrid-kernel/Cargo.lock:333:1
    │  
333 │ ╭ vmm-sys-util 0.14.0 registry+https://github.com/rust-lang/crates.io-index
334 │ │ vmm-sys-util 0.15.0 registry+https://github.com/rust-lang/crates.io-index
    │ ╰─────────────────────────────────────────────────────────────────────────┘ lock entries
    │  
    ├ vmm-sys-util v0.14.0
      ├── kvm-bindings v0.12.1
      │   ├── carrick-vmm-kvm v0.1.0
      │   └── kvm-ioctls v0.22.1
      │       └── carrick-vmm-kvm v0.1.0 (*)
      └── kvm-ioctls v0.22.1 (*)
    ├ vmm-sys-util v0.15.0
      └── carrick-vmm-kvm v0.1.0

warning[duplicate]: found 3 duplicate entries for crate 'windows-sys'
    ┌─ /Volumes/CaseSensitive/carrick/.worktrees/codex-hybrid-kernel/Cargo.lock:359:1
    │  
359 │ ╭ windows-sys 0.52.0 registry+https://github.com/rust-lang/crates.io-index
360 │ │ windows-sys 0.60.2 registry+https://github.com/rust-lang/crates.io-index
361 │ │ windows-sys 0.61.2 registry+https://github.com/rust-lang/crates.io-index
    │ ╰────────────────────────────────────────────────────────────────────────┘ lock entries
    │  
    ├ windows-sys v0.52.0
      ├── fd-lock v4.0.4
      │   └── carrick-runtime v0.1.0
      │       ├── carrick-cli v0.1.0
      │       └── carrick-engine v0.1.0
      │           └── carrick-cli v0.1.0 (*)
      ├── fs-set-times v0.20.3
      │   └── cap-primitives v4.0.2
      │       └── cap-std v4.0.2
      │           └── carrick-runtime v0.1.0 (*)
      ├── ring v0.17.14
      │   ├── rustls v0.23.40
      │   │   ├── hyper-rustls v0.27.9
      │   │   │   └── reqwest v0.12.28
      │   │   │       └── oci-client v0.15.0
      │   │   │           ├── carrick-image v0.1.0
      │   │   │           │   ├── carrick-cli v0.1.0 (*)
      │   │   │           │   ├── carrick-engine v0.1.0 (*)
      │   │   │           │   └── (dev) carrick-runtime v0.1.0 (*)
      │   │   │           ├── carrick-runtime v0.1.0 (*)
      │   │   │           └── carrick-spec v0.1.0
      │   │   │               ├── carrick-cli v0.1.0 (*)
      │   │   │               ├── carrick-engine v0.1.0 (*)
      │   │   │               ├── carrick-image v0.1.0 (*)
      │   │   │               └── carrick-runtime v0.1.0 (*)
      │   │   ├── reqwest v0.12.28 (*)
      │   │   └── tokio-rustls v0.26.4
      │   │       ├── hyper-rustls v0.27.9 (*)
      │   │       └── reqwest v0.12.28 (*)
      │   └── rustls-webpki v0.103.13
      │       └── rustls v0.23.40 (*)
      └── winx v0.36.4
          └── cap-primitives v4.0.2 (*)
    ├ windows-sys v0.60.2
      └── io-extras v0.19.0
          ├── cap-primitives v4.0.2
          │   └── cap-std v4.0.2
          │       └── carrick-runtime v0.1.0
          │           ├── carrick-cli v0.1.0
          │           └── carrick-engine v0.1.0
          │               └── carrick-cli v0.1.0 (*)
          └── cap-std v4.0.2 (*)
    ├ windows-sys v0.61.2
      ├── anstyle-query v1.1.5
      │   └── anstream v1.0.0
      │       └── clap_builder v4.6.0
      │           └── clap v4.6.1
      │               ├── carrick-cli v0.1.0
      │               ├── carrick-conformance v0.1.0
      │               ├── carrick-runtime v0.1.0
      │               │   ├── carrick-cli v0.1.0 (*)
      │               │   └── carrick-engine v0.1.0
      │               │       └── carrick-cli v0.1.0 (*)
      │               ├── carrick-spec v0.1.0
      │               │   ├── carrick-cli v0.1.0 (*)
      │               │   ├── carrick-engine v0.1.0 (*)
      │               │   ├── carrick-image v0.1.0
      │               │   │   ├── carrick-cli v0.1.0 (*)
      │               │   │   ├── carrick-engine v0.1.0 (*)
      │               │   │   └── (dev) carrick-runtime v0.1.0 (*)
      │               │   └── carrick-runtime v0.1.0 (*)
      │               └── carrick-vmm-hvf v0.1.0
      │                   ├── carrick-cli v0.1.0 (*)
      │                   └── carrick-runtime v0.1.0 (*)
      ├── anstyle-wincon v3.0.11
      │   └── anstream v1.0.0 (*)
      ├── cap-primitives v4.0.2
      │   └── cap-std v4.0.2
      │       └── carrick-runtime v0.1.0 (*)
      ├── errno v0.3.14
      │   ├── rustix v1.1.4
      │   │   ├── cap-primitives v4.0.2 (*)
      │   │   ├── cap-std v4.0.2 (*)
      │   │   ├── fd-lock v4.0.4
      │   │   │   └── carrick-runtime v0.1.0 (*)
      │   │   ├── fs-set-times v0.20.3
      │   │   │   └── cap-primitives v4.0.2 (*)
      │   │   ├── rustix-linux-procfs v0.1.1
      │   │   │   └── cap-primitives v4.0.2 (*)
      │   │   └── tempfile v3.27.0
      │   │       ├── (dev) carrick-cli v0.1.0 (*)
      │   │       ├── carrick-dsr v0.1.0
      │   │       │   ├── carrick-dsr-aarch64 v0.1.0
      │   │       │   │   ├── carrick-native-darwin v0.1.0
      │   │       │   │   │   └── carrick-runtime v0.1.0 (*)
      │   │       │   │   └── (dev) carrick-runtime v0.1.0 (*)
      │   │       │   ├── (dev) carrick-dsr-x86 v0.1.0
      │   │       │   │   └── carrick-runtime v0.1.0 (*)
      │   │       │   ├── carrick-native-darwin v0.1.0 (*)
      │   │       │   ├── carrick-native-freebsd v0.1.0
      │   │       │   │   ├── (dev) carrick-dsr-x86 v0.1.0 (*)
      │   │       │   │   └── carrick-runtime v0.1.0 (*)
      │   │       │   ├── carrick-native-netbsd v0.1.0
      │   │       │   │   └── carrick-runtime v0.1.0 (*)
      │   │       │   └── (dev) carrick-runtime v0.1.0 (*)
      │   │       ├── carrick-dsr-aarch64 v0.1.0 (*)
      │   │       ├── (dev) carrick-dsr-x86 v0.1.0 (*)
      │   │       ├── (dev) carrick-host v0.1.0
      │   │       │   ├── carrick-aarch64 v0.1.0
      │   │       │   │   ├── carrick-vmm-hvf v0.1.0 (*)
      │   │       │   │   └── carrick-vmm-kvm v0.1.0
      │   │       │   ├── carrick-dsr v0.1.0 (*)
      │   │       │   ├── carrick-dsr-aarch64 v0.1.0 (*)
      │   │       │   ├── carrick-host-bsd v0.1.0
      │   │       │   │   ├── carrick-cli v0.1.0 (*)
      │   │       │   │   ├── carrick-runtime v0.1.0 (*)
      │   │       │   │   ├── carrick-vmm-bhyve v0.1.0
      │   │       │   │   ├── carrick-vmm-hvf v0.1.0 (*)
      │   │       │   │   └── carrick-vmm-nvmm v0.1.0
      │   │       │   ├── carrick-runtime v0.1.0 (*)
      │   │       │   ├── carrick-timer-core v0.1.0
      │   │       │   │   ├── carrick-hal v0.1.0
      │   │       │   │   │   ├── carrick-aarch64 v0.1.0 (*)
      │   │       │   │   │   ├── carrick-host-bsd v0.1.0 (*)
      │   │       │   │   │   ├── carrick-host-linux v0.1.0
      │   │       │   │   │   ├── carrick-native-freebsd v0.1.0 (*)
      │   │       │   │   │   ├── carrick-native-netbsd v0.1.0 (*)
      │   │       │   │   │   ├── carrick-runtime v0.1.0 (*)
      │   │       │   │   │   ├── carrick-thread v0.1.0
      │   │       │   │   │   │   ├── carrick-native-freebsd v0.1.0 (*)
      │   │       │   │   │   │   ├── carrick-native-netbsd v0.1.0 (*)
      │   │       │   │   │   │   ├── carrick-runtime v0.1.0 (*)
      │   │       │   │   │   │   ├── carrick-vmm-bhyve v0.1.0 (*)
      │   │       │   │   │   │   ├── carrick-vmm-hvf v0.1.0 (*)
      │   │       │   │   │   │   ├── carrick-vmm-kvm v0.1.0 (*)
      │   │       │   │   │   │   └── carrick-vmm-nvmm v0.1.0 (*)
      │   │       │   │   │   ├── carrick-vmm-bhyve v0.1.0 (*)
      │   │       │   │   │   ├── carrick-vmm-hvf v0.1.0 (*)
      │   │       │   │   │   ├── carrick-vmm-kvm v0.1.0 (*)
      │   │       │   │   │   ├── carrick-vmm-nvmm v0.1.0 (*)
      │   │       │   │   │   └── carrick-x86 v0.1.0
      │   │       │   │   │       ├── carrick-vmm-bhyve v0.1.0 (*)
      │   │       │   │   │       ├── carrick-vmm-kvm v0.1.0 (*)
      │   │       │   │   │       └── carrick-vmm-nvmm v0.1.0 (*)
      │   │       │   │   ├── carrick-runtime v0.1.0 (*)
      │   │       │   │   ├── carrick-vmm-bhyve v0.1.0 (*)
      │   │       │   │   ├── carrick-vmm-hvf v0.1.0 (*)
      │   │       │   │   ├── carrick-vmm-kvm v0.1.0 (*)
      │   │       │   │   └── carrick-vmm-nvmm v0.1.0 (*)
      │   │       │   ├── carrick-vmm-bhyve v0.1.0 (*)
      │   │       │   ├── carrick-vmm-hvf v0.1.0 (*)
      │   │       │   ├── carrick-vmm-kvm v0.1.0 (*)
      │   │       │   ├── carrick-vmm-nvmm v0.1.0 (*)
      │   │       │   └── carrick-x86 v0.1.0 (*)
      │   │       ├── (dev) carrick-image v0.1.0 (*)
      │   │       ├── carrick-native-darwin v0.1.0 (*)
      │   │       ├── (dev) carrick-native-freebsd v0.1.0 (*)
      │   │       ├── carrick-observability v0.1.0
      │   │       │   ├── carrick-aarch64 v0.1.0 (*)
      │   │       │   ├── carrick-native-darwin v0.1.0 (*)
      │   │       │   ├── carrick-runtime v0.1.0 (*)
      │   │       │   ├── carrick-thread v0.1.0 (*)
      │   │       │   └── carrick-vmm-hvf v0.1.0 (*)
      │   │       ├── (dev) carrick-portable v0.1.0
      │   │       │   ├── carrick-dsr v0.1.0 (*)
      │   │       │   ├── carrick-runtime v0.1.0 (*)
      │   │       │   └── carrick-timer-core v0.1.0 (*)
      │   │       ├── (dev) carrick-runtime v0.1.0 (*)
      │   │       ├── carrick-signal-core v0.1.0
      │   │       │   ├── carrick-hal v0.1.0 (*)
      │   │       │   ├── carrick-host-bsd v0.1.0 (*)
      │   │       │   ├── carrick-runtime v0.1.0 (*)
      │   │       │   ├── carrick-vmm-bhyve v0.1.0 (*)
      │   │       │   ├── carrick-vmm-hvf v0.1.0 (*)
      │   │       │   ├── carrick-vmm-kvm v0.1.0 (*)
      │   │       │   └── carrick-vmm-nvmm v0.1.0 (*)
      │   │       ├── proptest v1.11.0
      │   │       │   ├── (dev) carrick-dsr v0.1.0 (*)
      │   │       │   └── (dev) carrick-runtime v0.1.0 (*)
      │   │       └── rusty-fork v0.3.1
      │   │           └── proptest v1.11.0 (*)
      │   └── signal-hook-registry v1.4.8
      │       ├── signal-hook v0.4.4
      │       │   └── carrick-runtime v0.1.0 (*)
      │       └── tokio v1.52.3
      │           ├── bollard v0.18.1
      │           │   └── (dev) carrick-cli v0.1.0 (*)
      │           ├── (dev) carrick-cli v0.1.0 (*)
      │           ├── carrick-engine v0.1.0 (*)
      │           ├── carrick-image v0.1.0 (*)
      │           ├── carrick-runtime v0.1.0 (*)
      │           ├── hyper v1.9.0
      │           │   ├── bollard v0.18.1 (*)
      │           │   ├── carrick-cli v0.1.0 (*)
      │           │   ├── hyper-named-pipe v0.1.0
      │           │   │   └── bollard v0.18.1 (*)
      │           │   ├── hyper-rustls v0.27.9
      │           │   │   └── reqwest v0.12.28
      │           │   │       └── oci-client v0.15.0
      │           │   │           ├── carrick-image v0.1.0 (*)
      │           │   │           ├── carrick-runtime v0.1.0 (*)
      │           │   │           └── carrick-spec v0.1.0 (*)
      │           │   ├── hyper-util v0.1.20
      │           │   │   ├── bollard v0.18.1 (*)
      │           │   │   ├── carrick-cli v0.1.0 (*)
      │           │   │   ├── hyper-named-pipe v0.1.0 (*)
      │           │   │   ├── hyper-rustls v0.27.9 (*)
      │           │   │   ├── hyperlocal v0.9.1
      │           │   │   │   └── bollard v0.18.1 (*)
      │           │   │   └── reqwest v0.12.28 (*)
      │           │   ├── hyperlocal v0.9.1 (*)
      │           │   └── reqwest v0.12.28 (*)
      │           ├── hyper-named-pipe v0.1.0 (*)
      │           ├── hyper-rustls v0.27.9 (*)
      │           ├── hyper-util v0.1.20 (*)
      │           ├── hyperlocal v0.9.1 (*)
      │           ├── oci-client v0.15.0 (*)
      │           ├── reqwest v0.12.28 (*)
      │           ├── tokio-rustls v0.26.4
      │           │   ├── hyper-rustls v0.27.9 (*)
      │           │   └── reqwest v0.12.28 (*)
      │           ├── tokio-util v0.7.18
      │           │   ├── bollard v0.18.1 (*)
      │           │   └── reqwest v0.12.28 (*)
      │           └── tower v0.5.3
      │               ├── reqwest v0.12.28 (*)
      │               └── tower-http v0.6.10
      │                   └── reqwest v0.12.28 (*)
      ├── mio v1.2.0
      │   └── tokio v1.52.3 (*)
      ├── nu-ansi-term v0.50.3
      │   └── tracing-subscriber v0.3.23
      │       ├── carrick-cli v0.1.0 (*)
      │       └── carrick-runtime v0.1.0 (*)
      ├── rustix v1.1.4 (*)
      ├── socket2 v0.6.3
      │   ├── carrick-runtime v0.1.0 (*)
      │   ├── hyper-util v0.1.20 (*)
      │   └── tokio v1.52.3 (*)
      ├── tempfile v3.27.0 (*)
      ├── thread-id v5.1.0
      │   └── usdt-impl v0.6.0
      │       ├── usdt v0.6.0
      │       │   ├── carrick-observability v0.1.0 (*)
      │       │   └── carrick-vmm-hvf v0.1.0 (*)
      │       ├── usdt-attr-macro v0.6.0
      │       │   └── usdt v0.6.0 (*)
      │       └── usdt-macro v0.6.0
      │           └── usdt v0.6.0 (*)
      ├── tokio v1.52.3 (*)
      └── winapi-util v0.1.11
          ├── same-file v1.0.6
          │   └── walkdir v2.5.0
          │       └── (build) jni v0.22.4
          │           └── hickory-proto v0.26.1
          │               └── carrick-runtime v0.1.0 (*)
          └── walkdir v2.5.0 (*)

warning[duplicate]: found 2 duplicate entries for crate 'windows-targets'
    ┌─ /Volumes/CaseSensitive/carrick/.worktrees/codex-hybrid-kernel/Cargo.lock:362:1
    │  
362 │ ╭ windows-targets 0.52.6 registry+https://github.com/rust-lang/crates.io-index
363 │ │ windows-targets 0.53.5 registry+https://github.com/rust-lang/crates.io-index
    │ ╰────────────────────────────────────────────────────────────────────────────┘ lock entries
    │  
    ├ windows-targets v0.52.6
      └── windows-sys v0.52.0
          ├── fd-lock v4.0.4
          │   └── carrick-runtime v0.1.0
          │       ├── carrick-cli v0.1.0
          │       └── carrick-engine v0.1.0
          │           └── carrick-cli v0.1.0 (*)
          ├── fs-set-times v0.20.3
          │   └── cap-primitives v4.0.2
          │       └── cap-std v4.0.2
          │           └── carrick-runtime v0.1.0 (*)
          ├── ring v0.17.14
          │   ├── rustls v0.23.40
          │   │   ├── hyper-rustls v0.27.9
          │   │   │   └── reqwest v0.12.28
          │   │   │       └── oci-client v0.15.0
          │   │   │           ├── carrick-image v0.1.0
          │   │   │           │   ├── carrick-cli v0.1.0 (*)
          │   │   │           │   ├── carrick-engine v0.1.0 (*)
          │   │   │           │   └── (dev) carrick-runtime v0.1.0 (*)
          │   │   │           ├── carrick-runtime v0.1.0 (*)
          │   │   │           └── carrick-spec v0.1.0
          │   │   │               ├── carrick-cli v0.1.0 (*)
          │   │   │               ├── carrick-engine v0.1.0 (*)
          │   │   │               ├── carrick-image v0.1.0 (*)
          │   │   │               └── carrick-runtime v0.1.0 (*)
          │   │   ├── reqwest v0.12.28 (*)
          │   │   └── tokio-rustls v0.26.4
          │   │       ├── hyper-rustls v0.27.9 (*)
          │   │       └── reqwest v0.12.28 (*)
          │   └── rustls-webpki v0.103.13
          │       └── rustls v0.23.40 (*)
          └── winx v0.36.4
              └── cap-primitives v4.0.2 (*)
    ├ windows-targets v0.53.5
      └── windows-sys v0.60.2
          └── io-extras v0.19.0
              ├── cap-primitives v4.0.2
              │   └── cap-std v4.0.2
              │       └── carrick-runtime v0.1.0
              │           ├── carrick-cli v0.1.0
              │           └── carrick-engine v0.1.0
              │               └── carrick-cli v0.1.0 (*)
              └── cap-std v4.0.2 (*)

warning[duplicate]: found 2 duplicate entries for crate 'windows_aarch64_gnullvm'
    ┌─ /Volumes/CaseSensitive/carrick/.worktrees/codex-hybrid-kernel/Cargo.lock:364:1
    │  
364 │ ╭ windows_aarch64_gnullvm 0.52.6 registry+https://github.com/rust-lang/crates.io-index
365 │ │ windows_aarch64_gnullvm 0.53.1 registry+https://github.com/rust-lang/crates.io-index
    │ ╰────────────────────────────────────────────────────────────────────────────────────┘ lock entries
    │  
    ├ windows_aarch64_gnullvm v0.52.6
      └── windows-targets v0.52.6
          └── windows-sys v0.52.0
              ├── fd-lock v4.0.4
              │   └── carrick-runtime v0.1.0
              │       ├── carrick-cli v0.1.0
              │       └── carrick-engine v0.1.0
              │           └── carrick-cli v0.1.0 (*)
              ├── fs-set-times v0.20.3
              │   └── cap-primitives v4.0.2
              │       └── cap-std v4.0.2
              │           └── carrick-runtime v0.1.0 (*)
              ├── ring v0.17.14
              │   ├── rustls v0.23.40
              │   │   ├── hyper-rustls v0.27.9
              │   │   │   └── reqwest v0.12.28
              │   │   │       └── oci-client v0.15.0
              │   │   │           ├── carrick-image v0.1.0
              │   │   │           │   ├── carrick-cli v0.1.0 (*)
              │   │   │           │   ├── carrick-engine v0.1.0 (*)
              │   │   │           │   └── (dev) carrick-runtime v0.1.0 (*)
              │   │   │           ├── carrick-runtime v0.1.0 (*)
              │   │   │           └── carrick-spec v0.1.0
              │   │   │               ├── carrick-cli v0.1.0 (*)
              │   │   │               ├── carrick-engine v0.1.0 (*)
              │   │   │               ├── carrick-image v0.1.0 (*)
              │   │   │               └── carrick-runtime v0.1.0 (*)
              │   │   ├── reqwest v0.12.28 (*)
              │   │   └── tokio-rustls v0.26.4
              │   │       ├── hyper-rustls v0.27.9 (*)
              │   │       └── reqwest v0.12.28 (*)
              │   └── rustls-webpki v0.103.13
              │       └── rustls v0.23.40 (*)
              └── winx v0.36.4
                  └── cap-primitives v4.0.2 (*)
    ├ windows_aarch64_gnullvm v0.53.1
      └── windows-targets v0.53.5
          └── windows-sys v0.60.2
              └── io-extras v0.19.0
                  ├── cap-primitives v4.0.2
                  │   └── cap-std v4.0.2
                  │       └── carrick-runtime v0.1.0
                  │           ├── carrick-cli v0.1.0
                  │           └── carrick-engine v0.1.0
                  │               └── carrick-cli v0.1.0 (*)
                  └── cap-std v4.0.2 (*)

warning[duplicate]: found 2 duplicate entries for crate 'windows_aarch64_msvc'
    ┌─ /Volumes/CaseSensitive/carrick/.worktrees/codex-hybrid-kernel/Cargo.lock:366:1
    │  
366 │ ╭ windows_aarch64_msvc 0.52.6 registry+https://github.com/rust-lang/crates.io-index
367 │ │ windows_aarch64_msvc 0.53.1 registry+https://github.com/rust-lang/crates.io-index
    │ ╰─────────────────────────────────────────────────────────────────────────────────┘ lock entries
    │  
    ├ windows_aarch64_msvc v0.52.6
      └── windows-targets v0.52.6
          └── windows-sys v0.52.0
              ├── fd-lock v4.0.4
              │   └── carrick-runtime v0.1.0
              │       ├── carrick-cli v0.1.0
              │       └── carrick-engine v0.1.0
              │           └── carrick-cli v0.1.0 (*)
              ├── fs-set-times v0.20.3
              │   └── cap-primitives v4.0.2
              │       └── cap-std v4.0.2
              │           └── carrick-runtime v0.1.0 (*)
              ├── ring v0.17.14
              │   ├── rustls v0.23.40
              │   │   ├── hyper-rustls v0.27.9
              │   │   │   └── reqwest v0.12.28
              │   │   │       └── oci-client v0.15.0
              │   │   │           ├── carrick-image v0.1.0
              │   │   │           │   ├── carrick-cli v0.1.0 (*)
              │   │   │           │   ├── carrick-engine v0.1.0 (*)
              │   │   │           │   └── (dev) carrick-runtime v0.1.0 (*)
              │   │   │           ├── carrick-runtime v0.1.0 (*)
              │   │   │           └── carrick-spec v0.1.0
              │   │   │               ├── carrick-cli v0.1.0 (*)
              │   │   │               ├── carrick-engine v0.1.0 (*)
              │   │   │               ├── carrick-image v0.1.0 (*)
              │   │   │               └── carrick-runtime v0.1.0 (*)
              │   │   ├── reqwest v0.12.28 (*)
              │   │   └── tokio-rustls v0.26.4
              │   │       ├── hyper-rustls v0.27.9 (*)
              │   │       └── reqwest v0.12.28 (*)
              │   └── rustls-webpki v0.103.13
              │       └── rustls v0.23.40 (*)
              └── winx v0.36.4
                  └── cap-primitives v4.0.2 (*)
    ├ windows_aarch64_msvc v0.53.1
      └── windows-targets v0.53.5
          └── windows-sys v0.60.2
              └── io-extras v0.19.0
                  ├── cap-primitives v4.0.2
                  │   └── cap-std v4.0.2
                  │       └── carrick-runtime v0.1.0
                  │           ├── carrick-cli v0.1.0
                  │           └── carrick-engine v0.1.0
                  │               └── carrick-cli v0.1.0 (*)
                  └── cap-std v4.0.2 (*)

warning[duplicate]: found 2 duplicate entries for crate 'windows_i686_gnu'
    ┌─ /Volumes/CaseSensitive/carrick/.worktrees/codex-hybrid-kernel/Cargo.lock:368:1
    │  
368 │ ╭ windows_i686_gnu 0.52.6 registry+https://github.com/rust-lang/crates.io-index
369 │ │ windows_i686_gnu 0.53.1 registry+https://github.com/rust-lang/crates.io-index
    │ ╰─────────────────────────────────────────────────────────────────────────────┘ lock entries
    │  
    ├ windows_i686_gnu v0.52.6
      └── windows-targets v0.52.6
          └── windows-sys v0.52.0
              ├── fd-lock v4.0.4
              │   └── carrick-runtime v0.1.0
              │       ├── carrick-cli v0.1.0
              │       └── carrick-engine v0.1.0
              │           └── carrick-cli v0.1.0 (*)
              ├── fs-set-times v0.20.3
              │   └── cap-primitives v4.0.2
              │       └── cap-std v4.0.2
              │           └── carrick-runtime v0.1.0 (*)
              ├── ring v0.17.14
              │   ├── rustls v0.23.40
              │   │   ├── hyper-rustls v0.27.9
              │   │   │   └── reqwest v0.12.28
              │   │   │       └── oci-client v0.15.0
              │   │   │           ├── carrick-image v0.1.0
              │   │   │           │   ├── carrick-cli v0.1.0 (*)
              │   │   │           │   ├── carrick-engine v0.1.0 (*)
              │   │   │           │   └── (dev) carrick-runtime v0.1.0 (*)
              │   │   │           ├── carrick-runtime v0.1.0 (*)
              │   │   │           └── carrick-spec v0.1.0
              │   │   │               ├── carrick-cli v0.1.0 (*)
              │   │   │               ├── carrick-engine v0.1.0 (*)
              │   │   │               ├── carrick-image v0.1.0 (*)
              │   │   │               └── carrick-runtime v0.1.0 (*)
              │   │   ├── reqwest v0.12.28 (*)
              │   │   └── tokio-rustls v0.26.4
              │   │       ├── hyper-rustls v0.27.9 (*)
              │   │       └── reqwest v0.12.28 (*)
              │   └── rustls-webpki v0.103.13
              │       └── rustls v0.23.40 (*)
              └── winx v0.36.4
                  └── cap-primitives v4.0.2 (*)
    ├ windows_i686_gnu v0.53.1
      └── windows-targets v0.53.5
          └── windows-sys v0.60.2
              └── io-extras v0.19.0
                  ├── cap-primitives v4.0.2
                  │   └── cap-std v4.0.2
                  │       └── carrick-runtime v0.1.0
                  │           ├── carrick-cli v0.1.0
                  │           └── carrick-engine v0.1.0
                  │               └── carrick-cli v0.1.0 (*)
                  └── cap-std v4.0.2 (*)

warning[duplicate]: found 2 duplicate entries for crate 'windows_i686_gnullvm'
    ┌─ /Volumes/CaseSensitive/carrick/.worktrees/codex-hybrid-kernel/Cargo.lock:370:1
    │  
370 │ ╭ windows_i686_gnullvm 0.52.6 registry+https://github.com/rust-lang/crates.io-index
371 │ │ windows_i686_gnullvm 0.53.1 registry+https://github.com/rust-lang/crates.io-index
    │ ╰─────────────────────────────────────────────────────────────────────────────────┘ lock entries
    │  
    ├ windows_i686_gnullvm v0.52.6
      └── windows-targets v0.52.6
          └── windows-sys v0.52.0
              ├── fd-lock v4.0.4
              │   └── carrick-runtime v0.1.0
              │       ├── carrick-cli v0.1.0
              │       └── carrick-engine v0.1.0
              │           └── carrick-cli v0.1.0 (*)
              ├── fs-set-times v0.20.3
              │   └── cap-primitives v4.0.2
              │       └── cap-std v4.0.2
              │           └── carrick-runtime v0.1.0 (*)
              ├── ring v0.17.14
              │   ├── rustls v0.23.40
              │   │   ├── hyper-rustls v0.27.9
              │   │   │   └── reqwest v0.12.28
              │   │   │       └── oci-client v0.15.0
              │   │   │           ├── carrick-image v0.1.0
              │   │   │           │   ├── carrick-cli v0.1.0 (*)
              │   │   │           │   ├── carrick-engine v0.1.0 (*)
              │   │   │           │   └── (dev) carrick-runtime v0.1.0 (*)
              │   │   │           ├── carrick-runtime v0.1.0 (*)
              │   │   │           └── carrick-spec v0.1.0
              │   │   │               ├── carrick-cli v0.1.0 (*)
              │   │   │               ├── carrick-engine v0.1.0 (*)
              │   │   │               ├── carrick-image v0.1.0 (*)
              │   │   │               └── carrick-runtime v0.1.0 (*)
              │   │   ├── reqwest v0.12.28 (*)
              │   │   └── tokio-rustls v0.26.4
              │   │       ├── hyper-rustls v0.27.9 (*)
              │   │       └── reqwest v0.12.28 (*)
              │   └── rustls-webpki v0.103.13
              │       └── rustls v0.23.40 (*)
              └── winx v0.36.4
                  └── cap-primitives v4.0.2 (*)
    ├ windows_i686_gnullvm v0.53.1
      └── windows-targets v0.53.5
          └── windows-sys v0.60.2
              └── io-extras v0.19.0
                  ├── cap-primitives v4.0.2
                  │   └── cap-std v4.0.2
                  │       └── carrick-runtime v0.1.0
                  │           ├── carrick-cli v0.1.0
                  │           └── carrick-engine v0.1.0
                  │               └── carrick-cli v0.1.0 (*)
                  └── cap-std v4.0.2 (*)

warning[duplicate]: found 2 duplicate entries for crate 'windows_i686_msvc'
    ┌─ /Volumes/CaseSensitive/carrick/.worktrees/codex-hybrid-kernel/Cargo.lock:372:1
    │  
372 │ ╭ windows_i686_msvc 0.52.6 registry+https://github.com/rust-lang/crates.io-index
373 │ │ windows_i686_msvc 0.53.1 registry+https://github.com/rust-lang/crates.io-index
    │ ╰──────────────────────────────────────────────────────────────────────────────┘ lock entries
    │  
    ├ windows_i686_msvc v0.52.6
      └── windows-targets v0.52.6
          └── windows-sys v0.52.0
              ├── fd-lock v4.0.4
              │   └── carrick-runtime v0.1.0
              │       ├── carrick-cli v0.1.0
              │       └── carrick-engine v0.1.0
              │           └── carrick-cli v0.1.0 (*)
              ├── fs-set-times v0.20.3
              │   └── cap-primitives v4.0.2
              │       └── cap-std v4.0.2
              │           └── carrick-runtime v0.1.0 (*)
              ├── ring v0.17.14
              │   ├── rustls v0.23.40
              │   │   ├── hyper-rustls v0.27.9
              │   │   │   └── reqwest v0.12.28
              │   │   │       └── oci-client v0.15.0
              │   │   │           ├── carrick-image v0.1.0
              │   │   │           │   ├── carrick-cli v0.1.0 (*)
              │   │   │           │   ├── carrick-engine v0.1.0 (*)
              │   │   │           │   └── (dev) carrick-runtime v0.1.0 (*)
              │   │   │           ├── carrick-runtime v0.1.0 (*)
              │   │   │           └── carrick-spec v0.1.0
              │   │   │               ├── carrick-cli v0.1.0 (*)
              │   │   │               ├── carrick-engine v0.1.0 (*)
              │   │   │               ├── carrick-image v0.1.0 (*)
              │   │   │               └── carrick-runtime v0.1.0 (*)
              │   │   ├── reqwest v0.12.28 (*)
              │   │   └── tokio-rustls v0.26.4
              │   │       ├── hyper-rustls v0.27.9 (*)
              │   │       └── reqwest v0.12.28 (*)
              │   └── rustls-webpki v0.103.13
              │       └── rustls v0.23.40 (*)
              └── winx v0.36.4
                  └── cap-primitives v4.0.2 (*)
    ├ windows_i686_msvc v0.53.1
      └── windows-targets v0.53.5
          └── windows-sys v0.60.2
              └── io-extras v0.19.0
                  ├── cap-primitives v4.0.2
                  │   └── cap-std v4.0.2
                  │       └── carrick-runtime v0.1.0
                  │           ├── carrick-cli v0.1.0
                  │           └── carrick-engine v0.1.0
                  │               └── carrick-cli v0.1.0 (*)
                  └── cap-std v4.0.2 (*)

warning[duplicate]: found 2 duplicate entries for crate 'windows_x86_64_gnu'
    ┌─ /Volumes/CaseSensitive/carrick/.worktrees/codex-hybrid-kernel/Cargo.lock:374:1
    │  
374 │ ╭ windows_x86_64_gnu 0.52.6 registry+https://github.com/rust-lang/crates.io-index
375 │ │ windows_x86_64_gnu 0.53.1 registry+https://github.com/rust-lang/crates.io-index
    │ ╰───────────────────────────────────────────────────────────────────────────────┘ lock entries
    │  
    ├ windows_x86_64_gnu v0.52.6
      └── windows-targets v0.52.6
          └── windows-sys v0.52.0
              ├── fd-lock v4.0.4
              │   └── carrick-runtime v0.1.0
              │       ├── carrick-cli v0.1.0
              │       └── carrick-engine v0.1.0
              │           └── carrick-cli v0.1.0 (*)
              ├── fs-set-times v0.20.3
              │   └── cap-primitives v4.0.2
              │       └── cap-std v4.0.2
              │           └── carrick-runtime v0.1.0 (*)
              ├── ring v0.17.14
              │   ├── rustls v0.23.40
              │   │   ├── hyper-rustls v0.27.9
              │   │   │   └── reqwest v0.12.28
              │   │   │       └── oci-client v0.15.0
              │   │   │           ├── carrick-image v0.1.0
              │   │   │           │   ├── carrick-cli v0.1.0 (*)
              │   │   │           │   ├── carrick-engine v0.1.0 (*)
              │   │   │           │   └── (dev) carrick-runtime v0.1.0 (*)
              │   │   │           ├── carrick-runtime v0.1.0 (*)
              │   │   │           └── carrick-spec v0.1.0
              │   │   │               ├── carrick-cli v0.1.0 (*)
              │   │   │               ├── carrick-engine v0.1.0 (*)
              │   │   │               ├── carrick-image v0.1.0 (*)
              │   │   │               └── carrick-runtime v0.1.0 (*)
              │   │   ├── reqwest v0.12.28 (*)
              │   │   └── tokio-rustls v0.26.4
              │   │       ├── hyper-rustls v0.27.9 (*)
              │   │       └── reqwest v0.12.28 (*)
              │   └── rustls-webpki v0.103.13
              │       └── rustls v0.23.40 (*)
              └── winx v0.36.4
                  └── cap-primitives v4.0.2 (*)
    ├ windows_x86_64_gnu v0.53.1
      └── windows-targets v0.53.5
          └── windows-sys v0.60.2
              └── io-extras v0.19.0
                  ├── cap-primitives v4.0.2
                  │   └── cap-std v4.0.2
                  │       └── carrick-runtime v0.1.0
                  │           ├── carrick-cli v0.1.0
                  │           └── carrick-engine v0.1.0
                  │               └── carrick-cli v0.1.0 (*)
                  └── cap-std v4.0.2 (*)

warning[duplicate]: found 2 duplicate entries for crate 'windows_x86_64_gnullvm'
    ┌─ /Volumes/CaseSensitive/carrick/.worktrees/codex-hybrid-kernel/Cargo.lock:376:1
    │  
376 │ ╭ windows_x86_64_gnullvm 0.52.6 registry+https://github.com/rust-lang/crates.io-index
377 │ │ windows_x86_64_gnullvm 0.53.1 registry+https://github.com/rust-lang/crates.io-index
    │ ╰───────────────────────────────────────────────────────────────────────────────────┘ lock entries
    │  
    ├ windows_x86_64_gnullvm v0.52.6
      └── windows-targets v0.52.6
          └── windows-sys v0.52.0
              ├── fd-lock v4.0.4
              │   └── carrick-runtime v0.1.0
              │       ├── carrick-cli v0.1.0
              │       └── carrick-engine v0.1.0
              │           └── carrick-cli v0.1.0 (*)
              ├── fs-set-times v0.20.3
              │   └── cap-primitives v4.0.2
              │       └── cap-std v4.0.2
              │           └── carrick-runtime v0.1.0 (*)
              ├── ring v0.17.14
              │   ├── rustls v0.23.40
              │   │   ├── hyper-rustls v0.27.9
              │   │   │   └── reqwest v0.12.28
              │   │   │       └── oci-client v0.15.0
              │   │   │           ├── carrick-image v0.1.0
              │   │   │           │   ├── carrick-cli v0.1.0 (*)
              │   │   │           │   ├── carrick-engine v0.1.0 (*)
              │   │   │           │   └── (dev) carrick-runtime v0.1.0 (*)
              │   │   │           ├── carrick-runtime v0.1.0 (*)
              │   │   │           └── carrick-spec v0.1.0
              │   │   │               ├── carrick-cli v0.1.0 (*)
              │   │   │               ├── carrick-engine v0.1.0 (*)
              │   │   │               ├── carrick-image v0.1.0 (*)
              │   │   │               └── carrick-runtime v0.1.0 (*)
              │   │   ├── reqwest v0.12.28 (*)
              │   │   └── tokio-rustls v0.26.4
              │   │       ├── hyper-rustls v0.27.9 (*)
              │   │       └── reqwest v0.12.28 (*)
              │   └── rustls-webpki v0.103.13
              │       └── rustls v0.23.40 (*)
              └── winx v0.36.4
                  └── cap-primitives v4.0.2 (*)
    ├ windows_x86_64_gnullvm v0.53.1
      └── windows-targets v0.53.5
          └── windows-sys v0.60.2
              └── io-extras v0.19.0
                  ├── cap-primitives v4.0.2
                  │   └── cap-std v4.0.2
                  │       └── carrick-runtime v0.1.0
                  │           ├── carrick-cli v0.1.0
                  │           └── carrick-engine v0.1.0
                  │               └── carrick-cli v0.1.0 (*)
                  └── cap-std v4.0.2 (*)

warning[duplicate]: found 2 duplicate entries for crate 'windows_x86_64_msvc'
    ┌─ /Volumes/CaseSensitive/carrick/.worktrees/codex-hybrid-kernel/Cargo.lock:378:1
    │  
378 │ ╭ windows_x86_64_msvc 0.52.6 registry+https://github.com/rust-lang/crates.io-index
379 │ │ windows_x86_64_msvc 0.53.1 registry+https://github.com/rust-lang/crates.io-index
    │ ╰────────────────────────────────────────────────────────────────────────────────┘ lock entries
    │  
    ├ windows_x86_64_msvc v0.52.6
      └── windows-targets v0.52.6
          └── windows-sys v0.52.0
              ├── fd-lock v4.0.4
              │   └── carrick-runtime v0.1.0
              │       ├── carrick-cli v0.1.0
              │       └── carrick-engine v0.1.0
              │           └── carrick-cli v0.1.0 (*)
              ├── fs-set-times v0.20.3
              │   └── cap-primitives v4.0.2
              │       └── cap-std v4.0.2
              │           └── carrick-runtime v0.1.0 (*)
              ├── ring v0.17.14
              │   ├── rustls v0.23.40
              │   │   ├── hyper-rustls v0.27.9
              │   │   │   └── reqwest v0.12.28
              │   │   │       └── oci-client v0.15.0
              │   │   │           ├── carrick-image v0.1.0
              │   │   │           │   ├── carrick-cli v0.1.0 (*)
              │   │   │           │   ├── carrick-engine v0.1.0 (*)
              │   │   │           │   └── (dev) carrick-runtime v0.1.0 (*)
              │   │   │           ├── carrick-runtime v0.1.0 (*)
              │   │   │           └── carrick-spec v0.1.0
              │   │   │               ├── carrick-cli v0.1.0 (*)
              │   │   │               ├── carrick-engine v0.1.0 (*)
              │   │   │               ├── carrick-image v0.1.0 (*)
              │   │   │               └── carrick-runtime v0.1.0 (*)
              │   │   ├── reqwest v0.12.28 (*)
              │   │   └── tokio-rustls v0.26.4
              │   │       ├── hyper-rustls v0.27.9 (*)
              │   │       └── reqwest v0.12.28 (*)
              │   └── rustls-webpki v0.103.13
              │       └── rustls v0.23.40 (*)
              └── winx v0.36.4
                  └── cap-primitives v4.0.2 (*)
    ├ windows_x86_64_msvc v0.53.1
      └── windows-targets v0.53.5
          └── windows-sys v0.60.2
              └── io-extras v0.19.0
                  ├── cap-primitives v4.0.2
                  │   └── cap-std v4.0.2
                  │       └── carrick-runtime v0.1.0
                  │           ├── carrick-cli v0.1.0
                  │           └── carrick-engine v0.1.0
                  │               └── carrick-cli v0.1.0 (*)
                  └── cap-std v4.0.2 (*)

warning[duplicate]: found 2 duplicate entries for crate 'wit-bindgen'
    ┌─ /Volumes/CaseSensitive/carrick/.worktrees/codex-hybrid-kernel/Cargo.lock:382:1
    │  
382 │ ╭ wit-bindgen 0.51.0 registry+https://github.com/rust-lang/crates.io-index
383 │ │ wit-bindgen 0.57.1 registry+https://github.com/rust-lang/crates.io-index
    │ ╰────────────────────────────────────────────────────────────────────────┘ lock entries
    │  
    ├ wit-bindgen v0.51.0
      └── wasip3 v0.4.0+wasi-0.3.0-rc-2026-01-06
          └── getrandom v0.4.2
              ├── jobserver v0.1.35
              │   └── cc v1.2.62
              │       ├── (build) bad64-sys v0.10.0
              │       │   └── bad64 v0.12.0
              │       │       ├── carrick-dsr-aarch64 v0.1.0
              │       │       │   ├── carrick-native-darwin v0.1.0
              │       │       │   │   └── carrick-runtime v0.1.0
              │       │       │   │       ├── carrick-cli v0.1.0
              │       │       │   │       └── carrick-engine v0.1.0
              │       │       │   │           └── carrick-cli v0.1.0 (*)
              │       │       │   └── (dev) carrick-runtime v0.1.0 (*)
              │       │       ├── carrick-native-darwin v0.1.0 (*)
              │       │       └── (dev) carrick-runtime v0.1.0 (*)
              │       ├── (build) carrick-dsr-aarch64 v0.1.0 (*)
              │       ├── (build) carrick-dsr-x86 v0.1.0
              │       │   └── carrick-runtime v0.1.0 (*)
              │       ├── (build) carrick-native-darwin v0.1.0 (*)
              │       ├── (build) carrick-vmm-hvf v0.1.0
              │       │   ├── carrick-cli v0.1.0 (*)
              │       │   └── carrick-runtime v0.1.0 (*)
              │       ├── (build) iana-time-zone-haiku v0.1.2
              │       │   └── iana-time-zone v0.1.65
              │       │       └── chrono v0.4.44
              │       │           ├── carrick-cli v0.1.0 (*)
              │       │           └── oci-client v0.15.0
              │       │               ├── carrick-image v0.1.0
              │       │               │   ├── carrick-cli v0.1.0 (*)
              │       │               │   ├── carrick-engine v0.1.0 (*)
              │       │               │   └── (dev) carrick-runtime v0.1.0 (*)
              │       │               ├── carrick-runtime v0.1.0 (*)
              │       │               └── carrick-spec v0.1.0
              │       │                   ├── carrick-cli v0.1.0 (*)
              │       │                   ├── carrick-engine v0.1.0 (*)
              │       │                   ├── carrick-image v0.1.0 (*)
              │       │                   └── carrick-runtime v0.1.0 (*)
              │       ├── (build) ring v0.17.14
              │       │   ├── rustls v0.23.40
              │       │   │   ├── hyper-rustls v0.27.9
              │       │   │   │   └── reqwest v0.12.28
              │       │   │   │       └── oci-client v0.15.0 (*)
              │       │   │   ├── reqwest v0.12.28 (*)
              │       │   │   └── tokio-rustls v0.26.4
              │       │   │       ├── hyper-rustls v0.27.9 (*)
              │       │   │       └── reqwest v0.12.28 (*)
              │       │   └── rustls-webpki v0.103.13
              │       │       └── rustls v0.23.40 (*)
              │       └── (build) sha2-asm v0.6.4
              │           └── sha2 v0.10.9
              │               ├── carrick-cli v0.1.0 (*)
              │               ├── carrick-dsr v0.1.0
              │               │   ├── carrick-dsr-aarch64 v0.1.0 (*)
              │               │   ├── (dev) carrick-dsr-x86 v0.1.0 (*)
              │               │   ├── carrick-native-darwin v0.1.0 (*)
              │               │   ├── carrick-native-freebsd v0.1.0
              │               │   │   ├── (dev) carrick-dsr-x86 v0.1.0 (*)
              │               │   │   └── carrick-runtime v0.1.0 (*)
              │               │   ├── carrick-native-netbsd v0.1.0
              │               │   │   └── carrick-runtime v0.1.0 (*)
              │               │   └── (dev) carrick-runtime v0.1.0 (*)
              │               ├── carrick-dsr-aarch64 v0.1.0 (*)
              │               ├── carrick-image v0.1.0 (*)
              │               ├── carrick-native-darwin v0.1.0 (*)
              │               ├── carrick-observability v0.1.0
              │               │   ├── carrick-aarch64 v0.1.0
              │               │   │   ├── carrick-vmm-hvf v0.1.0 (*)
              │               │   │   └── carrick-vmm-kvm v0.1.0
              │               │   ├── carrick-native-darwin v0.1.0 (*)
              │               │   ├── carrick-runtime v0.1.0 (*)
              │               │   ├── carrick-thread v0.1.0
              │               │   │   ├── carrick-native-freebsd v0.1.0 (*)
              │               │   │   ├── carrick-native-netbsd v0.1.0 (*)
              │               │   │   ├── carrick-runtime v0.1.0 (*)
              │               │   │   ├── carrick-vmm-bhyve v0.1.0
              │               │   │   ├── carrick-vmm-hvf v0.1.0 (*)
              │               │   │   ├── carrick-vmm-kvm v0.1.0 (*)
              │               │   │   └── carrick-vmm-nvmm v0.1.0
              │               │   └── carrick-vmm-hvf v0.1.0 (*)
              │               ├── carrick-runtime v0.1.0 (*)
              │               ├── jwt v0.16.0
              │               │   └── oci-client v0.15.0 (*)
              │               ├── oci-client v0.15.0 (*)
              │               └── (build) pest_meta v2.8.6
              │                   └── pest_generator v2.8.6
              │                       └── pest_derive v2.8.6
              │                           └── dtrace-parser v0.3.0
              │                               ├── usdt-attr-macro v0.6.0
              │                               │   └── usdt v0.6.0
              │                               │       ├── carrick-observability v0.1.0 (*)
              │                               │       └── carrick-vmm-hvf v0.1.0 (*)
              │                               ├── usdt-impl v0.6.0
              │                               │   ├── usdt v0.6.0 (*)
              │                               │   ├── usdt-attr-macro v0.6.0 (*)
              │                               │   └── usdt-macro v0.6.0
              │                               │       └── usdt v0.6.0 (*)
              │                               └── usdt-macro v0.6.0 (*)
              ├── rand v0.10.1
              │   └── hickory-proto v0.26.1
              │       └── carrick-runtime v0.1.0 (*)
              └── tempfile v3.27.0
                  ├── (dev) carrick-cli v0.1.0 (*)
                  ├── carrick-dsr v0.1.0 (*)
                  ├── carrick-dsr-aarch64 v0.1.0 (*)
                  ├── (dev) carrick-dsr-x86 v0.1.0 (*)
                  ├── (dev) carrick-host v0.1.0
                  │   ├── carrick-aarch64 v0.1.0 (*)
                  │   ├── carrick-dsr v0.1.0 (*)
                  │   ├── carrick-dsr-aarch64 v0.1.0 (*)
                  │   ├── carrick-host-bsd v0.1.0
                  │   │   ├── carrick-cli v0.1.0 (*)
                  │   │   ├── carrick-runtime v0.1.0 (*)
                  │   │   ├── carrick-vmm-bhyve v0.1.0 (*)
                  │   │   ├── carrick-vmm-hvf v0.1.0 (*)
                  │   │   └── carrick-vmm-nvmm v0.1.0 (*)
                  │   ├── carrick-runtime v0.1.0 (*)
                  │   ├── carrick-timer-core v0.1.0
                  │   │   ├── carrick-hal v0.1.0
                  │   │   │   ├── carrick-aarch64 v0.1.0 (*)
                  │   │   │   ├── carrick-host-bsd v0.1.0 (*)
                  │   │   │   ├── carrick-host-linux v0.1.0
                  │   │   │   ├── carrick-native-freebsd v0.1.0 (*)
                  │   │   │   ├── carrick-native-netbsd v0.1.0 (*)
                  │   │   │   ├── carrick-runtime v0.1.0 (*)
                  │   │   │   ├── carrick-thread v0.1.0 (*)
                  │   │   │   ├── carrick-vmm-bhyve v0.1.0 (*)
                  │   │   │   ├── carrick-vmm-hvf v0.1.0 (*)
                  │   │   │   ├── carrick-vmm-kvm v0.1.0 (*)
                  │   │   │   ├── carrick-vmm-nvmm v0.1.0 (*)
                  │   │   │   └── carrick-x86 v0.1.0
                  │   │   │       ├── carrick-vmm-bhyve v0.1.0 (*)
                  │   │   │       ├── carrick-vmm-kvm v0.1.0 (*)
                  │   │   │       └── carrick-vmm-nvmm v0.1.0 (*)
                  │   │   ├── carrick-runtime v0.1.0 (*)
                  │   │   ├── carrick-vmm-bhyve v0.1.0 (*)
                  │   │   ├── carrick-vmm-hvf v0.1.0 (*)
                  │   │   ├── carrick-vmm-kvm v0.1.0 (*)
                  │   │   └── carrick-vmm-nvmm v0.1.0 (*)
                  │   ├── carrick-vmm-bhyve v0.1.0 (*)
                  │   ├── carrick-vmm-hvf v0.1.0 (*)
                  │   ├── carrick-vmm-kvm v0.1.0 (*)
                  │   ├── carrick-vmm-nvmm v0.1.0 (*)
                  │   └── carrick-x86 v0.1.0 (*)
                  ├── (dev) carrick-image v0.1.0 (*)
                  ├── carrick-native-darwin v0.1.0 (*)
                  ├── (dev) carrick-native-freebsd v0.1.0 (*)
                  ├── carrick-observability v0.1.0 (*)
                  ├── (dev) carrick-portable v0.1.0
                  │   ├── carrick-dsr v0.1.0 (*)
                  │   ├── carrick-runtime v0.1.0 (*)
                  │   └── carrick-timer-core v0.1.0 (*)
                  ├── (dev) carrick-runtime v0.1.0 (*)
                  ├── carrick-signal-core v0.1.0
                  │   ├── carrick-hal v0.1.0 (*)
                  │   ├── carrick-host-bsd v0.1.0 (*)
                  │   ├── carrick-runtime v0.1.0 (*)
                  │   ├── carrick-vmm-bhyve v0.1.0 (*)
                  │   ├── carrick-vmm-hvf v0.1.0 (*)
                  │   ├── carrick-vmm-kvm v0.1.0 (*)
                  │   └── carrick-vmm-nvmm v0.1.0 (*)
                  ├── proptest v1.11.0
                  │   ├── (dev) carrick-dsr v0.1.0 (*)
                  │   └── (dev) carrick-runtime v0.1.0 (*)
                  └── rusty-fork v0.3.1
                      └── proptest v1.11.0 (*)
    ├ wit-bindgen v0.57.1
      └── wasip2 v1.0.3+wasi-0.2.9
          ├── getrandom v0.3.4
          │   ├── carrick-dsr-aarch64 v0.1.0
          │   │   ├── carrick-native-darwin v0.1.0
          │   │   │   └── carrick-runtime v0.1.0
          │   │   │       ├── carrick-cli v0.1.0
          │   │   │       └── carrick-engine v0.1.0
          │   │   │           └── carrick-cli v0.1.0 (*)
          │   │   └── (dev) carrick-runtime v0.1.0 (*)
          │   ├── carrick-native-darwin v0.1.0 (*)
          │   ├── carrick-runtime v0.1.0 (*)
          │   └── rand_core v0.9.5
          │       ├── rand v0.9.4
          │       │   ├── carrick-cli v0.1.0 (*)
          │       │   └── proptest v1.11.0
          │       │       ├── (dev) carrick-dsr v0.1.0
          │       │       │   ├── carrick-dsr-aarch64 v0.1.0 (*)
          │       │       │   ├── (dev) carrick-dsr-x86 v0.1.0
          │       │       │   │   └── carrick-runtime v0.1.0 (*)
          │       │       │   ├── carrick-native-darwin v0.1.0 (*)
          │       │       │   ├── carrick-native-freebsd v0.1.0
          │       │       │   │   ├── (dev) carrick-dsr-x86 v0.1.0 (*)
          │       │       │   │   └── carrick-runtime v0.1.0 (*)
          │       │       │   ├── carrick-native-netbsd v0.1.0
          │       │       │   │   └── carrick-runtime v0.1.0 (*)
          │       │       │   └── (dev) carrick-runtime v0.1.0 (*)
          │       │       └── (dev) carrick-runtime v0.1.0 (*)
          │       ├── rand_chacha v0.9.0
          │       │   ├── proptest v1.11.0 (*)
          │       │   └── rand v0.9.4 (*)
          │       └── rand_xorshift v0.4.0
          │           └── proptest v1.11.0 (*)
          └── getrandom v0.4.2
              ├── jobserver v0.1.35
              │   └── cc v1.2.62
              │       ├── (build) bad64-sys v0.10.0
              │       │   └── bad64 v0.12.0
              │       │       ├── carrick-dsr-aarch64 v0.1.0 (*)
              │       │       ├── carrick-native-darwin v0.1.0 (*)
              │       │       └── (dev) carrick-runtime v0.1.0 (*)
              │       ├── (build) carrick-dsr-aarch64 v0.1.0 (*)
              │       ├── (build) carrick-dsr-x86 v0.1.0 (*)
              │       ├── (build) carrick-native-darwin v0.1.0 (*)
              │       ├── (build) carrick-vmm-hvf v0.1.0
              │       │   ├── carrick-cli v0.1.0 (*)
              │       │   └── carrick-runtime v0.1.0 (*)
              │       ├── (build) iana-time-zone-haiku v0.1.2
              │       │   └── iana-time-zone v0.1.65
              │       │       └── chrono v0.4.44
              │       │           ├── carrick-cli v0.1.0 (*)
              │       │           └── oci-client v0.15.0
              │       │               ├── carrick-image v0.1.0
              │       │               │   ├── carrick-cli v0.1.0 (*)
              │       │               │   ├── carrick-engine v0.1.0 (*)
              │       │               │   └── (dev) carrick-runtime v0.1.0 (*)
              │       │               ├── carrick-runtime v0.1.0 (*)
              │       │               └── carrick-spec v0.1.0
              │       │                   ├── carrick-cli v0.1.0 (*)
              │       │                   ├── carrick-engine v0.1.0 (*)
              │       │                   ├── carrick-image v0.1.0 (*)
              │       │                   └── carrick-runtime v0.1.0 (*)
              │       ├── (build) ring v0.17.14
              │       │   ├── rustls v0.23.40
              │       │   │   ├── hyper-rustls v0.27.9
              │       │   │   │   └── reqwest v0.12.28
              │       │   │   │       └── oci-client v0.15.0 (*)
              │       │   │   ├── reqwest v0.12.28 (*)
              │       │   │   └── tokio-rustls v0.26.4
              │       │   │       ├── hyper-rustls v0.27.9 (*)
              │       │   │       └── reqwest v0.12.28 (*)
              │       │   └── rustls-webpki v0.103.13
              │       │       └── rustls v0.23.40 (*)
              │       └── (build) sha2-asm v0.6.4
              │           └── sha2 v0.10.9
              │               ├── carrick-cli v0.1.0 (*)
              │               ├── carrick-dsr v0.1.0 (*)
              │               ├── carrick-dsr-aarch64 v0.1.0 (*)
              │               ├── carrick-image v0.1.0 (*)
              │               ├── carrick-native-darwin v0.1.0 (*)
              │               ├── carrick-observability v0.1.0
              │               │   ├── carrick-aarch64 v0.1.0
              │               │   │   ├── carrick-vmm-hvf v0.1.0 (*)
              │               │   │   └── carrick-vmm-kvm v0.1.0
              │               │   ├── carrick-native-darwin v0.1.0 (*)
              │               │   ├── carrick-runtime v0.1.0 (*)
              │               │   ├── carrick-thread v0.1.0
              │               │   │   ├── carrick-native-freebsd v0.1.0 (*)
              │               │   │   ├── carrick-native-netbsd v0.1.0 (*)
              │               │   │   ├── carrick-runtime v0.1.0 (*)
              │               │   │   ├── carrick-vmm-bhyve v0.1.0
              │               │   │   ├── carrick-vmm-hvf v0.1.0 (*)
              │               │   │   ├── carrick-vmm-kvm v0.1.0 (*)
              │               │   │   └── carrick-vmm-nvmm v0.1.0
              │               │   └── carrick-vmm-hvf v0.1.0 (*)
              │               ├── carrick-runtime v0.1.0 (*)
              │               ├── jwt v0.16.0
              │               │   └── oci-client v0.15.0 (*)
              │               ├── oci-client v0.15.0 (*)
              │               └── (build) pest_meta v2.8.6
              │                   └── pest_generator v2.8.6
              │                       └── pest_derive v2.8.6
              │                           └── dtrace-parser v0.3.0
              │                               ├── usdt-attr-macro v0.6.0
              │                               │   └── usdt v0.6.0
              │                               │       ├── carrick-observability v0.1.0 (*)
              │                               │       └── carrick-vmm-hvf v0.1.0 (*)
              │                               ├── usdt-impl v0.6.0
              │                               │   ├── usdt v0.6.0 (*)
              │                               │   ├── usdt-attr-macro v0.6.0 (*)
              │                               │   └── usdt-macro v0.6.0
              │                               │       └── usdt v0.6.0 (*)
              │                               └── usdt-macro v0.6.0 (*)
              ├── rand v0.10.1
              │   └── hickory-proto v0.26.1
              │       └── carrick-runtime v0.1.0 (*)
              └── tempfile v3.27.0
                  ├── (dev) carrick-cli v0.1.0 (*)
                  ├── carrick-dsr v0.1.0 (*)
                  ├── carrick-dsr-aarch64 v0.1.0 (*)
                  ├── (dev) carrick-dsr-x86 v0.1.0 (*)
                  ├── (dev) carrick-host v0.1.0
                  │   ├── carrick-aarch64 v0.1.0 (*)
                  │   ├── carrick-dsr v0.1.0 (*)
                  │   ├── carrick-dsr-aarch64 v0.1.0 (*)
                  │   ├── carrick-host-bsd v0.1.0
                  │   │   ├── carrick-cli v0.1.0 (*)
                  │   │   ├── carrick-runtime v0.1.0 (*)
                  │   │   ├── carrick-vmm-bhyve v0.1.0 (*)
                  │   │   ├── carrick-vmm-hvf v0.1.0 (*)
                  │   │   └── carrick-vmm-nvmm v0.1.0 (*)
                  │   ├── carrick-runtime v0.1.0 (*)
                  │   ├── carrick-timer-core v0.1.0
                  │   │   ├── carrick-hal v0.1.0
                  │   │   │   ├── carrick-aarch64 v0.1.0 (*)
                  │   │   │   ├── carrick-host-bsd v0.1.0 (*)
                  │   │   │   ├── carrick-host-linux v0.1.0
                  │   │   │   ├── carrick-native-freebsd v0.1.0 (*)
                  │   │   │   ├── carrick-native-netbsd v0.1.0 (*)
                  │   │   │   ├── carrick-runtime v0.1.0 (*)
                  │   │   │   ├── carrick-thread v0.1.0 (*)
                  │   │   │   ├── carrick-vmm-bhyve v0.1.0 (*)
                  │   │   │   ├── carrick-vmm-hvf v0.1.0 (*)
                  │   │   │   ├── carrick-vmm-kvm v0.1.0 (*)
                  │   │   │   ├── carrick-vmm-nvmm v0.1.0 (*)
                  │   │   │   └── carrick-x86 v0.1.0
                  │   │   │       ├── carrick-vmm-bhyve v0.1.0 (*)
                  │   │   │       ├── carrick-vmm-kvm v0.1.0 (*)
                  │   │   │       └── carrick-vmm-nvmm v0.1.0 (*)
                  │   │   ├── carrick-runtime v0.1.0 (*)
                  │   │   ├── carrick-vmm-bhyve v0.1.0 (*)
                  │   │   ├── carrick-vmm-hvf v0.1.0 (*)
                  │   │   ├── carrick-vmm-kvm v0.1.0 (*)
                  │   │   └── carrick-vmm-nvmm v0.1.0 (*)
                  │   ├── carrick-vmm-bhyve v0.1.0 (*)
                  │   ├── carrick-vmm-hvf v0.1.0 (*)
                  │   ├── carrick-vmm-kvm v0.1.0 (*)
                  │   ├── carrick-vmm-nvmm v0.1.0 (*)
                  │   └── carrick-x86 v0.1.0 (*)
                  ├── (dev) carrick-image v0.1.0 (*)
                  ├── carrick-native-darwin v0.1.0 (*)
                  ├── (dev) carrick-native-freebsd v0.1.0 (*)
                  ├── carrick-observability v0.1.0 (*)
                  ├── (dev) carrick-portable v0.1.0
                  │   ├── carrick-dsr v0.1.0 (*)
                  │   ├── carrick-runtime v0.1.0 (*)
                  │   └── carrick-timer-core v0.1.0 (*)
                  ├── (dev) carrick-runtime v0.1.0 (*)
                  ├── carrick-signal-core v0.1.0
                  │   ├── carrick-hal v0.1.0 (*)
                  │   ├── carrick-host-bsd v0.1.0 (*)
                  │   ├── carrick-runtime v0.1.0 (*)
                  │   ├── carrick-vmm-bhyve v0.1.0 (*)
                  │   ├── carrick-vmm-hvf v0.1.0 (*)
                  │   ├── carrick-vmm-kvm v0.1.0 (*)
                  │   └── carrick-vmm-nvmm v0.1.0 (*)
                  ├── proptest v1.11.0 (*)
                  └── rusty-fork v0.3.1
                      └── proptest v1.11.0 (*)

bans ok, licenses ok, sources ok
cargo run -p carrick-conformance -- --check-matrix
    Finished `dev` profile [unoptimized + debuginfo] target(s) in 0.04s
     Running `target/debug/carrick-conformance --check-matrix`
docs/support-matrix.md is in sync with scripts/conformance/baseline.jsonl
cargo build -p carrick-cli  --workspace
    Finished `dev` profile [unoptimized + debuginfo] target(s) in 0.12s
    Finished `dev` profile [unoptimized + debuginfo] target(s) in 0.18s
   Generated /Volumes/CaseSensitive/carrick/.worktrees/codex-hybrid-kernel/target/doc/carrick_aarch64/index.html and 37 other files
    Finished `test` profile [unoptimized + debuginfo] target(s) in 0.13s
     Running unittests src/lib.rs (target/debug/deps/carrick_aarch64-4c3ab7cc1fad0b08)

running 14 tests
test engine::tests::hvpatch_process_aperture_reservation_removes_both_identity_ranges ... ok
test engine::tests::private_repoint_tlbi_failure_is_indeterminate ... ok
test engine::tests::seed_applies_thread_entry_deltas ... ok
test engine::tests::snapshot_serialization_roundtrips ... ok
test engine::tests::wait_diagnostics_decode_hvpatch_island_back_to_original_svc ... ok
test engine::tests::wait_diagnostics_prefer_post_syscall_guest_resume_pc ... ok
test mailbox::tests::generation_rollover_never_publishes_zero ... ok
test mailbox::tests::mailbox_layout_is_fixed ... ok
test mailbox::tests::mailbox_ownership_transition_is_linear ... ok
test mailbox::tests::mailbox_wire_values_are_unique_and_stable ... ok
test mailbox::tests::request_metadata_rejects_stale_and_duplicate_publications ... ok
test mailbox::tests::response_cannot_publish_before_request_ownership ... ok
test mailbox::tests::unpublished_payload_and_wrong_trap_kind_fail_closed ... ok
test vmm::completion_tests::default_complete_syscall_return_preserves_register_transport ... ok

test result: ok. 14 passed; 0 failed; 0 ignored; 0 measured; 0 filtered out; finished in 0.01s

     Running unittests src/lib.rs (target/debug/deps/carrick_abi-61eb541284b487d2)

running 24 tests
test kernel_abi_tests::abi_size_never_exceeds_struct_size ... ok
test kernel_abi_tests::carrick_x86_64_reports_x86_64_machine ... ok
test kernel_abi_tests::fpsimd_context_empty_record_is_self_describing ... ok
test kernel_abi_tests::linux_flag_groups_pin_supported_and_rejected_masks ... ok
test kernel_abi_tests::stage11_flag_types_match_their_consts ... ok
test kernel_abi_tests::termios_kernel_abi_size_is_36_not_44 ... ok
test syscall_x86_64::tests::arch_prctl_is_native ... ok
test syscall_x86_64::tests::brk_remaps_to_canonical_214 ... ok
test syscall_x86_64::tests::clone_remaps_to_canonical_220 ... ok
test syscall_x86_64::tests::every_direct_canonical_matches_aarch64_by_name ... ok
test syscall_x86_64::tests::exit_group_remaps_to_canonical_94 ... ok
test syscall_x86_64::tests::exit_remaps_to_canonical_93 ... ok
test syscall_x86_64::tests::futex_gettid_set_robust_list_present ... ok
test syscall_x86_64::tests::iopl_is_not_in_table ... ok
test syscall_x86_64::tests::mmap_remaps_to_canonical_222 ... ok
test syscall_x86_64::tests::rt_sigreturn_remaps_to_canonical_139 ... ok
test syscall_x86_64::tests::table_covers_the_whole_abi ... ok
test syscall_x86_64::tests::table_is_strictly_sorted ... ok
test syscall_x86_64::tests::wait4_remaps_to_canonical_260 ... ok
test syscall_x86_64::tests::write_remaps_to_canonical_64 ... ok
test x8664_sigframe_tests::rtsigframe_field_order ... ok
test x8664_sigframe_tests::rtsigframe_offsets_match_linux_amd64_oracle ... ok
test x8664_sigframe_tests::sigcontext_gregset_order_matches_psabi ... ok
test x8664_sigframe_tests::ucontext_mcontext_offset ... ok

test result: ok. 24 passed; 0 failed; 0 ignored; 0 measured; 0 filtered out; finished in 0.00s

     Running unittests src/main.rs (target/debug/deps/carrick_conformance-9c6d36c02f059104)

running 108 tests
test engine::tests::carrick_argv_has_no_per_run_pull ... ok
test engine::tests::carrick_argv_mirrors_docker_seccomp_unconfined ... ok
test engine::tests::carrick_argv_stays_default_confined_without_docker_unconfined ... ok
test engine::tests::carrick_command_removes_inherited_outer_run_id ... ok
test engine::tests::docker_argv_uses_requested_platform ... ok
test engine::tests::only_starvation_is_a_measurement_failure ... ok
test engine::tests::timeout_classification_admits_when_the_host_did_not_answer ... ok
test engine::tests::timeout_classification_separates_spinning_starved_and_blocked ... ok
test generate::tests::committed_suites_carry_oracle_fidelity_flags_and_gaps ... ok
test generate::tests::committed_suites_preserve_manual_docker_flags ... ok
test generate::tests::exact_ltp_command_overrides_survive_regen ... ok
test generate::tests::family_prefix_overrides_apply ... ok
test generate::tests::full_load_slow_suites_have_extended_budgets ... ok
test generate::tests::manual_docker_flag_overrides_survive_regen ... ok
test generate::tests::ordinary_suites_keep_default_budgets ... ok
test images::tests::parses_nested_repo_and_defaults_tag ... ok
test images::tests::parses_registry_tagged_ref ... ok
test images::tests::skips_bare_and_digest_pinned ... ok
test images::tests::staleness_logic ... ok
test lane::tests::bhyve_local_invocation_runs_carrick_directly_as_amd64 ... ok
test lane::tests::dry_run_hvf_changes_only_explicit_backend_policy ... ok
test lane::tests::hvf_invocation_is_the_local_carrick_argv ... ok
test lane::tests::hvpatch_invocation_is_local_and_injects_only_the_kernel_backend ... ok
test lane::tests::kvm_invocation_wraps_in_limactl_with_rewrite_and_registry_env ... ok
test lane::tests::kvm_local_invocation_runs_carrick_directly ... ok
test lane::tests::kvm_timeout_scale_stretches_carrick_deadlines_only ... ok
test lane::tests::lane_from_args_builds_kvm_with_defaults ... ok
test lane::tests::native_dsr_invocation_is_local_and_injects_typed_backend_flags ... ok
test lane::tests::nvmm_local_invocation_runs_carrick_directly_as_amd64 ... ok
test lane::tests::rewrite_localhost_registry_host_in_image_ref ... ok
test lane::tests::shell_quote_handles_barewords_and_metachars ... ok
test manifest::tests::good_manifest_validates ... ok
test manifest::tests::rejects_bare_image_and_dup_and_empty_cmd ... ok
test manifest::tests::rejects_missing_fs_on_coherent_suite ... ok
test oracle::tests::caches_success_with_no_per_id_breakdown ... ok
test oracle::tests::golden_oracle_key_pins_the_determinant_schema ... ok
test oracle::tests::key_differs_when_docker_inputs_differ ... ok
test oracle::tests::key_differs_when_docker_platform_differs ... ok
test oracle::tests::key_is_stable_and_ignores_carrick_only_fields ... ok
test oracle::tests::miss_when_docker_inputs_change ... ok
test oracle::tests::parse_cache_records_counts_schema_mismatches ... ok
test oracle::tests::reconstructs_docker_oracle_from_report ... ok
test oracle::tests::refuses_to_cache_broken_oracle ... ok
test oracle::tests::refuses_to_reconstruct_suppressed_or_broken_report ... ok
test oracle::tests::round_trips_through_jsonl ... ok
test parsers::gotest::tests::all_pass_is_success ... ok
test parsers::gotest::tests::crash_signature_is_none ... ok
test parsers::gotest::tests::no_tests_to_run_is_success ... ok
test parsers::gotest::tests::nonzero_exit_is_crash_not_partial ... ok
test parsers::gotest::tests::parses_pass_fail_skip ... ok
test parsers::gotest::tests::pointer_addresses_normalize_to_stable_ids ... ok
test parsers::gotest::tests::recovered_expected_panic_is_failure_not_crash ... ok
test parsers::ltp::tests::empty_is_empty ... ok
test parsers::ltp::tests::missing_ltp_shell_helper_is_broken ... ok
test parsers::ltp::tests::old_api_clean_exit_is_success ... ok
test parsers::ltp::tests::old_api_failed_word_counts ... ok
test parsers::ltp::tests::old_api_passed_word_counts ... ok
test parsers::ltp::tests::skipped_only_summary_is_conf ... ok
test parsers::ltp::tests::tbrok_is_broken ... ok
test parsers::ltp::tests::tier1_all_pass ... ok
test parsers::ltp::tests::tier1_summary_block ... ok
test parsers::ltp::tests::tier2_old_api_tokens ... ok
test parsers::ltp::tests::tinfo_with_nonzero_exit_stays_empty ... ok
test parsers::regrtest::tests::empty_output_is_empty ... ok
test parsers::regrtest::tests::first_occurrence_wins ... ok
test parsers::regrtest::tests::missing_result_with_tests_is_crash ... ok
test parsers::regrtest::tests::parses_pass_fail_skip_and_result ... ok
test parsers::shell::tests::exit_code_drives_outcome ... ok
test parsers::tap::tests::bail_out_is_fail_even_on_exit_zero ... ok
test parsers::tap::tests::exit_zero_is_pass ... ok
test parsers::tap::tests::nonzero_exit_is_fail ... ok
test tests::allow_hang_carries_named_hangs_and_still_blocks_the_rest ... ok
test tests::allow_hang_reports_stale_entries_and_leaves_starved_unblocking ... ok
test tests::amd64_bringup_key_guards_on_guest_arch ... ok
test tests::applies_to_lane_scopes_ecosystems_per_bringup_lane ... ok
test tests::args_accept_explicit_worker_controls ... ok
test tests::baseline_writer_strips_non_deterministic_perf_observations ... ok
test tests::bhyve_preflight_accepts_control_node_or_vm_directory ... ok
test tests::bless_blocks_scopes_oracle_fail_to_shared_baseline ... ok
test tests::bless_target_guards_per_lane ... ok
test tests::blocked_generic_heavy_suites_do_not_starve_cpython_lane ... ok
test tests::cpython_heavy_suites_use_bounded_parallel_lanes ... ok
test tests::cpython_workers_default_to_bounded_worker_subset ... ok
test tests::explicit_worker_count_is_not_auto_clamped ... ok
test tests::fail_fast_trips_only_after_limit_unless_forced ... ok
test tests::flake_retries_are_opt_in_by_default ... ok
test tests::flake_retry_adopts_first_nongating_attempt ... ok
test tests::flake_retry_zero_retries_is_a_noop ... ok
test tests::lane_overlay_path_is_lane_derived ... ok
test tests::lane_overlay_path_tracks_baseline_directory ... ok
test tests::load_sensitive_suites_run_without_overlap ... ok
test tests::non_cpython_heavy_suites_remain_serialized ... ok
test tests::perf_summary_rounds_and_omits_zero_oracle_ratios ... ok
test tests::results_path_sanitizes_lane_into_a_filename ... ok
test tests::results_paths_do_not_collide_across_runs ... ok
test tests::scheduled_fanout_stops_claiming_new_jobs_after_stop ... ok
test tests::select_dispatches_ltp_first_cpython_last ... ok
test tests::select_drops_nonapplicable_ecosystems_on_bringup_lanes ... ok
test verdict::tests::carrick_crash_storm_is_single_verdict ... ok
test verdict::tests::clean_match ... ok
test verdict::tests::current_carrick_crash_against_empty_baseline_entry_gates ... ok
test verdict::tests::empty_overlay_is_a_noop ... ok
test verdict::tests::first_obs_diff_is_new_not_regression ... ok
test verdict::tests::known_gap_excuses_diff ... ok
test verdict::tests::oracle_fail_never_blames_carrick ... ok
test verdict::tests::overlay_baseline_suppresses_kvm_only_divergence ... ok
test verdict::tests::unchanged_baseline_diff_is_green ... ok
test verdict::tests::unexcused_diff_against_baseline_is_regression ... ok

test result: ok. 108 passed; 0 failed; 0 ignored; 0 measured; 0 filtered out; finished in 1.86s

     Running unittests src/lib.rs (target/debug/deps/carrick_dsr-34af58a65010e8b5)

running 108 tests
test address::tests::adjacent_linux_subpages_share_one_host_page_reservation_and_roll_back ... ok
test address::tests::aperture_disjoint_orr_immediates_are_recognized ... ok
test address::tests::bias_rejects_zero_misalignment_and_overflow ... ok
test address::tests::biased_aperture_guards_null_and_unmodeled_gaps_without_replacing_sentinels ... ok
test address::tests::biased_fixed_mapping_accepts_owned_gaps_and_rejects_outside_aperture ... ok
test address::tests::biased_literal_max_width_access_is_collision_probed_past_the_old_guard ... ok
test address::tests::biased_mode_round_trips_guest_addresses ... ok
test address::tests::direct_layout_selection_requires_pagezero_clearance_and_no_forced_bias ... ok
test address::tests::direct_mode_is_identity ... ok
test address::tests::direct_replacement_records_the_same_typed_owned_ranges ... ok
test address::tests::exact_mapping_never_replaces_an_existing_page ... ok
test address::tests::failed_candidate_unmaps_every_acquired_range ... ok
test address::tests::failed_post_mapping_setup_releases_candidate_ranges ... ok
test address::tests::force_biased_layout_accepts_only_the_exact_opt_in_spelling ... ok
test address::tests::low_image_skips_a_colliding_bias_candidate ... ok
test address::tests::no_production_bias_candidate_activates_the_compact_lowering ... ok
test address::tests::range_translation_checks_both_ends ... ok
test address::tests::vacant_host_reserves_the_underflow_window_below_the_selected_bias ... ok
test cache::from_region_tests::from_region_drop_never_unmaps_the_borrowed_region ... ok
test cache::from_region_tests::from_region_reports_the_slice_capacity_not_the_parent_region ... ok
test cache::from_region_tests::from_region_writes_land_at_the_slices_own_offset ... ok
test cache::from_region_tests::sub_region_rejects_a_range_that_does_not_fit ... ok
test cache::generation_tests::dsr_concurrency_duplicate_publication_has_one_winner ... ok
test cache::generation_tests::dsr_concurrency_exec_reset_discards_published_index ... ok
test cache::generation_tests::dsr_concurrency_fork_child_discards_in_progress_publication ... ok
test cache::generation_tests::dsr_concurrency_waiter_cannot_observe_partial_publication ... ok
test cache::generation_tests::dsr_generation_never_executes_stale_published_bytes ... ok
test cache::generation_tests::dsr_generation_observation_tracks_page_mutations_at_stable_address ... ok
test cache::generation_tests::dsr_generation_reverse_dependencies_retire_only_stale_page_blocks ... ok
test cache::generation_tests::dsr_observed_publication_preserves_the_winner ... ok
test cache::generation_tests::page_block_dependencies_prepare_is_logically_inert_and_commit_is_complete ... ok
test cache::generation_tests::page_block_dependencies_reserve_failure_preserves_records ... ok
test cache::generation_tests::translation_cache_exhaustion_is_typed ... ok
test cache::generation_tests::translation_cache_publishes_instruction_bytes_without_word_staging ... ok
test cache::generation_tests::translation_cache_test_patch_replaces_a_published_word ... ok
test host::sub_region_tests::sub_region_accepts_a_range_that_exactly_fills_the_remainder ... ok
test host::sub_region_tests::sub_region_rejects_ranges_that_overrun_the_parent ... ok
test host::sub_region_tests::sub_region_shifts_both_aliases_by_the_same_offset ... ok
test identity_memory::tests::accepts_low_canonical_guest_ranges ... ok
test identity_memory::tests::direct_host_pointer_validation_does_not_make_pages_resident ... ok
test identity_memory::tests::exact_checked_reader_uses_direct_materialized_copy_and_validates_before_mutation ... ok
test identity_memory::tests::exact_checked_writer_uses_direct_materialized_copy_and_validates_before_mutation ... ok
test identity_memory::tests::rejects_null_wrapping_and_noncanonical_ranges ... ok
test identity_memory::tests::zero_length_access_never_forms_a_pointer ... ok
test lane::tests::lane_traits_compose ... ok
test native_error::tests::align_up_rejects_non_power_of_two_and_rounds_up ... ok
test native_error::tests::checked_add_reports_overflow_operands ... ok
test native_error::tests::io_error_display_matches_legacy_last_io_error_format ... ok
test page_geometry::tests::classifies_non_executable_mixed_permissions_as_guarded ... ok
test page_geometry::tests::classifies_uniform_16k_page_as_fast_path ... ok
test page_geometry::tests::linux4k_policy_allows_composed_private_data_pages ... ok
test page_geometry::tests::linux4k_policy_allows_guarded_data_permissions ... ok
test page_geometry::tests::linux4k_policy_rejects_composed_shared_file_pages_with_diagnostic ... ok
test page_geometry::tests::linux4k_policy_rejects_mixed_executable_pages_with_diagnostic ... ok
test page_geometry::tests::linux4k_policy_rejects_unsupported_geometry_with_diagnostic ... ok
test page_geometry::tests::rejects_executable_mixed_page_without_instruction_instrumentation ... ok
test prepared_image::tests::artifact_digest_coverage_hatch_is_exactly_zero ... ok
test prepared_image::tests::constructor_rejects_auxv_before_artifact_creation ... ok
test prepared_image::tests::constructor_rejects_projected_payload_before_growing_run_buffer ... ok
test prepared_image::tests::constructor_rejects_projected_span_before_buffering_it ... ok
test prepared_image::tests::constructor_rejects_sparse_extent_before_artifact_creation ... ok
test prepared_image::tests::executable_window_records_reject_tampering_on_resume ... ok
test prepared_image::tests::executable_window_regions_consume_no_artifact_space_and_round_trip ... ok
test prepared_image::tests::executable_windows_reject_unaligned_offsets_and_eof_overruns ... ok
test prepared_image::tests::native_region_copy_window_starts_at_exact_stack_pointer ... ok
test prepared_image::tests::prepared_image_hatch_restores_payload_coverage ... ok
test prepared_image::tests::prepared_image_keeps_logical_4k_vvar_inside_a_16k_artifact_extent ... ok
test prepared_image::tests::prepared_image_limits_are_ineligible_at_construction_and_invalid_on_import ... ok
test prepared_image::tests::prepared_image_metadata_changes_still_fail_the_default_digest ... ok
test prepared_image::tests::prepared_image_payload_bytes_are_not_covered_by_default ... ok
test prepared_image::tests::prepared_image_rejects_bad_version_and_host_page_geometry ... ok
test prepared_image::tests::prepared_image_rejects_fd_identity_size_and_flag_mismatches ... ok
test prepared_image::tests::prepared_image_rejects_initialized_stack_bytes_before_sp ... ok
test prepared_image::tests::prepared_image_rejects_invalid_region_extents ... ok
test prepared_image::tests::prepared_image_rejects_non_regular_artifact_fds ... ok
test prepared_image::tests::prepared_image_rejects_sp_in_noncanonical_writable_region ... ok
test prepared_image::tests::prepared_image_rejects_spans_outside_region_or_artifact ... ok
test prepared_image::tests::prepared_image_rejects_stack_ro_permission_and_relocation_corruption ... ok
test prepared_image::tests::prepared_image_rejects_truncated_and_extended_artifacts ... ok
test prepared_image::tests::prepared_image_round_trips_sparse_bytes_and_metadata ... ok
test prepared_image::tests::prepared_stack_is_sparse_and_preserves_zero_prefix_and_suffix ... ok
test prepared_image::tests::relative_relocation_keeps_target_and_value_in_guest_va_domain ... ok
test prepared_image::tests::typed_wire_domains_reject_out_of_range_construction ... ok
test prepared_image::tests::wire_records_are_serde_round_trippable ... ok
test probes::tests::mirrored_ordinals_are_dense_and_start_at_one ... ok
test probes::tests::translated_range_domain_has_typed_constructor_and_fire_shapes ... ok
test probes::tests::translated_range_domain_rejects_zero_identity_and_malformed_extents ... ok
test probes::tests::translated_range_kind_ordinals_are_stable_and_unique ... ok
test probes::tests::uninstalled_is_noop_then_first_install_wins ... ok
test profile::tests::atomic_frames_survive_twenty_four_concurrent_writers ... ok
test profile::tests::blocked_cpu_exceeding_blocked_wall_invalidates_the_record ... ok
test profile::tests::blocked_cpu_within_blocked_wall_reaches_the_phases_frame ... ok
test profile::tests::complete_records_use_pipe_atomic_bounded_frames ... ok
test profile::tests::exclusive_fusion_frames_reconcile_and_fit_pipe_buf ... ok
test profile::tests::exec_epoch_exhaustion_invalidates_profile_without_wrapping_identity ... ok
test profile::tests::process_frame_repeats_startup_and_process_gauges ... ok
test profile::tests::sensitive_classes_have_stable_protocol_names ... ok
test profile::tests::startup_gauge_claims_exactly_once_and_repeats_identically ... ok
test profile::tests::startup_gauge_concurrent_claims_agree ... ok
test profile::tests::startup_gauge_seed_republishes_the_producer_claim ... ok
test profile::tests::startup_gauge_unarmed_claim_is_zero_and_fork_rearm_restarts_the_window ... ok
test profile::tests::thread_budget_reconciles_every_gateway_exit ... ok
test profile::tests::thread_budget_rejects_missing_exit_and_overflow ... ok
test profile::tests::thread_budget_with_installed_baseline_reports_the_era_delta_and_saturates_at_zero ... ok
test profile::tests::timer_rejects_timebase_failure_and_regressing_ticks ... ok
test test_hooks::tests::prepared_mapping_failpoint_fires_once_at_matching_site_only ... ok
test test_hooks::tests::reexec_lifecycle_capture_records_and_drains ... ok
test test_hooks::tests::vvar_words_and_supplemental_rollbacks_round_trip ... ok

test result: ok. 108 passed; 0 failed; 0 ignored; 0 measured; 0 filtered out; finished in 0.82s

     Running unittests src/lib.rs (target/debug/deps/carrick_dsr_aarch64-cb465e9a9896b0b6)

running 232 tests
test alloc_owner_wire::tests::flush_reason_tokens_are_closed_and_stable ... ok
test alloc_owner_wire::tests::owner_tokens_are_closed_and_stable ... ok
test alloc_owner_wire::tests::parser_rejects_every_ambiguous_or_invalid_record_shape ... ok
test alloc_owner_wire::tests::record_round_trip_is_deterministic_and_checked ... ok
test alloc_owner_wire::tests::v3_parser_rejects_a_checksum_valid_v2_record ... ok
test artifact_spike::tests::artifact_key_separates_address_modes_but_not_process_biases ... ok
test artifact_spike::tests::artifact_store_wire_format_is_compact_and_round_trips ... ok
test artifact_spike::tests::artifact_template_round_trips_through_manifest_serde ... ok
test artifact_spike::tests::authority_rejects_substituted_fd ... ok
test artifact_spike::tests::authority_snapshot_preserves_identity_and_nonce ... ok
test artifact_spike::tests::binding_mismatch_reports_process_value ... ok
test artifact_spike::tests::committed_guest_filter_is_visible_across_mappings ... ok
test artifact_spike::tests::committed_index_offset_is_visible_across_mappings ... ok
test artifact_spike::tests::concurrent_writers_publish_distinct_artifacts_without_a_global_lock ... ok
test artifact_spike::tests::image_key_separates_executables_guest_addresses_and_address_modes ... ok
test artifact_spike::tests::immutable_materialization_rejects_generation_pointer_relocations ... ok
test artifact_spike::tests::metadata_counts_distinguish_contiguous_recovery_runs ... ok
test artifact_spike::tests::normalization_removes_every_process_value ... ok
test artifact_spike::tests::portable_recovery_runs_preserve_sparse_lookup_semantics ... ok
test artifact_spike::tests::portable_recovery_wire_rejects_zero_length_run ... ok
test artifact_spike::tests::portable_runtime_recovery_binds_one_entry_without_eager_materialization ... ok
test artifact_spike::tests::prefix_collision_requires_complete_source_match ... ok
test artifact_spike::tests::sealing_store_is_shared_and_disables_recording ... ok
test artifact_spike::tests::second_mapping_reads_committed_artifact ... ok
test artifact_spike::tests::source_mismatched_record_never_replays ... ok
test artifact_spike::tests::template_mismatch_reports_first_differing_word ... ok
test block::tests::counter_fallback_terminates_at_sensitive_exit ... ok
test block::tests::dsr_block_does_not_decode_constant_pool_after_branch ... ok
test block::tests::dsr_block_retains_memory_actions_in_the_instruction_stream ... ok
test block::tests::dsr_block_retains_unsupported_virtualized_memory_actions ... ok
test block::tests::dsr_block_stops_at_configured_instruction_limit ... ok
test block::tests::dsr_block_stops_at_page_boundary ... ok
test block::tests::dsr_block_stops_before_early_syscall ... ok
test block::tests::dsr_virtual_counter_mode_one_plan_has_no_sensitive_exit ... ok
test block::tests::exclusive_region_fusion::authenticated_branch_call_and_return_families_are_control_flow ... ok
test block::tests::exclusive_region_fusion::biased_address_mode_selects_the_enabled_fusion_policy ... ok
test block::tests::exclusive_region_fusion::biased_analysis_returns_the_structural_candidate ... ok
test block::tests::exclusive_region_fusion::biased_analysis_types_reader_errors_as_unavailable ... ok
test block::tests::exclusive_region_fusion::biased_planner_rejects_a_register_saturated_candidate ... ok
test block::tests::exclusive_region_fusion::biased_planner_reports_canonical_region_as_eligible_but_disabled ... ok
test block::tests::exclusive_region_fusion::biased_scratch_accounts_for_explicitly_modeled_chkfeat_x16 ... ok
test block::tests::exclusive_region_fusion::biased_scratch_fails_closed_for_autia1716_implicit_pair ... ok
test block::tests::exclusive_region_fusion::biased_scratch_fails_closed_for_implicit_lr_copies ... ok
test block::tests::exclusive_region_fusion::blraa_is_rejected_as_unsupported_control_flow ... ok
test block::tests::exclusive_region_fusion::direct_analysis_preserves_reader_errors ... ok
test block::tests::exclusive_region_fusion::exclusive_store_is_a_typed_non_entry_site ... ok
test block::tests::exclusive_region_fusion::falls_back_for_a_store_to_a_different_base_register ... ok
test block::tests::exclusive_region_fusion::falls_back_for_an_x18_based_load_address ... ok
test block::tests::exclusive_region_fusion::falls_back_for_an_x28_based_load_address ... ok
test block::tests::exclusive_region_fusion::falls_back_on_a_pair_form_store_inside_the_region ... ok
test block::tests::exclusive_region_fusion::falls_back_on_a_syscall_inside_the_region ... ok
test block::tests::exclusive_region_fusion::falls_back_on_a_width_mismatched_store_inside_the_region ... ok
test block::tests::exclusive_region_fusion::falls_back_on_a_word_load_with_a_doubleword_store ... ok
test block::tests::exclusive_region_fusion::falls_back_on_an_ordinary_memory_access_inside_the_region ... ok
test block::tests::exclusive_region_fusion::falls_back_on_another_exclusive_load_inside_the_region ... ok
test block::tests::exclusive_region_fusion::falls_back_on_another_sensitive_op_inside_the_region ... ok
test block::tests::exclusive_region_fusion::falls_back_on_unsupported_control_flow_inside_the_region ... ok
test block::tests::exclusive_region_fusion::falls_back_when_an_early_conditional_branch_targets_inside_the_region ... ok
test block::tests::exclusive_region_fusion::falls_back_when_no_matching_store_is_found_in_the_scan_window ... ok
test block::tests::exclusive_region_fusion::falls_back_when_the_load_targets_a_reserved_register ... ok
test block::tests::exclusive_region_fusion::falls_back_when_the_region_crosses_a_page_boundary ... ok
test block::tests::exclusive_region_fusion::falls_back_when_the_retry_branch_uses_a_reserved_register ... ok
test block::tests::exclusive_region_fusion::falls_back_when_the_store_uses_a_reserved_register ... ok
test block::tests::exclusive_region_fusion::falls_back_when_the_trailing_branch_is_not_the_retry_edge ... ok
test block::tests::exclusive_region_fusion::fuses_a_cas_retry_loop_into_one_block ... ok
test block::tests::exclusive_region_fusion::production_planner_does_not_split_before_a_non_fusible_mid_block_load ... ok
test block::tests::exclusive_region_fusion::production_planner_fuses_a_leading_exclusive_region_under_biased_enabled ... ok
test block::tests::exclusive_region_fusion::production_planner_fuses_a_leading_exclusive_region_when_allowed ... ok
test block::tests::exclusive_region_fusion::production_planner_keeps_the_trap_path_when_fusion_is_disallowed ... ok
test block::tests::exclusive_region_fusion::production_planner_splits_before_a_mid_block_fusible_load ... ok
test block::tests::exclusive_region_fusion::scratch_register_rejects_sp ... ok
test block::tests::exclusive_region_fusion::superblock_refuses_to_fuse_a_leading_exclusive_region_as_a_segment ... ok
test block::tests::superblock_chain_stays_contiguous_and_respects_the_segment_limit ... ok
test block::tests::superblock_does_not_cross_a_page_boundary ... ok
test block::tests::superblock_does_not_fuse_an_unconditional_branch_or_call ... ok
test block::tests::superblock_fuses_the_fall_through_of_a_conditional_branch ... ok
test block::tests::superblock_is_disabled_at_a_segment_limit_of_one ... ok
test block::tests::superblock_of_bare_conditionals_is_bounded_by_the_segment_cap ... ok
test block::tests::superblock_stops_at_the_instruction_budget ... ok
test counter::tests::fallback_ticks_are_nondecreasing ... ok
test counter::tests::host_counter_plan_is_stable ... ok
test counter::tests::host_scale_converts_mach_ticks_into_cntfrq_domain ... ok
test counter::tests::injected_timebase_scale_is_exact_or_unsupported ... ok
test counter::tests::known_modes_select_inline_sources ... ok
test counter::tests::scale_uses_exact_quotient_remainder_arithmetic ... ok
test counter::tests::source_words_preserve_destination ... ok
test counter::tests::unknown_mode_fallback_uses_host_scale ... ok
test counter::tests::unproved_modes_select_fallback ... ok
test counter::tests::unreadable_mode_selects_scaled_fallback_without_a_raw_counter_provider ... ok
test decode::tests::audited_bad64_memory_operand_shapes_are_stable ... ok
test decode::tests::classifies_audited_dual_virtual_alu_destinations ... ok
test decode::tests::classifies_bic_writing_virtual_x18_from_virtual_x28 ... ok
test decode::tests::classifies_memory_operands_for_biased_lowering ... ok
test decode::tests::classifies_move_from_virtual_x18_to_virtual_x28 ... ok
test decode::tests::copied_gpr_model_fails_closed_for_mixed_implicit_effects ... ok
test decode::tests::exclusive_accesses_are_typed_execution_boundaries ... ok
test decode::tests::instructions_naming_the_reserved_scratch_and_x28_are_dually_virtualized ... ok
test decode::tests::instructions_naming_the_reserved_scratch_are_virtualized ... ok
test decode::tests::memory_base_retains_virtual_register_metadata ... ok
test decode::tests::memory_operand_base_must_match_encoded_rn ... ok
test decode::tests::non_base_virtual_registers_keep_virtualization_precedence ... ok
test decode::tests::sme_memory_is_not_standard_simd_or_scalar ... ok
test decode::tests::sve_memory_is_not_standard_simd_or_scalar ... ok
test decode::tests::unaudited_memory_family_remains_typed_for_direct_passthrough ... ok
test decode::tests::unsupported_memory_retains_non_base_virtualization ... ok
test direct_binding_tests::private_epoch_reports_live_descriptor_leases ... ok
test emit::tests::biased_dc_zva_recovery_restores_every_borrowed_scratch_at_every_boundary ... ok
test emit::tests::biased_lowerings_never_emit_darwin_volatile_physical_x18 ... ok
test emit::tests::commit_reserved_resident_takes_the_interrupted_physical_x19 ... ok
test emit::tests::compact_biased_immediate_store_emits_the_orr_form ... ok
test emit::tests::compact_biased_postindex_writeback_commits_with_full_width_sub ... ok
test emit::tests::compact_multichunk_writeback_recovers_at_each_bias_materialization_boundary ... ok
test emit::tests::direct_instruction_bytes_are_default_on_with_an_exact_opt_out ... ok
test emit::tests::dsr_virtual_counter_mode_one_emits_inline_machine_code ... ok
test emit::tests::fused_block_emits_a_single_generation_guard ... ok
test emit::tests::fused_segment_edge_falls_through_in_two_words_without_saving_guest_x17 ... ok
test emit::tests::fused_segments_after_an_exclusive_region_are_rejected ... ok
test emit::tests::fused_virtual_condition_never_crosses_darwin_x18 ... ok
test emit::tests::generation_guard_spills_no_guest_register ... ok
test emit::tests::indirect_exit_hot_path_is_flag_free_and_branches_through_x19 ... ok
test emit::tests::instruction_map_rejects_non_monotonic_cache_offsets ... ok
test emit::tests::instruction_map_releases_owned_entries_without_cloning ... ok
test emit::tests::negative_immediates_and_sub_aperture_biases_keep_the_general_form ... ok
test emit::tests::pc_relative_address_materializes_through_resident_x19 ... ok
test emit::tests::private_direct_edges_use_compact_gateway_stubs ... ok
test emit::tests::recorded_emission_is_word_identical_to_native_emission ... ok
test emit::tests::reserved_resident_read_only_base_is_two_words_with_no_recovery ... ok
test emit::tests::reserved_resident_rejects_destination_feeding_the_address ... ok
test emit::tests::reserved_resident_rejects_read_modify_write_movk ... ok
test emit::tests::reserved_resident_write_only_definition_commits_without_loading ... ok
test emit::tests::reserved_resident_writeback_base_is_three_words_with_commit ... ok
test emit::tests::reserved_scratch_lowering_emits_no_context_spill ... ok
test emit::tests::terminal_virtual_condition_never_crosses_darwin_x18 ... ok
test emit::tests::trusted_entry_publishes_generation_past_the_guard ... ok
test emit::tests::virtual_indirect_target_never_crosses_darwin_x18 ... ok
test gateway::indirect_cache_tests::direct_binding_fields_append_without_moving_the_existing_gateway_abi ... ok
test gateway::indirect_cache_tests::direct_exit_decodes_source_and_target ... ok
test gateway::indirect_cache_tests::executable_range_catalog_layout_matches_the_signal_bridge_abi ... ok
test gateway::indirect_cache_tests::gateway_executable_range_prepare_keeps_head_unpublished_until_commit ... ok
test gateway::indirect_cache_tests::indirect_cache_uses_compact_two_way_2mib_layout ... ok
test gateway::indirect_cache_tests::mixed_index_separates_old_page_offset_aliases ... ok
test gateway::indirect_cache_tests::new_context_clears_stale_binding_authority_for_every_exit_kind ... ok
test gateway::indirect_cache_tests::two_colliding_guests_remain_reachable_in_cache_ways ... ok
test mapped_memory::tests::anonymous_reuse_replacement_map_failure_leaves_memset_path_state ... ok
test mapped_memory::tests::anonymous_reuse_replacement_post_map_protect_failure_propagates ... ok
test mapped_memory::tests::anonymous_reuse_replacement_refuses_shared_aliased_exec_and_lifted_shapes ... ok
test mapped_memory::tests::anonymous_reuse_replacement_restores_only_non_rw_protection_runs ... ok
test mapped_memory::tests::anonymous_reuse_replacement_rezeroes_and_preserves_recorded_protection ... ok
test mapped_memory::tests::anonymous_reuse_replacement_translates_biased_targets_and_confines_to_owned ... ok
test mapped_memory::tests::exclusive_load_during_host_write_captures_no_reservation ... ok
test mapped_memory::tests::exclusive_store_attempted_between_host_write_begin_and_end_fails ... ok
test mapped_memory::tests::inbound_partial_write_invalidates_only_overlapping_page ... ok
test mapped_memory::tests::inbound_same_value_and_aba_writes_invalidate_exclusive_reservations ... ok
test mapped_memory::tests::linux4k_partial_host_page_repoint_fails_clean_without_detaching_neighbours ... ok
test mapped_memory::tests::protect_range_prot_none_reservation_cost_is_flat_in_span_length ... ok
test prot_ranges::tests::adjacent_equal_prot_coalesces ... ok
test prot_ranges::tests::clear_of_absent_span_is_a_no_op ... ok
test prot_ranges::tests::empty_span_is_a_no_op ... ok
test prot_ranges::tests::overlaps_clips_to_query_span ... ok
test prot_ranges::tests::overwrite_splits_straddling_entries ... ok
test prot_ranges::tests::set_and_point_query ... ok
test prot_ranges::tests::set_replaces_multiple_covered_entries ... ok
test shared_cache::tests::key_json_round_trips_typed_guest_va ... ok
test shared_cache::tests::loaded_unit_clones_share_the_immutable_manifest ... ok
test shared_cache::tests::manifest_allows_adjacent_and_reverse_disjoint_cache_extents ... ok
test shared_cache::tests::manifest_rejects_duplicate_guest_starts ... ok
test shared_cache::tests::manifest_rejects_overlapping_block_cache_extents ... ok
test shared_cache::tests::manifest_rejects_replay_metadata_outside_the_block_extent ... ok
test shared_cache::tests::manifest_rejects_wrong_schema_and_stale_abi ... ok
test shared_cache::tests::miss_reason_table_indices_tokens_and_order_agree ... ok
test shared_cache::tests::pack_concatenates_unbaked_native_tap_words_per_block ... ok
test shared_cache::tests::pack_rejects_duplicate_blocks_and_empty_candidates ... ok
test shared_cache::tests::packed_records_run_encode_recovery_when_enabled ... ok
test shared_cache::tests::same_guest_va_with_different_images_never_aliases ... ok
test shared_cache::tests::same_image_with_different_host_biases_never_aliases ... ok
test shared_cache::tests::same_image_with_different_source_fingerprints_never_aliases ... ok
test shared_cache::tests::shared_manifest_arc_is_default_on_with_an_exact_opt_out ... ok
test shared_cache::tests::shared_recovery_runs_are_default_on_with_an_exact_opt_out ... ok
test shared_cache::tests::shared_segment_key_reuses_its_construction_time_source_fingerprint ... ok
test shared_cache::tests::shared_source_fingerprint_reuse_is_default_on_with_an_exact_opt_out ... ok
test shared_cache::tests::source_fingerprint_mismatch_is_a_typed_miss ... ok
test shared_cache::tests::source_fingerprint_uses_all_words_in_little_endian_order ... ok
test shared_cache::tests::the_wire_cannot_carry_block_words ... ok
test shared_cache::tests::unit_metadata_encode_decode_round_trips_and_refuses_foreign_payloads ... ok
test tests::aarch64_isa_constants ... ok
test translator::tests::cache_host_range_matches_configured_executable_capacity ... ok
test translator::tests::code_snapshot_captures_published_words_and_block_index ... ok
test translator::tests::direct_resolver_memory_read_names_source_and_target_origin ... ok
test translator::tests::dsr_error_probe_outcomes_cover_every_error_category ... ok
test translator::tests::fork_child_replay_failure_preserves_thread_cache_and_suppresses_end_event ... ok
test translator::tests::guest_pc_lowering::lowers_a_pc_in_a_block_published_below_the_private_cache ... ok
test translator::tests::guest_pc_lowering::lowers_a_pc_in_the_first_middle_and_last_published_block ... ok
test translator::tests::guest_pc_lowering::lowers_a_recycled_cache_address_through_the_block_republished_there ... ok
test translator::tests::guest_pc_lowering::reports_publication_order_bounds_for_a_pc_in_no_published_block ... ok
test translator::tests::native_dsr_exit_probe_fields_classify_every_variant ... ok
test translator::tests::native_tap_unit_install::a_corrupt_code_image_fails_closed_to_translation ... ok
test translator::tests::native_tap_unit_install::a_fault_on_a_replayed_block_decodes_unit_cold_metadata ... ok
test translator::tests::native_tap_unit_install::a_lookup_replays_only_the_looked_up_block ... ok
test translator::tests::native_tap_unit_install::a_regenerated_page_skips_installation_without_error ... ok
test translator::tests::native_tap_unit_install::cross_block_direct_links_patch_to_the_target_trusted_entry ... ok
test translator::tests::native_tap_unit_install::install_registers_page_dependencies_for_invalidation ... ok
test translator::tests::native_tap_unit_install::installed_blocks_are_word_identical_with_registered_trusted_entries ... ok
test translator::tests::native_tap_unit_install::replay_outcomes_distinguish_served_uncovered_and_regenerated ... ok
test translator::tests::persistent_store_default_and_hatch_parse ... ok
test translator::tests::prepare_memory_read_names_the_loop_entry_origin ... ok
test translator::tests::prepare_memory_read_reports_when_the_would_be_guest_pc_is_in_the_jit_cache ... ok
test translator::tests::shared_sensitive_merge_drops_missing_or_conflicting_fusion ... ok
test translator::tests::shared_sensitive_merge_preserves_matching_fusion ... ok
test translator::tests::shared_sensitive_merge_rejects_conflicting_exit ... ok
test translator::tests::source_words_are_captured_only_for_enabled_reuse_consumers ... ok
test translator::tests::translated_range_catalog_abandoned_exec_preparation_leaves_active_state ... ok
test translator::tests::translated_range_catalog_emits_initial_private_replay_once_across_siblings ... ok
test translator::tests::translated_range_catalog_exec_epoch_overflow_is_eventless_and_atomic ... ok
test translator::tests::translated_range_catalog_exec_reset_prepares_then_commits_dormant ... ok
test translator::tests::translated_range_catalog_fork_epoch_overflow_is_failure_atomic ... ok
test translator::tests::translated_range_catalog_post_exec_activation_replays_private_once ... ok
test translator::tests::translated_range_catalog_rejects_invalid_inherited_ready_frontier ... ok
test translator::tests::translated_range_catalog_rejects_invalid_private_state_before_publication ... ok
test translator::tests::translated_range_catalog_rejects_replay_while_dormant ... ok
test translator::tests::translated_range_catalog_replays_private_range_under_checked_fork_epoch ... ok
test translator::tests::translated_range_catalog_second_exec_reset_rejects_dormant_unchanged ... ok
test translator::tests::translated_range_catalog_stays_dormant_until_one_process_activation ... ok
test translator::tests::warm_process_lookup_does_not_take_the_translation_state_lock ... ok
test translator::xlat_census::tests::a_process_with_no_translations_but_store_activity_is_not_empty ... ok
test translator::xlat_census::tests::classify_separates_lookup_containment_from_producer_containment ... ok
test translator::xlat_census::tests::coverage_and_flush_tokens_round_trip ... ok
test translator::xlat_census::tests::lookup_counters_accumulate_drain_and_survive_the_wire ... ok
test translator::xlat_census::tests::parse_fails_closed_on_a_truncated_or_mislabelled_file ... ok
test translator::xlat_census::tests::publication_transaction_accumulates_memory_and_only_fresh_blocks ... ok
test translator::xlat_census::tests::renders_a_process_that_never_configured_an_image ... ok
test translator::xlat_census::tests::renders_the_record_shape ... ok
test translator::xlat_census::tests::skip_counts_before_the_store_line_are_not_discarded_by_it ... ok

test result: ok. 232 passed; 0 failed; 0 ignored; 0 measured; 0 filtered out; finished in 0.04s

     Running unittests src/lib.rs (target/debug/deps/carrick_dsr_x86-58d6ae117c8dfb65)

running 122 tests
test block::tests::all_xsave_forms_end_as_typed_sensitive_blocks_with_authoritative_state ... ok
test block::tests::control_flow_terminates_block ... ok
test block::tests::exact_rsp_xrstor_and_xrstor64_end_as_typed_sensitive_blocks ... ok
test block::tests::first_instruction_spanning_a_page_is_included_not_dropped ... ok
test block::tests::instruction_limit_yields_continue ... ok
test block::tests::instruction_straddling_page_boundary_stops_before_it ... ok
test block::tests::int80_is_a_syscall_exit ... ok
test block::tests::sensitive_nonsyscall_terminates ... ok
test block::tests::straight_line_ends_at_syscall ... ok
test block::tests::typed_reader_executes_prefix_before_replanning_fault_boundary ... ok
test block::tests::typed_reader_retains_first_instruction_fetch_fault ... ok
test block::tests::unsupported_instruction_fails_closed_as_exit ... ok
test cflow::tests::call_pushes_return_address_and_ret_pops_it ... ok
test cflow::tests::callback_memory_failure_leaves_stack_state_unchanged ... ok
test cflow::tests::callback_services_indirect_call_read_then_stack_write_once ... ok
test cflow::tests::cflow_only_exposes_guest_access_failures_as_retryable_faults ... ok
test cflow::tests::conditional_branch_evaluates_guest_flags ... ok
test cflow::tests::counter_branches_use_and_update_rcx_without_changing_flags ... ok
test cflow::tests::failed_indirect_call_reads_target_once_without_pushing ... ok
test cflow::tests::indirect_call_pushes_the_return_address_after_reading_the_target ... ok
test cflow::tests::indirect_memory_branch_loads_the_target ... ok
test cflow::tests::indirect_register_branch_reads_the_snapshot ... ok
test cflow::tests::ret_imm16_releases_callee_popped_bytes ... ok
test cflow::tests::segment_prefixed_indirect_branches_stay_unsupported ... ok
test cflow::tests::signed_and_unsigned_conditions_differ ... ok
test cflow::tests::unconditional_jmp_targets_the_rel ... ok
test decode::tests::all_fxsave_and_legacy_x87_state_forms_are_typed_sensitive ... ok
test decode::tests::all_user_xsave_forms_are_typed_sensitive_and_xsaves_fails_closed ... ok
test decode::tests::control_flow_ends_blocks ... ok
test decode::tests::every_iced_x87_and_mmx_feature_code_requires_xstate ... ok
test decode::tests::exact_rsp_xrstor_encodings_are_typed_sensitive_exits ... ok
test decode::tests::fpu_use_is_detected_for_the_gateway_save_skip ... ok
test decode::tests::fs_prefixed_tls_access_copies_through_but_gs_stays_sensitive ... ok
test decode::tests::fsgsbase_instructions_are_sensitive ... ok
test decode::tests::legacy_int80_gate_is_sensitive_and_other_ints_are_not_syscalls ... ok
test decode::tests::plain_and_lock_prefixed_instructions_copy_through ... ok
test decode::tests::privileged_and_trap_instructions_fail_closed ... ok
test decode::tests::protection_key_register_access_is_sensitive_and_supervisor_xrstor_fails_closed ... ok
test decode::tests::rdssp_is_sensitive_but_cet_mutators_remain_unsupported ... ok
test decode::tests::syscall_gate_is_sensitive ... ok
test decode::tests::time_and_identity_reads_are_sensitive ... ok
test decode::tests::truncation_and_garbage_are_distinct_typed_errors ... ok
test emit::tests::all_xsave_forms_are_never_physically_emitted ... ok
test emit::tests::continue_exit_emits_body_and_indirect_exit ... ok
test emit::tests::control_flow_lowers_to_the_indirect_exit ... ok
test emit::tests::exact_xrstor_forms_are_never_physically_emitted ... ok
test emit::tests::fs_prefixed_access_copies_through_verbatim ... ok
test emit::tests::linked_conditional_jcc_has_two_slots_and_cold_stubs ... ok
test emit::tests::linked_fault_map_marks_only_copied_x87_instructions_for_fip_recovery ... ok
test emit::tests::linked_fault_map_restores_rip_relative_scratch ... ok
test emit::tests::linked_fault_map_tracks_exact_verbatim_instruction ... ok
test emit::tests::linked_return_emits_a_cold_monomorphic_cache_site ... ok
test emit::tests::linked_return_immediate_records_the_exact_stack_advance ... ok
test emit::tests::linked_unconditional_jmp_slot_targets_cold_stub_then_edge_patchable ... ok
test emit::tests::only_static_identity_syscalls_gain_a_chain_edge ... ok
test emit::tests::r15_and_rip_relative_in_one_instruction_use_two_scratches ... ok
test emit::tests::r15_as_memory_base_renames_too ... ok
test emit::tests::r15_read_renames_to_a_scratch_loaded_from_the_snapshot ... ok
test emit::tests::r15_subregister_widths_rename_to_matching_scratch_forms ... ok
test emit::tests::r15_write_stores_back_to_the_snapshot ... ok
test emit::tests::rip_relative_lea32_becomes_absolute_mov32 ... ok
test emit::tests::rip_relative_lea_becomes_absolute_mov ... ok
test emit::tests::rip_relative_load_rewrites_through_a_scratch_register ... ok
test emit::tests::rip_relative_store_and_rmw_rewrite_too ... ok
test emit::tests::scratch_selection_avoids_registers_the_instruction_uses ... ok
test emit::tests::syscall_block_copies_body_then_branches ... ok
test fxstate_tests::all_four_forms_decode_and_require_sixteen_byte_alignment ... ok
test fxstate_tests::ordered_save_fault_retains_only_earlier_writes ... ok
test fxstate_tests::restore_uses_defined_ranges_validates_mxcsr_and_commits_atomically ... ok
test fxstate_tests::saves_distinguish_virtual_selectors_from_rex_pointers_and_preserve_reserved_bytes ... ok
test gateway::tests::initial_snapshot_seeds_linux_fpu_control_words ... ok
test gateway::tests::prepare_entry_reuses_context_and_clears_transient_state ... ok
test gateway::tests::profiler_layout_tracks_the_gateway_context ... ok
test gateway::tests::virtual_selectors_keep_x87_noninitial_after_hardware_save_elision ... ok
test gateway::tests::xstate_summary_reports_controls_and_distinguishes_component_changes ... ok
test isa_tests::x8664_isa_constants ... ok
test legacy_x87::tests::environment_layouts_use_virtual_selectors_full_tags_and_exact_reserved_words ... ok
test legacy_x87::tests::exact_forms_decode_to_14_28_94_and_108_byte_plans ... ok
test legacy_x87::tests::fldenv_top_change_rotates_logical_slots_to_preserve_physical_registers ... ok
test legacy_x87::tests::fnstenv_masks_only_after_the_complete_environment_write ... ok
test legacy_x87::tests::fourteen_byte_restore_preserves_fop_missing_from_the_wire_format ... ok
test legacy_x87::tests::restores_are_atomic_convert_full_tags_and_zero_extend_pointers ... ok
test legacy_x87::tests::save_side_effects_commit_only_after_complete_ordered_writes ... ok
test legacy_x87::tests::wait_state_is_virtual_and_no_wait_forms_complete ... ok
test translator::tests::patch_slot_rejects_a_patch_address_outside_the_region ... ok
test translator::tests::patch_slot_writes_the_rel32_displacement_relative_to_next_abs ... ok
test translator::tests::publish_guarded_chain_edge_is_target_first ... ok
test translator::tests::publish_guarded_chain_edge_never_touches_entry_when_guard_target_patch_fails ... ok
test translator::tests::va_build_hasher_is_deterministic_and_usable_in_a_hashmap ... ok
test xstate_restore::tests::addr32_wraps_before_zero_extension_and_segment_base_addition ... ok
test xstate_restore::tests::advertised_compacted_extent_round_trips_with_cpuid_alignment ... ok
test xstate_restore::tests::compacted_avx_only_feature_map_is_valid ... ok
test xstate_restore::tests::compacted_offset_counts_xcomp_component_omitted_from_xstate ... ok
test xstate_restore::tests::effective_address_faults_on_noncanonical_misaligned_and_unsupported_forms ... ok
test xstate_restore::tests::effective_address_uses_exact_rsp_rex_index_rip_and_fs_state ... ok
test xstate_restore::tests::effective_segments_accept_zero_base_overrides_and_record_ss ... ok
test xstate_restore::tests::exact_read_census_is_one_read_per_required_range_per_service_attempt ... ok
test xstate_restore::tests::full_width_mxcsr_mask_accepts_and_preserves_supported_upper_bit ... ok
test xstate_restore::tests::invalid_capability_geometry_faults_before_any_source_read ... ok
test xstate_restore::tests::late_memory_error_is_atomic ... ok
test xstate_restore::tests::malformed_header_mxcsr_and_unsafe_components_are_atomic ... ok
test xstate_restore::tests::non_rex_requested_absent_initializes_and_unrequested_preserves_selectors ... ok
test xstate_restore::tests::noncanonical_ss_source_range_and_reader_fault_remain_typed_and_atomic ... ok
test xstate_restore::tests::plain_xrstor_imports_selectors_zero_extends_pointers_and_ignores_reserved_halves ... ok
test xstate_restore::tests::request_bit9_is_ignored_and_virtual_pkru_is_unchanged ... ok
test xstate_restore::tests::requested_present_copies_absent_initializes_and_unrequested_preserves ... ok
test xstate_restore::tests::standard_image_restores_x87_sse_ymm_opmask_and_zmm_without_reserved_bytes ... ok
test xstate_restore::tests::xrstor64_keeps_full_64bit_legacy_pointers ... ok
test xstate_save::tests::all_user_save_forms_decode_and_xsaves_is_rejected ... ok
test xstate_save::tests::compacted_destination_counts_requested_components_absent_from_xstate_bv ... ok
test xstate_save::tests::compacted_offsets_follow_sparse_feature_map_and_alignment ... ok
test xstate_save::tests::exact_standard_ranges_preserve_every_reserved_sentinel ... ok
test xstate_save::tests::hostile_pkru_request_is_ignored_but_xsavec_feature_map_is_retained ... ok
test xstate_save::tests::invalid_layout_or_snapshot_is_rejected_before_first_write ... ok
test xstate_save::tests::late_writer_fault_keeps_partial_memory_and_never_mutates_snapshot ... ok
test xstate_save::tests::later_noncanonical_destination_is_rejected_before_first_write ... ok
test xstate_save::tests::non_rex_x87_writes_virtual_selectors_and_rex_writes_only_full_pointers ... ok
test xstate_save::tests::plain_save_writes_initial_requested_payload_and_preserves_unrequested_bv ... ok
test xstate_save::tests::standard_avx_only_saves_mxcsr_and_mask_without_xmm ... ok
test xstate_save::tests::standard_header_read_is_mandatory_faultable_and_zero_request_is_noop ... ok
test xstate_save::tests::xsavec_sse_mxcsr_exception_and_avx_only_match_host_semantics ... ok
test xstate_save::tests::xsaveopt_omits_init_payload_but_updates_mxcsr_and_standard_bv ... ok

test result: ok. 122 passed; 0 failed; 0 ignored; 0 measured; 0 filtered out; finished in 0.01s

     Running unittests src/lib.rs (target/debug/deps/carrick_engine-b3294cf87cfc5d14)

running 25 tests
test tests::a_pinned_ipv4_in_the_bridge_placeholder_range_is_rejected ... ok
test tests::amd64_guest_on_arm_host_tracks_rosetta_presence ... ok
test tests::bare_env_key_imports_host_value ... ok
test tests::bridge_network_resolves_into_run_spec ... ok
test tests::cleared_entrypoint_runs_cmd_only ... ok
test tests::dns_overrides_resolve_into_run_spec ... ok
test tests::execution_backend_and_page_profile_flow_into_run_spec ... ok
test tests::extra_hosts_resolve_into_run_spec ... ok
test tests::hostname_resolves_into_run_spec ... ok
test tests::native_platform_is_always_runnable ... ok
test tests::portable_vmm_backend_flows_into_run_spec ... ok
test tests::relative_workdir_resolves_against_image_workingdir ... ok
test tests::request_platform_defaults_to_host_native ... ok
test tests::resolve_seccomp_policy_is_last_wins_and_rejects_unknown_options ... ok
test tests::run_spec_seccomp_policy_defaults_to_container_default ... ok
test tests::security_opt_seccomp_unconfined_opts_out ... ok
test tests::static_bridge_ipv4_resolves_into_run_spec ... ok
test tests::test_merge_argv_cmd_override ... ok
test tests::test_merge_argv_entrypoint_override ... ok
test tests::test_merge_argv_no_override ... ok
test tests::test_merge_env_variables ... ok
test tests::test_merge_workdir ... ok
test tests::user_absent_defaults_root ... ok
test tests::user_numeric_uid_and_gid ... ok
test tests::user_numeric_uid_defaults_gid_zero ... ok

test result: ok. 25 passed; 0 failed; 0 ignored; 0 measured; 0 filtered out; finished in 0.00s

     Running unittests src/lib.rs (target/debug/deps/carrick_guest_mem-c51110512828f86a)

running 37 tests
test protections::tests::bus_fault_classification_is_exact_forked_and_cleared_by_replacement ... ok
test protections::tests::exclusive_fork_guard_blocks_protection_updates ... ok
test protections::tests::executable_ranges_require_full_live_coverage ... ok
test protections::tests::first_access_fault_is_directional_and_byte_exact ... ok
test protections::tests::fork_snapshot_preserves_mutable_shared_backing ... ok
test protections::tests::full_snapshot_preserves_no_write ... ok
test protections::tests::mapped_prot_none_is_distinct_from_unmapped_and_reuse_clears_hole ... ok
test protections::tests::mapping_range_restore_is_exact_and_preserves_disjoint_sibling_changes ... ok
test protections::tests::mixed_private_and_shared_rx_span_is_ephemeral ... ok
test protections::tests::no_write_set_is_independent_of_no_access ... ok
test protections::tests::possible_writable_executable_query_catches_mixed_span ... ok
test protections::tests::reset_to_unmapped_replaces_prior_state_and_allows_live_subranges ... ok
test protections::tests::set_merge_split_and_query ... ok
test protections::tests::shared_rx_is_ephemeral_while_private_rx_is_cacheable ... ok
test protections::tests::unmap_and_private_replacement_clear_shared_backing ... ok
test protections::tests::unmapped_intersections_are_clipped_and_preserve_live_gaps ... ok
test protections::tests::zero_length_and_overflow_are_noops ... ok
test region::tests::below_base_is_miss ... ok
test region::tests::cross_region_span_is_out_of_bounds ... ok
test region::tests::error_maps_to_out_of_bounds_memory_error ... ok
test region::tests::exact_full_span_fits ... ok
test region::tests::in_range_hit_returns_region_and_offset ... ok
test region::tests::iterator_form_matches_slice_form ... ok
test region::tests::multi_region_picks_the_containing_one ... ok
test region::tests::safe_access_out_of_bounds_when_no_region ... ok
test region::tests::safe_access_prot_none_rejects_before_lookup ... ok
test region::tests::safe_access_returns_correct_host_ptr ... ok
test region::tests::safe_access_zero_length_in_region_ok_prot_none_passes ... ok
test region::tests::translated_access_gates_va_but_looks_up_ipa ... ok
test region::tests::zero_length_requires_region_membership ... ok
test zero_tests::zero_backing_bypasses_the_prot_none_gate ... ok
test zero_tests::zero_backing_scrubs_across_multiple_chunks ... ok
test zero_tests::zero_guest_range_faults_on_prot_none_and_scrubs_nothing ... ok
test zero_tests::zero_guest_range_zeros_a_writable_range_across_chunks ... ok
test zero_tests::zero_range_chunked_propagates_writer_error ... ok
test zero_tests::zero_range_chunked_streams_contiguous_chunks_without_full_alloc ... ok
test zero_tests::zero_range_chunked_zero_len_never_calls_writer ... ok

test result: ok. 37 passed; 0 failed; 0 ignored; 0 measured; 0 filtered out; finished in 0.03s

     Running unittests src/lib.rs (target/debug/deps/carrick_hal-a1a498cf15adc442)

running 97 tests
test aarch64::tests::decodes_svc_hvc_and_maintenance ... ok
test aarch64::tests::exec_level_from_pstate ... ok
test aarch64_arch::tests::aarch64_sigframe_rejects_non_el0_pstate ... ok
test aarch64_arch::tests::aarch64_sigframe_round_trips_gprs_pstate_pc ... ok
test aarch64_arch::tests::arch_tags_are_aarch64 ... ok
test aarch64_arch::tests::bootstrap_sysregs_match_the_carrick_mem_constants ... ok
test aarch64_arch::tests::decode_maps_x8_and_x0_through_x5 ... ok
test aarch64_arch::tests::mmu_codec_builds_manager_and_walks_descriptors ... ok
test aarch64_arch::tests::mmu_granule_is_4kib_4_level ... ok
test aarch64_arch::tests::syscall_table_knows_a_real_number ... ok
test aarch64_arch::tests::vdso_and_trampoline_bytes_are_nonempty ... ok
test futex::tests::timeout_and_eintr_retry ... ok
test futex::tests::unexpected_host_errno_becomes_spurious_wake_not_error ... ok
test futex::tests::wake_and_mismatch_are_woken ... ok
test guest_arch::tests::a_second_isa_impl_compiles_against_the_seam ... ok
test kernel::tests::batch_fails_closed_at_preallocated_capacity ... ok
test kernel::tests::batch_preserves_typed_mapping_identity ... ok
test kernel::tests::batch_rejects_cross_transaction_events ... ok
test kernel::tests::capacity_rejects_zero_and_unbounded_requests ... ok
test kernel::tests::reservation_consumes_candidates_and_carries_backend_outcome ... ok
test pump_fork_coord::tests::lazy_pump_state_machine ... ok
test sigframe::tests::nested_altstack_frame_continues_down_from_current_sp ... ok
test sigframe::tests::signal_frame_stack_pointer_uses_checked_altstack_bounds ... ok
test threaded::generic_registry_tests::in_guest_flag_handshake ... ok
test threaded::generic_registry_tests::kick_all_except_skips_caller ... ok
test threaded::generic_registry_tests::register_unregister_count ... ok
test timer_delivery::tests::fallback_posix_timer_publishes_process_signal_and_kicks_all ... ok
test vcpu_sched::tests::acquire_grants_distinct_ids_up_to_budget ... ok
test vcpu_sched::tests::acquire_timeout_returns_none_on_exhausted_pool_and_prefers_own_slot ... ok
test vcpu_sched::tests::double_release_is_rejected_by_generation_guard ... ok
test vcpu_sched::tests::noop_scheduler_never_blocks_and_budget_is_max ... ok
test vcpu_sched::tests::over_budget_acquire_blocks_until_release ... ok
test vcpu_sched::tests::released_id_is_recycled_not_grown ... ok
test vcpu_sched::tests::reset_for_fork_yields_a_fresh_full_pool ... ok
test x8664_arch::normalize_tests::access_normalizes_to_faccessat_at_fdcwd ... ok
test x8664_arch::normalize_tests::alarm_normalizes_to_private_legacy_dispatch_number ... ok
test x8664_arch::normalize_tests::arch_prctl_returns_archprctl ... ok
test x8664_arch::normalize_tests::chmod_chown_lchown_normalize_to_fchmodat_fchownat ... ok
test x8664_arch::normalize_tests::clone3_is_not_swapped ... ok
test x8664_arch::normalize_tests::clone_swaps_tls_and_child_tid ... ok
test x8664_arch::normalize_tests::dup2_normalizes_to_private_legacy_dispatch_number ... ok
test x8664_arch::normalize_tests::epoll_wait_normalizes_to_epoll_pwait_null_sigmask ... ok
test x8664_arch::normalize_tests::every_x86_number_up_to_max_is_mapped_or_deferred ... ok
test x8664_arch::normalize_tests::fork_desugars_to_clone_sigchld ... ok
test x8664_arch::normalize_tests::fstat_normalizes_to_private_x86_stat_writer ... ok
test x8664_arch::normalize_tests::getpgrp_normalizes_to_getpgid_zero ... ok
test x8664_arch::normalize_tests::legacy_fd_creators_desugar_to_at_variants ... ok
test x8664_arch::normalize_tests::lstat_normalizes_to_private_x86_stat_writer ... ok
test x8664_arch::normalize_tests::mkdir_normalizes_to_mkdirat_at_fdcwd ... ok
test x8664_arch::normalize_tests::newfstatat_normalizes_to_private_x86_stat_writer ... ok
test x8664_arch::normalize_tests::open_creat_mknod_normalize_correctly ... ok
test x8664_arch::normalize_tests::ordinary_syscall_is_plain_canonical ... ok
test x8664_arch::normalize_tests::pause_normalizes_to_blocking_ppoll ... ok
test x8664_arch::normalize_tests::pipe_normalizes_to_pipe2_with_zero_flags ... ok
test x8664_arch::normalize_tests::poll_normalizes_to_private_number_not_ppoll ... ok
test x8664_arch::normalize_tests::readlink_normalizes_to_readlinkat_at_fdcwd ... ok
test x8664_arch::normalize_tests::rename_and_link_normalize_to_two_dirfd_at_variants ... ok
test x8664_arch::normalize_tests::rmdir_normalizes_to_unlinkat_with_removedir_flag ... ok
test x8664_arch::normalize_tests::select_normalizes_to_private_number_not_pselect6 ... ok
test x8664_arch::normalize_tests::stat_normalizes_to_private_x86_stat_writer ... ok
test x8664_arch::normalize_tests::symlink_normalizes_with_dirfd_in_the_second_slot ... ok
test x8664_arch::normalize_tests::time_normalizes_to_private_legacy_dispatch_number ... ok
test x8664_arch::normalize_tests::unknown_x86_syscall_normalizes_to_private_unsupported ... ok
test x8664_arch::normalize_tests::unlink_normalizes_to_unlinkat_at_fdcwd_no_flags ... ok
test x8664_arch::normalize_tests::vfork_desugars_to_clone_vm_vfork_sigchld ... ok
test x8664_arch::normalize_tests::x86_open_flags_translate_to_asm_generic ... ok
test x8664_arch::tests::altstack_membership_matches_downward_linux_endpoints ... ok
test x8664_arch::tests::build_sigframe_runs_codec_and_faults_only_at_guest_memory ... ok
test x8664_arch::tests::copying_exact_advertised_xstate_extent_retains_virtual_state ... ok
test x8664_arch::tests::cr0_has_required_bits ... ok
test x8664_arch::tests::cr4_has_required_bits ... ok
test x8664_arch::tests::decode_maps_rax_to_number_and_rdi_through_r9_to_args ... ok
test x8664_arch::tests::decode_with_all_distinct_values ... ok
test x8664_arch::tests::efer_has_required_bits ... ok
test x8664_arch::tests::elf_machine_is_em_x86_64 ... ok
test x8664_arch::tests::gdt_kernel_cs64_encoding ... ok
test x8664_arch::tests::gdt_kernel_ss_encoding ... ok
test x8664_arch::tests::gdt_null_entry_is_zero ... ok
test x8664_arch::tests::gdt_user_cs64_encoding ... ok
test x8664_arch::tests::gdt_user_ss_encoding ... ok
test x8664_arch::tests::lstar_points_to_el0_trampoline_base ... ok
test x8664_arch::tests::lstar_stub_bytes_are_exact ... ok
test x8664_arch::tests::lstar_stub_port_byte_matches_const ... ok
test x8664_arch::tests::malformed_extended_sigframe_is_rejected_before_state_mutation ... ok
test x8664_arch::tests::malformed_private_xstate_trailer_is_rejected_before_state_mutation ... ok
test x8664_arch::tests::mmu_codec_builds_manager_and_walks_descriptors ... ok
test x8664_arch::tests::mmu_granule_matches_pml4_and_aarch64_shape ... ok
test x8664_arch::tests::restore_sigframe_runs_codec_and_faults_only_at_guest_memory ... ok
test x8664_arch::tests::sigframe_preserves_avx_ymm_hi_across_build_and_restore ... ok
test x8664_arch::tests::sigframe_preserves_virtual_pkru_and_x87_selectors ... ok
test x8664_arch::tests::star_selector_arithmetic_is_correct ... ok
test x8664_arch::tests::syscall_table_arch_prctl_is_native ... ok
test x8664_arch::tests::syscall_table_knows_exit_group ... ok
test x8664_arch::tests::syscall_table_knows_write ... ok
test x8664_arch::tests::syscall_table_unknown_number_is_unknown ... ok
test x8664_arch::tests::vdso_bytes_exports_x86_clock_symbols ... ok
test x8664_arch::tests::x8664_guest_arch_satisfies_the_seam ... ok

test result: ok. 97 passed; 0 failed; 0 ignored; 0 measured; 0 filtered out; finished in 0.12s

     Running unittests src/lib.rs (target/debug/deps/carrick_host-808feb08b9724578)

running 71 tests
test clock::tests::tick_scale_is_available_and_ticks_advance ... ok
test clock::tests::uptime_clock_reads_and_advances_monotonically ... ok
test futex_key::tests::keys_are_never_zero ... ok
test futex_key::tests::same_file_same_offset_same_key_regardless_of_fd ... ok
test futex_key::tests::unstatable_fd_reports_fallback_base ... ok
test guest_cpu::tests::active_run_is_visible_before_commit ... ok
test guest_cpu::tests::add_then_sum_accumulates ... ok
test guest_cpu::tests::adopted_child_wait_single_scan_classifies_pending_then_reaps ... ok
test guest_cpu::tests::adopted_reap_keeps_namespace_member_record_for_pid_translation ... ok
test guest_cpu::tests::adopted_record_exit_is_waitable_even_when_caller_did_not_preclassify_it ... ok
test guest_cpu::tests::child_ptrace_stop_marker_lives_until_report_or_reap ... ok
test guest_cpu::tests::clone_parent_registration_is_adopted_immediately ... ok
test guest_cpu::tests::direct_child_ptrace_stop_pending_excludes_adopted_children ... ok
test guest_cpu::tests::direct_children_for_wait_excludes_adopted_children ... ok
test guest_cpu::tests::fork_time_claim_exhaustion_is_an_error_not_an_abort ... ok
test guest_cpu::tests::guest_cpu_drain_keeps_namespace_member_record_published ... ok
test guest_cpu::tests::native_provider_reports_darwin_cpu_monotonically ... ok
test guest_cpu::tests::parent_publish_by_ref_survives_a_second_prepare ... ok
test guest_cpu::tests::prefork_child_marks_adopted_when_recorded_parent_differs_from_host_parent ... ok
test guest_cpu::tests::prefork_record_is_complete_when_child_publishes_host_pid ... ok
test guest_cpu::tests::ptrace_stop_marker_persists_on_prefork_record ... ok
test guest_cpu::tests::reaped_child_cpu_parts_adds_disjoint_sources_on_vmm_backends ... ok
test guest_cpu::tests::reaped_child_cpu_parts_prefers_host_rusage_under_native_provider ... ok
test guest_cpu::tests::virtual_ptrace_detach_clears_ownership_before_resume ... ok
test guest_cpu::tests::virtual_ptrace_kill_is_terminal ... ok
test guest_cpu::tests::virtual_ptrace_rollback_cannot_resurrect_terminal_or_reused_record ... ok
test guest_cpu::tests::virtual_ptrace_stop_is_reported_once_then_resumed ... ok
test guest_cpu::tests::virtual_ptrace_stop_request_distinguishes_busy_and_detached ... ok
test guest_cpu::tests::virtual_ptrace_stop_token_expires_after_resume ... ok
test guest_cpu::tests::virtual_ptrace_token_cannot_control_reused_pid ... ok
test guest_cpu::tests::wait_any_park_target_is_any_child_never_the_first ... ok
test host_facts::hostname_tests::caps_at_the_63_char_label_limit ... ok
test host_facts::hostname_tests::drops_spaces_and_punctuation_a_computername_may_carry ... ok
test host_facts::hostname_tests::empty_or_all_invalid_yields_none_so_caller_falls_back ... ok
test host_facts::hostname_tests::takes_short_label_and_keeps_valid_chars ... ok
test host_facts::tests::exposed_cpu_selection_falls_back_without_performance_level ... ok
test host_facts::tests::exposed_cpu_selection_prefers_performance_level_when_present ... ok
test host_facts::tests::logical_cpu_count_is_cached_stable ... ok
test host_facts::tests::logical_cpu_count_is_sane ... ok
test host_facts::tests::physical_cpu_count_is_sane ... ok
test host_facts::tests::physical_cpu_selection_prefers_total_physical_then_cluster_sum ... ok
test host_mapping::tests::cow_snapshot_isolates_source_and_clone_writes ... ok
test host_mapping::tests::map_private_file_is_cow_and_outlives_the_source_fd ... ok
test host_mapping::tests::map_shared_file_does_not_leak_host_fds_across_cycles ... ok
test host_mapping::tests::owned_host_mapping_unmaps_on_drop ... ok
test host_proc::accounting_smoke::resident_bytes_in_ranges_measures_touched_pages ... ok
test host_proc::accounting_smoke::self_cpu_matches_getrusage_units ... ok
test host_proc::accounting_smoke::self_resource_usage_does_not_crash ... ok
test host_proc::accounting_smoke::self_thread_cpu_does_not_crash ... ok
test host_proc::imp::direct_vm_reservation_tests::canonical_direct_gap_sentinel_is_rejected_and_preserved ... ok
test host_proc::imp::direct_vm_reservation_tests::canonical_dyld_delegated_empty_tuple_is_accepted ... ok
test host_proc::imp::direct_vm_reservation_tests::exact_allocatable_reservation_rolls_back_replacement ... ok
test host_proc::imp::direct_vm_reservation_tests::fork_child_canonical_unnested_dyld_gap_is_accepted ... ok
test host_proc::imp::direct_vm_reservation_tests::fork_child_split_canonical_range_is_accepted_segmentwise ... ok
test host_proc::imp::direct_vm_reservation_tests::generic_shared_readonly_mapping_is_rejected ... ok
test host_proc::imp::direct_vm_reservation_tests::guard_region_is_rejected ... ok
test host_proc::imp::proctitle_tests::declines_titles_with_no_guest_name ... ok
test host_proc::imp::proctitle_tests::extracts_guest_name_after_last_colon_space ... ok
test host_proc::imp::proctitle_tests::reduces_a_full_command_line_label_to_a_single_token_comm ... ok
test host_proc::imp::proctitle_tests::truncates_to_linux_comm_length ... ok
test internal_fd::tests::duplicate_returns_new_high_fd_leaving_original_open ... ok
test internal_fd::tests::relocate_moves_above_floor_and_closes_original ... ok
test ulock::imp::reexec_tests::failed_waiter_adoption_closes_the_transport_fd ... ok
test ulock::imp::reexec_tests::inherited_waiter_authority_maps_same_slots_and_rejects_identity_change ... ok
test ulock::tests::eintr_exit_does_not_absorb_woken_peer_credit ... ok
test ulock::tests::wait_returns_nonneg_on_value_mismatch ... ok
test ulock::tests::wait_times_out_with_etimedout ... ok
test ulock::tests::waiter_counts_are_visible_across_threads ... ok
test ulock::tests::wake_counted_excludes_woken_but_unexited_waiters ... ok
test ulock::tests::wake_counts_self_woken_waiters_exactly_once ... ok
test ulock::tests::wake_with_no_waiters_is_nonfatal ... ok

test result: ok. 71 passed; 0 failed; 0 ignored; 0 measured; 0 filtered out; finished in 2.53s

     Running unittests src/lib.rs (target/debug/deps/carrick_host_bsd-c2d1162c5619235d)

running 14 tests
test errno::tests::edeadlk_does_not_collapse_to_eagain ... ok
test errno::tests::errno_translation_covers_every_divergent_code ... ok
test errno::tests::errno_translation_maps_unknown_extensions_to_eio ... ok
test kqueue::tests::kqueue_closes_fd_on_drop ... ok
test kqueue::tests::oneshot_timer_fires_and_reports_ident ... ok
test kqueue::tests::user_trigger_wakes_registered_kqueue ... ok
test multiplexer::tests::read_lowat_one_still_reports_socket_eof ... ok
test multiplexer::tests::read_lowat_rearm_after_edge_suppresses_until_growth ... ok
test multiplexer::tests::read_lowat_suppresses_socket_until_threshold_growth ... ok
test signum::tests::divergent_signals_roundtrip ... ok
test signum::tests::host_siginfo_is_internal_not_guest_sigio ... ok
test signum::tests::linux_only_signals_do_not_identity_map_to_bsd_collisions ... ok
test signum::tests::shared_numbering_stays_identity ... ok
test signum::tests::usr1_usr2_chld_match_bsd_header ... ok

test result: ok. 14 passed; 0 failed; 0 ignored; 0 measured; 0 filtered out; finished in 0.00s

     Running unittests src/lib.rs (target/debug/deps/carrick_host_linux-c932bcc8270b5c1f)

running 0 tests

test result: ok. 0 passed; 0 failed; 0 ignored; 0 measured; 0 filtered out; finished in 0.00s

     Running unittests src/lib.rs (target/debug/deps/carrick_image-1145b48fdf69fc44)

running 33 tests
test auth::tests::auth_for_decodes_inline_base64_splitting_on_first_colon ... ok
test auth::tests::auth_for_uses_username_password_fields ... ok
test auth::tests::canonical_key_collapses_hub_spellings ... ok
test auth::tests::creds_store_only_entry_is_none_not_a_panic ... ok
test auth::tests::write_login_preserves_other_registries ... ok
test auth::tests::write_then_resolve_round_trips_with_0600 ... ok
test tests::accepts_arm64_v8_variant ... ok
test tests::default_target_is_host_native ... ok
test tests::layer_summaries_are_reordered_to_manifest_order ... ok
test tests::layers_are_reordered_to_manifest_order ... ok
test tests::list_images_reports_repo_tag_id_and_size ... ok
test tests::load_docker_archive_can_target_non_default_platform ... ok
test tests::load_docker_archive_ingests_blobs_and_summary ... ok
test tests::load_docker_archive_missing_manifest_is_an_error ... ok
test tests::load_docker_archive_plain_tar_layer_gets_tar_media_type ... ok
test tests::load_docker_archive_tags_every_repo_tag ... ok
test tests::load_real_kaniko_archive_if_present ... ok
test tests::oci_config_without_stop_signal_is_none ... ok
test tests::override_arm64_v8_matches_unspecified_entry ... ok
test tests::override_selects_amd64_when_only_amd64_present ... ok
test tests::parse_platform_target_rejects_garbage ... ok
test tests::parse_platform_target_with_variant ... ok
test tests::parse_platform_target_without_variant ... ok
test tests::picks_linux_arm64_from_multi_arch_index ... ok
test tests::pull_policy_follows_docker_semantics ... ok
test tests::rejects_arm64_v7_variant ... ok
test tests::remove_image_by_spec_accepts_ref_or_id ... ok
test tests::remove_image_then_gc_reclaims_unreferenced_blobs ... ok
test tests::returns_none_when_no_linux_arm64_present ... ok
test tests::skips_entry_with_no_platform_block ... ok
test tests::tag_image_creates_a_new_ref_sharing_blobs ... ok
test tests::tag_moved_only_when_registry_digest_differs ... ok
test tests::test_parse_oci_config_json ... ok

test result: ok. 33 passed; 0 failed; 0 ignored; 0 measured; 0 filtered out; finished in 0.16s

     Running unittests src/lib.rs (target/debug/deps/carrick_kernel-3357ad38e473b7d0)

running 20 tests
test arena::tests::arena_is_visible_across_fork ... ok
test arena::tests::attach_joins_an_existing_arena ... ok
test arena::tests::attach_rejects_wrong_magic ... ok
test arena::tests::create_publishes_versioned_header ... ok
test arena::tests::generations_are_monotonic_and_skip_zero ... ok
test arena::tests::permit_section_exhaustion_is_loud ... ok
test arena::tests::reexec_authority_reattaches_exact_unlinked_arena_and_rejects_identity_change ... ok
test arena::tests::vm_slots_section_is_published_and_independent ... ok
test domains::tests::domains_round_trip_and_do_not_mix ... ok
test lock::tests::contended_lock_times_out_and_names_holder ... ok
test lock::tests::force_break_frees_only_the_named_dead_owner ... ok
test lock::tests::lock_pair_orders_by_address_and_survives_reversed_call ... ok
test lock::tests::lock_unlock_round_trip ... ok
test process::tests::claim_fill_publish_find_release_round_trip ... ok
test process::tests::exhaustion_is_loud ... ok
test process::tests::ns_pids_are_monotonic_from_2 ... ok
test process::tests::registering_records_are_invisible_to_find ... ok
test process::tests::virtual_ptrace_control_round_trips_owner_and_state ... ok
test wait::tests::spin_yield_returns_value_changed_when_word_moves ... ok
test wait::tests::spin_yield_times_out_when_word_holds ... ok

test result: ok. 20 passed; 0 failed; 0 ignored; 0 measured; 0 filtered out; finished in 0.16s

     Running unittests src/lib.rs (target/debug/deps/carrick_mem-178a76fde38bf1a6)

running 140 tests
test arch_sysregs::tests::cpacr_fpen_no_trap_literal ... ok
test arch_sysregs::tests::mair_is_normal_wb_cacheable ... ok
test arch_sysregs::tests::sctlr_shared_base_literal ... ok
test arch_sysregs::tests::tcr_bootstrap_literal ... ok
test elf::tests::et_dyn_plan_rebases_to_default_pie_base ... ok
test elf::tests::et_exec_plan_uses_zero_load_bias ... ok
test elf::tests::load_plan_rejects_non_aarch64_machine ... ok
test elf::tests::plan_elf_load_bytes_for_accepts_x86_64 ... ok
test elf::tests::plan_elf_load_bytes_for_rejects_machine_mismatch ... ok
test elf::tests::ro_page_spans_cover_readonly_segments_pagewise ... ok
test elf::tests::ro_page_spans_drop_pages_shared_with_a_writable_segment ... ok
test elf::tests::ro_page_spans_exec_wins_on_a_page_shared_by_rx_and_r_segments ... ok
test elf::tests::ro_page_spans_ignore_unreadable_and_empty_segments ... ok
test elf::tests::with_load_bias_reshifts_a_dyn_plan ... ok
test memory::alias_ipa_tests::alloc_is_monotonic_block_aligned_never_reused ... ok
test memory::arena_size_tests::arena_size_defaults_and_clamps ... ok
test memory::el1_shim_tests::boot_builders_preserve_linux_auxv_image ... ok
test memory::el1_shim_tests::current_el_sync_slots_fail_loud_via_hvc3 ... ok
test memory::el1_shim_tests::legacy_vectors_have_no_dispatcher ... ok
test memory::el1_shim_tests::linux_initial_stack_can_set_execfn_distinct_from_argv0 ... ok
test memory::el1_shim_tests::shim_dispatcher_fits_in_its_vector_slot ... ok
test memory::el1_shim_tests::shim_dispatches_identity_and_gettid ... ok
test memory::el1_shim_tests::with_el1_vectors_shim_installs_dispatcher_region ... ok
test memory::el1_shim_tests::with_identity_page_installs_kernel_hole_region ... ok
test memory::loader_tests::el1_vector_va_predicate_brackets_carrick_kernel_space ... ok
test memory::loader_tests::fill_random_bytes_produces_nonzero_entropy ... ok
test memory::loader_tests::linux_auxv_can_omit_sysinfo_ehdr_for_vdso_debug_control ... ok
test memory::loader_tests::linux_auxv_can_withhold_backend_unsafe_hwcap_features ... ok
test memory::loader_tests::linux_runtime_regions_include_fixed_user_sigreturn_trampoline ... ok
test memory::loader_tests::load_elf_bytes_with_reader_at_pie_base_rebases_dyn_main ... ok
test memory::loader_tests::load_elf_bytes_with_reader_for_applies_machine_to_interpreter ... ok
test memory::loader_tests::load_elf_bytes_without_runtime_regions_omits_hvf_boot_windows ... ok
test memory::loader_tests::load_elf_records_ro_spans_and_stage1_tables_bake_them_readonly ... ok
test memory::loader_tests::merges_segments_that_overlap_after_hvf_page_rounding ... ok
test memory::loader_tests::page_aligned_load_regions_preserve_segment_permissions ... ok
test memory::loader_tests::rejects_load_segment_end_overflow_before_region_merge ... ok
test memory::loader_tests::with_vdso_bytes_at_relocates_regions_and_auxv ... ok
test memory::stage1_tests::el1_maintenance_bytes_emit_tlbi_then_hvc1 ... ok
test memory::stage1_tests::needs_stage1_translation_only_for_shared_aperture ... ok
test memory::stage1_tests::page_tables_reserve_spare_pool_within_kernel_block ... ok
test memory::stage1_tests::runtime_regions_include_shared_aperture ... ok
test memory::stage1_tests::stage1_identity_tables_layout ... ok
test memory::syscall_mailbox_tests::mailbox_arena_builder_installs_private_zeroed_rw_nx_region ... ok
test memory::syscall_mailbox_tests::mailbox_arena_tiles_the_remaining_kernel_hole ... ok
test memory::syscall_mailbox_tests::mailbox_continuation_preserves_scratch_and_validates_response ... ok
test memory::syscall_mailbox_tests::mailbox_vector_publishes_complete_syscall_frame_before_hvc2 ... ok
test memory::syscall_mailbox_tests::mailbox_vector_retains_identity_fast_paths_when_enabled ... ok
test memory::tests::address_space_clone_shares_payload_until_first_write ... ok
test memory::tests::address_space_metadata_accepts_ro_span_in_readable_writable_merged_region ... ok
test memory::tests::address_space_metadata_reconstructs_transport_neutral_view ... ok
test memory::tests::address_space_metadata_rejects_empty_or_inverted_regions ... ok
test memory::tests::address_space_metadata_rejects_empty_or_overflowing_ro_span ... ok
test memory::tests::address_space_metadata_rejects_overlapping_regions ... ok
test memory::tests::address_space_metadata_rejects_ro_span_outside_readable_regions ... ok
test memory::tests::address_space_metadata_rejects_stack_pointer_outside_writable_region ... ok
test memory::tests::address_space_metadata_rejects_unaligned_ro_span ... ok
test memory::tests::address_space_metadata_sorts_regions_canonically ... ok
test page_table::tests::clone_preserves_bump_cursor_so_fork_child_does_not_realloc_live_tables ... ok
test page_table::tests::exhausting_spare_tables_errors ... ok
test page_table::tests::full_1gib_prot_none_edits_block_with_no_split ... ok
test page_table::tests::full_block_restore_coalesces_and_reclaims_table ... ok
test page_table::tests::indices_decompose_va ... ok
test page_table::tests::into_bytes_preserves_edits ... ok
test page_table::tests::large_aligned_prot_none_is_coarse_not_dense ... ok
test page_table::tests::map_aliased_large_unaligned_len_does_not_exhaust_table_pool ... ok
test page_table::tests::multi_vcpu_does_not_coalesce ... ok
test page_table::tests::new_rediscovers_bump_cursor_over_boot_edited_tables ... ok
test page_table::tests::partial_protection_does_not_coalesce ... ok
test page_table::tests::private_overlay_protection_preserves_backing_and_identity_restore_repoints ... ok
test page_table::tests::prot_none_then_rw_remaps ... ok
test page_table::tests::rebase_moves_every_table_pointer_without_changing_leaf_translations ... ok
test page_table::tests::rosetta_alias_vas_avoid_boot_identity_l0_slots ... ok
test page_table::tests::rw_commit_into_prot_none_block_keeps_neighbors_invalid ... ok
test page_table::tests::set_prot_none_splits_block_and_invalidates_only_target ... ok
test page_table::tests::set_readonly_then_rw_round_trips ... ok
test page_table::tests::set_rw_on_default_rw_block_does_not_split ... ok
test page_table::tests::sub_16k_high_va_alias_does_not_perturb_neighbor_l3_entry ... ok
test page_table::tests::translate_picks_the_live_region_for_adjacent_aliases ... ok
test page_table::tests::translate_resolves_aliased_va_to_ipa_with_page_offset ... ok
test page_table::tests::unmap_aliased_reclaims_only_the_freed_l3_table ... ok
test page_table::tests::user_block_flags_match_boot_image ... ok
test pml4::tests::aligned_bulk_map_uses_2m_leaf ... ok
test pml4::tests::editing_large_leaf_splits_to_4k_and_restores ... ok
test pml4::tests::exhausting_table_capacity_errors ... ok
test pml4::tests::full_mmap_arena_sized_region_fits_with_large_leaves ... ok
test pml4::tests::granule_matches_aarch64_shape ... ok
test pml4::tests::identity_map_encodes_and_walks_round_trip ... ok
test pml4::tests::indices_decompose_va ... ok
test pml4::tests::intermediates_get_us_when_any_user_mapping_passes_through ... ok
test pml4::tests::into_bytes_preserves_edits ... ok
test pml4::tests::map_aliased_allocates_missing_high_va_tables ... ok
test pml4::tests::map_aliased_exec_flag_gates_leaf_nx ... ok
test pml4::tests::map_aliased_large_2m_alias_uses_block_leaves_not_per_2m_tables ... ok
test pml4::tests::map_aliased_repoints_a_page_inside_a_2m_block_leaf ... ok
test pml4::tests::misaligned_spec_rejected ... ok
test pml4::tests::non_canonical_va_rejected ... ok
test pml4::tests::non_identity_map_translates ... ok
test pml4::tests::nx_bit_is_bit_63 ... ok
test pml4::tests::phys_mask_is_bits_51_12 ... ok
test pml4::tests::private_overlay_protection_preserves_gpa_and_identity_restore_repoints ... ok
test pml4::tests::set_ops_on_unmapped_subtree_error ... ok
test pml4::tests::set_prot_none_clears_p_and_set_rw_restores ... ok
test pml4::tests::set_readonly_clears_rw_and_preserves_present_mapping ... ok
test pml4::tests::set_rw_exec_toggles_nx ... ok
test pml4::tests::set_rw_on_never_mapped_leaf_errors ... ok
test pml4::tests::supervisor_map_keeps_us_clear_at_every_level ... ok
test pml4::tests::unmap_alias_range_tears_down_all_pages_of_a_split_2m_block ... ok
test pml4::tests::unmap_alias_reclaims_empty_high_va_tables_for_reuse ... ok
test pml4::tests::unmap_alias_reclaims_prot_none_large_alias_tables ... ok
test pml4::tests::whole_large_leaf_edits_preserve_2m_entries ... ok
test shared_aperture::tests::bump_allocates_aligned_within_window ... ok
test shared_aperture::tests::free_then_realloc_reuses_space ... ok
test shared_aperture::tests::free_unknown_address_returns_none ... ok
test shared_aperture::tests::guest_carve_middle_preserves_prefix_suffix_and_reuses_only_middle ... ok
test shared_aperture::tests::invalid_shrink_preserves_live_and_free_accounting ... ok
test shared_aperture::tests::lookup_returns_backing_for_live_alloc ... ok
test shared_aperture::tests::partial_granule_guest_carve_never_reuses_live_suffix_bytes ... ok
test shared_aperture::tests::partial_granule_source_carve_splits_exactly_but_quarantines_storage ... ok
test shared_aperture::tests::private_reservation_blocks_reuse_until_exact_release ... ok
test shared_aperture::tests::rejects_allocation_past_window_end ... ok
test shared_aperture::tests::shared_file_fragments_adjust_offsets_and_close_once_after_last_owner ... ok
test shared_aperture::tests::shrink_preserves_shared_file_fd_and_offset_metadata ... ok
test shared_aperture::tests::shrink_releases_whole_granule_tail_and_coalesces_on_free ... ok
test shared_aperture::tests::source_carve_middle_preserves_both_translations_and_reuses_only_middle ... ok
test shared_aperture::tests::source_carve_prefix_preserves_suffix_translation_and_reuses_only_prefix ... ok
test shared_aperture::tests::source_carve_suffix_preserves_prefix_and_trailing_padding_accounting ... ok
test vdso::rosetta_vdso_size_test::vdso_image_fits_in_one_page_and_has_dynsym ... ok
test vdso::tests::vdso_elf_parses_and_exports_clock_gettime ... ok
test vdso::tests::vdso_exports_all_canonical_symbols ... ok
test vdso::tests::vdso_getrandom_blob_is_embedded ... ok
test vdso::tests::vdso_image_can_omit_fastpath_exports_for_rosetta_debugging ... ok
test vdso::tests::vdso_image_can_omit_getrandom_export_for_rosetta_debugging ... ok
test vdso::tests::vdso_image_can_route_clock_exports_to_syscalls_for_rosetta_debugging ... ok
test vdso::tests::vdso_rt_sigreturn_is_the_canonical_trampoline_sequence ... ok
test vdso::tests::x8664_vdso_elf_parses_and_exports_clock_symbols ... ok
test vdso_getrandom_chacha::tests::distinct_counters_distinct_blocks ... ok
test vdso_getrandom_chacha::tests::forked_child_does_not_reuse_parent_keystream ... ok
test vdso_getrandom_chacha::tests::reseeds_only_on_generation_change ... ok
test vdso_getrandom_chacha::tests::rfc8439_block_function ... ok
test vdso_getrandom_chacha::tests::successive_calls_never_repeat ... ok

test result: ok. 140 passed; 0 failed; 0 ignored; 0 measured; 0 filtered out; finished in 0.04s

     Running unittests src/lib.rs (target/debug/deps/carrick_native_darwin-bf9f78cd0e0e6117)

running 126 tests
test aot_cache::tests::adoption_takes_ownership_of_the_inherited_fd ... ok
test aot_cache::tests::authority_is_private_and_survives_validated_reexec_adoption ... ok
test aot_cache::tests::authority_rejects_substituted_directory_fd ... ok
test aot_cache::tests::authority_rejects_substituted_directory_path ... ok
test aot_cache::tests::code_digest_rejects_another_units_substituted_code_file ... ok
test aot_cache::tests::concurrent_publishers_converge_on_one_published_unit ... ok
test aot_cache::tests::corrupt_metadata_fails_closed_and_republish_repairs ... ok
test aot_cache::tests::corrupt_v3_metadata_is_typed_before_the_code_half ... ok
test aot_cache::tests::creator_session_keeps_the_persistent_store_after_container_exit ... ok
test aot_cache::tests::ephemeral_fallback_is_removed_by_its_creator ... ok
test aot_cache::tests::first_file_miss_claims_recording_immediately ... ok
test aot_cache::tests::inherited_process_cannot_remove_creator_cache ... ok
test aot_cache::tests::load_rejects_a_code_file_with_the_wrong_extent ... ok
test aot_cache::tests::load_rejects_a_flipped_code_byte ... ok
test aot_cache::tests::loaded_code_uses_a_private_read_only_vm_region ... ok
test aot_cache::tests::mapped_metadata_and_code_pair_rejects_either_lone_half ... ok
test aot_cache::tests::one_live_recorder_excludes_the_herd ... ok
test aot_cache::tests::only_the_creator_pid_owns_cleanup ... ok
test aot_cache::tests::partial_publish_pair_is_never_loadable ... ok
test aot_cache::tests::prune_evicts_oldest_pairs_down_to_the_cap ... ok
test aot_cache::tests::prune_removes_retired_and_aged_auxiliary_files ... ok
test aot_cache::tests::published_pair_is_raw_code_beside_mapped_metadata ... ok
test aot_cache::tests::published_unit_maps_serialized_metadata_with_mapped_evidence ... ok
test aot_cache::tests::published_units_survive_into_a_new_authority_over_the_same_root ... ok
test aot_cache::tests::reopened_store_reads_the_same_authority_nonce ... ok
test aot_cache::tests::stale_builder_claims_are_taken_over_by_age ... ok
test aot_cache::tests::store_load_separates_no_authority_from_a_file_miss ... ok
test aot_cache::tests::unit_metadata_maps_the_bounded_open_extent ... ok
test direct::tests::add_sub_shifted_32_unallocated_shift_proof_is_mask_exact ... ok
test direct::tests::advanced_simd_parent_unallocated_partition_proof_is_mask_exact ... ok
test direct::tests::advanced_simd_shift_unallocated_opcode_proof_is_mask_exact ... ok
test direct::tests::after_fork_without_exception_registration_is_a_noop ... ok
test direct::tests::allocated_sme2_x18_free_proof_is_mask_exact ... ok
test direct::tests::defined_clear_cache_keeps_bti_and_redirects_its_direct_branch ... ok
test direct::tests::dynamic_arena_budget_tracks_patch_sites_not_publication_bytes ... ok
test direct::tests::dynamic_execute_fault_does_not_scan_unrelated_same_page_bytes ... ok
test direct::tests::dynamic_far_route_uses_the_newest_publication_for_a_reused_site ... ok
test direct::tests::dynamic_far_x18_veneer_round_trips_through_mach_exceptions ... ok
test direct::tests::dynamic_function_symbol_resolves_defined_clear_cache_entry ... ok
test direct::tests::dynamic_publication_does_not_survive_same_address_remap ... ok
test direct::tests::dynamic_publication_rechecks_modified_bytes_without_republication ... ok
test direct::tests::dynamic_publication_survives_an_unrelated_write_transition ... ok
test direct::tests::dynamic_scan_accepts_source_proven_unallocated_embedded_data ... ok
test direct::tests::dynamic_scan_reports_the_exact_allocated_x18_word ... ok
test direct::tests::dynamic_scan_reports_the_exact_tpidr_word ... ok
test direct::tests::dynamic_x18_is_patched_synchronously_at_publication ... ok
test direct::tests::dynamic_x18_publication_is_veneered_and_executes_against_the_thread_slot ... ok
test direct::tests::enter_on_stack_switches_to_the_provided_stack_and_zeroes_x0 ... ok
test direct::tests::exec_window_accepts_proven_top_level_unallocated_op1_word_with_x18_bits ... ok
test direct::tests::exec_window_accepts_proven_unallocated_advanced_simd_shift_word_with_x18_bits ... ok
test direct::tests::exec_window_accepts_proven_unallocated_load_store_word_with_x18_bits ... ok
test direct::tests::exec_window_accepts_proven_unallocated_simd_unprivileged_word_with_x18_bits ... ok
test direct::tests::exec_window_accepts_proven_x18_free_allocated_sme2_formatter_gap ... ok
test direct::tests::exec_window_accepts_reserved_major_word_with_x18_bits ... ok
test direct::tests::exec_window_of_real_libc_keeps_non_code_bytes_verbatim ... ok
test direct::tests::exec_window_patches_syscall_sites_and_executes ... ok
test direct::tests::exec_window_scan_fails_closed_on_a_word_that_could_name_x18 ... ok
test direct::tests::existing_map_jit_transitions_to_byte_preserving_shadow ... ok
test direct::tests::guest_mapping_moves_future_exec_hints_past_its_owned_span ... ok
test direct::tests::guest_runs_on_a_thread_that_did_not_load_it ... ok
test direct::tests::guest_writes_to_its_own_data_segment ... ok
test direct::tests::handler_requested_leave_parks_the_guest_and_returns_to_rust ... ok
test direct::tests::image_mapping_honors_strict_pt_load_alignment_after_hint_relocation ... ok
test direct::tests::island_preserves_guest_registers_across_a_syscall ... ok
test direct::tests::island_survives_a_handler_with_a_real_frame ... ok
test direct::tests::ldapur_fpsimd_formatter_gap_only_names_rn_as_a_gpr ... ok
test direct::tests::linux_sysreg_patch_writes_virtual_x18_not_darwin_x18 ... ok
test direct::tests::linux_sysreg_site_is_patched_without_mach_transport ... ok
test direct::tests::load_group_images_share_one_tls_and_x18_slot ... ok
test direct::tests::load_store_root_unallocated_proof_is_mask_exact ... ok
test direct::tests::load_store_x100_unallocated_proof_is_mask_exact ... ok
test direct::tests::load_time_image_releases_unused_worst_case_island_budget ... ok
test direct::tests::logical_shifted_32_unallocated_shift_proof_is_mask_exact ... ok
test direct::tests::mach_exception_server_covers_generated_mig_message_contract ... ok
test direct::tests::mach_exception_server_round_trips_a_dynamic_write_fault ... ok
test direct::tests::mach_recovery_accepts_only_carricks_private_breakpoint ... ok
test direct::tests::nearby_arena_reach_counts_large_image_once ... ok
test direct::tests::patches_every_svc_site_and_leaves_other_words_verbatim ... ok
test direct::tests::plain_replacement_voids_patched_executable_coverage ... ok
test direct::tests::plain_tier_d_entry_does_not_install_mach_exception_transport ... ok
test direct::tests::pristine_dynamic_exec_discard_skips_zero_and_icache_publication ... ok
test direct::tests::reserved_major_proof_rejects_an_allocated_x18_neighbor ... ok
test direct::tests::runs_guest_code_natively_and_services_its_syscalls ... ok
test direct::tests::runtime_stub_arena_recycles_only_released_slots ... ok
test direct::tests::scan_accepts_proven_top_level_unallocated_op1_word_with_x18_bits ... ok
test direct::tests::scan_accepts_proven_unallocated_advanced_simd_shift_word_with_x18_bits ... ok
test direct::tests::scan_accepts_proven_unallocated_load_store_word_with_x18_bits ... ok
test direct::tests::scan_accepts_proven_unallocated_simd_unprivileged_word_with_x18_bits ... ok
test direct::tests::scan_accepts_proven_x18_free_allocated_sme2_formatter_gap ... ok
test direct::tests::scan_accepts_reserved_major_word_with_x18_bits ... ok
test direct::tests::scan_accepts_tpidr_because_it_is_veneered ... ok
test direct::tests::scan_accepts_veneerable_x18_and_still_refuses_the_rest ... ok
test direct::tests::scan_counts_syscall_sites_on_a_clean_image ... ok
test direct::tests::scan_refuses_a_dynamic_image_and_names_its_interpreter ... ok
test direct::tests::scan_refuses_an_x18_instruction_that_changes_sp ... ok
test direct::tests::scan_refuses_undecodable_text_only_when_it_could_name_x18 ... ok
test direct::tests::scan_refuses_unhandled_pc_relative_x18_shapes ... ok
test direct::tests::simd_unprivileged_unallocated_proof_is_mask_exact ... ok
test direct::tests::spec_unallocated_dynamic_words_cannot_name_x18 ... ok
test direct::tests::sve_partition_break_unallocated_proof_is_mask_exact ... ok
test direct::tests::sve_pred_minmaxdiff_unallocated_proof_is_mask_exact ... ok
test direct::tests::sve_unpred_wide_shift_unallocated_opcode_proof_is_mask_exact ... ok
test direct::tests::sve_uxth_small_destination_proof_is_mask_exact ... ok
test direct::tests::sve_vector_shift_unallocated_lu_proof_is_mask_exact ... ok
test direct::tests::sve_wide_immediate_unallocated_selector_proof_is_mask_exact ... ok
test direct::tests::synchronous_publication_revalidation_ignores_unrelated_write_epoch ... ok
test direct::tests::top_level_unallocated_op1_proof_is_mask_exact ... ok
test direct::tests::tpidr_read_into_x18_moves_slot_to_slot ... ok
test direct::tests::tpidr_veneers_round_trip_guest_tls ... ok
test direct::tests::tpidr_write_preserves_its_source_when_the_source_is_x0 ... ok
test direct::tests::unallocated_load_store_register_offset_proof_is_mask_exact ... ok
test direct::tests::veneers_address_per_thread_slots ... ok
test direct::tests::whole_image_scan_does_not_allocate_for_non_x18_words ... ok
test direct::tests::whole_image_scan_does_not_decode_words_without_virtual_state_fields ... ok
test direct::tests::x18_adrp_veneer_materializes_the_site_page ... ok
test direct::tests::x18_conditional_branch_veneers_route_both_edges ... ok
test direct::tests::x18_sp_pair_veneers_preserve_stack_semantics ... ok
test direct::tests::x18_substitution_preserves_extend_and_shift_attributes ... ok
test direct::tests::x18_substitution_survives_a_non_register_field_reading_18 ... ok
test direct::tests::x18_substitution_verifies_and_rejects_corrupted_rewrites ... ok
test direct::tests::x18_test_bit_branch_veneers_route_both_edges ... ok
test direct::tests::x18_veneer_preserves_sp_for_the_rewritten_instruction ... ok
test direct::tests::x18_veneer_runs_the_instruction_against_the_slot ... ok
test jit::tests::map_code_cache_round_trips_on_apple_silicon ... ok
test jit::tests::supported_reports_a_typed_result ... ok
test tests::darwin_host_name_and_jit_are_wired ... ok

test result: ok. 126 passed; 0 failed; 0 ignored; 0 measured; 0 filtered out; finished in 0.44s

     Running unittests src/lib.rs (target/debug/deps/carrick_native_freebsd-31ba15b4d110d182)

running 0 tests

test result: ok. 0 passed; 0 failed; 0 ignored; 0 measured; 0 filtered out; finished in 0.00s

     Running unittests src/lib.rs (target/debug/deps/carrick_native_netbsd-f88025b54ca39f8c)

running 0 tests

test result: ok. 0 passed; 0 failed; 0 ignored; 0 measured; 0 filtered out; finished in 0.00s

     Running unittests src/lib.rs (target/debug/deps/carrick_observability-ef5521c3acf3c441)

running 67 tests
test probes::dsr_probe_abi::exit_kind_values_match_gateway_status ... ok
test probes::dsr_probe_abi::operation_outcome_values_match_dsr_error_categories ... ok
test probes::dsr_probe_abi::prepare_outcome_values_are_stable_and_unique ... ok
test probes::dsr_probe_abi::probe_wrappers_expose_typed_scalar_only_signatures ... ok
test probes::dsr_probe_abi::resolver_cache_and_dsr_cache_lifecycle_values_are_stable_and_unique ... ok
test probes::host_process_birth_probe_abi::process_birth_domain_rejects_invalid_raw_identity ... ok
test probes::host_process_birth_probe_abi::process_birth_probe_accepts_only_typed_identity ... ok
test probes::host_process_birth_probe_abi::process_birth_query_is_nonzero_and_stable_for_current_process ... ok
test probes::hvpatch_guest_probe_abi::address_space_event_keeps_bank_and_ttbr_provenance_together ... ok
test probes::hvpatch_guest_probe_abi::exec_backing_event_keeps_virtual_and_physical_identity_typed ... ok
test probes::hvpatch_guest_probe_abi::exec_backing_provider_and_stub_keep_the_same_typed_shape ... ok
test probes::hvpatch_guest_probe_abi::exec_bank_layout_event_keeps_join_and_cost_fields_typed ... ok
test probes::hvpatch_guest_probe_abi::exec_bank_layout_provider_and_stub_keep_the_same_typed_shape ... ok
test probes::hvpatch_guest_probe_abi::exec_replace_stage_event_keeps_stage_cost_and_shape_typed ... ok
test probes::hvpatch_guest_probe_abi::exec_replace_stage_provider_and_stub_keep_the_same_typed_shape ... ok
test probes::hvpatch_guest_probe_abi::exec_runtime_stage_event_keeps_outer_runtime_cost_typed ... ok
test probes::hvpatch_guest_probe_abi::exec_stage2_event_keeps_operation_and_address_identity_typed ... ok
test probes::hvpatch_guest_probe_abi::exec_stage2_provider_and_stub_keep_the_same_typed_shape ... ok
test probes::hvpatch_guest_probe_abi::fault_event_keeps_guest_process_thread_and_asid_together ... ok
test probes::hvpatch_guest_probe_abi::fork_private_snapshot_provider_and_stub_keep_timing_and_outcome_separate ... ok
test probes::hvpatch_guest_probe_abi::fork_process_spec_stage_keeps_guest_identity_timing_and_shape_typed ... ok
test probes::hvpatch_guest_probe_abi::fork_quiesce_detail_keeps_guest_identity_population_and_polling_typed ... ok
test probes::hvpatch_guest_probe_abi::fork_runtime_stage_event_keeps_parent_child_identity_and_timing_typed ... ok
test probes::hvpatch_guest_probe_abi::fork_snapshot_provider_and_stub_are_declared_outside_the_abi_test ... ok
test probes::hvpatch_guest_probe_abi::lifecycle_event_keeps_guest_identity_and_phase_typed ... ok
test probes::hvpatch_guest_probe_abi::lifecycle_event_rejects_ambiguous_identity ... ok
test probes::hvpatch_guest_probe_abi::lifecycle_event_rejects_non_linux_identity_values ... ok
test probes::hvpatch_guest_probe_abi::lifecycle_phase_ordinals_are_append_only ... ok
test probes::hvpatch_guest_probe_abi::lifecycle_provider_and_stub_keep_the_same_typed_shape ... ok
test probes::hvpatch_guest_probe_abi::syscall_service_provider_and_stub_keep_guest_task_identity_typed ... ok
test probes::hvpatch_guest_probe_abi::topology_lock_event_keeps_holder_identity_and_timing_typed ... ok
test probes::image_publication_probe_abi::image_publication_provider_uses_only_prepared_raw_path_pointers ... ok
test probes::image_publication_probe_abi::prepared_image_publication_wrappers_keep_real_or_stub_signatures ... ok
test probes::native_fork_probe_abi::phase_block_membership_matches_the_documented_legend ... ok
test probes::native_fork_probe_abi::phase_ordinals_are_unique_and_stay_in_the_documented_native_block ... ok
test probes::native_fork_probe_abi::probe_wrappers_expose_typed_phase_only_signatures ... ok
test probes::native_fork_probe_abi::roles_match_the_shared_fork_lifecycle_convention ... ok
test probes::native_owned_range_probe_abi::native_owned_range_identity_and_extent_fail_closed ... ok
test probes::native_owned_range_probe_abi::native_owned_range_provider_and_stub_abis_are_literal ... ok
test probes::native_owned_range_probe_abi::native_owned_range_ready_requires_the_exact_nonzero_frontier ... ok
test probes::native_owned_range_probe_abi::native_owned_range_wrappers_accept_only_typed_events ... ok
test probes::native_syscall_service_probe_abi::native_syscall_service_ordinals_are_stable_and_unique ... ok
test probes::native_syscall_service_probe_abi::native_syscall_service_provider_declarations_keep_dtrace_names ... ok
test probes::native_syscall_service_probe_abi::native_syscall_service_wrappers_have_typed_real_or_stub_signatures ... ok
test probes::real::tests::guest_mem_probe_digest_reports_wrapping_sum_and_edges ... ok
test probes::real::tests::guest_mem_probe_digest_zero_pads_short_edges ... ok
test probes::real::tests::guest_mem_probe_points_cover_quarters_and_last_byte_without_duplicates ... ok
test probes::real::tests::guest_mem_probe_points_sample_inside_large_range_quarters ... ok
test probes::real::tests::guest_mem_probe_subrange_reports_exact_window_digest ... ok
test probes::real::tests::host_image_catalog_contains_darwin_runtime ... ok
test probes::real::tests::prepared_image_publication_retains_exact_usdt_wire_pointers_and_bytes ... ok
test probes::real::tests::profile_runtime_image_filter_is_bounded_and_explicit ... ok
test probes::translated_range_probe_abi::translated_range_constructors_make_kind_and_unit_payload_unambiguous ... ok
test probes::translated_range_probe_abi::translated_range_identity_rejects_zero_and_round_trips_named_values ... ok
test probes::translated_range_probe_abi::translated_range_kind_ordinals_are_stable_and_unique ... ok
test probes::translated_range_probe_abi::translated_range_provider_and_stub_keep_one_four_five_two_scalar_shapes ... ok
test probes::translated_range_probe_abi::translated_range_rejects_empty_inverted_and_unaligned_extents ... ok
test probes::translated_range_probe_abi::translated_range_wrappers_accept_only_typed_pid_free_events ... ok
test vm_lifecycle::tests::artifact_publication_is_private_durable_and_no_clobber ... ok
test vm_lifecycle::tests::concurrent_snapshots_are_complete_prefixes ... ok
test vm_lifecycle::tests::fork_child_reset_discards_inherited_history_and_restarts_identity ... ok
test vm_lifecycle::tests::malformed_transition_sequences_fail_closed_without_false_events ... ok
test vm_lifecycle::tests::missing_or_duplicate_terminal_fails_closed ... ok
test vm_lifecycle::tests::one_vm_lifecycle_keeps_one_serial_and_complete_sequence ... ok
test vm_lifecycle::tests::production_ledger_capacity_is_bounded_and_fails_closed ... ok
test vm_lifecycle::tests::sequential_vm_lifecycles_never_reuse_a_serial ... ok
test vm_lifecycle::tests::versioned_artifact_round_trips_and_rejects_tampering ... ok

test result: ok. 67 passed; 0 failed; 0 ignored; 0 measured; 0 filtered out; finished in 0.03s

     Running unittests src/lib.rs (target/debug/deps/carrick_portable-63873e5697c7ad1f)

running 21 tests
test fd_abs_path_tests::invalid_fd_reports_none ... ok
test fd_abs_path_tests::open_directory_reports_its_absolute_path ... ok
test macos_sendfile_tests::partial_send_on_nonblocking_socket_reports_bytes_not_eagain ... ok
test pure_transform_tests::ipc_perm_fields_default_is_zeroed ... ok
test pure_transform_tests::ipc_perm_fields_from_host_packs_owner_and_creator ... ok
test pure_transform_tests::ipc_perm_mode_masks_allocation_flags ... ok
test pure_transform_tests::ipc_set_mode_replaces_perm_bits_preserving_high ... ok
test pure_transform_tests::sendfile_full_success_reports_all_bytes ... ok
test pure_transform_tests::sendfile_hard_error_reports_negated_errno ... ok
test pure_transform_tests::sendfile_partial_eagain_reports_partial_not_errno ... ok
test pure_transform_tests::sendfile_would_block_with_nothing_sent_is_hard_eagain ... ok
test pure_transform_tests::unix_peer_credentials_are_exact_and_fallible ... ok
test pure_transform_tests::unix_peer_credentials_reject_non_socket_and_closed_descriptors ... ok
test pure_transform_tests::xattr_each_namespace_decodes_distinctly ... ok
test pure_transform_tests::xattr_empty_user_name ... ok
test pure_transform_tests::xattr_no_dot_falls_back_to_user ... ok
test pure_transform_tests::xattr_security_round_trips ... ok
test pure_transform_tests::xattr_system_round_trips ... ok
test pure_transform_tests::xattr_trusted_round_trips ... ok
test pure_transform_tests::xattr_untagged_system_is_skipped ... ok
test pure_transform_tests::xattr_user_round_trips ... ok

test result: ok. 21 passed; 0 failed; 0 ignored; 0 measured; 0 filtered out; finished in 0.01s

     Running unittests src/lib.rs (target/debug/deps/carrick_signal_core-402fab59bd0bfe01)

running 40 tests
test child_watch::tests::child_exit_siginfo_queues_and_coalesces ... ok
test child_watch::tests::clear_empties_the_table ... ok
test child_watch::tests::is_tracked_reflects_membership ... ok
test child_watch::tests::register_ignores_nonpositive_pid ... ok
test child_watch::tests::register_sanitizes_exit_signal ... ok
test child_watch::tests::take_removes_and_returns_once ... ok
test child_watch::tests::tracked_pids_snapshot ... ok
test fasync::tests::arm_then_lookup_round_trips ... ok
test fasync::tests::disarm_clears_the_entry ... ok
test fasync::tests::init_is_idempotent ... ok
test fasync::tests::rearm_overwrites_owner_and_sig ... ok
test host_disposition::tests::installed_mask_mark_clear_roundtrip ... ok
test host_disposition::tests::out_of_range_mark_is_inert_and_reports_installed ... ok
test host_disposition::tests::out_of_range_signums_are_not_routable ... ok
test host_disposition::tests::standard_catchable_signals_are_routable ... ok
test host_disposition::tests::uncatchable_and_claimed_signals_are_not_routable ... ok
test host_glue::tests::execve_reset_preserves_ignored_mask ... ok
test host_glue::tests::ignore_then_handler_reinstalls_route ... ok
test host_glue::tests::install_ignore_default_roundtrip_tracks_mask_identity ... ok
test host_glue::tests::nudge_distinct_from_kick_and_pumped ... ok
test host_glue::tests::routable_excludes_claimed_and_faults ... ok
test host_glue::tests::translated_glue_keys_mask_on_linux_signum ... ok
test tests::pending_bit_basics ... ok
test tests::proc_pending_is_process_global ... ok
test tests::publish_take_thread_pending ... ok
test tests::supervisor_fork_neutral_clears_empty_all_state ... ok
test tests::tid_hint_concurrent_publish_take_loses_nothing ... ok
test tests::tid_hint_fast_path_never_hides_published_signal ... ok
test xsig::tests::concurrent_drain_delivers_each_entry_exactly_once ... ok
test xsig::tests::drain_for_self_returns_entry_and_clears ... ok
test xsig::tests::drain_for_self_skips_other_pid ... ok
test xsig::tests::empty_ring_rechecks_reuse_cached_self_pid ... ok
test xsig::tests::enqueue_carries_target_tid_through_drain ... ok
test xsig::tests::has_unblocked_for_self_is_ring_authoritative_without_nudge ... ok
test xsig::tests::mark_dirty_makes_has_pending_true ... ok
test xsig::tests::reexec_backing_fd_maps_the_same_shared_ring ... ok
test xsig::tests::ring_full_rejects_257th_enqueue ... ok
test xsig::tests::self_pid_cache_refreshes_at_process_boundaries ... ok
test xsig::tests::two_phase_publish_slot_reaches_ready ... ok
test xsig::tests::xsig_init_is_idempotent ... ok

test result: ok. 40 passed; 0 failed; 0 ignored; 0 measured; 0 filtered out; finished in 0.13s

     Running unittests src/lib.rs (target/debug/deps/carrick_spec-b93fe1f9b062b697)

running 19 tests
test tests::anonymous_namespace_ids_round_trip_their_owner_pid ... ok
test tests::backend_caps_amd64_on_arm_is_rosetta_only_on_macos_and_linux ... ok
test tests::backend_caps_arm64_on_x86_is_unsupported_on_every_host_os ... ok
test tests::backend_caps_current_reflects_the_compiled_host ... ok
test tests::backend_caps_native_when_guest_isa_matches_host ... ok
test tests::bridge_default_leaves_the_namespace_unnamed ... ok
test tests::bridge_network_spec_round_trips ... ok
test tests::exec_backend_defaults_to_native ... ok
test tests::exec_backend_serde_accepts_native_vmm_and_hvpatch ... ok
test tests::image_config_stop_signal_round_trips_and_defaults ... ok
test tests::named_bridge_specs_get_stable_distinct_ipv4_addresses ... ok
test tests::native_code_mode_is_ignored_legacy_state ... ok
test tests::page_profile_vocabulary_round_trips ... ok
test tests::run_spec_network_defaults_to_host ... ok
test tests::test_host_native_and_execution ... ok
test tests::test_image_config_default ... ok
test tests::test_image_reference_parsing_and_serialization ... ok
test tests::test_platform_from_oci_str ... ok
test tests::unnamed_container_address_is_disjoint_from_every_named_one ... ok

test result: ok. 19 passed; 0 failed; 0 ignored; 0 measured; 0 filtered out; finished in 0.14s

     Running unittests src/lib.rs (target/debug/deps/carrick_test_support-586a02c42e2273dc)

running 0 tests

test result: ok. 0 passed; 0 failed; 0 ignored; 0 measured; 0 filtered out; finished in 0.00s

     Running unittests src/lib.rs (target/debug/deps/carrick_thread-b2210f45eeecc102)

running 41 tests
test fork_quiesce::tests::exec_replacement_claim_is_exclusive_until_ended ... ok
test fork_quiesce::tests::fork_quiesce_no_lost_wakeup_concurrent_forkers ... ok
test fork_quiesce::tests::fork_quiesce_no_lost_wakeup_single_forker ... ok
test fork_quiesce::tests::quiesce_waits_for_all_others_then_releases ... ok
test fork_quiesce::tests::wait_quiesced_times_out_when_a_thread_never_parks ... ok
test fork_quiesce::topology_probe_tests::typed_topology_guard_serializes_blocking_and_try_acquisitions ... ok
test platform_futex::tests::direct_shared_futex_location_does_not_expose_waiter_counter ... ok
test platform_futex::tests::native_futex_initializes_shared_state_at_construction ... ok
test platform_futex::tests::native_shared_wait_delegates_the_whole_wait_once ... ok
test platform_futex::tests::native_shared_wait_enrolls_before_parking ... ok
test platform_futex::tests::native_shared_wait_forwards_the_interrupt_predicate ... ok
test platform_futex::tests::native_wake_and_requeue_forward_words_and_keys ... ok
test platform_futex::tests::shared_wait_publishes_after_waiter_enrollment ... ok
test thread::tests::all_other_parked_ignores_park_class ... ok
test thread::tests::all_other_vcpus_parked_tracks_unparks ... ok
test thread::tests::allocates_monotonic_tids_above_base ... ok
test thread::tests::current_futex_signal_notification_interrupts_waiter ... ok
test thread::tests::exec_rekey_rejects_nonterminal_thread_group ... ok
test thread::tests::exec_rekeys_worker_survivor_permanently_to_main_tid ... ok
test thread::tests::exit_of_parked_thread_updates_last_unparked ... ok
test thread::tests::exit_removes_thread_and_reports_last ... ok
test thread::tests::fd_backed_park_vetoes_release_safe_recheck ... ok
test thread::tests::futex_halt_poll_default_zero_preserves_waiter_registration ... ok
test thread::tests::futex_halt_poll_nonzero_delays_parking_until_window_expires ... ok
test thread::tests::futex_park_validation_does_not_reenter_locking_interrupt_predicate ... ok
test thread::tests::futex_wait_interrupted_by_pending_signal ... ok
test thread::tests::futex_wait_times_out_with_no_waker ... ok
test thread::tests::futex_wait_woken_by_wake_across_threads ... ok
test thread::tests::futex_wake_returns_actual_waiter_count ... ok
test thread::tests::futex_wake_with_no_waiters_returns_zero ... ok
test thread::tests::park_vcpu_reports_last_unparked ... ok
test thread::tests::park_vcpu_three_threads_requires_all_others_parked ... ok
test thread::tests::park_vcpu_unknown_tid_returns_false ... ok
test thread::tests::remove_all_except_keeps_exec_owner_live ... ok
test thread::tests::requeue_bounded_count_is_exact ... ok
test thread::tests::requeue_moves_waiters_from_one_addr_to_another ... ok
test thread::tests::set_vm_released_false_clears_pending_claim ... ok
test thread::tests::signal_notification_between_predicate_and_park_is_not_lost ... ok
test thread::tests::signal_wake_targets_only_matching_waiter_tid ... ok
test thread::tests::tracks_guest_visible_thread_state ... ok
test thread::tests::unpark_claims_vm_rebuild_exactly_once ... ok

test result: ok. 41 passed; 0 failed; 0 ignored; 0 measured; 0 filtered out; finished in 0.70s

     Running unittests src/lib.rs (target/debug/deps/carrick_timer_core-c8fa429a0521a081)

running 24 tests
test itimer::tests::arm_disarm_generation ... ok
test itimer::tests::arm_disarm_round_trip ... ok
test itimer::tests::arm_publishes_fresh_live_ident_disarm_resets_it ... ok
test itimer::tests::cpu_due_decision_fires_when_due ... ok
test itimer::tests::cpu_timer_classification_excludes_real_timer ... ok
test itimer::tests::cpu_timer_recheck_delay_is_bounded ... ok
test itimer::tests::cpu_timer_recheck_delay_scales_with_active_vcpus ... ok
test itimer::tests::current_arm_reconstructs_one_shot_timer ... ok
test itimer::tests::current_arm_reconstructs_periodic_timer ... ok
test itimer::tests::current_arm_replays_cpu_periodic_timer_as_one_shot ... ok
test itimer::tests::epoch_extended_idents_decode_to_their_which ... ok
test itimer::tests::ident_round_trips_for_each_which ... ok
test itimer::tests::next_ident_is_fresh_and_decodes_to_which ... ok
test itimer::tests::one_shot_arm_has_no_periodic_transition ... ok
test itimer::tests::one_shot_fire_retires_armed_slot ... ok
test itimer::tests::out_of_range_ident_is_none ... ok
test itimer::tests::periodic_fire_keeps_armed_slot ... ok
test itimer::tests::run_fallback_cpu_one_shot_fires_once_when_cpu_advances ... ok
test itimer::tests::run_fallback_cpu_retires_on_generation_bump ... ok
test itimer::tests::run_fallback_real_retires_on_generation_bump ... ok
test itimer::tests::signum_mapping ... ok
test posix::tests::clear_empties_registry ... ok
test posix::tests::create_arm_remaining_delete_roundtrip ... ok
test posix::tests::getoverrun_starts_at_zero ... ok

test result: ok. 24 passed; 0 failed; 0 ignored; 0 measured; 0 filtered out; finished in 0.00s

     Running unittests src/lib.rs (target/debug/deps/carrick_vmm_bhyve-928435b444666886)

running 0 tests

test result: ok. 0 passed; 0 failed; 0 ignored; 0 measured; 0 filtered out; finished in 0.00s

     Running unittests src/main.rs (target/debug/deps/carrick_vmm_bhyve-ecff851b2ab2dd1b)

running 0 tests

test result: ok. 0 passed; 0 failed; 0 ignored; 0 measured; 0 filtered out; finished in 0.00s

     Running unittests src/lib.rs (target/debug/deps/carrick_vmm_hvf-23f4e3ce7b0ee911)

running 132 tests
test fork_coord::tests::child_restarts_only_inherited_signal_pump ... ok
test fork_coord::tests::host_fork_preparation_stops_and_restarts_signal_pump ... ok
test fork_coord::tests::parent_can_skip_absent_signal_pump_until_child_exit_needs_it ... ok
test host_signal::tests::caller_managed_process_publication_wakes_waiters_without_nudging_pump ... ok
test host_signal::tests::caller_managed_thread_publication_keeps_target_wake_without_pump_nudge ... ok
test host_signal::tests::child_exit_watch_ignores_invalid_pid ... ok
test host_signal::tests::child_exit_watch_resolves_parent_tid_once ... ok
test host_signal::tests::darwin_brk_trap_is_classified_as_host_fault ... ok
test host_signal::tests::distinct_process_directed_signals_do_not_coalesce ... ok
test host_signal::tests::distinct_thread_directed_signals_do_not_coalesce ... ok
test host_signal::tests::drain_fd_forces_empty_pipe_nonblocking ... ok
test host_signal::tests::drain_fd_reports_dead_on_eof ... ok
test host_signal::tests::forget_thread_drops_pending ... ok
test host_signal::tests::fork_child_resets_contended_thread_waiters ... ok
test host_signal::tests::hvf_private_signal_mask_guard_restores_current_thread_mask ... ok
test host_signal::tests::missed_child_exit_watch_honors_zero_exit_signal ... ok
test host_signal::tests::missed_child_exit_watch_publishes_exit_signal_once ... ok
test host_signal::tests::process_directed_signal_is_consumed_once_under_concurrent_takers ... ok
test host_signal::tests::reinit_after_fork_clears_child_watches ... ok
test host_signal::tests::take_pending_for_falls_back_to_process_directed ... ok
test host_signal::tests::take_pending_in_for_leaves_non_matching_signals_queued ... ok
test host_signal::tests::thread_directed_takes_priority_for_its_tid ... ok
test host_signal::tests::thread_directed_wake_uses_target_private_pipe ... ok
test host_signal::tests::waitable_child_exit_check_publishes_without_reaping ... ok
test host_signal::tests::waiter_and_pump_signal_pipes_are_distinct ... ok
test host_signal::tests::waiter_pipe_drain_does_not_consume_pump_wake ... ok
test host_signal::tests::wake_all_waiters_broadcasts_to_private_pipes ... ok
test host_signal::tests::xsignal_peek_honors_temporary_block_mask ... ok
test host_signal::tests::zero_sender_does_not_clobber_last_real_sender ... ok
test hvf_aarch64_engine::reclaim_hatch_tests::hvf_vcpu_reclaim_hatch_is_default_on_and_exact_zero_off ... ok
test io_wait::tests::anchored_wait_fd_uses_original_fd_without_closing_it ... ok
test io_wait::tests::any_child_watch_excludes_a_reaped_stale_process_record ... ok
test io_wait::tests::child_status_ready_ignores_stopped_child ... ok
test io_wait::tests::child_status_ready_observes_any_exited_child ... ok
test io_wait::tests::child_status_ready_observes_ptrace_trap_stop ... ok
test io_wait::tests::child_status_ready_observes_requested_virtual_ptrace_stop ... ok
test io_wait::tests::long_finite_poll_wait_has_no_early_redispatch ... ok
test io_wait::tests::pinned_wait_fd_survives_original_close ... ok
test io_wait::tests::pinned_wait_fds_errors_on_bad_fd ... ok
test io_wait::tests::proc_state_wait_has_no_periodic_redispatch_and_wakes_on_publication ... ok
test io_wait::tests::short_finite_poll_wait_observes_deadline ... ok
test io_wait::tests::unbounded_kqueue_wait_has_no_periodic_redispatch ... ok
test io_wait::tests::unbounded_poll_wait_has_no_periodic_redispatch ... ok
test io_wait::tests::wake_pipe_at_eof_does_not_refire ... ok
test syscall_mailbox::tests::allocator_exhaustion_and_reuse_are_deterministic ... ok
test syscall_mailbox::tests::binding_rebind_changes_generation_and_skips_zero ... ok
test syscall_mailbox::tests::explicit_register_resume_prepares_only_an_outstanding_request ... ok
test syscall_mailbox::tests::fork_child_discards_vanished_sibling_ownership ... ok
test syscall_mailbox::tests::interruption_phase_model_dispatches_and_responds_once ... ok
test syscall_mailbox::tests::legacy_decode_validates_mailbox_then_invokes_register_reader ... ok
test syscall_mailbox::tests::mailbox_decode_never_invokes_legacy_register_reader ... ok
test syscall_mailbox::tests::malformed_or_partial_publications_fail_closed ... ok
test syscall_mailbox::tests::rebind_preserves_an_inflight_request_under_the_new_generation ... ok
test syscall_mailbox::tests::rebind_preserves_an_inflight_response_for_vector_continuation ... ok
test syscall_mailbox::tests::responses_publish_payload_before_ownership ... ok
test syscall_mailbox::tests::transport_parser_is_explicit_and_defaults_to_legacy ... ok
test syscall_mailbox::tests::valid_request_is_acquired_once_and_decoded_without_registers ... ok
test trap::alias_remap_limiter_tests::alias_replacement_keeps_one_replay_identity_per_ipa ... ok
test trap::alias_remap_limiter_tests::caps_repeated_faults_on_one_alias_backing ... ok
test trap::alias_remap_limiter_tests::exact_replay_marker_turns_a_sibling_race_into_success ... ok
test trap::alias_remap_limiter_tests::exhausted_alias_does_not_block_a_different_alias ... ok
test trap::alias_remap_limiter_tests::permits_many_distinct_alias_backings ... ok
test trap::frame_inventory_backend_tests::exec_keeps_a_physical_extent_owned_by_another_mm ... ok
test trap::frame_inventory_backend_tests::fork_inherits_shared_anon_frame_but_private_mapping_requests_a_copy ... ok
test trap::memory_protection_tests::cloned_protection_metadata_shares_updates_across_thread_engines ... ok
test trap::memory_protection_tests::exec_level_classifies_el0_as_guest_el1_as_kernel ... ok
test trap::memory_protection_tests::protection_ranges_are_sorted_coalesced_and_split_on_clear ... ok
test trap::raw_hvf_stage2_calls_are_inventory_gated ... ok
test trap::tag_strip_tests::alias_registry_partial_unmap_preserves_exact_live_fragments ... ok
test trap::tag_strip_tests::alias_registry_prefix_unmap_preserves_exact_suffix ... ok
test trap::tag_strip_tests::alias_registry_suffix_unmap_preserves_exact_prefix ... ok
test trap::tag_strip_tests::exec_bank_layout_key_tracks_bank_shape_and_source_tables_not_payload ... ok
test trap::tag_strip_tests::fork_footprint_classifies_guest_mapping_roles ... ok
test trap::tag_strip_tests::fork_shared_anonymous_alias_stays_process_scoped ... ok
test trap::tag_strip_tests::fork_shared_anonymous_alias_survives_a_second_fork_without_global_scope ... ok
test trap::tag_strip_tests::fork_source_uses_live_alias_inventory_not_retired_mapping_owners ... ok
test trap::tag_strip_tests::guest_mapping_plan_keeps_full_stack_extent_but_only_initialized_tail_payload ... ok
test trap::tag_strip_tests::guest_mapping_plan_payload_sharing_hatch_restores_deep_copy ... ok
test trap::tag_strip_tests::guest_mapping_plan_shares_address_space_payload ... ok
test trap::tag_strip_tests::private_alias_scope_separates_root_and_process_banks ... ok
test trap::tag_strip_tests::private_dynamic_aliases_are_allocated_inside_the_process_bank ... ok
test trap::tag_strip_tests::private_exec_file_artifact_reuses_bytes_but_each_mapping_is_cow ... ok
test trap::tag_strip_tests::process_fork_includes_sibling_owned_private_aliases ... ok
test trap::tag_strip_tests::strips_top_16_bits ... ok
test trap::thread_sibling_tests::decodes_el0_counter_register_traps ... ok
test trap::thread_sibling_tests::fake_stage1_checked_write_rejects_readonly_tail_without_partial_write ... ok
test trap::thread_sibling_tests::fake_stage1_copy_writes_tail_to_live_owner_backing ... ok
test trap::thread_sibling_tests::guest_copy_chunks_reselect_stage1_owner_across_alias_boundary ... ok
test trap::thread_sibling_tests::high_va_mapping_lookup_prefers_stage1_ipa_owner_over_newer_va_overlap ... ok
test trap::thread_sibling_tests::mapping_lookup_falls_back_to_newest_overlap_without_stage1_ipa ... ok
test trap::thread_sibling_tests::raw_ipa_lookup_selects_rebased_process_bank_backing ... ok
test trap::thread_sibling_tests::thread_mapping_descriptor_preserves_shared_mapping_metadata ... ok
test trap::thread_sibling_tests::zero_copy_declines_cross_fragment_stage1_range ... ok
test trap::vm_create_admission_tests::acquire_cannot_leave_an_unowned_count ... ok
test trap::vm_create_admission_tests::atomic_permit_enabled_from_env_defaults_to_atomic ... ok
test trap::vm_create_admission_tests::concurrent_acquire_never_over_admits_past_budget ... ok
test trap::vm_create_admission_tests::cooperative_release_after_fork_reset_spares_parent_slots ... ok
test trap::vm_create_admission_tests::cooperative_release_atomic_permit_is_noop_on_flock_path ... ok
test trap::vm_create_admission_tests::cooperative_release_frees_owned_slots_and_is_idempotent ... ok
test trap::vm_create_admission_tests::cooperative_release_is_idempotent_with_vcpu_destroyed ... ok
test trap::vm_create_admission_tests::cooperative_release_no_ops_after_supervisor_reclaim ... ok
test trap::vm_create_admission_tests::dual_reclaim_source_merges_and_reclaims_both_tables ... ok
test trap::vm_create_admission_tests::execve_rebuild_extra_release_would_be_a_harmless_but_pointless_noop ... ok
test trap::vm_create_admission_tests::execve_rebuild_releases_pre_exec_permit_and_acquires_nothing_new ... ok
test trap::vm_create_admission_tests::fork_child_reset_clears_local_only ... ok
test trap::vm_create_admission_tests::fork_vm_probe_bounds_out_when_residency_is_pinned_and_admits_after_release ... ok
test trap::vm_create_admission_tests::global_permit_budget_depends_on_admission_kind ... ok
test trap::vm_create_admission_tests::global_permit_retries_back_off_to_cap ... ok
test trap::vm_create_admission_tests::mn_budget_uses_physical_cores_but_never_exceeds_hvf_cap ... ok
test trap::vm_create_admission_tests::no_resources_backpressure_bounds_out_when_host_is_full ... ok
test trap::vm_create_admission_tests::no_resources_backpressure_never_parks_on_other_errors ... ok
test trap::vm_create_admission_tests::no_resources_backpressure_recovers_after_transient ... ok
test trap::vm_create_admission_tests::permit_table_is_the_arena_permit_section ... ok
test trap::vm_create_admission_tests::region_address_is_inherited_across_fork ... ok
test trap::vm_create_admission_tests::release_is_generation_checked ... ok
test trap::vm_create_admission_tests::resource_growing_vm_creation_uses_global_permit ... ok
test trap::vm_create_admission_tests::vcpu_destroyed_of_unregistered_vcpu_does_not_release_a_permit ... ok
test trap::vm_create_admission_tests::vm_residency_record_release_roundtrip_on_test_region ... ok
test trap::vm_create_admission_tests::vm_residency_region_is_the_arena_vm_slots_section ... ok
test trap::volatile_copy_tests::from_guest_matches_reference ... ok
test trap::volatile_copy_tests::to_guest_matches_reference ... ok
test vcpu_kick::tests::register_unregister_is_consistent ... ok
test vcpu_kick::tests::signal_pump_handle_stops_without_live_vcpus ... ok
test vcpu_kick::tests::signal_pump_stop_is_bounded_when_wake_is_lost ... ok
test vcpu_kick::tests::wake_pump_does_not_repeat_unchanged_process_pending_on_spurious_edge ... ok
test vcpu_kick::tests::wake_pump_parks_when_thread_pending_remains_undeliverable ... ok
test vcpu_kick::tests::wake_pump_reconciles_pending_when_start_replaces_old_pipe ... ok
test vcpu_kick::tests::wake_pump_reconciles_process_pending_published_before_start ... ok
test vcpu_kick::tests::wake_pump_reconciles_xsignal_published_before_start ... ok
test vcpu_permit_reaper::tests::note_exit_on_reused_pid_does_not_free_live_generation ... ok
test vcpu_permit_reaper::tests::note_exit_reclaims_owner_slot ... ok
test vcpu_permit_reaper::tests::register_after_exit_reclaims_via_readiness_check ... ok

test result: ok. 132 passed; 0 failed; 0 ignored; 0 measured; 0 filtered out; finished in 3.76s

     Running unittests src/bin/hvf_bl_exit_free_probe.rs (target/debug/deps/hvf_bl_exit_free_probe-4eb982d464a83719)

running 7 tests
test hvpatch_probe_support::tests::bl_probe_calls_the_island_exactly_before_each_countdown_step ... ok
test hvpatch_probe_support::tests::branch_encoders_preserve_forward_and_backward_targets ... ok
test hvpatch_probe_support::tests::compute_arm_is_a_dependent_fibonacci_loop_with_one_completion_svc ... ok
test hvpatch_probe_support::tests::data_processing_encoders_name_the_intended_registers ... ok
test hvpatch_probe_support::tests::info_load_and_tpidr_arms_share_the_same_counted_completion_shape ... ok
test hvpatch_probe_support::tests::underlying_esr_classification_distinguishes_completion_from_sysreg_traps ... ok
test hvpatch_probe_support::tests::word_page_is_little_endian_and_hvf_granule_sized ... ok

test result: ok. 7 passed; 0 failed; 0 ignored; 0 measured; 0 filtered out; finished in 0.00s

     Running unittests src/bin/hvf_compute_baseline_probe.rs (target/debug/deps/hvf_compute_baseline_probe-dd44b0d4ea377124)

running 7 tests
test hvpatch_probe_support::tests::bl_probe_calls_the_island_exactly_before_each_countdown_step ... ok
test hvpatch_probe_support::tests::branch_encoders_preserve_forward_and_backward_targets ... ok
test hvpatch_probe_support::tests::compute_arm_is_a_dependent_fibonacci_loop_with_one_completion_svc ... ok
test hvpatch_probe_support::tests::data_processing_encoders_name_the_intended_registers ... ok
test hvpatch_probe_support::tests::info_load_and_tpidr_arms_share_the_same_counted_completion_shape ... ok
test hvpatch_probe_support::tests::underlying_esr_classification_distinguishes_completion_from_sysreg_traps ... ok
test hvpatch_probe_support::tests::word_page_is_little_endian_and_hvf_granule_sized ... ok

test result: ok. 7 passed; 0 failed; 0 ignored; 0 measured; 0 filtered out; finished in 0.00s

     Running unittests src/bin/hvf_fork_probe.rs (target/debug/deps/hvf_fork_probe-77663de1ccaf48d0)

running 0 tests

test result: ok. 0 passed; 0 failed; 0 ignored; 0 measured; 0 filtered out; finished in 0.00s

     Running unittests src/bin/hvf_info_load_probe.rs (target/debug/deps/hvf_info_load_probe-8d71c1a8b63f4254)

running 7 tests
test hvpatch_probe_support::tests::bl_probe_calls_the_island_exactly_before_each_countdown_step ... ok
test hvpatch_probe_support::tests::branch_encoders_preserve_forward_and_backward_targets ... ok
test hvpatch_probe_support::tests::compute_arm_is_a_dependent_fibonacci_loop_with_one_completion_svc ... ok
test hvpatch_probe_support::tests::data_processing_encoders_name_the_intended_registers ... ok
test hvpatch_probe_support::tests::info_load_and_tpidr_arms_share_the_same_counted_completion_shape ... ok
test hvpatch_probe_support::tests::underlying_esr_classification_distinguishes_completion_from_sysreg_traps ... ok
test hvpatch_probe_support::tests::word_page_is_little_endian_and_hvf_granule_sized ... ok

test result: ok. 7 passed; 0 failed; 0 ignored; 0 measured; 0 filtered out; finished in 0.00s

     Running unittests src/bin/hvf_kernel_memory_probe.rs (target/debug/deps/hvf_kernel_memory_probe-b9adec984ea0df2e)

running 5 tests
test tests::asid_lives_in_ttbr_high_half ... ok
test tests::fork_root_shares_lower_tables_until_child_path_copy ... ok
test tests::read_and_write_routines_name_the_expected_registers ... ok
test tests::scoped_tlbi_sequence_is_exact ... ok
test tests::user_leaf_is_non_global_and_cow_source_is_read_only ... ok

test result: ok. 5 passed; 0 failed; 0 ignored; 0 measured; 0 filtered out; finished in 0.00s

     Running unittests src/bin/hvf_svc_tax_probe.rs (target/debug/deps/hvf_svc_tax_probe-b6669e1e24529e12)

running 0 tests

test result: ok. 0 passed; 0 failed; 0 ignored; 0 measured; 0 filtered out; finished in 0.00s

     Running unittests src/lib.rs (target/debug/deps/carrick_vmm_kvm-c8fe33c56a6a7a69)

running 0 tests

test result: ok. 0 passed; 0 failed; 0 ignored; 0 measured; 0 filtered out; finished in 0.00s

     Running unittests src/main.rs (target/debug/deps/carrick_vmm_kvm-07ea82129209eaad)

running 0 tests

test result: ok. 0 passed; 0 failed; 0 ignored; 0 measured; 0 filtered out; finished in 0.00s

     Running unittests src/lib.rs (target/debug/deps/carrick_vmm_nvmm-2a8fa83b39f447df)

running 0 tests

test result: ok. 0 passed; 0 failed; 0 ignored; 0 measured; 0 filtered out; finished in 0.00s

     Running unittests src/main.rs (target/debug/deps/carrick_vmm_nvmm-60e70559a3cdc55e)

running 0 tests

test result: ok. 0 passed; 0 failed; 0 ignored; 0 measured; 0 filtered out; finished in 0.00s

     Running unittests src/lib.rs (target/debug/deps/carrick_x86-dc1cbfd75ab296f3)

running 37 tests
test bringup::tests::fp_stub_bytes_encode_fxsave_and_fxrstor ... ok
test bringup::tests::msr_init_blob_clear_rax_emits_xor_before_iretq ... ok
test bringup::tests::msr_init_blob_is_nonempty_and_ends_with_iretq ... ok
test bringup::tests::msr_init_blob_masks_mxcsr_and_enables_avx_xcr0 ... ok
test bringup::tests::msr_init_blob_restores_entry_rdx_rcx_before_iretq ... ok
test bringup_fns::tests::build_pml4_applies_image_ro_spans_to_leaves ... ok
test bringup_fns::tests::build_pml4_translates_full_runtime_mmap_arena ... ok
test bringup_fns::tests::plan_windows_covers_full_runtime_mmap_arena ... ok
test bringup_fns::tests::plan_windows_preserves_shared_aperture_backing ... ok
test bringup_fns::tests::program_longmode_entry_zeroes_entry_gprs ... ok
test bringup_fns::tests::seed_entry_fork_child_inherits_stack_and_tls ... ok
test bringup_fns::tests::seed_entry_sibling_applies_thread_deltas ... ok
test bringup_fns::tests::seg_ar_packs_user_cs ... ok
test engine::tests::complete_sysret_batches_rax_rip_into_one_set_gprs ... ok
test engine::tests::complete_sysret_batches_rcx_r11_into_one_get_gprs ... ok
test engine::tests::current_pc_does_not_rewrite_plain_user_rip_at_trampoline_address ... ok
test engine::tests::current_pc_reports_user_rcx_after_kvm_trampoline_base_resume ... ok
test engine::tests::current_pc_reports_user_rcx_while_parked_at_sysret ... ok
test engine::tests::interrupted_rflags_reports_user_r11_while_parked_at_sysret ... ok
test engine::tests::kick_at_doorbell_out_is_swallowed_and_syscall_traps ... ok
test engine::tests::kick_at_fault_stub_pc_is_swallowed ... ok
test engine::tests::kick_at_split_layout_doorbell_out_is_swallowed ... ok
test engine::tests::kick_at_sysret_with_fresh_stash_keeps_it ... ok
test engine::tests::kick_at_sysret_with_no_stash_synthesizes_user_context ... ok
test engine::tests::kick_at_user_pc_is_reported ... ok
test engine::tests::private_repoint_cr3_flush_failure_is_indeterminate ... ok
test engine::tests::syscall_copies_cross_shared_private_shared_fragments_page_by_page ... ok
test engine::tests::x86_non_page_fault_vectors_match_linux_oracle ... ok
test engine::tests::x86_page_fault_present_bit_selects_accerr ... ok
test engine::tests::x86_set_no_access_records_and_default_gate_efaults ... ok
test fault::tests::fault_record_decodes_qword_pairs ... ok
test fault::tests::fault_stub_streams_fixed_record_words ... ok
test fault::tests::fault_tables_fit_in_kernel_window_headroom ... ok
test fault::tests::memory_record_decodes_packed_bytes ... ok
test fault::tests::memory_record_fault_stub_writes_record_and_rings_once ... ok
test vdso::tests::offsets_recover_host_time_from_guest_tsc ... ok
test vdso::tests::offsets_scale_with_frequency ... ok

test result: ok. 37 passed; 0 failed; 0 ignored; 0 measured; 0 filtered out; finished in 0.01s

   Compiling carrick-cli v0.1.0 (/Volumes/CaseSensitive/carrick/.worktrees/codex-hybrid-kernel/crates/carrick-cli)
    Finished `test` profile [unoptimized + debuginfo] target(s) in 6.39s
     Running unittests src/main.rs (target/debug/deps/carrick-98b3598b062515c8)

running 353 tests
test amplification_profile::tests::a_quiet_host_receipt_round_trips_through_the_header ... ok
test amplification_profile::tests::bundled_amplification_program_matches_the_capture_side_copy ... ok
test amplification_profile::tests::guest_slot_decodes_carrick_only_and_canonical_numbers ... ok
test amplification_profile::tests::program_digest_is_the_digest_of_the_bundled_template ... ok
test amplification_profile::tests::the_capture_paths_own_header_is_accepted_by_this_reader ... ok
test amplification_profile::tests::the_consumer_drop_record_is_required_and_must_be_zero ... ok
test amplification_profile::tests::the_header_must_name_a_digest_pinned_image_and_an_argv_digest ... ok
test args::tests::alloc_owner_census_accepts_explicit_join_authority ... ok
test args::tests::amplification_compare_requires_both_ledgers_but_not_output ... ok
test args::tests::authenticated_vm_ledger_requires_external_provenance ... ok
test args::tests::build_output_conflicts_with_push ... ok
test args::tests::hvpatch_k1_lifecycle_profile_is_cli_selectable ... ok
test args::tests::jit_shape_census_accepts_output_and_rejects_removed_ratio ... ok
test args::tests::jit_shape_census_requires_capture_and_snapshots_but_not_output ... ok
test args::tests::jit_shape_compare_requires_both_censuses_but_not_output ... ok
test args::tests::lldb_snapshot_accepts_an_existing_scoped_run ... ok
test args::tests::native_shape_profile_parses_with_all_dedicated_outputs ... ok
test args::tests::network_inspect_accepts_multiple_names_like_docker ... ok
test args::tests::preflight_quiet_host_is_a_profile_scoped_trace_flag ... ok
test args::tests::volume_inspect_accepts_multiple_names_like_docker ... ok
test commands::tests::kaniko_argv_cache_no_repo ... ok
test commands::tests::kaniko_argv_cache_with_repo ... ok
test commands::tests::kaniko_argv_default_no_cache_flags ... ok
test commands::tests::kaniko_argv_never_uses_new_run ... ok
test commands::tests::kaniko_argv_no_cache_wins_over_cache ... ok
test commands::tests::kaniko_argv_no_push_maps_flags ... ok
test commands::tests::kaniko_argv_push_omits_out_mount_and_no_push ... ok
test commands::tests::live_kernel_symbols_only_use_the_native_wall_callback ... ok
test commands::tests::network_connect_ipam_config_preserves_ipv4_and_ipv6 ... ok
test commands::tests::network_ipam_config_preserves_docker_cli_metadata ... ok
test commands::tests::parse_network_mode_accepts_container_target_name ... ok
test commands::tests::parse_network_mode_accepts_custom_bridge_name ... ok
test commands::tests::preserve_build_archive_keeps_exact_bytes_and_rejects_overwrite ... ok
test debug::tests::deadline_capture_keeps_enough_event_history_for_cross_thread_waits ... ok
test debug::tests::decodes_tier_b_data_abort_syndrome ... ok
test debug::tests::lldb_core_capture_keeps_modified_guest_and_runtime_memory ... ok
test debug_alloc_owner::tests::debug_alloc_owner_enforces_every_final_disposition ... ok
test debug_alloc_owner::tests::debug_alloc_owner_fallback_closes_coverage_without_carrying_opportunity ... ok
test debug_alloc_owner::tests::debug_alloc_owner_q_above_one_is_a_valid_stop ... ok
test debug_alloc_owner::tests::debug_alloc_owner_rejects_expected_count_mismatches ... ok
test debug_alloc_owner::tests::debug_alloc_owner_rejects_fragment_gap_and_duplicate_identity ... ok
test debug_alloc_owner::tests::debug_alloc_owner_rejects_malformed_and_temporary_files ... ok
test debug_alloc_owner::tests::debug_alloc_owner_rejects_missing_and_extra_epochs ... ok
test debug_alloc_owner::tests::debug_alloc_owner_rejects_other_at_threshold_and_invalid_shares ... ok
test debug_alloc_owner::tests::debug_alloc_owner_renders_exact_stable_portfolio ... ok
test debug_amplification::tests::a_ledger_from_an_older_program_still_parses ... ok
test debug_amplification::tests::amplification_comparison_differences_two_ledgers_in_exact_integers ... ok
test debug_amplification::tests::amplification_comparison_is_canonical_and_self_validating ... ok
test debug_amplification::tests::amplification_comparison_of_identical_ledgers_is_exactly_zero ... ok
test debug_amplification::tests::amplification_comparison_publishes_without_clobbering ... ok
test debug_amplification::tests::amplification_comparison_refuses_a_strict_superset_rather_than_intersecting ... ok
test debug_amplification::tests::amplification_comparison_refuses_every_determinant_crossing ... ok
test debug_amplification::tests::amplification_ledger_publishes_without_clobbering ... ok
test debug_amplification::tests::amplification_ledger_refuses_a_declared_join_that_never_armed ... ok
test debug_amplification::tests::amplification_ledger_refuses_a_dropped_capture_and_a_missing_drop_section ... ok
test debug_amplification::tests::amplification_ledger_refuses_a_guest_op_the_canonical_table_does_not_define ... ok
test debug_amplification::tests::amplification_ledger_refuses_a_per_op_sum_that_misses_the_independent_total ... ok
test debug_amplification::tests::amplification_ledger_refuses_a_truncated_maximum_roster ... ok
test debug_amplification::tests::amplification_ledger_refuses_an_unauthenticated_program ... ok
test debug_amplification::tests::amplification_ledger_refuses_host_work_attributed_to_an_op_with_no_service_window ... ok
test debug_amplification::tests::amplification_ledger_reports_the_expected_service_window_control_flow ... ok
test debug_amplification::tests::amplification_ledger_resolves_every_guest_op_through_the_canonical_table ... ok
test debug_amplification::tests::amplification_ledger_round_trips_byte_identically ... ok
test debug_amplification::tests::amplification_ledger_subtracts_the_instruments_own_calls_from_the_primary_ratios ... ok
test debug_census::tests::a_file_whose_records_disagree_with_its_header_total_is_flagged ... ok
test debug_census::tests::a_file_with_no_seq_zero_start_reads_as_loss_in_both_directions ... ok
test debug_census::tests::a_process_that_only_loaded_units_is_still_counted ... ok
test debug_census::tests::a_re_exec_successor_that_never_flushed_is_reported_not_swallowed ... ok
test debug_census::tests::a_record_naming_a_segment_its_file_does_not_define_is_flagged ... ok
test debug_census::tests::a_run_that_never_consulted_the_store_is_not_a_run_that_missed ... ok
test debug_census::tests::a_segment_whose_key_could_not_be_serialized_is_not_counted_as_a_key ... ok
test debug_census::tests::a_sequence_gap_within_one_pid_is_flagged ... ok
test debug_census::tests::an_empty_directory_is_an_error_not_a_report_of_zeros ... ok
test debug_census::tests::an_incarnation_that_died_after_an_in_process_exec_shows_as_a_balance_deficit ... ok
test debug_census::tests::coverage_reports_the_lookup_ceiling_and_the_contained_share_separately ... ok
test debug_census::tests::distinct_scoping_separates_two_images_that_alias_the_same_pie_vas ... ok
test debug_census::tests::flush_lineage_balances_when_every_incarnation_was_seen_out ... ok
test debug_census::tests::per_key_truncation_reports_what_it_omitted ... ok
test debug_census::tests::publication_memory_is_summed_without_mixing_retained_and_transient_bytes ... ok
test debug_census::tests::redundancy_is_bracketed_by_the_two_distinctness_scopes ... ok
test debug_census::tests::scan_dir_round_trips_what_the_runtime_renders_and_fails_closed_on_junk ... ok
test debug_census::tests::store_outcomes_separate_no_authority_from_a_file_miss ... ok
test debug_census::tests::supplying_an_external_denominator_reports_process_coverage ... ok
test debug_census::tests::the_report_serializes_under_its_schema_tag ... ok
test debug_census::tests::unit_keys_count_configured_and_translated_into_separately ... ok
test debug_core::tests::rejects_a_file_too_short_for_a_header ... ok
test debug_core::tests::rejects_a_non_elf_file ... ok
test debug_exec_stamps::tests::complete_fixture_reconciles_cpu_and_relationships ... ok
test debug_exec_stamps::tests::duplicate_terminal_lifecycle_stamp_fails_closed ... ok
test debug_exec_stamps::tests::missing_exec_phase_fails_closed ... ok
test debug_exec_stamps::tests::reaped_child_without_exported_exit_lifecycle_fails_closed ... ok
test debug_exec_stamps::tests::v1_and_truncated_exports_fail_closed ... ok
test debug_jit_shape::tests::jit_shape_checked_arithmetic_rejects_overflow ... ok
test debug_jit_shape::tests::jit_shape_classifier_freezes_exact_masks_evidence_and_precedence ... ok
test debug_jit_shape::tests::jit_shape_classifier_freezes_guest_descriptive_families ... ok
test debug_jit_shape::tests::jit_shape_classifier_freezes_python_migration_population ... ok
test debug_jit_shape::tests::jit_shape_compare_crossing_gate_uses_exact_boundaries_and_fails_on_overflow ... ok
test debug_jit_shape::tests::jit_shape_compare_full_outer_joins_family_word_and_compound_context_keys ... ok
test debug_jit_shape::tests::jit_shape_compare_preserves_distinct_per_run_qualification_receipts ... ok
test debug_jit_shape::tests::jit_shape_compare_publication_is_no_clobber_and_race_safe ... ok
test debug_jit_shape::tests::jit_shape_compare_rejects_every_capture_and_census_determinant_drift ... ok
test debug_jit_shape::tests::jit_shape_compare_rejects_invalid_per_run_qualification_receipts ... ok
test debug_jit_shape::tests::jit_shape_compare_requires_independent_strict_v3_inputs ... ok
test debug_jit_shape::tests::jit_shape_compare_runner_binds_stable_executor_identity_before_publication ... ok
test debug_jit_shape::tests::jit_shape_compare_sorts_crossings_by_exact_minimum_then_key_and_is_symmetric ... ok
test debug_jit_shape::tests::jit_shape_compare_v1_is_canonical_strict_and_self_validating ... ok
test debug_jit_shape::tests::jit_shape_comparison_v1_refuses_every_hand_edit ... ok
test debug_jit_shape::tests::jit_shape_context_decoder_covers_64_32_and_pair_rows ... ok
test debug_jit_shape::tests::jit_shape_guest_register_extraction_matches_frozen_rules ... ok
test debug_jit_shape::tests::jit_shape_inserted_floor_excludes_guest_identical_exact_encodings ... ok
test debug_jit_shape::tests::jit_shape_recomputes_counts_and_repeats_every_pc_resolution ... ok
test debug_jit_shape::tests::jit_shape_rejects_dirty_or_drifting_census_source_and_binary_identity ... ok
test debug_jit_shape::tests::jit_shape_rejects_non_aarch64_census_identity ... ok
test debug_jit_shape::tests::jit_shape_rejects_raw_and_capture_authority_substitution ... ok
test debug_jit_shape::tests::jit_shape_rejects_receipt_schema_outcome_and_noncanonical_substitution ... ok
test debug_jit_shape::tests::jit_shape_rejects_snapshot_payload_metadata_and_manifest_substitution ... ok
test debug_jit_shape::tests::jit_shape_runner_captures_identity_before_and_after_analysis ... ok
test debug_jit_shape::tests::jit_shape_v3_publication_is_one_deterministic_line_and_never_clobbers ... ok
test debug_jit_shape::tests::jit_shape_v3_rejects_prior_census_and_classifier_schemas ... ok
test debug_jit_shape::tests::jit_shape_v3_report_has_complete_integer_populations_and_ordered_rows ... ok
test debug_jit_shape::tests::jit_shape_v3_strict_reader_requires_canonical_current_report ... ok
test debug_jit_shape::tests::jit_shape_v3_validator_rejects_population_row_and_share_mutations ... ok
test debug_layout::tests::native_x86_layout_uses_the_versioned_gateway_contract ... ok
test hvpatch_k1_profile::tests::accepts_exact_k1_lifecycle ... ok
test hvpatch_k1_profile::tests::profile_selection_embeds_the_strict_k1_program ... ok
test hvpatch_k1_profile::tests::rejects_birth_terminal_and_count_corruption ... ok
test hvpatch_k1_profile::tests::rejects_unknown_fields_and_versions ... ok
test hvpatch_k1_profile::tests::rejects_vm_timeout_error_drop_and_interruption_evidence ... ok
test jit_shape_snapshot::tests::manifest_is_sorted_and_domain_separated ... ok
test jit_shape_snapshot::tests::resolve_rejects_ambiguous_own_and_ancestor_ranges ... ok
test jit_shape_snapshot::tests::resolve_rejects_missing_ranges_ambiguity_cycles_and_truncated_words ... ok
test jit_shape_snapshot::tests::resolve_requires_own_snapshot_before_ancestor_fallback ... ok
test jit_shape_snapshot::tests::resolve_returns_exact_own_word_and_unique_ancestor_word ... ok
test jit_shape_snapshot::tests::snapshot_directory_rejects_directories_nested_directories_and_incomplete_pairs ... ok
test jit_shape_snapshot::tests::snapshot_directory_rejects_unknown_entries_and_symlinks ... ok
test jit_shape_snapshot::tests::snapshot_loader_accepts_nonoverlapping_duplicate_pid_ranges_and_rejects_overlaps ... ok
test jit_shape_snapshot::tests::snapshot_loader_counts_pairs_pids_blocks_and_bytes ... ok
test jit_shape_snapshot::tests::snapshot_loader_rejects_bad_v4_metadata_and_payloads ... ok
test jit_shape_snapshot::tests::snapshot_loader_rejects_invalid_address_and_block_ranges ... ok
test jit_shape_snapshot::tests::snapshot_loader_rejects_overflowing_block_endpoint_before_range_check ... ok
test lifecycle::tests::bridge_network_attachments_pin_implicit_ips_to_source_container_name ... ok
test lifecycle::tests::create_and_relaunch_preserve_explicit_vmm_backend ... ok
test lifecycle::tests::parse_signal_pins_host_numbers_and_new_aliases ... ok
test lifecycle::tests::ps_row_json_renders_bridge_published_ports ... ok
test lifecycle::tests::rebuild_request_for_shared_network_uses_targets_current_mode ... ok
test lifecycle::tests::rebuild_request_preserves_all_bridge_network_attachments ... ok
test lifecycle::tests::rebuild_request_preserves_custom_bridge_network_identity ... ok
test lifecycle::tests::rebuild_request_reproduces_run_inputs_split_not_merged ... ok
test lifecycle::tests::rebuild_request_scopes_aliases_to_selected_custom_bridge_network ... ok
test lifecycle::tests::render_format_field_access ... ok
test lifecycle::tests::render_format_json_dot_dumps_object ... ok
test lifecycle::tests::render_format_missing_field_is_no_value ... ok
test lifecycle::tests::reset_for_relaunch_clears_volatile_state ... ok
test lifecycle::tests::resolve_stop_signal_precedence_flag_over_image_over_none ... ok
test lifecycle::tests::select_tail_more_than_available_returns_all ... ok
test lifecycle::tests::select_tail_none_returns_all ... ok
test lifecycle::tests::select_tail_returns_last_line_without_trailing_newline ... ok
test lifecycle::tests::select_tail_returns_last_n_lines_with_trailing_newline ... ok
test lifecycle::tests::select_tail_zero_is_empty ... ok
test lifecycle::tests::start_preflight_rejects_occupied_tcp_published_port ... ok
test lifecycle::tests::start_preflight_rejects_occupied_udp_published_port ... ok
test lifecycle::tests::stop_grace_uses_flag_then_config_then_default ... ok
test native_fault_profile::tests::accepts_parent_catalog_target_image_zero_fork_inheritance_and_host_other ... ok
test native_fault_profile::tests::binds_prebirth_totals_and_pages_through_the_unique_fork_id ... ok
test native_fault_profile::tests::closes_a_terminal_memory_operation_without_mutating_mapping_state ... ok
test native_fault_profile::tests::joins_active_fault_to_the_exact_memory_operation_window ... ok
test native_fault_profile::tests::partitions_active_mmap_faults_by_bias_locus_and_shape ... ok
test native_fault_profile::tests::rejects_duplicate_header_and_completion ... ok
test native_fault_profile::tests::rejects_fork_cycle_and_duplicate_parent ... ok
test native_fault_profile::tests::rejects_incomplete_overlapping_and_missing_catalogs ... ok
test native_fault_profile::tests::rejects_invalid_page_zero_total_and_sample_above_total ... ok
test native_fault_profile::tests::rejects_missing_birth_and_identity_drift ... ok
test native_fault_profile::tests::rejects_nonzero_violation_drop_and_pending_fork_counts ... ok
test native_fault_profile::tests::rejects_page_partially_intersecting_an_owned_range ... ok
test native_fault_profile::tests::rejects_unknown_fields_and_authority_mismatch ... ok
test native_fault_profile::tests::rejects_unreconciled_memory_intent_export ... ok
test native_fault_profile::tests::reparses_an_archived_raw_and_refuses_a_foreign_program_digest ... ok
test native_fault_profile::tests::writes_one_provenance_rich_jsonl_record_atomically ... ok
test native_perf_epochs::tests::native_perf_epochs_extracts_exact_authority ... ok
test native_perf_epochs::tests::native_perf_epochs_rejects_duplicate_core ... ok
test native_perf_epochs::tests::native_perf_epochs_rejects_duplicate_main_thread_process_epoch ... ok
test native_perf_epochs::tests::native_perf_epochs_rejects_gateway_reconciliation_mismatch ... ok
test native_perf_epochs::tests::native_perf_epochs_rejects_incomplete_or_overflowed_core ... ok
test native_perf_epochs::tests::native_perf_epochs_rejects_invalid_frames ... ok
test native_perf_epochs::tests::native_perf_epochs_rejects_missing_resolver_process ... ok
test native_perf_epochs::tests::native_perf_epochs_rejects_non_contiguous_process_epochs ... ok
test native_perf_epochs::tests::native_perf_epochs_rejects_unknown_numeric_values_and_checked_sum_overflow ... ok
test native_perf_epochs::tests::native_perf_epochs_requires_exactly_one_supervisor ... ok
test native_profile_qualification::tests::accepts_exact_birth_and_terminal_receipts ... ok
test native_profile_qualification::tests::automatic_suite_runs_exact_quiet_fixtures_and_retains_raw_evidence ... ok
test native_profile_qualification::tests::automatic_suite_stops_at_the_first_lossy_consumer_report ... ok
test native_profile_qualification::tests::native_fault_render_has_one_authenticated_header_and_terminal_map ... ok
test native_profile_qualification::tests::native_shape_render_binds_strict_capture_authority ... ok
test native_profile_qualification::tests::rejects_corrupted_qualification_receipts ... ok
test native_profile_qualification::tests::rendered_profile_binds_receipts_without_self_referential_program_hash ... ok
test native_shape_profile::tests::authority_hashes_use_canonical_json_and_length_delimited_argv ... ok
test native_shape_profile::tests::authority_rejects_noncanonical_or_substituted_determinants ... ok
test native_shape_profile::tests::authority_rejects_self_consistent_target_and_arch_substitutions ... ok
test native_shape_profile::tests::native_shape_capture_accepts_only_complete_resolved_evidence ... ok
test native_shape_profile::tests::native_shape_capture_accumulates_safe_errors_in_authoritative_order ... ok
test native_shape_profile::tests::native_shape_capture_command_normal_invalid_evidence_publishes_rejection ... ok
test native_shape_profile::tests::native_shape_capture_command_postlaunch_failure_publishes_rejection ... ok
test native_shape_profile::tests::native_shape_capture_command_preflight_failure_does_not_run_or_publish ... ok
test native_shape_profile::tests::native_shape_capture_command_prelaunch_failure_publishes_no_receipt ... ok
test native_shape_profile::tests::native_shape_capture_command_publish_race_never_clobbers_winner ... ok
test native_shape_profile::tests::native_shape_capture_command_valid_evidence_publishes_acceptance ... ok
test native_shape_profile::tests::native_shape_capture_each_dtrace_loss_and_interruption_rejects_independently ... ok
test native_shape_profile::tests::native_shape_capture_observed_boundary_skips_only_prelaunch_receipts ... ok
test native_shape_profile::tests::native_shape_capture_output_preflight_creates_no_receipt ... ok
test native_shape_profile::tests::native_shape_capture_rejects_structurally_impossible_accepted_receipts ... ok
test native_shape_profile::tests::native_shape_capture_rejects_unresolved_pc_and_symlink_snapshot_root ... ok
test native_shape_profile::tests::native_shape_capture_serialization_is_one_deterministic_json_line ... ok
test native_shape_profile::tests::native_shape_capture_write_never_clobbers_preexisting_accepted_receipt ... ok
test native_shape_profile::tests::native_shape_identity_is_strict_and_exactly_comparable ... ok
test native_shape_profile::tests::native_shape_paths_require_dedicated_outputs_and_do_not_alias ... ok
test native_shape_profile::tests::native_shape_raw_builder_rejects_zero_target_pid_even_when_tree_reconciles ... ok
test native_shape_profile::tests::native_shape_rejects_non_run_vmm_unpinned_and_empty_targets ... ok
test native_shape_profile::tests::native_shape_requires_command_line_native_and_digest_image ... ok
test native_shape_profile::tests::native_shape_requires_darwin_aarch64_host ... ok
test native_shape_profile::tests::native_shape_run_id_is_nonempty_and_stable ... ok
test native_shape_profile::tests::native_shape_snapshot_claim_rejects_opened_or_final_inode_substitution ... ok
test native_shape_profile::tests::native_shape_snapshot_claim_requires_a_fresh_real_directory ... ok
test native_shape_profile::tests::native_shape_snapshot_option_is_exclusive_to_native_shape ... ok
test native_shape_profile::tests::nshape2_reconciles_one_cpu_population ... ok
test native_shape_profile::tests::nshape2_rejects_disconnected_or_unadmitted_process_evidence ... ok
test native_shape_profile::tests::nshape2_rejects_every_population_addition_overflow ... ok
test native_shape_profile::tests::nshape2_rejects_invalid_fork_graphs ... ok
test native_shape_profile::tests::nshape2_rejects_non_authoritative_completion ... ok
test native_shape_profile::tests::nshape2_rejects_shape1_and_authority_substitution ... ok
test native_shape_profile::tests::nshape2_rejects_unknown_duplicate_missing_and_reordered_records ... ok
test native_shape_profile::tests::nshape2_rejects_zero_or_inconsistent_sample_populations ... ok
test native_shape_profile::tests::nshape2_requires_header_first_with_exact_fields_and_order ... ok
test perf_stats::tests::bootstrap_median_ratio_is_seeded_and_pinned ... ok
test perf_stats::tests::bootstrap_median_ratio_rejects_empty_or_zero_baseline ... ok
test perf_stats::tests::noisy_when_spread_is_wide ... ok
test perf_stats::tests::paired_bootstrap_matches_checked_in_binary64_fixture ... ok
test perf_stats::tests::paired_bootstrap_rejects_empty_ratios ... ok
test perf_stats::tests::paired_sign_probability_is_exact_and_rejects_invalid_counts ... ok
test perf_stats::tests::summarize_basic_percentiles ... ok
test perf_stats::tests::summarize_empty_is_none ... ok
test quiet_host::tests::a_busy_host_is_waited_out_and_the_settling_time_is_receipted ... ok
test quiet_host::tests::a_dirty_host_is_refused_by_name_rather_than_measured ... ok
test quiet_host::tests::a_host_that_never_settles_is_refused_instead_of_waited_on_forever ... ok
test quiet_host::tests::a_quiet_host_is_accepted_immediately_and_receipts_what_it_saw ... ok
test quiet_host::tests::a_receipt_that_contradicts_its_own_ceiling_is_refused_on_read ... ok
test runtime_util::fork_isolation_tests::block_on_oci_leaves_no_live_runtime ... ok
test runtime_util::tests::bridge_publish_accepts_port_remap ... ok
test runtime_util::tests::bridge_publish_accepts_udp_port_remap ... ok
test runtime_util::tests::host_publish_still_rejects_remap ... ok
test runtime_util::tests::publish_identity_map_accepted ... ok
test runtime_util::tests::publish_malformed_rejected ... ok
test runtime_util::tests::publish_remap_rejected ... ok
test runtime_util::tests::volume_ro_with_z_is_readonly ... ok
test runtime_util::tests::volume_unknown_option_rejected ... ok
test runtime_util::tests::volume_z_option_accepted_as_rw ... ok
test serve::build::tests::collects_repeated_t_tags ... ok
test serve::build::tests::empty_query_uses_defaults ... ok
test serve::build::tests::malformed_buildargs_is_ignored_not_fatal ... ok
test serve::build::tests::ndjson_frame_appends_newline ... ok
test serve::build::tests::nocache_true_variants ... ok
test serve::build::tests::parses_custom_dockerfile_and_nocache ... ok
test serve::build::tests::parses_single_tag_and_default_dockerfile ... ok
test serve::build::tests::rejects_traversal_paths ... ok
test serve::build::tests::unpack_extracts_a_gzipped_tar ... ok
test serve::build::tests::url_decodes_buildargs_json ... ok
test serve::resources::tests::docker_filters_accepts_compose_object_form ... ok
test supervisor_perf::tests::emit_is_a_no_op_with_zero_new_calls_when_profiling_is_off ... ok
test supervisor_perf::tests::forked_child_inheriting_the_recorded_pid_does_not_emit ... ok
test supervisor_perf::tests::format_matches_the_documented_wire_contract ... ok
test supervisor_perf::tests::guard_matrix_only_recorded_and_matching_pid_would_emit ... ok
test supervisor_perf::tests::real_self_and_children_rusage_reads_succeed_and_are_wall_bounded ... ok
test supervisor_perf::tests::rusage_total_cpu_ns_rejects_a_negative_timeval ... ok
test supervisor_perf::tests::rusage_total_cpu_ns_sums_user_and_system_in_nanoseconds ... ok
test supervisor_perf::tests::top_level_process_emits_exactly_one_line_when_recorded_and_profiling ... ok
test supervisor_perf::tests::write_line_atomically_survives_concurrent_writers_and_stays_line_delimited ... ok
test trace_cli::tests::global_store_survives_both_trace_argv_reconstructions ... ok
test trace_cli::tests::native_fault_profile_survives_sudo_argv_reconstruction ... ok
test trace_cli::tests::native_shape_sudo_argv_preserves_snapshots_before_identity_and_run_id ... ok
test trace_cli::tests::profile_capture_bound_survives_sudo_argv_reconstruction ... ok
test trace_cli::tests::sudo_argv_preserves_profile_paths_identity_and_environment ... ok
test trace_cli::tests::trace_child_identity_record_is_sorted_and_exact ... ok
test trace_profile::tests::aggregates_exact_samples_incomplete_and_high_water ... ok
test trace_profile::tests::capture_bound_check_fails_closed_without_a_declared_bound ... ok
test trace_profile::tests::capture_bound_is_substituted_per_profile_slot ... ok
test trace_profile::tests::capture_bound_must_match_the_requested_window ... ok
test trace_profile::tests::capture_bound_refuses_a_template_without_exactly_one_slot ... ok
test trace_profile::tests::capture_bound_refuses_values_the_program_cannot_honour ... ok
test trace_profile::tests::capture_bound_substitutes_exactly_one_slot ... ok
test trace_profile::tests::dsrprof2_accepts_duration_only_offcpu_stack_prefixes ... ok
test trace_profile::tests::dsrprof2_authoritative_summary_reconciles_process_terminal_scope ... ok
test trace_profile::tests::dsrprof2_completion_rejects_a_zero_bound ... ok
test trace_profile::tests::dsrprof2_completion_without_a_declared_bound_is_refused ... ok
test trace_profile::tests::dsrprof2_derives_kernel_function_from_authoritative_sample ... ok
test trace_profile::tests::dsrprof2_enforces_kernel_function_sentinel_by_class ... ok
test trace_profile::tests::dsrprof2_fault_diagnostic_reaches_integrity_failure ... ok
test trace_profile::tests::dsrprof2_header_must_match_exact_launch_authority ... ok
test trace_profile::tests::dsrprof2_host_catalog_can_replay_a_canonical_process_payload ... ok
test trace_profile::tests::dsrprof2_kernel_address_extraction_ignores_user_offcpu_stacks ... ok
test trace_profile::tests::dsrprof2_rejects_duration_only_offcpu_stack_mismatch ... ok
test trace_profile::tests::dsrprof2_rejects_incomplete_targeted_syscall_stacks ... ok
test trace_profile::tests::dsrprof2_rejects_invalid_kernel_syscall_function ... ok
test trace_profile::tests::dsrprof2_rejects_legacy_kernel_syscall_sample_census ... ok
test trace_profile::tests::dsrprof2_rejects_replaced_offcpu_count_and_zero_kernel_count ... ok
test trace_profile::tests::dsrprof2_rejects_replaced_raw_schema_v4 ... ok
test trace_profile::tests::dsrprof2_summary_coalesces_identical_stacks_across_exec_images ... ok
test trace_profile::tests::dsrprof2_summary_overlay_accepts_v2_kernel_stack_kinds ... ok
test trace_profile::tests::dsrprof2_summary_preserves_birth_keyed_metrics ... ok
test trace_profile::tests::dsrprof2_summary_rejects_duplicate_stack_within_one_image ... ok
test trace_profile::tests::dsrprof2_timeout_names_the_bound_that_was_in_force ... ok
test trace_profile::tests::empty_profile_stream_cannot_be_complete ... ok
test trace_profile::tests::fallback_self_reexec_lifecycle_survives_parsing_without_prepared_map ... ok
test trace_profile::tests::fork_lifecycle_samples_and_open_pair_survive_parsing ... ok
test trace_profile::tests::interrupted_capture_cannot_complete_a_profile ... ok
test trace_profile::tests::native_fault_profile_selection_is_bundled_and_runtime_profile_free ... ok
test trace_profile::tests::native_wall_cpu_user_pc_per_scope_overflow_rejects ... ok
test trace_profile::tests::native_wall_cpu_user_pc_population_overflow_rejects ... ok
test trace_profile::tests::native_wall_historical_kernel_pcs_without_stacks_remain_valid ... ok
test trace_profile::tests::native_wall_kernel_pc_population_overflow_rejects ... ok
test trace_profile::tests::native_wall_kernel_stack_population_overflow_rejects ... ok
test trace_profile::tests::native_wall_kernel_stacks_must_reconcile_with_kernel_pcs ... ok
test trace_profile::tests::native_wall_kernel_stacks_serialize_as_reconciled_counts ... ok
test trace_profile::tests::native_wall_process_lifecycle_per_scope_overflow_rejects ... ok
test trace_profile::tests::native_wall_process_lifecycle_population_overflow_rejects ... ok
test trace_profile::tests::native_wall_profile_parses_host_image_catalog ... ok
test trace_profile::tests::native_wall_profile_parses_reconciled_samples_and_blocking_stack ... ok
test trace_profile::tests::native_wall_profile_rejects_unreconciled_populations ... ok
test trace_profile::tests::native_wall_raw_address_extraction_includes_all_frames_and_deduplicates ... ok
test trace_profile::tests::native_wall_raw_address_extraction_rejects_exact_leaf_population_mismatch ... ok
test trace_profile::tests::native_wall_raw_address_extraction_rejects_missing_malformed_and_symbolic_frames ... ok
test trace_profile::tests::native_wall_raw_address_extraction_rejects_unknown_stack_markers ... ok
test trace_profile::tests::native_wall_stack_headers_enforce_state_dependent_fields ... ok
test trace_profile::tests::native_wall_wall_samples_per_scope_overflow_rejects ... ok
test trace_profile::tests::native_wall_wall_samples_population_overflow_rejects ... ok
test trace_profile::tests::native_wall_wall_state_per_scope_overflow_rejects ... ok
test trace_profile::tests::native_wall_wall_state_population_overflow_rejects ... ok
test trace_profile::tests::native_wall_zero_kernel_historical_input_remains_valid ... ok
test trace_profile::tests::parses_hex_guest_pcs_and_marks_aggregation_loss_incomplete ... ok
test trace_profile::tests::parses_sample_and_completion ... ok
test trace_profile::tests::prepared_self_reexec_lifecycle_survives_parsing_without_legacy_load ... ok
test trace_profile::tests::principal_drops_are_a_truncated_stream_error ... ok
test trace_profile::tests::profiles_requiring_runtime_metadata_enable_runtime_instrumentation ... ok
test trace_profile::tests::rejects_duplicate_completion_and_records_after_completion ... ok
test trace_profile::tests::rejects_unknown_duplicate_and_truncated_protocol ... ok
test trace_profile::tests::requested_profile_must_match_stream_completion ... ok
test trace_profile::tests::sampled_kernel_overlay_accepts_libdtrace_nosym_leaf ... ok
test trace_profile::tests::sampled_kernel_overlay_accepts_resolved_leaf_and_public_unresolved_caller ... ok
test trace_profile::tests::sampled_kernel_overlay_rejects_address_set_drift_and_duplicate_attachment ... ok
test trace_profile::tests::sampled_kernel_overlay_rejects_nonpublic_lookup_status ... ok
test trace_profile::tests::sampled_kernel_overlay_rejects_raw_symbol_ranges_and_hash_drift ... ok
test trace_profile::tests::sampled_kernel_overlay_rejects_rows_after_completion_and_boot_identity_mismatch ... ok
test trace_profile::tests::signaled_target_exit_cannot_complete_a_profile ... ok
test trace_profile::tests::translation_subphase_aggregates_fail_closed_when_truncated ... ok
test trace_profile::tests::writes_provenance_rich_jsonl_atomically ... ok

test result: ok. 353 passed; 0 failed; 0 ignored; 0 measured; 0 filtered out; finished in 1.38s

   Compiling carrick-runtime v0.1.0 (/Volumes/CaseSensitive/carrick/.worktrees/codex-hybrid-kernel/crates/carrick-runtime)
    Finished `test` profile [unoptimized + debuginfo] target(s) in 17.86s
     Running unittests src/lib.rs (target/debug/deps/carrick_runtime-29408ad887d994b7)

running 1569 tests
test apfs::fs_default_tests::default_backend_is_host_without_feature ... ok
test apfs::tests::parse_apfs_list_finds_named_case_sensitive_volume ... ok
test apfs::tests::parse_apfs_list_reports_unmounted_volume ... ok
test apfs::tests::parse_apfs_list_returns_empty_when_name_absent ... ok
test apfs::tests::split_at_last_paren_handles_name_without_paren ... ok
test apfs::tests::split_at_last_paren_handles_typical_name ... ok
test binfmt::tests::aarch64_elf_does_not_match ... ok
test binfmt::tests::non_elf_and_truncated_do_not_match ... ok
test binfmt::tests::x86_64_exec_and_dyn_elf_match_rosetta ... ok
test container::tests::load_reports_path_and_recreate_action_for_incompatible_backend ... ok
test container::tests::make_id_is_64_hex_and_stable ... ok
test container::tests::pid_alive_rejects_nonpositive ... ok
test container::tests::reconciled_status_marks_dead_running_as_exited ... ok
test container::tests::run_config_round_trips_and_defaults_when_missing ... ok
test container::tests::short_id_is_12_chars ... ok
test container::tests::short_id_is_well_distributed ... ok
test container_policy::tests::docker_default_model_denies_keyring_family_with_eperm ... ok
test container_policy::tests::docker_default_model_never_denies_identity_fast_path ... ok
test container_policy::tests::docker_default_model_passes_unlisted_syscalls_through ... ok
test container_policy::tests::entries_are_sorted_and_deduped_for_lookup ... ok
test core_dump::oracle_validation::emit_core_for_an_independent_reader ... ok
test core_dump::tests::crashing_thread_is_written_first ... ok
test core_dump::tests::every_thread_gets_a_prstatus_note ... ok
test core_dump::tests::file_note_carries_triples_then_paths ... ok
test core_dump::tests::header_declares_an_aarch64_core ... ok
test core_dump::tests::note_payloads_match_the_oracle_sizes ... ok
test core_dump::tests::undumped_region_keeps_its_mapping ... ok
test cred_ipc::tests::publication_cache_key_distinguishes_forked_host_processes ... ok
test darwin_fs::tests::copyfile_clone_or_data_copies_between_file_descriptors ... ok
test deadlock_watchdog::tests::claim_below_grants_exactly_max_then_denies ... ok
test direct_runner::tests::anonymous_rwx_code_is_published_through_dynamic_wx ... ok
test direct_runner::tests::blocked_pipe_read_eintrs_when_the_itimer_handler_fires ... ok
test direct_runner::tests::blocking_host_write_waits_and_returns_through_the_tier_d_boundary ... ok
test direct_runner::tests::blocking_record_lock_returns_through_the_tier_d_boundary ... ok
test direct_runner::tests::direct_mach_exception_emulates_linux_ctr_el0 ... ok
test direct_runner::tests::dirty_dynamic_code_discard_zeroes_then_republishes ... ok
test direct_runner::tests::dt_needed_binary_runs_through_the_exec_mmap_boundary ... ok
test direct_runner::tests::exec_stack_hands_argv_envp_auxv_to_the_guest ... ok
test direct_runner::tests::execve_leaves_through_the_handler_with_the_guest_parked_at_the_syscall ... ok
test direct_runner::tests::exit_leaves_through_the_handler_instead_of_running_past_it ... ok
test direct_runner::tests::guest_write_reaches_the_real_dispatcher ... ok
test direct_runner::tests::identity_madvise_dontneed_zeroes_private_anonymous_memory ... ok
test direct_runner::tests::identity_madvise_spans_none_guard_and_promoted_rw_stack ... ok
test direct_runner::tests::in_process_exec_commit_retires_identity_memory_and_releases_vfork ... ok
test direct_runner::tests::interpreter_chain_reaches_the_main_image_through_the_auxv ... ok
test direct_runner::tests::multithreaded_fork_quiesces_the_live_guest_sibling ... ok
test direct_runner::tests::real_cpython_prints_through_tier_d ... ok
test direct_runner::tests::real_cpython_runs_threads_through_tier_d ... ok
test direct_runner::tests::real_dash_echoes_through_tier_d ... ok
test direct_runner::tests::real_glibc_ld_so_runs_a_dynamic_binary_on_tier_d ... ok
test direct_runner::tests::sigalrm_delivers_at_the_kill_boundary_and_sigreturns_exactly ... ok
test direct_runner::tests::sigsuspend_wakes_for_the_itimer_sigalrm_and_eintrs ... ok
test direct_runner::tests::sleeping_guest_wakes_promptly_on_durable_process_exit_publication ... ok
test direct_runner::tests::thread_creating_clone_runs_the_child_on_private_slots ... ok
test direct_runner::tests::tier_d_guest_fork_runs_both_sides_and_the_parent_reaps ... ok
test direct_runner::tests::tier_d_syscall_service_emits_the_native_service_window ... ok
test direct_runner::tests::tier_d_vfork_child_reaches_the_exec_boundary ... ok
test direct_runner::tests::unhandled_fatal_signal_ends_the_process_with_its_signal ... ok
test dispatch::abi_args::tests::fd_from_arg_truncates_to_i32 ... ok
test dispatch::abi_args::tests::guest_len_rejects_absurd ... ok
test dispatch::abi_args::tests::guest_ptr_preserves_u64 ... ok
test dispatch::abi_args::tests::pid_signal_read_pid_t_width ... ok
test dispatch::container_policy_dispatch_tests::docker_default_policy_keeps_identity_fast_path ... ok
test dispatch::container_policy_dispatch_tests::policy_applies_on_threaded_dispatch_path_too ... ok
test dispatch::container_policy_dispatch_tests::policy_denial_reports_as_policy_not_unimplemented ... ok
test dispatch::container_policy_dispatch_tests::policy_denies_keyring_family_with_eperm_before_handler ... ok
test dispatch::container_policy_dispatch_tests::policy_is_inherited_by_forked_children ... ok
test dispatch::container_policy_dispatch_tests::policy_miss_passes_through_to_handler ... ok
test dispatch::container_policy_dispatch_tests::policy_survives_execve_time_dispatcher_resets ... ok
test dispatch::container_policy_dispatch_tests::unconfined_opt_out_keeps_handlers_honest_enosys ... ok
test dispatch::creds::identity_snapshot_tests::setgroups_publishes_exact_kernel_authority_including_empty_set ... ok
test dispatch::creds::identity_snapshot_tests::snapshot_mirrors_getpid_and_cred_snapshot ... ok
test dispatch::creds::ppid_tests::clone_parent_keeps_recorded_parent_when_host_parent_differs ... ok
test dispatch::creds::ppid_tests::direct_child_observes_its_real_guest_parent ... ok
test dispatch::creds::ppid_tests::explicit_subreaper_adoption_keeps_the_subreaper_pid ... ok
test dispatch::creds::ppid_tests::init_reaper_adoption_is_exposed_as_pid_one ... ok
test dispatch::creds::setid_tests::set_privileged_sets_all_three ... ok
test dispatch::creds::setid_tests::set_unprivileged_changes_only_effective_and_gates_value ... ok
test dispatch::creds::setid_tests::setre_saved_id_follows_when_euid_differs_from_old_real ... ok
test dispatch::creds::setid_tests::setre_saved_id_follows_when_real_changes ... ok
test dispatch::creds::setid_tests::setre_saved_id_unchanged_when_euid_equals_old_real ... ok
test dispatch::creds::setid_tests::setre_unprivileged_rejects_foreign_real ... ok
test dispatch::creds::setid_tests::setres_privileged_sets_anything_and_keeps_minus_one ... ok
test dispatch::creds::setid_tests::setres_unprivileged_restricts_to_current_ids ... ok
test dispatch::epoll_kqueue_tests::wake_parked_makes_poll_fd_readable ... ok
test dispatch::epoll_shim::tests::fork_child_reset_clears_inherited_wake_registry ... ok
test dispatch::exec_vector_tests::exec_vector_rejects_payload_beyond_linux_arg_max ... ok
test dispatch::fifo_beacon::tests::fork_child_reset_drops_closed_fifo_beacon_writers ... ok
test dispatch::fs::stat::tests::host_stream_stats_distinguish_devices_and_preserve_pipe_identity ... ok
test dispatch::fs::state::fork_clone_tests::forked_runtime_io_starts_with_clean_output_and_preserves_stream_mode ... ok
test dispatch::fs::tests::absolute_lower_fast_open_refuses_nofollow_symlink_semantics ... ok
test dispatch::fs::tests::absolute_readonly_open_can_install_an_upper_absent_lower_file_directly ... ok
test dispatch::fs::tests::bind_mount_rejects_o_directory_for_regular_file ... ok
test dispatch::fs::tests::bind_mount_setxattr_reports_unsupported_instead_of_missing ... ok
test dispatch::fs::tests::chroot_no_search_permission_precedes_capability_error ... ok
test dispatch::fs::tests::chroot_rebases_absolute_resolution ... ok
test dispatch::fs::tests::close_retires_the_fd_open_path_entry ... ok
test dispatch::fs::tests::dnotify_child_attrib_matches_macos_private_tmp_alias ... ok
test dispatch::fs::tests::dnotify_child_attrib_queues_parent_before_child ... ok
test dispatch::fs::tests::f_add_seals_waits_for_alias_dispatch_and_publishes_under_same_exclusion ... ok
test dispatch::fs::tests::fasync_signal_target_drops_on_ns_translation_miss ... ok
test dispatch::fs::tests::fasync_signal_target_resolves_by_owner_kind ... ok
test dispatch::fs::tests::fd_allocator_cursor_reuses_closed_hole_then_advances ... ok
test dispatch::fs::tests::inet4_ioctl_view_uses_linux_interface_names ... ok
test dispatch::fs::tests::memory_file_open_does_not_duplicate_path_record_for_proc_fd ... ok
test dispatch::fs::tests::openat2_resolve_beneath_rejects_dotdot_escape ... ok
test dispatch::fs::tests::openat2_resolve_in_root_rejects_absolute_escape ... ok
test dispatch::fs::tests::openat2_resolve_no_magiclinks_rejects_proc_fd_reopen ... ok
test dispatch::fs::tests::openat2_resolve_no_symlinks_rejects_link_path ... ok
test dispatch::fs::tests::openat2_resolve_no_xdev_rejects_proc_mount_crossing ... ok
test dispatch::fs::tests::readv_host_write_guard_finishes_every_exposed_range_on_error ... ok
test dispatch::fs::tests::socket_marker_disables_streaming_and_keeps_layered_parity ... ok
test dispatch::fs::tests::splice_host_file_to_pipe_returns_short_and_advances_offset ... ok
test dispatch::fs::tests::splice_pushback_keeps_large_stages_chunked ... ok
test dispatch::fs::tests::splice_pushback_moves_owned_full_chunks_without_copy ... ok
test dispatch::fs::tests::staged_splice_pipe_bytes_preserve_fifo_order ... ok
test dispatch::fs::tests::trusted_dirfd_lane_falls_back_for_special_shapes ... ok
test dispatch::fs::tests::trusted_dirfd_lane_serves_walk_and_recurses ... ok
test dispatch::fs::tests::trusted_dirfd_stat_matches_slow_path ... ok
test dispatch::fs::tests::trusted_getdents_streams_layered_identical_entries ... ok
test dispatch::fs::tests::trusted_immutable_lower_falls_back_after_an_upper_shadow ... ok
test dispatch::fs::tests::trusted_immutable_lower_serves_walk_recursively_while_upper_is_unchanged ... ok
test dispatch::fs::tests::trusted_immutable_lower_stat_preserves_layered_guest_identity ... ok
test dispatch::fs::tests::vfs_open_fallthrough_does_not_build_open_context ... ok
test dispatch::hvpatch_in_process_fork_tests::dispatcher_fork_clone_splits_process_state_without_duping_descriptions ... ok
test dispatch::hvpatch_in_process_fork_tests::final_target_close_detaches_epoll_owner_from_another_file_table ... ok
test dispatch::hvpatch_in_process_fork_tests::hvpatch_child_dup3_does_not_detach_parent_epoll_interest ... ok
test dispatch::hvpatch_in_process_fork_tests::hvpatch_inherited_fd_close_is_not_the_last_logical_reference ... ok
test dispatch::hvpatch_in_process_fork_tests::hvpatch_process_exit_drops_inherited_host_pipe_writer ... ok
test dispatch::ioring::tests::copied_mm_clones_exact_attachments_and_clone_vm_shares_mm ... ok
test dispatch::ioring::tests::exec_survivor_keeps_description_but_new_mm_has_no_attachments ... ok
test dispatch::ioring::tests::host_fork_observes_shared_queue_bytes ... ok
test dispatch::ioring::tests::layout_rounds_entries_to_power_of_two_and_sizes_regions ... ok
test dispatch::ioring::tests::mapping_attachment_splits_and_keeps_backing_after_final_fd_close ... ok
test dispatch::ioring::tests::nop_completes_with_zero_and_preserves_user_data ... ok
test dispatch::ioring::tests::params_describe_the_layout ... ok
test dispatch::ioring::tests::serviced_opcode_runs_io_and_returns_its_result ... ok
test dispatch::ioring::tests::unknown_opcode_completes_with_einval_not_io ... ok
test dispatch::kernel_context_tests::lifecycle_credential_scope_uses_the_exact_nonleader_context ... ok
test dispatch::kernel_context_tests::one_task_adapter_registers_explicit_linux_tid_for_backend_thread ... ok
test dispatch::kernel_context_tests::one_task_rebind_copies_complete_credential_values ... ok
test dispatch::kernel_context_tests::one_task_thread_registration_copies_the_exact_nonleader_credentials ... ok
test dispatch::mem::tests::a_prot_none_reserve_does_not_raise_the_writable_watermark ... ok
test dispatch::mem::tests::a_writable_mapping_raises_the_watermark_and_forces_a_later_scrub ... ok
test dispatch::mem::tests::alias_window_advisory_hint_is_honored_without_consuming_low_arena ... ok
test dispatch::mem::tests::alias_window_advisory_hint_with_protection_maps_alias ... ok
test dispatch::mem::tests::backend_mmap_arena_is_not_classified_as_an_alias ... ok
test dispatch::mem::tests::brk_shrink_scrubs_backing_before_regrowth ... ok
test dispatch::mem::tests::brk_waits_for_host_alias_idle ... ok
test dispatch::mem::tests::clean_private_repoint_failure_does_not_commit_shared_file_writeback ... ok
test dispatch::mem::tests::concurrent_exec_mmap_does_not_commit_consumed_protection_failure_outside_arena ... ok
test dispatch::mem::tests::darwin_private_file_mapping_detaches_from_truncate ... ok
test dispatch::mem::tests::demand_paged_shared_anon_keeps_best_effort_mapping_on_protection_failure ... ok
test dispatch::mem::tests::dropping_unconsumed_host_alias_outcome_closes_fd_and_aborts_transaction ... ok
test dispatch::mem::tests::dynamic_mapping_overlap_uses_sorted_boundaries ... ok
test dispatch::mem::tests::eager_lock_paths_populate_mincore_residency ... ok
test dispatch::mem::tests::exact_partial_granule_replacement_splits_owner_without_reusing_live_storage ... ok
test dispatch::mem::tests::file_private_fixed_shared_aperture_repoints_snapshot_and_publishes_map_time_bus_tail ... ok
test dispatch::mem::tests::free_regions_coalesce_adjacent ... ok
test dispatch::mem::tests::free_regions_coalesce_overlap_and_keep_disjoint ... ok
test dispatch::mem::tests::fresh_private_anonymous_mmap_skips_zero_write ... ok
test dispatch::mem::tests::growdown_metadata_is_trimmed_with_mapping_teardown ... ok
test dispatch::mem::tests::guest_vma_occupancy_excludes_hidden_arenas_but_includes_live_ranges ... ok
test dispatch::mem::tests::high_va_private_anonymous_mmap_returns_empty_alias_payload ... ok
test dispatch::mem::tests::host_alias_abort_preserves_replaced_vma_lock_residency_bus_and_seal_metadata ... ok
test dispatch::mem::tests::host_alias_inventory_commits_trims_and_fork_clones_exact_ranges ... ok
test dispatch::mem::tests::indeterminate_private_repoint_failure_fails_stopped ... ok
test dispatch::mem::tests::indeterminate_repoint_policy_retains_old_and_candidate_storage ... ok
test dispatch::mem::tests::installing_host_alias_blocks_sibling_mapping_dispatch_until_resolution ... ok
test dispatch::mem::tests::lazy_high_va_commit_preserves_shared_reservation_provenance ... ok
test dispatch::mem::tests::mem_authority_fork_is_independent_after_one_existing_state_clone ... ok
test dispatch::mem::tests::mem_authority_revises_once_per_published_vma_transaction ... ok
test dispatch::mem::tests::mem_authority_snapshot_honors_deadline_contention ... ok
test dispatch::mem::tests::mincore_mapped_first_and_last_with_hole_is_enomem ... ok
test dispatch::mem::tests::mincore_onfault_lock_is_not_resident_until_page_is_touched ... ok
test dispatch::mem::tests::mincore_overflowing_length_is_enomem_not_abort ... ok
test dispatch::mem::tests::mincore_unmapped_end_page_is_enomem_not_abort ... ok
test dispatch::mem::tests::mincore_waits_for_host_alias_idle ... ok
test dispatch::mem::tests::mixed_rx_and_r_mremap_source_is_rejected_without_broadening_permissions ... ok
test dispatch::mem::tests::mmap_private_hostfile_backend_refusal_falls_back_to_snapshot ... ok
test dispatch::mem::tests::mmap_private_hostfile_hatch_zero_keeps_snapshot_path ... ok
test dispatch::mem::tests::mmap_private_hostfile_lowers_file_backed_and_publishes_bus_tail ... ok
test dispatch::mem::tests::mmap_private_hostfile_refusal_with_unstattable_fd_keeps_legacy_success ... ok
test dispatch::mem::tests::mmap_publishes_shared_rx_and_private_fixed_replacement ... ok
test dispatch::mem::tests::mmap_shared_or_exec_private_is_never_offered_the_lowering ... ok
test dispatch::mem::tests::moving_shared_mremap_fails_before_private_copy_or_metadata_mutation ... ok
test dispatch::mem::tests::mremap_boot_heap_fallback_accepts_live_prefix_and_rejects_hidden_suffix ... ok
test dispatch::mem::tests::mremap_boot_region_metadata_fallback_preserves_exact_properties ... ok
test dispatch::mem::tests::mremap_dontunmap_is_rejected_before_source_or_allocator_mutation ... ok
test dispatch::mem::tests::mremap_fixed_is_rejected_before_source_or_destination_mutation ... ok
test dispatch::mem::tests::mremap_rejects_boot_region_source_spanning_multiple_regions ... ok
test dispatch::mem::tests::mremap_rejects_hidden_mmap_backing_boot_region ... ok
test dispatch::mem::tests::mremap_rejects_hidden_shared_and_private_aperture_boot_regions ... ok
test dispatch::mem::tests::mremap_shrink_unmap_failure_keeps_source_metadata_and_allocator ... ok
test dispatch::mem::tests::msync_waits_for_host_alias_idle ... ok
test dispatch::mem::tests::munmap_clears_read_only_tracking_before_writable_reuse ... ok
test dispatch::mem::tests::munmap_hole_cannot_fall_back_to_boot_metadata_during_mremap ... ok
test dispatch::mem::tests::native16k_allows_multithreaded_exec_mprotect_for_translation_backend ... ok
test dispatch::mem::tests::native16k_allows_private_alias_write_exec_for_translation_backend ... ok
test dispatch::mem::tests::native16k_identity_mprotect_propagates_backend_failure ... ok
test dispatch::mem::tests::native16k_rejects_multithreaded_exec_mprotect ... ok
test dispatch::mem::tests::native16k_rejects_multithreaded_write_exec_mmap ... ok
test dispatch::mem::tests::native16k_rejects_multithreaded_write_exec_mprotect ... ok
test dispatch::mem::tests::native16k_rejects_shared_write_exec_mmap ... ok
test dispatch::mem::tests::native16k_rejects_shared_write_exec_mprotect ... ok
test dispatch::mem::tests::native16k_rejects_write_exec_alias_mmap ... ok
test dispatch::mem::tests::native16k_rejects_write_exec_alias_mprotect ... ok
test dispatch::mem::tests::native16k_shared_provenance_survives_partial_mprotect ... ok
test dispatch::mem::tests::next_mmap_address_reuses_freed_arena_region ... ok
test dispatch::mem::tests::odd_shared_mmap_tracks_logical_length_and_granule_reservation ... ok
test dispatch::mem::tests::partial_shared_file_munmaps_write_exact_fragments_and_close_once ... ok
test dispatch::mem::tests::pending_host_alias_transaction_drop_aborts_and_notifies_waiters ... ok
test dispatch::mem::tests::post_repoint_protection_failure_aborts_instead_of_publishing_split_ownership ... ok
test dispatch::mem::tests::private_file_snapshot_computes_identical_bus_tail_for_memfd_synthetic_and_host_sources ... ok
test dispatch::mem::tests::private_overlay_middle_replacement_carves_exact_storage ... ok
test dispatch::mem::tests::private_overlay_mremap_shrink_carves_source_tail_and_reuses_only_storage ... ok
test dispatch::mem::tests::private_overlay_prefix_replacement_carves_exact_storage ... ok
test dispatch::mem::tests::private_overlay_suffix_replacement_carves_exact_storage ... ok
test dispatch::mem::tests::private_repoint_failure_preserves_prior_overlay_owner_and_vma ... ok
test dispatch::mem::tests::range_owned_metadata_removal_clears_every_mmap_classification ... ok
test dispatch::mem::tests::replacement_commit_trims_every_predecessor_classification_to_prefix_and_suffix ... ok
test dispatch::mem::tests::reset_memory_state_on_execve_resets_arenas_and_preserves_auxv_snapshot ... ok
test dispatch::mem::tests::reused_private_anonymous_mmap_zeroes_backing_without_zero_write ... ok
test dispatch::mem::tests::revision_checked_publication_excludes_concurrent_vma_mutation ... ok
test dispatch::mem::tests::shared_anon_deferred_setter_failure_rolls_back_before_commit ... ok
test dispatch::mem::tests::shared_anon_persistent_rollback_failure_aborts_concurrent_exec_backend ... ok
test dispatch::mem::tests::shared_anonymous_high_advisory_hint_is_selected_then_committed_lazily ... ok
test dispatch::mem::tests::shared_anonymous_mremap_shrink_retains_shared_prefix_metadata ... ok
test dispatch::mem::tests::shared_aperture_partial_and_shifted_sources_reject_before_backend_mutation ... ok
test dispatch::mem::tests::shared_fixed_mremap_move_fails_before_source_mutation ... ok
test dispatch::mem::tests::shared_fixed_mremap_shrink_fails_before_source_tail_mutation ... ok
test dispatch::mem::tests::shared_mmap_refreshes_an_independently_opened_vfs_inode ... ok
test dispatch::mem::tests::shared_mremap_shrink_unmap_failure_keeps_live_length_and_tail_accounting ... ok
test dispatch::mem::tests::shared_owner_middle_replacement_then_unmap_reuses_only_middle ... ok
test dispatch::mem::tests::shared_owner_prefix_replacement_then_unmap_reuses_only_prefix ... ok
test dispatch::mem::tests::shared_owner_suffix_replacement_then_unmap_reuses_only_suffix ... ok
test dispatch::mem::tests::trim_dynamic_maps_preserves_sorted_order_without_full_resort ... ok
test dispatch::mem::tests::vma_projection_preserves_adjacency_and_removes_unmapped_boot_ranges ... ok
test dispatch::native_reexec_fd_tests::bind_mount_round_trip_preserves_nested_exec_bytes ... ok
test dispatch::native_reexec_fd_tests::host_file_snapshot_preserves_open_description_offset ... ok
test dispatch::native_reexec_fd_tests::host_pipe_snapshot_restores_guest_aliases_and_kernel_identity ... ok
test dispatch::native_reexec_fd_tests::host_socket_snapshot_preserves_connected_kernel_endpoint ... ok
test dispatch::native_reexec_fd_tests::io_uring_snapshot_restores_aliases_identity_and_status_flags ... ok
test dispatch::native_reexec_fd_tests::process_state_round_trip_preserves_credentials_actions_and_task_pending ... ok
test dispatch::native_reexec_fd_tests::stdio_closed_or_cloexec_before_exec_restores_closed ... ok
test dispatch::native_reexec_fd_tests::unsupported_survivor_is_rejected_but_cloexec_is_omitted ... ok
test dispatch::net::connect_loopback_tests::buffer_shorter_than_sin_addr_is_a_noop_not_a_panic ... ok
test dispatch::net::connect_loopback_tests::inaddr_any_rewrites_to_loopback_preserving_port ... ok
test dispatch::net::connect_loopback_tests::non_inet_family_is_untouched_even_when_address_is_zero ... ok
test dispatch::net::connect_loopback_tests::real_ipv4_address_is_left_untouched ... ok
test dispatch::net::epoll_interest_tests::et_terminal_latch_disarms_host_write_filter ... ok
test dispatch::net::epoll_interest_tests::et_write_latch_temporarily_disarms_host_write_filter ... ok
test dispatch::net::icmp_ping_tests::loopback_echo_reply_is_queued_with_valid_checksum ... ok
test dispatch::net::ipv6_addrform_tests::ipv6_addrform_relabels_guest_family ... ok
test dispatch::net::mcast_membership_tests::mcast_leave_without_join_is_eaddrnotavail ... ok
test dispatch::net::mcast_membership_tests::mcast_membership_is_per_socket_state ... ok
test dispatch::net::recvmmsg_tests::recvmmsg_null_timeout_is_not_validated ... ok
test dispatch::net::recvmmsg_tests::recvmmsg_rejects_malformed_timeout_with_einval ... ok
test dispatch::net::support::tests::address_family_translation_covers_bsd_families_and_passthrough ... ok
test dispatch::net::support::tests::bridge_netlink_reports_eth0_address_and_default_route ... ok
test dispatch::net::support::tests::bridge_netlink_snapshot_exposes_each_attachment ... ok
test dispatch::net::support::tests::epoll_interest_selection_preserves_hup_err_observability ... ok
test dispatch::net::support::tests::guest_interface_view_accepts_freebsd_uplink_names ... ok
test dispatch::net::support::tests::guest_interface_view_uses_linux_names ... ok
test dispatch::net::support::tests::host_fd_has_oob_detects_pending_urgent_byte ... ok
test dispatch::net::support::tests::host_socket_install_forces_host_nonblocking_even_for_blocking_guest_fd ... ok
test dispatch::net::support::tests::host_to_linux_sockaddr_unix_does_not_leak_private_hash_path_without_metadata ... ok
test dispatch::net::support::tests::host_to_linux_sockaddr_unix_falls_back_to_xattr_across_processes ... ok
test dispatch::net::support::tests::ipv4_sockaddr_round_trips_between_linux_and_host_layouts ... ok
test dispatch::net::support::tests::masked_network_zeroes_host_bits ... ok
test dispatch::net::support::tests::message_flag_translation_maps_supported_flags_and_ignores_linux_only_flags ... ok
test dispatch::net::support::tests::netlink_rtm_getroute_synthesizes_terminated_route_dump ... ok
test dispatch::net::support::tests::pollevent_translation_preserves_rdhup_hup_err_and_pri ... ok
test dispatch::net::support::tests::scm_credentials_record_has_linux_cmsg_layout ... ok
test dispatch::net::support::tests::scm_rights_guest_buffer_roundtrips ... ok
test dispatch::net::support::tests::scm_rights_host_buffer_roundtrips ... ok
test dispatch::net::support::tests::scm_rights_parse_ignores_non_scm_records ... ok
test dispatch::net::support::tests::scm_rights_truncates_when_cap_too_small ... ok
test dispatch::net::support::tests::sockopt_optname_recognition_scopes_einval_remap ... ok
test dispatch::net::support::tests::stream_buffer_widening_covers_accepted_inet_stream_sockets ... ok
test dispatch::net::support::tests::stream_buffer_widening_covers_inet_stream_sockets ... ok
test dispatch::net::support::tests::stream_buffer_widening_covers_unix_stream_sockets ... ok
test dispatch::net::support::tests::two_bridge_network_model_drives_guest_visible_renderers ... ok
test dispatch::net::support::tests::unnamed_unix_local_addr_reports_af_unix_not_unspec ... ok
test dispatch::net::support::tests::write_linux_sockaddr_truncates_to_guest_buffer_and_reports_required_len ... ok
test dispatch::overlay_dispatch_tests::anchored_wait_fds_keep_host_fd_live_after_open_file_drop ... ok
test dispatch::overlay_dispatch_tests::blocking_host_write_from_owned_bytes_reuses_buffer_storage ... ok
test dispatch::overlay_dispatch_tests::clone3_preserves_parent_and_tid_pointer_semantics_for_fork_path ... ok
test dispatch::overlay_dispatch_tests::clone_preserves_parent_and_tid_pointer_semantics_for_fork_path ... ok
test dispatch::overlay_dispatch_tests::clone_thread_requires_thread_bit_not_pthread_superset ... ok
test dispatch::overlay_dispatch_tests::dispatcher_shares_pty_table_with_dev_mounts ... ok
test dispatch::overlay_dispatch_tests::dns_overrides_render_resolv_conf ... ok
test dispatch::overlay_dispatch_tests::dropping_drained_exec_generation_does_not_release_surviving_slot_twice ... ok
test dispatch::overlay_dispatch_tests::epoll_close_rebinds_shared_host_fd_survivor ... ok
test dispatch::overlay_dispatch_tests::epoll_close_recycle_does_not_drop_interest ... ok
test dispatch::overlay_dispatch_tests::epoll_et_delivers_listener_edge_after_accept_drain ... ok
test dispatch::overlay_dispatch_tests::epoll_et_delivers_listener_edge_without_read_byte_growth ... ok
test dispatch::overlay_dispatch_tests::epoll_et_delivers_new_host_edge_while_level_still_ready ... ok
test dispatch::overlay_dispatch_tests::epoll_et_pipe_eof_not_lost_under_concurrent_churn ... ok
test dispatch::overlay_dispatch_tests::epoll_et_read_via_dup_rearms_registered_sibling ... ok
test dispatch::overlay_dispatch_tests::epoll_et_repolls_host_level_when_mux_misses_wake ... ok
test dispatch::overlay_dispatch_tests::epoll_et_write_eagain_after_partial_write_keeps_write_filter_armed ... ok
test dispatch::overlay_dispatch_tests::eventfd_write_records_the_host_readiness_transition ... ok
test dispatch::overlay_dispatch_tests::every_migrated_syscall_is_claimed_by_the_normalized_table ... ok
test dispatch::overlay_dispatch_tests::exec_helpers_never_resurrect_a_shadowed_or_tombstoned_lower ... ok
test dispatch::overlay_dispatch_tests::exec_helpers_use_bounded_reads_and_host_files_from_immutable_lower ... ok
test dispatch::overlay_dispatch_tests::exec_host_fs_fallback_off_for_container_dispatchers ... ok
test dispatch::overlay_dispatch_tests::fd_install_helpers_reserve_single_and_pair_slots_atomically ... ok
test dispatch::overlay_dispatch_tests::fresh_shared_anon_mmap_skips_zero_write ... ok
test dispatch::overlay_dispatch_tests::host_alias_publish_under_exclusive_native_guard_is_allowed ... ok
test dispatch::overlay_dispatch_tests::host_alias_publish_under_shared_native_guard_aborts ... ok
test dispatch::overlay_dispatch_tests::host_alias_transaction_id_overflow_aborts ... ok
test dispatch::overlay_dispatch_tests::host_syscall_result_translates_captured_host_errno ... ok
test dispatch::overlay_dispatch_tests::host_write_kind_classifies_common_host_fds ... ok
test dispatch::overlay_dispatch_tests::inode_for_path_reflects_identity_not_textual_spelling ... ok
test dispatch::overlay_dispatch_tests::io_uring_fd_generic_operations_match_linux_anonymous_inode_semantics ... ok
test dispatch::overlay_dispatch_tests::join_rootfs_path_normalizes_relative_components ... ok
test dispatch::overlay_dispatch_tests::kernel_exec_publication_filters_cloexec_descriptors ... ok
test dispatch::overlay_dispatch_tests::known_pipe2_flag_is_silent ... ok
test dispatch::overlay_dispatch_tests::large_blocking_host_pipe_write_hands_off_after_partial_progress ... ok
test dispatch::overlay_dispatch_tests::large_nonblocking_host_pipe_write_uses_small_ready_window ... ok
test dispatch::overlay_dispatch_tests::large_nonblocking_host_socket_write_uses_small_ready_window ... ok
test dispatch::overlay_dispatch_tests::linux_errno_constants_match_kernel_uapi ... ok
test dispatch::overlay_dispatch_tests::mkdirat_creates_overlay_dir_and_fstatat_sees_it ... ok
test dispatch::overlay_dispatch_tests::non_cloexec_classic_record_lock_survives_exec_transfer ... ok
test dispatch::overlay_dispatch_tests::non_private_futex_wake_checks_shared_mapping_lookup ... ok
test dispatch::overlay_dispatch_tests::openat_o_creat_then_write_then_read_round_trips ... ok
test dispatch::overlay_dispatch_tests::private_futex_wake_skips_shared_mapping_lookup ... ok
test dispatch::overlay_dispatch_tests::read_futex_word_falls_back_to_shared_mapping ... ok
test dispatch::overlay_dispatch_tests::read_guest_c_string_reads_in_chunks_not_one_byte_at_a_time ... ok
test dispatch::overlay_dispatch_tests::read_kernel_prefix_zero_fills_truncated_clone_args_and_rejects_overlarge_reads ... ok
test dispatch::overlay_dispatch_tests::read_kernel_struct_accepts_unaligned_abi_reads_and_rejects_bad_pointers ... ok
test dispatch::overlay_dispatch_tests::renameat_moves_overlay_backed_file ... ok
test dispatch::overlay_dispatch_tests::resolve_exec_path_absolutizes_relative_against_cwd ... ok
test dispatch::overlay_dispatch_tests::retained_exec_generation_does_not_keep_cloexec_pipe_writer_alive ... ok
test dispatch::overlay_dispatch_tests::reused_shared_anon_mmap_zeroes_recycled_range ... ok
test dispatch::overlay_dispatch_tests::shared_futex_wake_routes_through_platform_seam ... ok
test dispatch::overlay_dispatch_tests::threaded_futex_wait_zero_but_present_timeout_parks_with_zero_deadline ... ok
test dispatch::overlay_dispatch_tests::threaded_independent_dispatch_support_matches_handler_table ... ok
test dispatch::overlay_dispatch_tests::unix_accept_unnamed_peer_writes_family_only_sockaddr ... ok
test dispatch::overlay_dispatch_tests::unknown_pipe2_flag_is_recorded_in_compat_report ... ok
test dispatch::overlay_dispatch_tests::unknown_syscall_returns_enosys_without_panicking ... ok
test dispatch::overlay_dispatch_tests::unlinkat_on_rootfs_file_then_openat_returns_enoent ... ok
test dispatch::overlay_dispatch_tests::with_host_network_preserves_host_sys_class_net ... ok
test dispatch::overlay_dispatch_tests::with_network_mounts_sys_class_net_from_model ... ok
test dispatch::proc::affinity_tests::affinity_bytes_round_trip ... ok
test dispatch::proc::affinity_tests::affinity_to_bytes_truncates_and_pads ... ok
test dispatch::proc::affinity_tests::default_affinity_sets_low_ncpu_bits ... ok
test dispatch::proc::affinity_tests::lowest_set_cpu_finds_first_bit ... ok
test dispatch::proc::futex_timeout_tests::futex_wait_zero_but_present_timeout_parks_with_zero_deadline ... ok
test dispatch::proc::native_virtual_ptrace_tests::hvpatch_waitid_decodes_linux_terminal_wait_status ... ok
test dispatch::proc::native_virtual_ptrace_tests::native_continue_without_reported_stop_is_rejected ... ok
test dispatch::proc::native_virtual_ptrace_tests::native_page_profiles_select_virtual_ptrace_transport ... ok
test dispatch::proc::native_virtual_ptrace_tests::only_native_nonterminal_wait_reports_defer_guest_cpu_drain ... ok
test dispatch::proc::native_virtual_ptrace_tests::outstanding_stop_lease_only_blocks_matching_wait_targets ... ok
test dispatch::proc::native_virtual_ptrace_tests::request_routing_keeps_host_traceme_and_virtualizes_native_control ... ok
test dispatch::proc::native_virtual_ptrace_tests::virtual_stop_status_uses_linux_wait_encoding ... ok
test dispatch::proc::process_vm_copy_tests::copies_only_the_shorter_length ... ok
test dispatch::proc::process_vm_copy_tests::empty_vectors_transfer_zero_bytes ... ok
test dispatch::proc::process_vm_copy_tests::first_access_fault_is_efault ... ok
test dispatch::proc::process_vm_copy_tests::scatter_one_source_into_three_dests ... ok
test dispatch::proc::setpgid_tests::namespace_init_setpgid_is_eperm_when_host_sid_differs_from_pgid ... ok
test dispatch::proc::wait_status_tests::genuine_exit_without_marker_stays_wifexited ... ok
test dispatch::proc::wait_status_tests::ignore_signal_child_death_reconstructs_wifsignaled ... ok
test dispatch::proc::wait_status_tests::sigpwr_child_death_reconstructs_wifsignaled ... ok
test dispatch::proc::wait_status_tests::sigstkflt_child_death_reconstructs_wifsignaled ... ok
test dispatch::proctitle::tests::label_with_run_id_is_scoped_per_run ... ok
test dispatch::proctitle::tests::label_without_run_id_is_legacy ... ok
test dispatch::proctitle::tests::scoped_label_is_not_matched_by_another_runs_grep ... ok
test dispatch::resources::tests::retained_scope_cannot_hide_a_nested_exact_context ... ok
test dispatch::rosetta_handshake_tests::faulting_address_returns_efault ... ok
test dispatch::rosetta_handshake_tests::info_ioctl_returns_zero_and_zeroes_buffer ... ok
test dispatch::rosetta_handshake_tests::license_ioctl_writes_blob_when_rosetta_present ... ok
test dispatch::rosetta_handshake_tests::non_rosetta_ioctl_passes_through ... ok
test dispatch::routing_tests::dispatcher_activates_one_authenticated_file_authority_root ... ok
test dispatch::routing_tests::every_routed_number_resolves ... ok
test dispatch::routing_tests::unrouted_number_does_not_resolve ... ok
test dispatch::signal::tests::child_exit_signal_pump_predicate_tracks_observable_dispositions ... ok
test dispatch::signal::tests::clone_thread_inherits_signal_mask_without_pending_or_altstack ... ok
test dispatch::signal::tests::cross_process_sigqueue_checks_guest_credentials_before_ring_capacity ... ok
test dispatch::signal::tests::cross_process_sigqueue_signal_zero_checks_guest_credentials ... ok
test dispatch::signal::tests::cross_process_sigqueue_usr1_ring_full_returns_eagain_without_host_kill_fallback ... ok
test dispatch::signal::tests::cross_process_xsig_policy_routes_unhostable_signals ... ok
test dispatch::signal::tests::dispatcher_action_binding_is_the_captured_kernel_sighand ... ok
test dispatch::signal::tests::exec_rekey_preserves_survivor_mask_and_pending_but_retires_siblings ... ok
test dispatch::signal::tests::execve_resets_caught_handlers_preserves_sig_ign_and_clears_altstack ... ok
test dispatch::signal::tests::fork_child_clears_old_and_new_pending_signal_state ... ok
test dispatch::signal::tests::fork_child_rekeys_active_handler_frames_for_ss_onstack ... ok
test dispatch::signal::tests::fork_child_retires_sibling_thread_signal_state ... ok
test dispatch::signal::tests::namespace_member_xsig_policy_routes_catchable_standard_signals ... ok
test dispatch::signal::tests::pending_hints_never_hide_deliverable_signals ... ok
test dispatch::signal::tests::per_tid_delivery_does_not_steal_process_directed_payload ... ok
test dispatch::signal::tests::process_child_exit_predicate_follows_surviving_thread_masks ... ok
test dispatch::signal::tests::process_directed_pending_is_consumable_by_any_thread ... ok
test dispatch::signal::tests::ring_drain_discards_thread_directed_for_exited_tid ... ok
test dispatch::signal::tests::ring_drain_publishes_process_directed_signal_visible_to_non_drainer ... ok
test dispatch::signal::tests::ring_drain_routes_thread_directed_to_target_tid_only ... ok
test dispatch::signal::tests::ring_drain_target_tid_zero_stays_process_directed ... ok
test dispatch::signal::tests::rt_signal_survives_handler_mask_restore ... ok
test dispatch::signal::tests::rt_signals_queue_while_standard_signals_coalesce ... ok
test dispatch::signal::tests::rt_sigqueueinfo_rejects_nonpositive_tgid_with_einval ... ok
test dispatch::signal::tests::rt_sigsuspend_keeps_temp_mask_only_when_a_caught_handler_will_run ... ok
test dispatch::signal::tests::rt_sigsuspend_releases_dispatch_before_waiting ... ok
test dispatch::signal::tests::sa_resethand_resets_disposition_to_default_on_handler_entry ... ok
test dispatch::signal::tests::sibling_thread_signal_snapshots_current_handler_action ... ok
test dispatch::signal::tests::sigaltstack_reports_ss_onstack_and_rejects_reconfigure_while_on_stack ... ok
test dispatch::signal::tests::siglongjmp_stale_altstack_frame_is_reconciled_from_guest_sp ... ok
test dispatch::signal::tests::sigqueueinfo_payload_uses_resolved_guest_main_thread_key ... ok
test dispatch::signal::tests::thread_directed_pending_action_survives_later_ignore_disposition ... ok
test dispatch::signal::tests::thread_signal_to_guest_main_tid_routes_to_registry_main_thread ... ok
test dispatch::signal::tests::wait_predicate_sees_shared_process_pending ... ok
test dispatch::sysv::ipc_set_tests::aborted_host_alias_leaves_sysv_attachment_and_nattch_exact ... ok
test dispatch::sysv::ipc_set_tests::explicit_shmat_rejects_dynamic_vma_overlap_before_alias_install ... ok
test dispatch::sysv::ipc_set_tests::explicit_shmat_rejects_real_boot_vma_overlap_before_alias_install ... ok
test dispatch::sysv::ipc_set_tests::scoped_host_sem_key_separates_run_scopes ... ok
test dispatch::sysv::ipc_set_tests::shmctl_ipc_set_stores_mode_and_round_trips_via_ipc_stat ... ok
test dispatch::sysv::ipc_set_tests::shmdt_ambiguous_backend_unmap_failure_aborts_with_sigabrt ... ok
test dispatch::sysv::ipc_set_tests::shmdt_success_retires_all_committed_mmap_metadata_before_attachment ... ok
test dispatch::time::rlimit_tests::fork_child_finite_cpu_limit_reports_injected_spawn_failure ... ok
test dispatch::time::rlimit_tests::fork_child_rearms_only_finite_inherited_cpu_limit ... ok
test dispatch::time::rlimit_tests::fork_gate_waits_for_real_enforcement_iteration ... ok
test dispatch::time::rlimit_tests::nofile_uses_process_override ... ok
test dispatch::time::rlimit_tests::unknown_resource_is_infinity ... ok
test dtrace_consumer::tests::bsd_dtrace_drop_ordinals_and_categories_are_pinned ... ok
test dtrace_consumer::tests::default_trace_options_print_remaining_aggregates ... ok
test dtrace_consumer::tests::join_ids_formats_comma_separated_decimal_ids ... ok
test dtrace_consumer::tests::native_amplification_capture_bound_is_a_substitutable_declared_parameter ... ok
test dtrace_consumer::tests::native_amplification_declares_buffer_headroom_over_the_fs_census ... ok
test dtrace_consumer::tests::native_amplification_emits_its_drop_section_unconditionally ... ok
test dtrace_consumer::tests::native_amplification_separates_inherited_window_closes_from_drops ... ok
test dtrace_consumer::tests::native_amplification_substitutes_one_header_and_one_terminal_roster ... ok
test dtrace_consumer::tests::native_shape_template_is_snapshot_only_and_tracks_one_population ... ok
test dtrace_consumer::tests::native_shape_template_tracks_lifecycle_and_exact_sections ... ok
test dtrace_consumer::tests::native_wall_copies_one_canonical_host_catalog ... ok
test dtrace_consumer::tests::native_wall_reports_dtrace_fault_details ... ok
test dtrace_consumer::tests::native_wall_reserves_space_for_wide_dynamic_values ... ok
test dtrace_consumer::tests::native_wall_watchdog_allows_perturbed_cold_builds_to_finish ... ok
test dtrace_consumer::tests::observed_compile_exec_and_go_failures_precede_child_launch ... ok
test dtrace_consumer::tests::observed_post_continue_failures_retain_exact_loss_and_interruption_report ... ok
test dtrace_consumer::tests::observed_public_surface_preserves_launch_state_on_failure ... ok
test dtrace_consumer::tests::post_stop_callback_returns_owned_value_and_maps_errors ... ok
test dtrace_consumer::tests::record_consumer_suppresses_exit_status_but_formats_protocol_records ... ok
test dtrace_consumer::tests::trace_exec_argv_with_credentials_uses_self_demoting_child ... ok
test dtrace_consumer::tests::trace_exec_argv_without_credentials_runs_child_directly ... ok
test dtrace_symbols::tests::apple_public_abi_layouts_are_exact ... ok
test dtrace_symbols::tests::apple_symbol_declarations_link_without_opening_dtrace ... ok
test dtrace_symbols::tests::borrowed_conversion_rejects_bad_strings_ranges_and_lookup_results ... ok
test dtrace_symbols::tests::borrowed_records_are_deep_copied_before_backing_storage_reuse ... ok
test dtrace_symbols::tests::census_aggregate_reconciliation_detects_internal_drift ... ok
test dtrace_symbols::tests::census_failure_classes_come_from_actual_lookup_validation_sources ... ok
test dtrace_symbols::tests::census_status_histogram_and_raw_fallback_are_aggregate_only ... ok
test dtrace_symbols::tests::census_trigger_matches_only_the_observed_mach_kernel_shape ... ok
test dtrace_symbols::tests::live_name_copy_accepts_bounded_private_and_aux_names_but_rejects_raw_fallback ... ok
test dtrace_symbols::tests::lookup_census_rejects_swapped_results_without_address_values ... ok
test dtrace_symbols::tests::lookup_census_reports_owner_duplicate_and_address_set_counts ... ok
test dtrace_symbols::tests::object_callback_captures_conversion_error_and_always_returns_zero ... ok
test dtrace_symbols::tests::object_info_status_does_not_decode_poisoned_output_and_copies_buffers ... ok
test dtrace_symbols::tests::optional_object_file_normalizes_empty_but_rejects_invalid_values ... ok
test dtrace_symbols::tests::other_zero_text_kernel_object_still_refines_and_publishes ... ok
test dtrace_symbols::tests::refinement_mismatch_diagnostic_preserves_the_valid_none_file_policy ... ok
test dtrace_symbols::tests::refinement_mismatch_diagnostics_name_every_changed_field_in_stable_order ... ok
test dtrace_symbols::tests::refinement_mismatch_diagnostics_report_only_the_changed_fields ... ok
test dtrace_symbols::tests::refinement_never_queries_nonzero_objects_and_rejects_ambiguous_names ... ok
test dtrace_symbols::tests::refinement_rejects_mismatched_records_and_unresolved_ranges ... ok
test dtrace_symbols::tests::resolver_orders_identity_update_iteration_and_lookups_once ... ok
test dtrace_symbols::tests::resolver_preserves_nonzero_object_publication_before_lookups ... ok
test dtrace_symbols::tests::sampled_overlay_empty_set_uses_sha256_of_empty_bytes ... ok
test dtrace_symbols::tests::sampled_overlay_exact_partition_is_sorted_hashed_and_identity_free ... ok
test dtrace_symbols::tests::sampled_overlay_preserves_non_census_status_for_frame_role_rejection ... ok
test dtrace_symbols::tests::sampled_overlay_rejects_duplicate_and_overlapping_results ... ok
test dtrace_symbols::tests::sampled_overlay_rejects_duplicate_requested_addresses ... ok
test dtrace_symbols::tests::sampled_overlay_rejects_each_empty_identity_field ... ok
test dtrace_symbols::tests::sampled_overlay_rejects_invalid_symbol_ranges_and_offsets ... ok
test dtrace_symbols::tests::sampled_overlay_rejects_missing_and_extra_results ... ok
test dtrace_symbols::tests::snapshot_consumes_the_live_symbolizer ... ok
test dtrace_symbols::tests::snapshot_rejects_invalid_identity_objects_symbols_and_conflicts ... ok
test dtrace_symbols::tests::snapshot_sorting_dedup_and_exact_reconciliation_are_deterministic ... ok
test dtrace_symbols::tests::unresolved_text_census_skips_object_info_after_one_update_and_iteration ... ok
test dtrace_symbols::tests::unresolved_text_runs_a_sorted_lookup_census_but_never_publishes ... ok
test dtrace_symbols::tests::zero_text_kernel_object_is_refined_once_before_symbol_lookup ... ok
test event_ring::tests::a_plausible_name_without_the_terminator_does_not_fire ... ok
test event_ring::tests::ar_member_header_payload_is_detected ... ok
test event_ring::tests::archive_magic_payload_is_not_a_member_header ... ok
test event_ring::tests::concurrent_reader_never_accepts_a_mixed_generation ... ok
test event_ring::tests::concurrent_wrap_never_accepts_payload_from_another_generation ... ok
test event_ring::tests::dsr_fault_events_preserve_full_width_pc_address_signal_and_esr ... ok
test event_ring::tests::futex_events_preserve_full_width_address_and_lifecycle_detail ... ok
test event_ring::tests::generation_protocol_accepts_only_matching_complete_slot ... ok
test event_ring::tests::generation_protocol_reports_busy_gap_overwrite_torn_and_unknown_kind ... ok
test event_ring::tests::generations_remain_ordered_across_the_old_high_bit_boundary ... ok
test event_ring::tests::hvpatch_process_exit_records_publication_boundary ... ok
test event_ring::tests::hvpatch_thread_teardown_event_carries_guest_process_thread_and_phase ... ok
test event_ring::tests::hvpatch_wait_event_carries_guest_identity_class_phase_and_fd_count ... ok
test event_ring::tests::hvpatch_wait_snapshot_correlates_identity_registers_and_primary_fd ... ok
test event_ring::tests::hvpatch_wait_target_joins_guest_child_pid_to_wait_id ... ok
test event_ring::tests::in_flight_writer_is_not_superseded_after_ring_wrap ... ok
test event_ring::tests::ordinary_and_short_payloads_do_not_fire ... ok
test event_ring::tests::slot_layout_matches_lldb_wire_reader ... ok
test eventfd_shm::tests::alloc_initializes_and_counters_are_shared_by_index ... ok
test exec_helpers::sigdeath_marker_tests::marker_round_trips_then_clears ... ok
test exec_helpers::tests::build_run_image_for_accepts_x86_64_machine ... ok
test exec_helpers::tests::debug_stop_signal_selector_accepts_comma_list ... ok
test exec_helpers::tests::ptrace_signal_stop_retries_busy_owner_without_losing_signal ... ok
test exec_helpers::tests::ptrace_signal_stop_route_delivers_normally_after_native_detach ... ok
test exec_helpers::tests::ptrace_signal_stop_route_keeps_sigkill_terminal ... ok
test exec_helpers::tests::ptrace_signal_stop_route_preserves_host_and_virtualizes_native_stops ... ok
test exec_helpers::tests::resolve_shebang_leaves_binaries_untouched_and_clamps_long_lines ... ok
test exec_helpers::tests::resolve_shebang_splices_interpreter_from_bounded_head ... ok
test exec_stamps::tests::related_and_reap_records_bind_the_exact_child ... ok
test exec_stamps::tests::run_completion_carries_the_transitive_child_cpu_denominator ... ok
test exec_stamps::tests::spawned_guest_process_exit_exports_both_terminal_stamps_before_raw_exit ... ok
test exec_stamps::tests::stamp_appends_one_line_per_phase_when_gated ... ok
test execute::exit_code_tests::cached_lower_existing_overlay_stays_conservative ... ok
test execute::exit_code_tests::cached_lower_hatch_preserves_materialized_root_setup ... ok
test execute::exit_code_tests::cached_lower_setup_leaves_the_per_run_upper_sparse ... ok
test execute::exit_code_tests::explicit_native_linux4k_uses_container_entrypoint_resolution ... ok
test execute::exit_code_tests::not_executable_maps_to_126_class_only ... ok
test execute::exit_code_tests::not_found_maps_to_127_class_only ... ok
test execute::exit_code_tests::seed_guest_baseline_adds_bridge_host_gateway_names ... ok
test execute::exit_code_tests::seed_guest_baseline_expands_extra_host_gateway_token ... ok
test execute::exit_code_tests::seed_guest_baseline_extra_hosts_override_generated_gateway_name ... ok
test execute::exit_code_tests::seed_guest_baseline_writes_extra_hosts_entries ... ok
test execute::exit_code_tests::seed_guest_baseline_writes_requested_hostname_surfaces ... ok
test file_authority::protocol::tests::every_command_and_outcome_variant_round_trips ... ok
test file_authority::protocol::tests::protocol_rejects_truncation_and_descriptor_count_mismatch ... ok
test file_authority::protocol::tests::request_and_response_frames_round_trip ... ok
test file_authority::root::tests::same_client_requests_cannot_overtake_an_in_flight_round_trip ... ok
test file_authority::tests::access_modes_reject_disallowed_io_without_publishing_a_revision ... ok
test file_authority::tests::authority_domains_round_trip_only_through_named_constructors ... ok
test file_authority::tests::canonical_paths_reject_ambiguous_spellings ... ok
test file_authority::tests::client_exit_reclaims_direct_and_ipc_capability_leases ... ok
test file_authority::tests::conflicting_duplicate_request_is_run_fatal ... ok
test file_authority::tests::direct_and_ipc_epoll_allows_duplicate_descriptor_registrations ... ok
test file_authority::tests::direct_and_ipc_epoll_lifecycle_tracks_forked_tables ... ok
test file_authority::tests::direct_and_ipc_epoll_rejects_sixth_nesting_level ... ok
test file_authority::tests::direct_and_ipc_event_counter_saturation_matches_linux ... ok
test file_authority::tests::direct_and_ipc_host_streams_own_io_and_poll_capabilities ... ok
test file_authority::tests::direct_and_ipc_io_uring_owns_both_backing_capabilities ... ok
test file_authority::tests::direct_and_ipc_mapping_attachments_outlive_slots_and_split_on_unmap ... ok
test file_authority::tests::direct_and_ipc_pipe_streams_preserve_shared_state_and_endpoint_lifetime ... ok
test file_authority::tests::direct_and_ipc_signalfd_masks_are_authority_owned ... ok
test file_authority::tests::direct_and_ipc_timer_expiration_is_authority_owned ... ok
test file_authority::tests::direct_and_ipc_transports_match_bounded_table_mutations ... ok
test file_authority::tests::direct_and_ipc_transports_match_epoll_model ... ok
test file_authority::tests::direct_and_ipc_transports_produce_identical_model_trace ... ok
test file_authority::tests::direct_and_ipc_transports_transfer_scoped_host_capability_leases ... ok
test file_authority::tests::direct_transport_replays_terminal_mutation_without_reapplying_it ... ok
test file_authority::tests::dup_and_hardlink_preserve_distinct_slot_and_namespace_reference_domains ... ok
test file_authority::tests::exec_of_shared_table_leaves_other_sharers_cloexec_slots_reachable ... ok
test file_authority::tests::exec_successor_unshares_table_and_drops_only_cloexec_slots ... ok
test file_authority::tests::exiting_one_shared_table_client_preserves_slots_for_the_other ... ok
test file_authority::tests::fork_copies_slots_but_shares_authority_owned_offset_and_vfs_bytes ... ok
test file_authority::tests::inherited_helper_endpoint_serializes_cross_process_requests ... ok
test file_authority::tests::ipc_authority_death_fails_closed ... ok
test file_authority::tests::native_reexec_successor_endpoint_is_authenticated_and_cloexec ... ok
test file_authority::tests::per_run_helper_bootstraps_authenticated_root_binding ... ok
test file_authority::tests::rejected_direct_and_ipc_adoptions_close_transferred_capabilities ... ok
test file_authority::tests::rename_between_hardlinks_to_the_same_object_is_a_noop ... ok
test file_authority::tests::rename_replaces_namespace_target_without_destroying_open_target ... ok
test file_authority::tests::serialized_client_requests_replace_prior_dedup_entries ... ok
test file_authority::tests::shared_table_uses_each_callers_process_domain_nofile_ceiling ... ok
test file_authority::tests::unlink_keeps_open_vfs_object_alive_until_last_description_closes ... ok
test fs_backend::tests::attach_shares_an_existing_scratch_across_handles ... ok
test fs_backend::tests::detached_reaper_removes_nonempty_tree ... ok
test fs_backend::tests::detached_reaper_survives_creator_process_group_cleanup ... ok
test fs_backend::tests::device_marker_flips_dir_overlay_interference ... ok
test fs_backend::tests::dir_cache_refuses_a_symlink_that_escapes_the_sandbox ... ok
test fs_backend::tests::dir_cache_resolves_a_directory_once_and_reuses_it ... ok
test fs_backend::tests::dir_cache_survives_a_file_create_and_unlink_storm ... ok
test fs_backend::tests::fork_descendant_does_not_claim_reexec_cleanup_lock ... ok
test fs_backend::tests::host_backend_reexec_authority_preserves_sparse_upper_fast_miss ... ok
test fs_backend::tests::host_backend_reexec_authority_reattaches_exact_root ... ok
test fs_backend::tests::host_backend_reexec_authority_rejects_substituted_root ... ok
test fs_backend::tests::host_backend_reexec_authority_transfers_ephemeral_cleanup ... ok
test fs_backend::tests::host_backend_survives_libc_fork_for_etc_hosts ... ok
test fs_backend::tests::host_child_names_only_immediate ... ok
test fs_backend::tests::host_deep_path_ops_beyond_path_max ... ok
test fs_backend::tests::host_extract_layers_streams_into_scratch ... ok
test fs_backend::tests::host_fast_open_containment_failure_falls_back_without_serving ... ok
test fs_backend::tests::host_fast_open_fifo_routes_to_nonblocking_open ... ok
test fs_backend::tests::host_fast_open_rejects_unicode_aliased_name ... ok
test fs_backend::tests::host_fast_open_serves_regular_file_fd_centrically ... ok
test fs_backend::tests::host_fast_open_symlink_leaf_falls_back_to_resolving_path ... ok
test fs_backend::tests::host_file_head_follows_symlinks_like_file_contents ... ok
test fs_backend::tests::host_file_head_matches_contents_prefix ... ok
test fs_backend::tests::host_guest_xattr_api_hides_all_internal_carrick_names ... ok
test fs_backend::tests::host_lookup_kind_fast_cases_preserve_symlink_fallback ... ok
test fs_backend::tests::host_lpath_xattrs_do_not_follow_final_symlink ... ok
test fs_backend::tests::host_may_have_fifo_nodes_tracks_durable_marker ... ok
test fs_backend::tests::host_mkdir_then_stat ... ok
test fs_backend::tests::host_new_in_parallel_allocation_survives_sweeper ... ok
test fs_backend::tests::host_open_create_and_trunc_keep_the_capstd_path ... ok
test fs_backend::tests::host_open_create_write_read ... ok
test fs_backend::tests::host_open_raw_fd_then_set_mode_visible_via_fget_xattr ... ok
test fs_backend::tests::host_readonly_open_prefers_writable_host_fd ... ok
test fs_backend::tests::host_rejects_path_escape ... ok
test fs_backend::tests::host_rename_overlay_file ... ok
test fs_backend::tests::host_resolve_following_enforces_symlink_hop_limit ... ok
test fs_backend::tests::host_seed_from_rootfs_materializes_through_cap_dir ... ok
test fs_backend::tests::host_set_mode_roundtrips_via_xattr_even_when_inaccessible ... ok
test fs_backend::tests::host_unlink_hides_rootfs_path ... ok
test fs_backend::tests::host_watch_fds_caches_source_fd_for_stable_fifo ... ok
test fs_backend::tests::layered_directory_entries_hide_internal_sidecar_names ... ok
test fs_backend::tests::marker_nodes_flip_dir_overlay_interference ... ok
test fs_backend::tests::memory_backend_rejects_native_reexec_authority ... ok
test fs_backend::tests::memory_child_names_only_immediate ... ok
test fs_backend::tests::memory_file_head_matches_contents_prefix ... ok
test fs_backend::tests::memory_mkdir_then_stat ... ok
test fs_backend::tests::memory_normalize_strips_root_and_collapses_dots ... ok
test fs_backend::tests::memory_open_create_write_read ... ok
test fs_backend::tests::memory_rename_overlay_file ... ok
test fs_backend::tests::memory_unlink_hides_rootfs_path ... ok
test fs_backend::tests::open_host_watch_fd_does_not_block_on_writerless_fifo ... ok
test fs_backend::tests::open_trusted_dir_fd_trusts_only_byte_exact_paths ... ok
test fs_backend::tests::rename_stops_the_old_directory_path_from_resolving ... ok
test fs_backend::tests::sparse_upper_fast_absence_disarms_before_a_symlink_is_visible ... ok
test fs_backend::tests::stat_cache_anchors_one_parent_dirfd_per_directory ... ok
test fs_resolve_cache::tests::a_mutation_racing_the_lookup_births_a_stale_entry ... ok
test fs_resolve_cache::tests::absent_key_misses ... ok
test fs_resolve_cache::tests::dir_generation_advances_monotonically ... ok
test fs_resolve_cache::tests::hit_is_served_until_the_generation_moves_on ... ok
test fs_resolve_cache::tests::path_and_dir_generations_are_independent_words ... ok
test fs_resolve_cache::tests::shared_generation_advances_monotonically ... ok
test host_tty::tests::cc_index_table_is_within_darwin_bounds ... ok
test host_tty::tests::cc_table_round_trip_vintr ... ok
test host_tty::tests::get_host_termios_returns_none_for_non_tty ... ok
test host_tty::tests::isatty_for_pipe_is_false ... ok
test host_tty::tests::make_raw_clears_icanon_and_echo ... ok
test host_tty::tests::make_raw_non_tty_returns_error ... ok
test host_tty::tests::make_raw_snapshot_survives_restore ... ok
test host_tty::tests::round_trip_lflag_canonical_bits ... ok
test host_tty::tests::with_sigttou_blocked_masks_during_closure_and_restores ... ok
test hvpatch::asid::tests::allocates_distinct_nonzero_asids_until_exhausted ... ok
test hvpatch::asid::tests::fresh_asids_are_consumed_before_a_retired_identifier_is_recycled ... ok
test hvpatch::asid::tests::rejects_retiring_an_asid_that_is_not_live ... ok
test hvpatch::asid::tests::retired_asid_is_quarantined_until_tlb_flush_is_acknowledged ... ok
test hvpatch::asid::tests::unpublished_asid_returns_without_entering_retirement_quarantine ... ok
test hvpatch::bank_resources::tests::delayed_old_generation_cleanup_cannot_touch_reused_pid ... ok
test hvpatch::bank_resources::tests::duplicate_exact_generation_does_not_consume_prepared_bank ... ok
test hvpatch::bank_resources::tests::exec_publishes_a_new_binding_without_mutating_the_old_observer ... ok
test hvpatch::bank_resources::tests::published_backend_retires_only_after_tlb_acknowledgement ... ok
test hvpatch::bank_resources::tests::shared_mm_child_does_not_retire_parent_lease ... ok
test hvpatch::bank_resources::tests::unpublished_child_preparation_rolls_back_bank_and_asid ... ok
test hvpatch::banked_mm::tests::dropped_preparation_returns_bank_and_asid_without_retirement_proof ... ok
test hvpatch::banked_mm::tests::fails_closed_when_vma_authority_is_unbound ... ok
test hvpatch::banked_mm::tests::old_observer_keeps_its_binding_after_exec_and_retirement ... ok
test hvpatch::info_page::tests::phase_one_layout_is_stable_and_fits_one_linux_page ... ok
test hvpatch::info_page::tests::serializes_fields_little_endian_and_zero_fills_the_page ... ok
test hvpatch::island::tests::phase_one_island_has_one_svc_and_non_linking_return_per_patch_site ... ok
test hvpatch::patcher::tests::encodes_forward_and_backward_b_at_range_edges ... ok
test hvpatch::patcher::tests::patched_syscall_branch_does_not_write_the_guest_link_register ... ok
test hvpatch::patcher::tests::patches_only_svc_zero_and_records_a_manifest ... ok
test hvpatch::patcher::tests::rejects_an_island_outside_every_patched_sites_branch_range ... ok
test hvpatch::patcher::tests::rejects_unaligned_addresses_but_preserves_trailing_region_bytes ... ok
test hvpatch::tests::assigns_a_near_island_to_each_distant_executable_region ... ok
test hvpatch::tests::banked_mm_reports_authoritative_mapping_ids_for_its_exact_mm ... ok
test hvpatch::tests::child_wait_retries_an_overlapping_exit_reservation ... ok
test hvpatch::tests::copied_mm_fork_keeps_the_prepared_banked_backend ... ok
test hvpatch::tests::destructive_exec_releases_the_vfork_parent_gate ... ok
test hvpatch::tests::dispatcher_binding_attaches_root_and_fork_child_vma_sources ... ok
test hvpatch::tests::dropped_exec_preparation_keeps_old_vma_observer_live ... ok
test hvpatch::tests::every_hvpatch_image_publishes_host_identity_before_preparation ... ok
test hvpatch::tests::exec_keeps_old_and_replacement_mm_observers_permanently_distinct ... ok
test hvpatch::tests::exec_replacement_is_repatched_only_for_the_hvpatch_backend ... ok
test hvpatch::tests::leaves_tpidr_el0_reads_unmodified ... ok
test hvpatch::tests::nonleader_exec_promotes_the_authoritative_hvpatch_survivor ... ok
test hvpatch::tests::prepares_loaded_text_with_near_island_and_fixed_info_page ... ok
test hvpatch::tests::process_adapter_publishes_and_retires_through_kernel_authority ... ok
test hvpatch::tests::root_kernel_mm_keeps_the_exact_banked_backend ... ok
test hvpatch::tests::shared_mm_fork_keeps_kernel_mm_and_vfork_release_authoritative ... ok
test hvpatch::tests::unacknowledged_exec_vma_change_cannot_detach_the_old_observer ... ok
test inotify::registry_tests::bounded_queue_appends_single_overflow_marker_then_drops ... ok
test inotify::registry_tests::encode_event_raw_lays_out_header_and_padded_name ... ok
test inotify::registry_tests::identical_successive_records_coalesce_until_read ... ok
test inotify::registry_tests::registry_routes_self_child_and_move_to_the_right_watch ... ok
test inotify::registry_tests::registry_unregister_and_rename_path_update_routing ... ok
test inotify::tests::mask_translation_round_trips_common_events ... ok
test inotify::tests::vnode_watch_reports_file_modification_as_in_modify ... ok
test kernel::address::tests::composes_validated_stage1_root_and_asid ... ok
test kernel::address::tests::rejects_unaligned_or_out_of_range_stage1_roots ... ok
test kernel::clone_plan::tests::fork_lifecycle_flags_have_typed_modes ... ok
test kernel::clone_plan::tests::invalid_linux_flag_dependencies_fail_closed ... ok
test kernel::clone_plan::tests::separate_tasks_may_share_vm_sighand_files_and_fs ... ok
test kernel::clone_plan::tests::thread_group_does_not_imply_shared_files_or_fs_context ... ok
test kernel::core::tests::context_captures_one_coherent_resource_generation ... ok
test kernel::core::tests::root_adapter_preserves_observed_pid_and_all_associations ... ok
test kernel::core::tests::task_binding_captures_explicit_worker_identity_and_rejects_stale_generation ... ok
test kernel::debug::endpoint::tests::a_dead_owner_is_reclaimed ... ok
test kernel::debug::endpoint::tests::a_live_owner_is_never_stolen ... ok
test kernel::debug::endpoint::tests::a_socket_with_no_owner_record_is_refused_rather_than_stolen ... ok
test kernel::debug::endpoint::tests::an_empty_run_id_is_refused ... ok
test kernel::debug::endpoint::tests::an_unbindable_path_is_refused_by_name ... ok
test kernel::debug::endpoint::tests::claim_creates_private_directories ... ok
test kernel::debug::endpoint::tests::distinct_run_ids_get_distinct_endpoints ... ok
test kernel::debug::endpoint::tests::reclaiming_our_own_record_is_idempotent ... ok
test kernel::debug::endpoint::tests::the_default_layout_fits_the_af_unix_path_limit ... ok
test kernel::debug::endpoint::tests::the_path_hashes_the_run_id_and_never_embeds_it ... ok
test kernel::debug::tests::a_filtered_request_carries_exactly_the_requested_tables ... ok
test kernel::debug::tests::a_live_server_serves_every_table_from_one_coherent_snapshot ... ok
test kernel::debug::tests::a_second_server_cannot_steal_a_live_endpoint ... ok
test kernel::debug::tests::shutdown_releases_the_socket ... ok
test kernel::debug::tests::the_client_reports_a_named_error_when_no_run_is_listening ... ok
test kernel::debug::tests::unknown_table_names_are_rejected_by_name ... ok
test kernel::debug::tests::validation_rejects_a_broken_join ... ok
test kernel::debug::tests::validation_rejects_a_duplicate_id ... ok
test kernel::debug::tests::validation_rejects_a_missing_requested_table ... ok
test kernel::debug::tests::validation_rejects_a_partial_frame ... ok
test kernel::debug::tests::validation_rejects_an_unknown_response_schema ... ok
test kernel::debug::wire::tests::a_frame_over_the_cap_is_refused_before_allocating ... ok
test kernel::debug::wire::tests::a_truncated_payload_is_refused_rather_than_returned_short ... ok
test kernel::debug::wire::tests::an_expired_deadline_reports_a_timeout_not_an_io_error ... ok
test kernel::debug::wire::tests::decode_rejects_json_with_trailing_content ... ok
test kernel::debug::wire::tests::framing_round_trips_over_a_real_socket_pair ... ok
test kernel::debug::wire::tests::round_trip_frame_preserves_payload_and_half_closes ... ok
test kernel::debug::wire::tests::trailing_bytes_after_the_declared_payload_are_refused ... ok
test kernel::exec::tests::dropped_preparation_resumes_active_sibling_before_releasing_reservation ... ok
test kernel::exec::tests::every_exec_failpoint_preserves_published_generation ... ok
test kernel::exec::tests::exit_cannot_reparent_an_exec_reserved_child ... ok
test kernel::exec::tests::failed_replacement_mm_preparation_restores_shared_child_and_reservation ... ok
test kernel::exec::tests::nonleader_exec_replaces_thread_group_and_drains_old_objects ... ok
test kernel::exec::tests::reservations_block_mutation_and_foreign_preparations_fail_closed ... ok
test kernel::exec::tests::shared_mm_child_exec_publishes_distinct_backend_without_mutating_parent ... ok
test kernel::exec::tests::surviving_nonleader_exec_reconstitutes_a_retired_leader_claim ... ok
test kernel::frame_inventory::tests::completed_mapping_churn_reclaims_rows_and_provenance ... ok
test kernel::frame_inventory::tests::duplicate_mapping_inside_one_reserved_batch_is_rejected_atomically ... ok
test kernel::frame_inventory::tests::every_event_failpoint_rolls_back_the_whole_batch ... ok
test kernel::frame_inventory::tests::guessed_ids_cannot_forge_a_reserved_transaction_capability ... ok
test kernel::frame_inventory::tests::high_alias_frame_keeps_constant_size_apply_state ... ok
test kernel::frame_inventory::tests::invalid_lifecycle_ordering_and_duplicate_mapping_roll_back_exactly ... ok
test kernel::frame_inventory::tests::one_frame_can_join_aliases_from_distinct_mms ... ok
test kernel::frame_inventory::tests::protect_then_atomic_unmap_retire_advances_generation_and_reclaims_rows ... ok
test kernel::frame_inventory::tests::rejects_an_unreserved_new_frame_even_with_a_reserved_mapping ... ok
test kernel::frame_inventory::tests::rejects_duplicate_transaction_generation_length_order_and_cross_mm_reuse ... ok
test kernel::frame_inventory::tests::shared_frame_aliases_and_copied_frames_have_exact_sorted_joins ... ok
test kernel::frame_inventory::tests::sparse_40_gib_extent_stays_one_k1_frame_and_mapping ... ok
test kernel::frame_inventory::tests::unpublished_prepare_rolls_back_without_revision_or_join_changes ... ok
test kernel::frame_inventory::tests::unused_candidate_ids_burn_in_the_runtime_registry ... ok
test kernel::ids::tests::group_and_session_ids_preserve_the_leader_domain ... ok
test kernel::ids::tests::linux_ids_reject_zero_and_negative_values ... ok
test kernel::ids::tests::object_ids_are_nonzero_and_never_reused ... ok
test kernel::ids::tests::restored_file_description_ids_advance_the_process_wide_allocator ... ok
test kernel::objects::tests::clone_flags_control_each_shared_object_independently ... ok
test kernel::objects::tests::compact_zombie_does_not_retain_task_resources ... ok
test kernel::objects::tests::epoll_rejects_self_and_nested_edges_and_uses_weak_targets ... ok
test kernel::objects::tests::exec_freeze_blocks_table_mutation_until_publication_boundary ... ok
test kernel::objects::tests::file_table_retirement_waits_for_admitted_functional_use ... ok
test kernel::objects::tests::fork_copies_splice_index_while_sharing_description_pushback_cell ... ok
test kernel::objects::tests::group_and_session_objects_hold_typed_namespace_claims ... ok
test kernel::objects::tests::group_claim_from_another_registry_is_rejected ... ok
test kernel::objects::tests::legal_thread_clone_can_copy_files_and_fs_independently ... ok
test kernel::objects::tests::pending_queue_coalesces_standard_and_preserves_realtime_fifo_payloads ... ok
test kernel::objects::tests::pidfd_target_does_not_keep_task_alive ... ok
test kernel::objects::tests::sighand_retains_full_actions_and_exec_preserves_only_ignore ... ok
test kernel::objects::tests::signal_authority_preserves_thread_first_same_signum_provenance ... ok
test kernel::objects::tests::task_owns_threads_without_a_strong_back_link_cycle ... ok
test kernel::objects::tests::task_pending_hint_never_hides_authoritative_queue_state ... ok
test kernel::objects::tests::thread_group_plan_cannot_create_a_new_task_shared_bundle ... ok
test kernel::objects::tests::thread_signal_lifecycle_transforms_preserve_linux_owners ... ok
test kernel::operations::credential_authority_tests::credential_publication_waits_for_task_reservation_without_recapture ... ok
test kernel::operations::credential_authority_tests::exec_retains_callers_credential_object ... ok
test kernel::operations::credential_authority_tests::fork_copies_values_with_distinct_credential_identity ... ok
test kernel::operations::credential_authority_tests::fork_from_nonleader_copies_the_callers_divergent_credentials ... ok
test kernel::operations::credential_authority_tests::replaced_callers_resources_reject_stale_exec_context ... ok
test kernel::operations::credential_authority_tests::sibling_credential_publication_does_not_stale_exact_exec_caller ... ok
test kernel::operations::credential_authority_tests::sibling_credential_publication_does_not_stale_exact_fork_caller ... ok
test kernel::operations::credential_authority_tests::sibling_thread_credential_cow_diverges_only_calling_thread ... ok
test kernel::operations::credential_authority_tests::stale_context_cannot_publish_credentials ... ok
test kernel::operations::tests::a_posted_signal_lands_in_the_target_queue_only ... ok
test kernel::operations::tests::bounded_operation_sequences_preserve_registry_invariants ... ok
test kernel::operations::tests::broadcast_excludes_the_caller_and_init ... ok
test kernel::operations::tests::child_exit_receipt_uses_parent_committed_during_reservation_wait ... ok
test kernel::operations::tests::child_start_gate_opens_only_after_fork_publication ... ok
test kernel::operations::tests::concurrent_thread_preparations_publish_against_the_latest_revision ... ok
test kernel::operations::tests::context_capture_never_mixes_association_generations ... ok
test kernel::operations::tests::copied_mm_fork_freezes_dispatch_before_capturing_ring_attachments ... ok
test kernel::operations::tests::dead_leader_claim_survives_task_exit_and_zombie_reap_until_context_drain ... ok
test kernel::operations::tests::delivery_wakes_the_target_after_the_signal_is_pending ... ok
test kernel::operations::tests::dropped_fork_preparation_cancels_materialized_child_gate ... ok
test kernel::operations::tests::dropped_fork_reservation_restores_identity_claim_counts ... ok
test kernel::operations::tests::dropped_published_fork_fail_safe_starts_instead_of_leaking_task ... ok
test kernel::operations::tests::every_identity_and_exit_failpoint_restores_registry_state ... ok
test kernel::operations::tests::every_prepare_failpoint_leaves_registry_unchanged ... ok
test kernel::operations::tests::every_thread_exit_failpoint_preserves_the_live_thread ... ok
test kernel::operations::tests::every_thread_failpoint_restores_claims_and_resource_references ... ok
test kernel::operations::tests::exact_generation_exit_waits_for_reservation_release_and_is_idempotent ... ok
test kernel::operations::tests::exact_pidfd_generation_never_follows_a_reused_numeric_pid ... ok
test kernel::operations::tests::exiting_parent_reparents_live_and_zombie_children_to_root ... ok
test kernel::operations::tests::fork_parent_selection_and_failpoint_preserve_exact_parentage ... ok
test kernel::operations::tests::fork_publishes_task_and_independently_selected_resources ... ok
test kernel::operations::tests::fork_reservation_stays_undiscoverable_until_backend_commit ... ok
test kernel::operations::tests::identity_failpoint_does_not_publish_partial_group ... ok
test kernel::operations::tests::legacy_aio_authority_follows_mm_sharing_not_file_table_sharing ... ok
test kernel::operations::tests::operation_lifetime_reservations_allow_thread_prepare_but_serialize_publication ... ok
test kernel::operations::tests::parent_cannot_change_process_group_after_child_exec ... ok
test kernel::operations::tests::posting_to_an_unknown_or_exiting_task_reports_no_delivery ... ok
test kernel::operations::tests::prepared_task_exit_publishes_reparenting_and_subscriber_once ... ok
test kernel::operations::tests::prepared_task_exit_reserves_affected_graph_and_drop_unlocks_it ... ok
test kernel::operations::tests::prepared_thread_publication_waits_for_an_overlapping_task_transaction ... ok
test kernel::operations::tests::process_group_membership_comes_from_the_kernel ... ok
test kernel::operations::tests::realtime_signals_queue_and_standard_signals_collapse ... ok
test kernel::operations::tests::registry_publishes_new_session_and_group_together ... ok
test kernel::operations::tests::registry_serializes_process_group_membership_transitions ... ok
test kernel::operations::tests::reservation_cannot_cross_kernel_identity ... ok
test kernel::operations::tests::reserved_pidfd_subscription_arms_only_with_fork_commit ... ok
test kernel::operations::tests::root_exit_before_descendant_exit_allows_orphan_teardown ... ok
test kernel::operations::tests::set_process_group_enforces_parent_session_and_group_policy_atomically ... ok
test kernel::operations::tests::sibling_publication_does_not_stale_a_fork_context ... ok
test kernel::operations::tests::sibling_publication_does_not_stale_a_thread_clone_context ... ok
test kernel::operations::tests::sibling_publication_does_not_stale_thread_exit ... ok
test kernel::operations::tests::stale_identity_reservations_cannot_commit ... ok
test kernel::operations::tests::task_exit_subscribers_observe_live_zombie_and_unknown_targets ... ok
test kernel::operations::tests::thread_clone_drop_cancels_before_publish_and_starts_after_publish ... ok
test kernel::operations::tests::thread_clone_keeps_task_shared_but_can_copy_files_and_fs ... ok
test kernel::operations::tests::thread_clone_reservation_keeps_tid_private_until_commit ... ok
test kernel::operations::tests::thread_exit_unpublishes_before_draining_its_tid_claim ... ok
test kernel::operations::tests::thread_reservation_waits_for_an_overlapping_task_transaction ... ok
test kernel::operations::tests::thread_start_gate_opens_only_after_clone_publication ... ok
test kernel::operations::tests::umask_updates_every_live_clone_fs_peer_without_sharing_identity ... ok
test kernel::operations::tests::vfork_parent_gate_releases_once_on_exec_or_exit ... ok
test kernel::operations::tests::zombie_holds_numeric_claim_until_consuming_wait ... ok
test kernel::registry::tests::allocator_wraps_and_skips_live_claims ... ok
test kernel::registry::tests::dropped_reservation_rolls_back_without_publication ... ok
test kernel::registry::tests::process_group_keeps_reaped_leader_number_reserved ... ok
test kernel::registry::tests::root_bootstrap_preserves_exact_tgid ... ok
test kernel::registry::tests::session_keeps_reaped_leader_number_reserved ... ok
test kernel::registry::tests::task_and_thread_ids_share_one_namespace ... ok
test kernel::snapshot::tests::duplicate_and_broken_bidirectional_joins_fail_closed ... ok
test kernel::snapshot::tests::epoch_and_revision_races_exhaust_three_retries ... ok
test kernel::snapshot::tests::malformed_backend_rows_and_mapping_joins_are_rejected ... ok
test kernel::snapshot::tests::pointer_distinct_bundle_key_collision_fails_closed ... ok
test kernel::snapshot::tests::pointer_distinct_stable_identity_collision_fails_closed ... ok
test kernel::snapshot::tests::reaped_zombie_context_and_bundles_drain_independently ... ok
test kernel::snapshot::tests::retained_exec_context_and_bundles_drain_until_their_own_last_owner ... ok
test kernel::snapshot::tests::retired_threads_remain_explicitly_draining ... ok
test kernel::snapshot::tests::snapshot_is_owned_sorted_and_strictly_joined ... ok
test kernel::snapshot::tests::snapshot_joins_multiple_ring_mappings_and_mapping_owned_description ... ok
test kernel::snapshot::tests::unavailable_authority_and_contention_fail_closed ... ok
test layer_cache::tests::clone_children_preserves_top_level_symlink ... ok
test layer_cache::tests::empty_layers_declines_cache ... ok
test layer_cache::tests::immutable_entry_is_reused_without_populating_a_scratch ... ok
test layer_cache::tests::immutable_entry_keys_changed_stacks_and_ignores_incomplete_builds ... ok
test layer_cache::tests::same_device_true_within_one_dir ... ok
test layer_cache::tests::stack_key_is_stable_and_order_sensitive ... ok
test namespace::pid::tests::file_backed_arena_is_shared_across_independent_mappings ... ok
test namespace::pid::tests::fill_member_preserves_generation_scoped_ptrace_state ... ok
test namespace::pid::tests::in_progress_registration_slot_is_not_visible ... ok
test namespace::pid::tests::pidns_descriptors ... ok
test namespace::pid::tests::reaped_member_slot_can_be_reused_without_recycling_ns_pid ... ok
test namespace::pid::tests::shared_region_alloc_register_translate ... ok
test namespace::pid::tests::sweep_keeps_records_awaiting_a_live_guest_reap ... ok
test namespace::pid::tests::sweep_releases_records_of_gone_owners_with_no_live_waiter ... ok
test namespace::pid::tests::sweep_skips_live_owners_and_tid_entries ... ok
test namespace::process::tests::docker_default_excludes_sys_resource ... ok
test namespace::process::tests::docker_default_has_setuid_setgid ... ok
test namespace::process::tests::docker_default_status_lines_match_observed ... ok
test namespace::process::tests::full_caps_covers_modeled_range ... ok
test namespace::process::tests::full_caps_is_map_write_privileged ... ok
test namespace::supervisor::tests::fully_gone_distinguishes_zombie_from_reaped ... ok
test namespace::supervisor::tests::handle_member_death_is_safe_without_region ... ok
test namespace::supervisor::tests::member_exit_status_harvested_from_poll_event ... ok
test namespace::supervisor::tests::recycled_pid_on_reused_slot_rearms_the_watch ... ok
test namespace::supervisor::tests::status_to_exit_code_maps_clean_exit ... ok
test namespace::user::tests::fresh_ns_has_empty_maps ... ok
test namespace::user::tests::gid_map_before_deny_is_eperm_for_unprivileged ... ok
test namespace::user::tests::identity_predicate ... ok
test namespace::user::tests::identity_renders_like_docker ... ok
test namespace::user::tests::identity_translates_one_to_one ... ok
test namespace::user::tests::initial_ns_is_identity ... ok
test namespace::user::tests::malformed_map_write_is_einval ... ok
test namespace::user::tests::parse_accepts_identity_full_extent ... ok
test namespace::user::tests::parse_rejects_malformed ... ok
test namespace::user::tests::parse_rejects_overlapping_inside ... ok
test namespace::user::tests::parse_rejects_overlapping_outside ... ok
test namespace::user::tests::parse_rejects_range_overflow ... ok
test namespace::user::tests::parse_rejects_too_many_lines ... ok
test namespace::user::tests::parse_rejects_zero_length ... ok
test namespace::user::tests::parse_single_and_multi_line ... ok
test namespace::user::tests::privileged_can_write_arbitrary_map ... ok
test namespace::user::tests::setgroups_write_validates_value ... ok
test namespace::user::tests::translate_inside_outside_and_overflow ... ok
test namespace::user::tests::uid_map_is_write_once ... ok
test namespace::user::tests::unprivileged_single_id_rule ... ok
test native::fork_child::tests::after_fork_child_steps_are_in_documented_order ... ok
test native::fork_child::tests::dispatcher_after_fork_child_drives_the_full_documented_list ... ok
test native::tests::native_entry_points_route_only_through_the_facade ... ok
test native_cfg_topology_tests::native_darwin_unconditional_import_has_unconditional_schema_module ... ok
test native_darwin::dsr::artifact_spike::tests::counter_artifact_replay_matches_fresh_metadata ... ok
test native_darwin::dsr::artifact_spike::tests::replay_matches_fresh_metadata_and_guest_result ... ok
test native_darwin::dsr::artifact_spike::tests::replay_refuses_a_trusted_entry_generation_mismatch ... ok
test native_darwin::dsr::block::tests::production_biased_exclusive_planner_records_only_safe_scratch_candidates ... ok
test native_darwin::dsr::block::tests::production_biased_planner_falls_back_for_sp_based_exclusive_region ... ok
test native_darwin::dsr::block::tests::production_biased_planner_records_audited_go_atomic_alu_bodies ... ok
test native_darwin::dsr::emit::tests::biased_constrained_writeback_load_overlap_fails_closed ... ok
test native_darwin::dsr::emit::tests::biased_dc_zva_lowers_inline_and_links_to_its_resume_pc ... ok
test native_darwin::dsr::emit::tests::biased_dual_virtual_cleanup_does_not_recommit_restored_scratch ... ok
test native_darwin::dsr::emit::tests::biased_in_range_memory_skips_fault_address_publication_store ... ok
test native_darwin::dsr::emit::tests::biased_memory_rejects_unsupported_families ... ok
test native_darwin::dsr::emit::tests::biased_memory_scratch_selection_handles_x16_x17_operands ... ok
test native_darwin::dsr::emit::tests::biased_recovery_offsets_transition_once_from_retry_to_resume ... ok
test native_darwin::dsr::emit::tests::biased_simd_pair_writeback_does_not_alias_gpr_base_by_register_number ... ok
test native_darwin::dsr::emit::tests::biased_simd_post_index_does_not_alias_gpr_base_by_register_number ... ok
test native_darwin::dsr::emit::tests::carrick_owned_emitted_blocks_contain_no_brk_transport ... ok
test native_darwin::dsr::emit::tests::direct_memory_emission_is_word_identical ... ok
test native_darwin::dsr::emit::tests::direct_memory_emission_matches_full_copy_block_bytes ... ok
test native_darwin::dsr::emit::tests::dsr_direct_memory_action_emits_the_original_word ... ok
test native_darwin::dsr::emit::tests::dsr_direct_unsupported_memory_action_emits_the_original_word ... ok
test native_darwin::dsr::emit::tests::dsr_direct_unsupported_memory_keeps_virtual_index_rewrite ... ok
test native_darwin::dsr::emit::tests::dsr_emission_component_benchmark ... ignored, explicit opt-in native DSR emission component benchmark
test native_darwin::dsr::emit::tests::dsr_emit_continue_exit_is_a_lazy_direct_link ... ok
test native_darwin::dsr::emit::tests::dsr_emit_copy_only_block_decodes_back_with_exact_maps ... ok
test native_darwin::dsr::emit::tests::dsr_emit_direct_link_and_indirect_resolver_exit ... ok
test native_darwin::dsr::emit::tests::dsr_emit_relocates_pc_relative_address_subset ... ok
test native_darwin::dsr::emit::tests::dsr_every_emitted_instruction_has_a_guest_pc_mapping ... ok
test native_darwin::dsr::emit::tests::dsr_generation_guard_has_recovery_for_every_interruptible_instruction ... ok
test native_darwin::dsr::emit::tests::dsr_indirect_resolver_recovery_is_contiguous_after_scratch_mutation ... ok
test native_darwin::dsr::emit::tests::dsr_return_publishes_guest_lr_without_physical_x18_staging ... ok
test native_darwin::dsr::emit::tests::dual_virtual_move_commits_x28_snapshot ... ok
test native_darwin::dsr::emit::tests::emission_component_output_has_stable_machine_keys ... ok
test native_darwin::dsr::emit::tests::exclusive_region_emission::biased_exclusive_emitted_map_resumes_each_guest_instruction_exactly ... ok
test native_darwin::dsr::emit::tests::exclusive_region_emission::biased_exclusive_memory_tripwire_still_fires ... ok
test native_darwin::dsr::emit::tests::exclusive_region_emission::biased_exclusive_recovery_preserves_captured_state_at_every_boundary ... ok
test native_darwin::dsr::emit::tests::exclusive_region_emission::biased_fused_region_inserts_no_nzcv_writing_word ... ok
test native_darwin::dsr::emit::tests::exclusive_region_emission::biased_region_recovery_covers_every_post_spill_instruction ... ok
test native_darwin::dsr::emit::tests::exclusive_region_emission::biased_region_rewrites_only_the_exclusive_base_and_keeps_pair_clean ... ok
test native_darwin::dsr::emit::tests::exclusive_region_emission::biased_region_slow_stub_restores_scratches_before_sensitive_exit ... ok
test native_darwin::dsr::emit::tests::exclusive_region_emission::emits_clrex_on_the_compare_failure_edge_only ... ok
test native_darwin::dsr::emit::tests::exclusive_region_emission::emits_load_and_store_verbatim_and_adjacent ... ok
test native_darwin::dsr::emit::tests::exclusive_region_emission::re_encoded_region_branches_decode_and_target_their_trampolines ... ok
test native_darwin::dsr::emit::tests::recorded_emission_normalizes_process_bindings_and_replays_metadata ... ok
test native_darwin::dsr::gateway::component_benchmark_tests::component_output_has_stable_machine_keys ... ok
test native_darwin::dsr::gateway::component_benchmark_tests::component_summary_reports_per_operation_latency ... ok
test native_darwin::dsr::gateway::component_benchmark_tests::dsr_gateway_closure_component_benchmark ... ignored, explicit opt-in native DSR closure decomposition
test native_darwin::dsr::gateway::component_benchmark_tests::dsr_gateway_component_benchmark ... ignored, explicit opt-in native DSR component microbenchmark
test native_darwin::dsr::oracle::biased_literal_load_commits_virtual_x18 ... ok
test native_darwin::dsr::oracle::biased_live_fault_inside_a_fused_segment_reports_guest_pc_and_keeps_x17 ... ok
test native_darwin::dsr::oracle::biased_live_signal_gateway_recovers_pre_and_post_operation_faults ... ok
test native_darwin::dsr::oracle::biased_memequal_vector_sequence_compares_equal_blocks ... ok
test native_darwin::dsr::oracle::biased_memory_families_access_guest_data ... ok
test native_darwin::dsr::oracle::biased_memory_preserves_nzcv_for_the_following_conditional_instruction ... ok
test native_darwin::dsr::oracle::biased_out_of_aperture_accesses_execute_the_cold_fault_arm ... ok
test native_darwin::dsr::oracle::biased_pre_post_writeback_stays_in_guest_coordinates ... ok
test native_darwin::dsr::oracle::biased_recovery_matrix_routes_every_offset_through_finish_exit ... ok
test native_darwin::dsr::oracle::biased_simd_pair_preindex_preserves_register_files_and_writeback ... ok
test native_darwin::dsr::oracle::biased_simd_structure_post_index_matches_memequal_load ... ok
test native_darwin::dsr::oracle::biased_wrapped_negative_literal_fault_reports_guest_address ... ok
test native_darwin::dsr::oracle::biased_x16_x17_and_store_families_execute_architecturally ... ok
test native_darwin::dsr::oracle::compact_chained_writeback_scratch_survives_every_recovery_point ... ok
test native_darwin::dsr::oracle::dsr_code_write_severs_incoming_private_links ... ok
test native_darwin::dsr::oracle::dsr_code_write_stales_private_trusted_indirect_entry ... ok
test native_darwin::dsr::oracle::dsr_concurrency_kick_exits_guarded_linked_loop_without_corrupting_guest_state ... ok
test native_darwin::dsr::oracle::dsr_direct_flow_condition_codes_and_virtual_x18_bits_choose_guest_edges ... ok
test native_darwin::dsr::oracle::dsr_direct_flow_conditional_edges_select_taken_and_fallthrough_links ... ok
test native_darwin::dsr::oracle::dsr_direct_flow_linked_backward_loop_reaches_fallthrough ... ok
test native_darwin::dsr::oracle::dsr_direct_flow_linked_branch_stays_in_translated_code_and_preserves_x17 ... ok
test native_darwin::dsr::oracle::dsr_direct_flow_linked_call_observes_guest_lr ... ok
test native_darwin::dsr::oracle::dsr_direct_flow_unresolved_branch_reports_guest_target ... ok
test native_darwin::dsr::oracle::dsr_dual_virtual_add_commits_guest_x18_from_guest_x28 ... ok
test native_darwin::dsr::oracle::dsr_dual_virtual_load_commits_guest_x18_and_ordinary_destination ... ok
test native_darwin::dsr::oracle::dsr_dual_virtual_read_only_store_uses_guest_x18_and_x28 ... ok
test native_darwin::dsr::oracle::dsr_fused_superblock_runs_both_segments_and_preserves_guest_x17 ... ok
test native_darwin::dsr::oracle::dsr_fused_superblock_stale_generation_exits_before_either_segment ... ok
test native_darwin::dsr::oracle::dsr_gateway_entry_publishes_its_executable_range_catalog_to_the_signal_handler ... ok
test native_darwin::dsr::oracle::dsr_gateway_preserves_full_state_around_enumerated_change ... ok
test native_darwin::dsr::oracle::dsr_generation_guard_rejects_stale_block_before_guest_instruction ... ok
test native_darwin::dsr::oracle::dsr_guarded_link_after_virtual_x18_condition_preserves_guest_x17 ... ok
test native_darwin::dsr::oracle::dsr_host_window_kick_is_deferred_to_next_gateway_entry ... ok
test native_darwin::dsr::oracle::dsr_indirect_cache_keeps_old_index_aliases_hot ... ok
test native_darwin::dsr::oracle::dsr_indirect_flow_blr_sets_guest_link_and_alternates_targets ... ok
test native_darwin::dsr::oracle::dsr_indirect_flow_branch_reads_virtual_guest_x18 ... ok
test native_darwin::dsr::oracle::dsr_indirect_flow_cache_hit_stays_in_translated_code ... ok
test native_darwin::dsr::oracle::dsr_indirect_flow_cached_blr_sets_guest_link_register ... ok
test native_darwin::dsr::oracle::dsr_indirect_flow_unresolved_return_reports_guest_register_target ... ok
test native_darwin::dsr::oracle::dsr_indirect_private_trusted_call_takes_the_fast_path ... ok
test native_darwin::dsr::oracle::dsr_live_kick_inside_compact_biased_writeback_keeps_the_base_unbiased ... ok
test native_darwin::dsr::oracle::dsr_live_kick_inside_fused_biased_exclusive_region_restores_both_scratch_gprs ... ok
test native_darwin::dsr::oracle::dsr_pc_relative_adr_materializes_guest_target ... ok
test native_darwin::dsr::oracle::dsr_pc_relative_adrp_writes_virtual_guest_x18_without_clobbering_x17 ... ok
test native_darwin::dsr::oracle::dsr_pc_relative_literal_load_reads_guest_address ... ok
test native_darwin::dsr::oracle::dsr_pc_relative_literals_cover_integer_simd_prefetch_and_virtual_x18 ... ok
test native_darwin::dsr::oracle::dsr_pending_kick_during_gateway_entry_keeps_guest_pc ... ok
test native_darwin::dsr::oracle::dsr_phase_zero_host_kick_keeps_original_guest_snapshot ... ok
test native_darwin::dsr::oracle::dsr_reinstall_clears_inherited_host_window_kick ... ok
test native_darwin::dsr::oracle::dsr_second_kick_before_signal_exit_keeps_the_first_cache_exit ... ok
test native_darwin::dsr::oracle::dsr_sensitive_flow_reports_guest_pc_and_resume ... ok
test native_darwin::dsr::oracle::dsr_signal_fault_preserves_destination_in_expanded_literal_load ... ok
test native_darwin::dsr::oracle::dsr_signal_fault_reconstructs_copied_instruction_pc ... ok
test native_darwin::dsr::oracle::dsr_signal_fault_recovers_context_when_physical_x28_is_zero ... ok
test native_darwin::dsr::oracle::dsr_signal_fault_recovers_scratch_in_expanded_x18_load ... ok
test native_darwin::dsr::oracle::dsr_virtual_counter_kicks_retry_before_and_preserve_after_commit ... ok
test native_darwin::dsr::oracle::dsr_virtual_counter_preserves_destination_matrix ... ok
test native_darwin::dsr::oracle::dsr_virtual_counter_tracks_suspend_excluding_uptime ... ok
test native_darwin::dsr::oracle::dsr_virtual_reserved_scratch_rewrites_destination_and_survives_the_gateway ... ok
test native_darwin::dsr::oracle::dsr_virtual_x18_madd_then_aliasing_loads_preserve_computed_address ... ok
test native_darwin::dsr::oracle::dsr_virtual_x18_rewrites_destination_and_distinct_x17_operand ... ok
test native_darwin::dsr::oracle::dsr_virtual_x28_rewrites_destination_and_distinct_x17_operand ... ok
test native_darwin::dsr::oracle::generation_guard_preserves_guest_scratch_registers_and_flags ... ok
test native_darwin::dsr::oracle::published_shared_block_prevents_second_process_translation ... ok
test native_darwin::dsr::oracle::translated_block_is_published_on_retirement_and_reused ... ok
test native_darwin::dsr::tests::a_drain_leaves_the_process_wide_resolver_delta_to_the_draining_threads_record ... ok
test native_darwin::dsr::tests::adr_targets_follow_signed_imm21 ... ok
test native_darwin::dsr::tests::adrp_targets_follow_signed_page_imm21 ... ok
test native_darwin::dsr::tests::biased_exclusive_recovery_restores_both_scratch_registers ... ok
test native_darwin::dsr::tests::biased_exclusive_retry_recovery_is_not_instruction_complete ... ok
test native_darwin::dsr::tests::biased_recovery_commits_register_sp_and_virtual_bases_last ... ok
test native_darwin::dsr::tests::biased_recovery_resume_and_wrapping_writeback_are_architectural ... ok
test native_darwin::dsr::tests::classifies_conditional_compare_test_and_indirect_calls ... ok
test native_darwin::dsr::tests::classifies_copy_syscall_and_control_flow ... ok
test native_darwin::dsr::tests::classifies_pc_relative_and_sensitive_operations ... ok
test native_darwin::dsr::tests::copy_subset_never_contains_virtualized_registers ... ok
test native_darwin::dsr::tests::copy_subset_rejects_virtualized_register_operands ... ok
test native_darwin::dsr::tests::direct_branch_targets_follow_signed_imm26 ... ok
test native_darwin::dsr::tests::disabled_profiling_thread_never_registers_a_sibling_slot ... ok
test native_darwin::dsr::tests::dsr_cache_child_discards_inherited_unpublished_write ... ok
test native_darwin::dsr::tests::dsr_cache_exhaustion_is_a_typed_error ... ok
test native_darwin::dsr::tests::dsr_cache_published_code_is_fork_inherited ... ok
test native_darwin::dsr::tests::dsr_cache_publishes_executable_aarch64_code ... ok
test native_darwin::dsr::tests::dsr_cache_second_publication_executes_new_instructions ... ok
test native_darwin::dsr::tests::dsr_cache_write_and_execute_phases_are_disjoint ... native Darwin fatal signal 10 pc=0x0000000106f54000 sp=0x000000016f6d23c0 lr=0x0000000102111e3c x0=0x0000000106f54000 esr=0x000000008200000f far=0x0000000106f54000 addr=0x0000000106f54000 tpidr=0x0000000000000009 saved_host_tpidr=0x0000000000000000 image_base=0x0000000100934000
native Darwin fatal signal 10 pc=0x0000000102769a98 sp=0x000000016f6d2310 lr=0x0000000102769a8c x0=0x0000000000000001 esr=0x000000009200004f far=0x0000000106f54000 addr=0x0000000106f54000 tpidr=0x0000000000001007 saved_host_tpidr=0x0000000000000000 image_base=0x0000000100934000
ok
test native_darwin::dsr::tests::dsr_counter_register_reads_execute_directly ... ok
test native_darwin::dsr::tests::dsr_exec_switch_keeps_retiring_translator_metadata_alive ... ok
test native_darwin::dsr::tests::dsr_fork_child_exec_reuses_and_clears_inherited_translator ... ok
test native_darwin::dsr::tests::dsr_indirect_resolver_stats_start_at_zero ... ok
test native_darwin::dsr::tests::dsr_static_elf_instruction_contract_audit ... ignored, set CARRICK_DSR_SCAN_CORPUS to audit a directory of AArch64 ELFs
test native_darwin::dsr::tests::dsr_static_elf_reserved_register_decode_audit ... ignored, set CARRICK_DSR_SCAN_ELF to audit a built AArch64 ELF
test native_darwin::dsr::tests::dsr_translation_result_distinguishes_publish_and_index_hit ... ok
test native_darwin::dsr::tests::dsr_vdso_reserved_register_decode_audit ... ok
test native_darwin::dsr::tests::exclusive_fusion_sites_deduplicate_across_generations ... ok
test native_darwin::dsr::tests::exec_finalizes_coherent_pre_and_post_eras ... ok
test native_darwin::dsr::tests::exec_handoff_starts_a_new_fusion_site_epoch ... ok
test native_darwin::dsr::tests::exit_group_drain_emits_a_registered_but_unflushed_siblings_record ... ok
test native_darwin::dsr::tests::exit_group_drain_never_reemits_a_thread_that_already_self_flushed ... ok
test native_darwin::dsr::tests::failed_self_reexec_restart_preserves_image_epoch_and_catalog ... ok
test native_darwin::dsr::tests::fork_child_reset_does_not_mix_parent_profile_identity ... ok
test native_darwin::dsr::tests::generation_change_discards_last_prepared_entry ... ok
test native_darwin::dsr::tests::large_pre_exec_catalog_is_not_carried_into_replacement_translator ... ok
test native_darwin::dsr::tests::post_exec_seeded_era_thread_cpu_excludes_the_installed_baseline ... ok
test native_darwin::dsr::tests::process_resolver_deltas_are_counted_exactly_once_across_threads ... ok
test native_darwin::dsr::tests::read_fast_path_hits_warm_cache_without_mut_access ... ok
test native_darwin::dsr::tests::read_fast_path_never_returns_a_stale_generation_block ... ok
test native_darwin::dsr::tests::repeated_prepare_keeps_valid_last_entry_hot ... ok
test native_darwin::dsr::tests::resolver_overflow_invalidates_and_finalization_is_idempotent ... ok
test native_darwin::dsr::tests::sibling_flush_is_exactly_once_when_a_drain_races_a_self_flush ... ok
test native_darwin::dsr::tests::take_profile_frames_emits_typed_attribution_frames ... ok
test native_darwin::dsr::tests::thread_exit_flushes_the_exiting_threads_profile_record ... ok
test native_darwin::dsr::tests::thread_translator_stores_the_guest_tid ... ok
test native_darwin::tests::abandoned_biased_exec_preparation_preserves_the_old_image ... ok
test native_darwin::tests::activation_failure_suppresses_publication_install_and_resume ... ok
test native_darwin::tests::arbitrary_high_et_exec_uses_direct_dsr_coordinates ... ok
test native_darwin::tests::arbitrary_host_pointer_is_not_a_guest_fault ... ok
test native_darwin::tests::biased_address_above_ceiling_cannot_alias_an_outside_host_sentinel ... ok
test native_darwin::tests::biased_alias_remap_discards_stale_page_protection ... ok
test native_darwin::tests::biased_guest_execve_transfers_owned_overlap_to_high_direct_target ... ok
test native_darwin::tests::biased_memory_keeps_guest_coordinates_at_runtime_boundaries ... ok
test native_darwin::tests::biased_memory_preserves_synthetic_guest_brk_address ... ok
test native_darwin::tests::biased_memory_translates_host_fault_address_once ... ok
test native_darwin::tests::biased_owned_guard_gap_lowers_without_accepting_arbitrary_host_memory ... ok
test native_darwin::tests::biased_source_rejects_direct_target_only_collision_before_retirement ... ok
test native_darwin::tests::biased_stack_ceiling_is_exclusive_without_rejecting_its_last_byte ... ok
test native_darwin::tests::biased_vdso_and_vvar_remain_guest_addressed ... ok
test native_darwin::tests::code_snapshot_metadata_authenticates_exact_bytes ... ok
test native_darwin::tests::deferred_exec_digest_lets_dsr_derive_mapped_identity ... ok
test native_darwin::tests::deferred_exec_load_skips_full_file_digest_with_persistent_store_enabled ... ok
test native_darwin::tests::direct_exec_preserves_the_identity_fast_path_and_owned_ranges ... ok
test native_darwin::tests::direct_source_rejects_direct_target_only_collision_before_retirement ... ok
test native_darwin::tests::dispatcher_wake_owner_is_selected_by_execution_backend ... ok
test native_darwin::tests::dsr_direct_flow_runtime_resolves_and_links_backward_loop ... ok
test native_darwin::tests::dsr_exclusive_reservation_survives_typed_block_boundaries ... ok
test native_darwin::tests::dsr_exclusive_scalar_subword_widths_use_the_software_reservation ... ok
test native_darwin::tests::dsr_gateway_dispatches_straight_line_getpid_write_and_exit ... ok
test native_darwin::tests::dsr_gateway_keeps_kicks_deliverable_across_host_and_guest_windows ... ok
test native_darwin::tests::dsr_generation_guard_preserves_x16_x17_and_flags_across_linked_blocks ... ok
test native_darwin::tests::dsr_indirect_flow_runtime_calls_and_returns_through_guest_lr ... ok
test native_darwin::tests::dsr_indirect_flow_runtime_lowers_invalid_targets_to_guest_signals ... ok
test native_darwin::tests::dsr_original_executable_page_is_a_nonexecute_backstop ... ok
test native_darwin::tests::dsr_sensitive_flow_runtime_reuses_native_system_register_semantics ... ok
test native_darwin::tests::dsr_signal_fault_runtime_lowers_cache_pc_to_guest_sigsegv ... ok
test native_darwin::tests::dsr_signal_fault_runtime_lowers_guest_brk_to_sigtrap ... ok
test native_darwin::tests::exclusive_invalidation_works_through_shared_ref ... ok
test native_darwin::tests::exclusive_load_for_restores_host_lift_on_unsupported_width_error ... ok
test native_darwin::tests::exclusive_store_for_restores_host_lift_on_unsupported_width_error ... ok
test native_darwin::tests::exec_replacement_interrupts_native_futex_wait ... ok
test native_darwin::tests::exec_transition_external_private_lease_rejects_before_ponr_and_token_retries ... ok
test native_darwin::tests::exec_transition_fresh_candidate_stays_dormant_without_retiring_catalog_reset ... ok
test native_darwin::tests::exec_transitions_preserve_guest_addresses_across_modes ... ok
test native_darwin::tests::exited_leader_parks_when_image_replaced_by_exec ... ok
test native_darwin::tests::failed_biased_exec_preselection_preserves_the_old_image ... ok
test native_darwin::tests::fork_child_exec_reuses_translator_and_reselects_layout ... ok
test native_darwin::tests::fork_child_inherits_the_parent_bias ... ok
test native_darwin::tests::fork_child_may_create_guest_threads_by_default ... ok
test native_darwin::tests::fork_child_registers_kick_target_before_replacement_pump_consumes_pending ... ok
test native_darwin::tests::fork_child_reset_skips_cow_locked_kick_registry ... ok
test native_darwin::tests::fork_child_translator_error_aborts_service_before_all_resume_events ... ok
test native_darwin::tests::fork_quiesce_parks_native_sibling_and_reregisters_kicker ... ok
test native_darwin::tests::guest_execve_runs_all_required_address_mode_transitions ... ok
test native_darwin::tests::host_alias_publishers_are_classified_mapping_mutators ... ok
test native_darwin::tests::host_ptr_for_read_returns_none_for_guarded_range ... ok
test native_darwin::tests::host_ptr_for_read_returns_none_for_no_access_range ... ok
test native_darwin::tests::host_ptr_for_read_returns_none_for_range_spanning_two_regions ... ok
test native_darwin::tests::host_ptr_for_read_returns_none_for_unmapped_range ... ok
test native_darwin::tests::host_ptr_for_read_returns_pointer_for_contiguous_readable_range ... ok
test native_darwin::tests::host_ptr_for_write_returns_none_for_exec_range ... ok
test native_darwin::tests::host_ptr_for_write_returns_none_for_read_only_range ... ok
test native_darwin::tests::host_ptr_for_write_returns_pointer_for_writable_non_exec_range ... ok
test native_darwin::tests::immutable_config_reads_lock_free ... ok
test native_darwin::tests::initial_start_hands_off_once_while_detached_start_only_installs ... ok
test native_darwin::tests::later_fixed_mapping_rejects_unowned_biased_host_range ... ok
test native_darwin::tests::linux4k_exclusive_load_store_round_trip_uses_explicit_reservation ... ok
test native_darwin::tests::linux4k_protect_coalesces_across_exec_icache_subset_pages ... ok
test native_darwin::tests::linux4k_protect_coalesces_uniform_host_pages_into_one_call ... ok
test native_darwin::tests::linux4k_protect_splits_runs_where_final_host_prot_differs ... ok
test native_darwin::tests::low_et_exec_null_dereference_delivers_zero_si_addr ... ok
test native_darwin::tests::low_et_exec_selects_biased_mode_and_exits_zero ... ok
test native_darwin::tests::mapping_mutator_numbers_match_linux_abi_names ... ok
test native_darwin::tests::mapping_mutators_take_write_guard ... ok
test native_darwin::tests::native16k_dsr_exec_protection_preserves_linux_syscall_words ... ok
test native_darwin::tests::native16k_dsr_write_exec_allows_later_clone_thread ... ok
test native_darwin::tests::native16k_exec_protect_coalesces_both_phases_over_the_run ... ok
test native_darwin::tests::native16k_protect_back_to_default_removes_stored_entry ... ok
test native_darwin::tests::native16k_protect_coalesces_contiguous_same_prot_pages_into_one_call ... ok
test native_darwin::tests::native16k_protect_splits_coalesced_runs_at_region_gaps ... ok
test native_darwin::tests::native16k_protect_to_non_default_prot_stores_entry ... ok
test native_darwin::tests::native16k_protect_to_region_default_stores_no_entry ... ok
test native_darwin::tests::native16k_protection_transaction_rolls_back_late_host_failure ... ok
test native_darwin::tests::native16k_write_exec_does_not_consume_data_translation_fault ... ok
test native_darwin::tests::native16k_write_exec_does_not_consume_instruction_translation_fault ... ok
test native_darwin::tests::native16k_write_exec_rejects_later_vfork ... ok
test native_darwin::tests::native16k_write_exec_rejects_same_page_self_modification ... ok
test native_darwin::tests::native16k_zero_backing_replaces_readonly_page ... ok
test native_darwin::tests::native_biased_exec_replacement_adopts_the_aperture_owner ... ok
test native_darwin::tests::native_bridge_unblocks_host_transport_signals_per_thread ... ok
test native_darwin::tests::native_child_exit_publication_between_futex_predicate_and_park_is_not_lost ... ok
test native_darwin::tests::native_child_exit_watch_publishes_asynchronously ... ok
test native_darwin::tests::native_child_exit_watch_recovers_from_dead_watcher_fd ... ok
test native_darwin::tests::native_clone_child_context_sets_linux_entry_registers ... ok
test native_darwin::tests::native_direct_exec_replacement_reservation_is_the_target_owner ... ok
test native_darwin::tests::native_dispatch_memory_escalates_to_write_for_a_write_exec_page ... ok
test native_darwin::tests::native_dispatch_memory_host_ptr_for_write_declines_exec_range ... ok
test native_darwin::tests::native_dispatch_memory_host_ptr_for_write_zero_copies_under_read_guard ... ok
test native_darwin::tests::native_dispatch_memory_panics_on_a_mapping_mutator_call ... fork-test child panicked at crates/carrick-runtime/src/native_darwin.rs:6676:9:
internal error: entered unreachable code: native_syscall_mutates_mappings classified this syscall read-only, but its handler called set_no_access (a mapping-table mutator)
ok
test native_darwin::tests::native_dispatch_memory_read_classified_syscall_reads_and_writes_data ... ok
test native_darwin::tests::native_dynamic_loader_owns_main_relocations ... ok
test native_darwin::tests::native_fd_wait_deadline_survives_wait_variant_changes ... ok
test native_darwin::tests::native_file_backed_mapping_is_cow_isolated_across_repeat_execs ... ok
test native_darwin::tests::native_file_backed_mapping_matches_anonymous_bytes ... ok
test native_darwin::tests::native_fork_child_timer_publication_uses_one_direct_kick ... ok
test native_darwin::tests::native_host_signal_pump_closes_private_futex_park_window ... ok
test native_darwin::tests::native_initial_mapping_does_not_close_self_reexec_restore ... ok
test native_darwin::tests::native_kick_handler_ignores_ordinary_broken_pipe ... ok
test native_darwin::tests::native_kick_state_coalesces_until_acknowledged ... ok
test native_darwin::tests::native_linux4k_guard_blocks_direct_access_but_allows_backing_copy ... ok
test native_darwin::tests::native_linux4k_guard_emulates_atomic_fetch_add ... ok
test native_darwin::tests::native_linux4k_guard_emulates_exclusive_compare_exchange ... ok
test native_darwin::tests::native_linux4k_guard_emulates_scalar_load ... ok
test native_darwin::tests::native_map_stamps_vvar_and_patches_vdso_svc ... ok
test native_darwin::tests::native_mapping_classes_survive_shared_inheritance_fork ... ok
test native_darwin::tests::native_mmap_arena_does_not_overlap_fixed_windows ... ok
test native_darwin::tests::native_mmap_arena_is_reservable_on_darwin ... ok
test native_darwin::tests::native_owned_catalog_has_unique_sequences_and_exact_ready_frontier ... ok
test native_darwin::tests::native_owned_catalog_rejects_incomplete_or_ambiguous_inputs ... ok
test native_darwin::tests::native_pagezero_min_offset_rejects_reallocation ... ok
test native_darwin::tests::native_prepared_map_phase_completes_before_late_finalization_failure ... ok
test native_darwin::tests::native_prepared_map_phase_is_incomplete_on_second_extent_failure ... ok
test native_darwin::tests::native_prepared_mapping_biased_layout_has_one_reservation_owner ... ok
test native_darwin::tests::native_prepared_mapping_final_protection_failure_retires_ranges ... ok
test native_darwin::tests::native_prepared_mapping_matches_anonymous_bytes_and_finalization ... ok
test native_darwin::tests::native_prepared_mapping_matches_relocated_words ... ok
test native_darwin::tests::native_prepared_mapping_relocation_failure_retires_ranges ... ok
test native_darwin::tests::native_prepared_mapping_second_region_failure_retires_ranges ... ok
test native_darwin::tests::native_prepared_mapping_vvar_failure_retires_ranges ... ok
test native_darwin::tests::native_prepared_resume_corruption_is_fatal_without_legacy_loader ... ok
test native_darwin::tests::native_prepared_resume_ignores_changed_source_path ... ok
test native_darwin::tests::native_prepared_resume_legacy_detects_changed_source_digest ... ok
test native_darwin::tests::native_prepared_resume_lifecycle_nests_validate_and_map_before_restore_close ... ok
test native_darwin::tests::native_prepared_resume_mapping_failure_is_fatal_without_legacy_loader ... ok
test native_darwin::tests::native_prepared_resume_none_uses_legacy_loader_and_digest ... ok
test native_darwin::tests::native_prepared_resume_some_skips_legacy_loader ... ok
test native_darwin::tests::native_private_overlay_retires_boot_shared_futex_provenance_after_fork ... ok
test native_darwin::tests::native_refuse_postfork_threads_requires_exact_one ... ok
test native_darwin::tests::native_region_copy_window_uses_only_initialized_stack_suffix ... ok
test native_darwin::tests::native_shared_file_futex_keys_are_mapping_independent ... ok
test native_darwin::tests::native_signal_frame_restores_fpsimd_state ... ok
test native_darwin::tests::native_signal_wait_classifies_nonset_caught_signal_as_interrupted ... ok
test native_darwin::tests::native_signal_wait_classifies_wait_set_dispatch_pending_as_ready ... ok
test native_darwin::tests::native_sigreturn_delivers_next_pending_signal_before_resume ... ok
test native_darwin::tests::native_stack_suffix_mapping_preserves_sp_and_zero_prefix ... ok
test native_darwin::tests::native_static_pie_needs_eager_relative_relocations ... ok
test native_darwin::tests::native_synchronous_helpers_use_one_direct_kick ... ok
test native_darwin::tests::native_syscall_service_branches_only_while_open ... ok
test native_darwin::tests::native_syscall_service_clone_request_carries_inherited_identity ... ok
test native_darwin::tests::native_syscall_service_drop_reports_aborted_only_while_open ... ok
test native_darwin::tests::native_syscall_service_normal_and_terminal_outcomes_close_once ... ok
test native_darwin::tests::native_thread_runtime_waiter_tracks_guest_tid ... ok
test native_darwin::tests::native_timer_publication_between_futex_predicate_and_park_is_not_lost ... ok
test native_darwin::tests::native_unmapped_file_alias_stops_file_keying_reused_va ... ok
test native_darwin::tests::native_vfork_completion_pipe_closes_across_host_exec ... ok
test native_darwin::tests::native_vfork_inheritance_matches_hvf_writability ... ok
test native_darwin::tests::native_vfork_inheritance_shares_private_pages ... ok
test native_darwin::tests::native_virtual_counter_reads_track_clock_uptime_raw ... ok
test native_darwin::tests::native_wait_state_tracks_blocked_and_running_thread ... ok
test native_darwin::tests::native_xsignal_nudge_pump_closes_private_futex_park_window ... ok
test native_darwin::tests::non_mutator_mm_and_ipc_syscalls_stay_read_classified ... ok
test native_darwin::tests::post_retirement_exec_failure_is_fatal_without_old_image_resume ... ok
test native_darwin::tests::preflight_exec_error_returns_enomem_without_deadlocking_old_image ... ok
test native_darwin::tests::prepare_temporary_host_access_rolls_back_committed_lifts_on_later_overlap_failure ... ok
test native_darwin::tests::prepared_and_legacy_resume_select_identical_guest_image_compatibility ... ok
test native_darwin::tests::production_post_retirement_handoff_failures_abort_without_snapshot_or_resume ... ok
test native_darwin::tests::production_self_reexec_preparation_and_activation_failures_never_close_reset ... ok
test native_darwin::tests::profile_off_blocked_measurement_is_pass_through ... ok
test native_darwin::tests::profiled_blocked_cpu_never_exceeds_blocked_wall ... ok
test native_darwin::tests::removed_live_arena_knobs_hard_error_by_name ... ok
test native_darwin::tests::replace_image_refreshes_the_lock_free_config ... ok
test native_darwin::tests::successful_process_handoff_activates_publishes_and_installs_in_exact_order ... ok
test native_darwin::tests::temporary_host_access_prepare_coalesces_contiguous_pages ... ok
test native_darwin::tests::temporary_host_access_prepare_splits_runs_at_satisfied_pages ... ok
test native_darwin::tests::temporary_host_access_refcounts_overlapping_lifts ... ok
test native_darwin::tests::temporary_host_access_restore_coalesces_adjacent_same_prot_pages ... ok
test native_darwin::tests::tier_d_exec_replaces_the_guest_image_without_replacing_the_host_process ... ok
test native_darwin::tests::vmm_rlimit_cpu_uses_pump_while_vcpu_spins ... ok
test native_darwin::tests::vmm_synchronous_child_exit_uses_pump_while_vcpu_spins ... ok
test native_darwin::tests::write_bytes_through_shared_ref ... ok
test native_exec_capsule::tests::artifact_authority_survives_capsule_exec ... ok
test native_exec_capsule::tests::artifact_flag_failure_rolls_back_prior_flags_and_closes_artifact ... ok
test native_exec_capsule::tests::artifact_ineligibility_and_preexec_errors_select_legacy_before_host_exec ... ok
test native_exec_capsule::tests::bind_mount_snapshot_round_trips_in_capsule_order ... ok
test native_exec_capsule::tests::capsule_rejects_invalid_kernel_signal_state ... ok
test native_exec_capsule::tests::capsule_rejects_missing_seccomp_authority_state ... ok
test native_exec_capsule::tests::capsule_rejects_previous_container_cache_translator_abi ... ok
test native_exec_capsule::tests::capsule_validation_failure_keeps_artifact_cloexec_and_closes_owner ... ok
test native_exec_capsule::tests::container_cache_authority_survives_capsule_exec ... ok
test native_exec_capsule::tests::fallback_capsule_reaches_host_exec_without_a_prepared_record ... ok
test native_exec_capsule::tests::fd_flag_transaction_restores_capsule_style_descriptor ... ok
test native_exec_capsule::tests::immutable_lower_authority_rejects_cleanup_ownership ... ok
test native_exec_capsule::tests::immutable_lower_authority_round_trips_and_rejects_path_replacement ... ok
test native_exec_capsule::tests::invalid_bind_mount_is_rejected_before_host_exec ... ok
test native_exec_capsule::tests::legacy_v1_payload_without_bind_mounts_defaults_to_empty ... ok
test native_exec_capsule::tests::legacy_v1_payload_without_profile_exec_epoch_defaults_to_zero ... ok
test native_exec_capsule::tests::legacy_v1_payload_without_profile_startup_defaults_to_none ... ok
test native_exec_capsule::tests::legacy_v1_payload_without_shared_authorities_keeps_legacy_attach_path ... ok
test native_exec_capsule::tests::native_exec_capsule_rejects_bad_version_and_non_regular_fd ... ok
test native_exec_capsule::tests::native_exec_capsule_rejects_corruption_and_trailing_data ... ok
test native_exec_capsule::tests::native_exec_capsule_rejects_oversized_nested_values ... ok
test native_exec_capsule::tests::native_exec_capsule_rejects_wrong_nonce_without_consuming ... ok
test native_exec_capsule::tests::native_exec_capsule_round_trips_once ... ok
test native_exec_capsule::tests::normal_prepared_ineligibility_completes_the_build_lifecycle_pair ... ok
test native_exec_capsule::tests::pid_probe_capsule_remains_valid_without_guest_mount_state ... ok
test native_exec_capsule::tests::prepared_record_round_trips_without_embedding_payload_bytes ... ok
test native_exec_capsule::tests::prepared_record_survives_capsule_read_for_resume_adoption ... ok
test native_exec_capsule::tests::profile_exec_epoch_is_bounded_and_authenticated ... ok
test native_exec_capsule::tests::returned_host_exec_restores_every_fd_flag_and_closes_artifact ... ok
test network::dns::tests::builds_a_record_response ... ok
test network::dns::tests::host_lookup_filters_to_ipv4 ... ok
test network::dns::tests::unknown_a_query_returns_nxdomain ... ok
test network::model::tests::bridge_model_exposes_each_attachment_as_stable_eth_index ... ok
test network::model::tests::bridge_model_has_loopback_primary_link_default_and_connected_routes ... ok
test network::model::tests::hosts_model_uses_primary_address_gateway_and_extra_host_overrides ... ok
test network::model::tests::non_bridge_modes_do_not_synthesize_bridge_links ... ok
test network::model::tests::resolver_model_uses_bridge_gateway_and_preserves_overrides ... ok
test network::socket_namespace::tests::a_condemned_record_is_only_unlinked_while_it_still_holds_the_condemned_bytes ... ok
test network::socket_namespace::tests::a_dead_instances_private_realm_is_reclaimed_whole ... ok
test network::socket_namespace::tests::a_record_claiming_a_different_key_is_refused ... ok
test network::socket_namespace::tests::a_republished_record_replaces_its_predecessor_atomically ... ok
test network::socket_namespace::tests::bridge_connect_to_registered_peer_rewrites_to_loopback ... ok
test network::socket_namespace::tests::bridge_gateway_connects_to_host_loopback ... ok
test network::socket_namespace::tests::bridge_loopback_endpoint_is_not_visible_to_different_namespace ... ok
test network::socket_namespace::tests::bridge_loopback_endpoint_is_visible_inside_same_namespace ... ok
test network::socket_namespace::tests::destroy_namespace_keeps_other_leases_alive ... ok
test network::socket_namespace::tests::destroy_namespace_releases_published_tcp_port ... ok
test network::socket_namespace::tests::destroy_namespace_releases_published_udp_port ... ok
test network::socket_namespace::tests::destroy_namespace_removes_fork_coherent_endpoint_files ... ok
test network::socket_namespace::tests::dns_service_alias_returns_multiple_same_bridge_records ... ok
test network::socket_namespace::tests::does_not_resolve_different_bridge_virtual_endpoint ... ok
test network::socket_namespace::tests::endpoint_reclaim_bounds_a_large_dead_owner_directory ... ok
test network::socket_namespace::tests::endpoint_reclaim_removes_dead_owner_records_and_keeps_live_ones ... ok
test network::socket_namespace::tests::endpoint_reclaim_stops_at_its_budget ... ok
test network::socket_namespace::tests::fork_tracked_socket_drop_serializes_overlapping_removals ... ok
test network::socket_namespace::tests::fork_tracked_socket_drop_serializes_stale_fd_number_reuse ... ok
test network::socket_namespace::tests::forked_child_resolves_private_realm_endpoints_across_the_fork ... ok
test network::socket_namespace::tests::forked_child_resolves_service_and_endpoint_records_across_the_fork ... ok
test network::socket_namespace::tests::loopback_endpoints_are_private_to_their_instance ... ok
test network::socket_namespace::tests::materialize_bind_maps_container_ip_to_loopback ... ok
test network::socket_namespace::tests::materialize_bind_rejects_foreign_container_ip ... ok
test network::socket_namespace::tests::multi_network_bind_and_connect_use_the_matching_attachment_bridge ... ok
test network::socket_namespace::tests::multi_network_dns_name_lookup_is_scoped_to_shared_bridges ... ok
test network::socket_namespace::tests::multi_network_guest_hosts_entries_include_all_attached_bridges ... ok
test network::socket_namespace::tests::multi_network_service_names_are_visible_on_each_attached_bridge ... ok
test network::socket_namespace::tests::multi_network_wildcard_listen_reserves_each_attachment_bridge_port ... ok
test network::socket_namespace::tests::multi_network_wildcard_recording_is_scoped_to_owning_namespace ... ok
test network::socket_namespace::tests::named_bridge_endpoints_stay_shared_across_instances ... ok
test network::socket_namespace::tests::publish_tcp_conflict_reports_stable_error ... ok
test network::socket_namespace::tests::publish_tcp_forwards_after_container_endpoint_registers ... ok
test network::socket_namespace::tests::publish_tcp_forwards_client_bytes_that_arrive_after_the_target_speaks_first ... ok
test network::socket_namespace::tests::publish_tcp_forwards_from_fork_coherent_endpoint_file ... ok
test network::socket_namespace::tests::publish_udp_conflict_reports_stable_error ... ok
test network::socket_namespace::tests::publish_udp_forwards_after_container_endpoint_registers ... ok
test network::socket_namespace::tests::published_relay_refuses_a_record_from_another_namespace ... ok
test network::socket_namespace::tests::published_relay_serves_a_record_that_claims_no_namespace ... ok
test network::socket_namespace::tests::published_relay_serves_an_exec_shaped_record_from_its_own_namespace ... ok
test network::socket_namespace::tests::published_relays_of_two_instances_do_not_cross_wire ... ok
test network::socket_namespace::tests::records_guest_visible_local_address_for_rewritten_bind ... ok
test network::socket_namespace::tests::resolves_same_bridge_virtual_endpoint ... ok
test network::socket_namespace::tests::service_names_are_visible_from_separate_provider_instance ... ok
test network::socket_namespace::tests::service_records_republish_into_a_reclaimed_shard ... ok
test network::socket_namespace::tests::stale_endpoint_file_reclaims_reverse_record ... ok
test network::socket_namespace::tests::tcp_proxy_propagates_half_close_in_both_directions ... ok
test network::socket_namespace::tests::translate_host_source_reads_fork_coherent_endpoint_files ... ok
test network::socket_namespace::tests::translates_peer_source_from_different_bridge_namespace ... ok
test network::socket_namespace::tests::translates_peer_source_registered_on_attachment_bridge ... ok
test network::socket_namespace::tests::unnamed_bridge_endpoints_are_private_per_instance ... ok
test network::tests::bridge_namespace_is_instance_scoped_before_the_provider_sees_it ... ok
test network::tests::bridge_provider_creates_nonzero_lease ... ok
test network::tests::bridge_provider_reports_v1_socket_capability_boundaries ... ok
test network::tests::host_provider_reports_host_capabilities ... ok
test network::tests::network_mode_none_denies_ipv4_connects ... ok
test page_profile::tests::explicit_vmm_rejects_explicit_native_page_profile ... ok
test page_profile::tests::freebsd_amd64_lane_resolves_the_native_identity_plan ... ok
test page_profile::tests::freebsd_amd64_native_rejects_a_page_profile_knob ... ok
test page_profile::tests::hvpatch_request_rejects_non_hvf_hosts_and_cross_isa_guests ... ok
test page_profile::tests::hvpatch_request_uses_linux_geometry_on_macos_aarch64 ... ok
test page_profile::tests::native16k_plan_has_no_instruction_vehicle_policy ... ok
test page_profile::tests::native_backend_rejects_cross_isa_guest_platform ... ok
test page_profile::tests::native_lane_table_rejects_hosts_without_a_lane ... ok
test page_profile::tests::native_linux4k_plan_reports_4k_linux_on_16k_host ... ok
test page_profile::tests::netbsd_amd64_lane_resolves_the_native_identity_plan ... ok
test page_profile::tests::netbsd_amd64_native_rejects_a_page_profile_knob ... ok
test page_profile::tests::omitted_backend_resolves_native_on_macos_aarch64 ... ok
test page_profile::tests::vmm_request_uses_linux_page_geometry ... ok
test pathcodec::tests::ascii_is_identity ... ok
test pathcodec::tests::genuine_pua_window_char_is_reescaped_and_roundtrips ... ok
test pathcodec::tests::has_escaped_flags_only_when_escaped ... ok
test pathcodec::tests::osstring_roundtrip ... ok
test pathcodec::tests::undecodable_bytes_roundtrip ... ok
test pathcodec::tests::valid_utf8_unicode_preserved ... ok
test pty_relay::tests::allocate_opens_master_and_tty_slave ... ok
test pty_relay::tests::propagate_winsize_copies_rows_cols_to_master ... ok
test pty_relay::tests::relay_copies_both_directions_and_stops_on_eof ... ok
test rootfs::tests::later_layer_hardlink_replaces_existing_alias_without_truncating_target ... ok
test rootfs::tests::layer_path_escaping_root_is_rejected ... ok
test rootfs::tests::layer_path_with_parent_dir_collapses ... ok
test rootfs::tests::layer_root_and_absolute_paths_normalize ... ok
test rootfs::tests::resolve_reads_hardlinked_applet ... ok
test rootfs::tests::resolve_walks_through_directory_symlinks ... ok
test rootfs::tests::rootfs_path_escaping_via_root_then_parent_is_rejected ... ok
test rootfs::tests::symlink_target_escaping_root_from_shallow_path_is_rejected ... ok
test rootfs::tests::symlink_target_escaping_root_via_second_parent_dir_is_rejected ... ok
test rootfs::tests::symlink_target_one_parent_dir_pops_one_segment ... ok
test rootfs::tests::symlink_target_with_curdir_resolves ... ok
test rootfs::tests::symlink_target_with_multiple_parent_dirs_resolves_within_root ... ok
test rootfs::tests::symlink_target_with_parent_dir_resolves_within_root ... ok
test rosetta_detection_tests::binfmt_without_interpreter_line_is_none ... ok
test rosetta_detection_tests::parses_rosetta_binfmt_interpreter_path ... ok
test run_result::tests::a_signalled_exec_failure_is_distinguishable_from_exit_127 ... ok
test run_result::tests::the_signal_form_ignores_the_companion_exit_code ... ok
test run_state::tests::encode_decode_roundtrips ... ok
test run_state::tests::late_parent_seed_never_regresses_a_published_state ... ok
test run_state::tests::pack_unpack_pairs_pid_with_state ... ok
test run_state::tests::parent_seed_races_child_blocked_publish_across_fork ... ok
test run_state::tests::publish_adopts_the_existing_process_record ... ok
test run_state::tests::publish_guest_tid_skips_the_thread_group_leader ... ok
test run_state::tests::publish_then_read_back_for_several_pids ... ok
test run_state::tests::published_prefers_a_live_state_over_a_booting_seed_duplicate ... ok
test run_state::tests::republish_updates_in_place ... ok
test run_state::tests::seed_adopts_an_empty_metadata_record_without_duplicating ... ok
test run_state::tests::seed_publishes_booting_when_nothing_is_published ... ok
test run_state::tests::stat_char_maps_running_and_booting_to_r_blocked_to_s ... ok
test run_state::tests::table_covers_ltp_futex_cmp_requeue_fanout ... ok
test run_state::tests::worker_tid_entry_does_not_collide_with_process_pid_entry ... ok
test run_state::tests::worker_tid_visible_only_until_it_exits ... ok
test runtime::exec::tests::cache_classifier_accepts_only_little_endian_aarch64_elf ... ok
test runtime::exec::tests::prepared_exec_cache_is_shared_by_in_process_fork ... ok
test runtime::rosetta_tests::aarch64_binary_is_not_redirected ... ok
test runtime::rosetta_tests::dynamic_x86_64_target_is_flagged_so_rosetta_gets_at_base ... ok
test runtime::rosetta_tests::non_elf_is_not_redirected ... ok
test runtime::rosetta_tests::rosetta_argv_passes_program_argv0_through_not_the_interpreter ... ok
test runtime::rosetta_tests::rosetta_license_blob_is_sourced_from_binary_if_present ... ok
test runtime::rosetta_tests::static_x86_64_target_is_not_flagged_dynamic ... ok
test runtime::rosetta_tests::x86_64_binary_redirects_to_rosetta_preserving_program_argv0 ... ok
test runtime::tests::entrypoint_path_search_resolves_bare_command_like_execvp ... ok
test runtime::tests::entrypoint_program_passes_through_plain_elf ... ok
test runtime::tests::entrypoint_program_resolves_shebang_to_interpreter ... ok
test runtime::tests::hardware_tso_debug_control_only_suppresses_requested_tso ... ok
test runtime::tests::image_finalizer_routes_hvpatch_without_native_fallthrough ... ok
test runtime::tests::only_hvpatch_selects_persistent_hvf_vm_lifecycle ... ok
test runtime::tests::setup_failure_has_one_vm_teardown_and_runtime_error_artifact ... ok
test seccomp::tests::arch_and_arg_loads_and_jset_work ... ok
test seccomp::tests::deny_filter_blocks_target_and_allows_others ... ok
test seccomp::tests::install_enforces_the_complete_filter_path_and_overhead ... ok
test seccomp::tests::installing_a_filter_closes_the_live_identity_gate ... ok
test seccomp::tests::kill_process_filter_is_not_silently_ignored ... ok
test seccomp::tests::malformed_or_runaway_filter_fails_closed ... ok
test seccomp::tests::seccomp_data_arch_follows_guest_abi ... ok
test seccomp::tests::state_stacks_filters_and_takes_most_restrictive ... ok
test seccomp::tests::strict_mode_kills_everything_except_linux_strict_set ... ok
test seccomp::tests::x86_guest_survives_its_own_arch_gated_profile ... ok
test threaded_loop::tests::hvpatch_setup_failure_retires_only_the_created_vcpu_once ... ok
test threaded_loop::tests::initial_inventory_abandons_reservation_when_backend_staging_fails ... ok
test threaded_loop::tests::initial_inventory_is_hvpatch_only_and_publishes_once_to_exact_mm ... ok
test vcpu_loop::exec::exec_image_verification_tests::exec_inventory_routes_retirement_before_replacement_to_prepared_mms ... ok
test vcpu_loop::exec::exec_image_verification_tests::reports_the_first_divergent_exec_byte ... ok
test vcpu_loop::exec::exec_image_verification_tests::shared_vm_exec_preserves_process_aware_host_thread_identity ... ok
test vcpu_loop::quiesce::pt_pause_tests::inventory_bounds_two_events_per_extent_and_rejects_oversize ... ok
test vcpu_loop::quiesce::pt_pause_tests::inventory_guard_abandons_unpublished_runtime_reservation ... ok
test vcpu_loop::quiesce::pt_pause_tests::pt_pause_exact_drain_returns_guard_and_allows_backend ... ok
test vcpu_loop::quiesce::pt_pause_tests::pt_pause_timeout_skips_backend_and_resumes_parked_sibling ... ok
test vcpu_loop::signal::tests::ptrace_signal_stop_queued_host_sigkill_remains_terminal ... ok
test vcpu_loop::signal::tests::ptrace_signal_stop_queued_native_signal_reports_and_resumes ... ok
test vcpu_loop::tests::alias_inventory_applies_to_the_syscall_context_mm ... ok
test vcpu_loop::tests::brk_aarch64_maps_to_sigtrap_brkpt ... ok
test vcpu_loop::tests::clone_admission_arbitrates_exec_before_exit_without_mutual_drain ... ok
test vcpu_loop::tests::clone_admission_exit_waits_for_in_flight_and_stays_closed ... ok
test vcpu_loop::tests::default_ignore_signals_are_not_terminating ... ok
test vcpu_loop::tests::departing_vcpu_is_destroyed_unless_terminal_cleanup_already_owns_it ... ok
test vcpu_loop::tests::exec_replacement_treats_removed_sibling_as_done_after_flag_clears ... ok
test vcpu_loop::tests::hvpatch_child_output_writer_drains_payload_larger_than_a_pipe ... ok
test vcpu_loop::tests::hw_breakpoint_and_watchpoint_map_to_sigtrap_hwbkpt ... ok
test vcpu_loop::tests::lower_el0_fault_covers_both_debug_and_abort_arms ... ok
test vcpu_loop::tests::non_debug_faults_are_not_debug_signals ... ok
test vcpu_loop::tests::process_topology_handles_are_not_thread_group_siblings_and_drain_descendants ... ok
test vcpu_loop::tests::process_topology_join_drains_every_owner_after_a_child_panic ... ok
test vcpu_loop::tests::software_step_maps_to_sigtrap_trace ... ok
test vcpu_loop::tests::threaded_fd_wait_interrupts_for_internal_fork_quiesce ... ok
test vcpu_loop::tests::timed_wait_reclaim_keeps_vcpu_for_short_finite_timeouts ... ok
test vcpu_loop::tests::timed_wait_reclaim_releases_vcpu_for_long_or_indefinite_waits ... ok
test vcpu_loop::tests::tracked_live_protections_upgrade_maperr_but_unmapped_does_not ... ok
test vcpu_loop::tests::trap_watchdog_keeps_running_below_count_prefilter ... ok
test vcpu_loop::tests::trap_watchdog_resets_budget_when_count_exceeded_but_wall_intact ... ok
test vcpu_loop::tests::trap_watchdog_trips_on_count_and_wall_stall ... ok
test vcpu_loop::threads::tests::hvpatch_host_thread_name_carries_process_and_thread_identity ... ok
test vcpu_loop::threads::tests::reclaimed_vcpu_reacquire_stops_when_teardown_removes_thread ... ok
test vdso_policy::tests::vdso_debug_control_is_opt_out ... ok
test vfs::bind::tests::mount_point_cannot_be_removed_but_contents_can ... ok
test vfs::bind::tests::readdir_hides_internal_sidecar_entries ... ok
test vfs::bind::tests::readonly_bind_still_erofs ... ok
test vfs::bind::tests::relative_host_source_is_frozen_as_absolute_authority ... ok
test vfs::dev::tests::dev_ptmx_open_allocates_pty ... ok
test vfs::dev::tests::lookup_known_devs ... ok
test vfs::dev::tests::lookup_ptmx ... ok
test vfs::dev::tests::lookup_unknown_dev_is_enoent ... ok
test vfs::dev::tests::open_full_aliases_to_zero ... ok
test vfs::dev::tests::open_nonblock_sets_status_flag ... ok
test vfs::dev::tests::open_null_returns_a_real_host_fd ... ok
test vfs::dev::tests::open_unknown_is_enoent ... ok
test vfs::dev::tests::open_zero_for_write_marks_is_read_end_false ... ok
test vfs::dev::tests::readdir_lists_all_passthroughs ... ok
test vfs::dev::tests::readdir_on_non_dev_is_enotdir ... ok
test vfs::devpts::tests::alloc_lookup_free_roundtrip ... ok
test vfs::devpts::tests::devpts_lookup_and_readdir_track_live_ptys ... ok
test vfs::devpts::tests::fork_child_close_cannot_free_parent_owned_pty ... ok
test vfs::devpts::tests::free_if_owner_only_frees_for_owning_pid ... ok
test vfs::devpts::tests::freed_parent_pty_index_is_not_resurrected_by_child_open ... ok
test vfs::devpts::tests::open_master_returns_fd_and_slave_name ... ok
test vfs::etc_services::tests::etc_services_is_overridable ... ok
test vfs::etc_services::tests::serves_etc_services_with_smtp ... ok
test vfs::mount::tests::dot_and_dotdot_in_path_are_canonicalised ... ok
test vfs::mount::tests::empty_mounts_resolves_nothing ... ok
test vfs::mount::tests::insertion_order_does_not_affect_resolution ... ok
test vfs::mount::tests::longest_prefix_wins ... ok
test vfs::mount::tests::mount_points_iter_returns_longest_first ... ok
test vfs::mount::tests::override_does_not_leak_to_a_subpath_or_sibling ... ok
test vfs::mount::tests::override_is_canonicalised_for_store_and_lookup ... ok
test vfs::mount::tests::override_path_makes_resolution_fall_through ... ok
test vfs::mount::tests::prefix_match_respects_component_boundary ... ok
test vfs::mount::tests::re_mounting_replaces_in_place ... ok
test vfs::mount::tests::relative_paths_are_rejected ... ok
test vfs::mount::tests::resolve_relative_strips_mount_prefix ... ok
test vfs::mount::tests::root_mount_catches_everything ... ok
test vfs::mount::tests::trailing_slash_on_mount_point_normalised ... ok
test vfs::proc::tests::cpuinfo_block_matches_guest_arch ... ok
test vfs::proc::tests::devices_has_char_and_block_sections ... ok
test vfs::proc::tests::exe_cwd_root_lstat_as_symlinks ... ok
test vfs::proc::tests::flat_self_files_present ... ok
test vfs::proc::tests::lookup_known_file_returns_file ... ok
test vfs::proc::tests::lookup_root_returns_directory ... ok
test vfs::proc::tests::lookup_unknown_proc_is_enoent ... ok
test vfs::proc::tests::net_dev_uses_linux_iface_names_not_darwin ... ok
test vfs::proc::tests::net_dir_readlinks_to_self_net ... ok
test vfs::proc::tests::net_files_present_with_headers ... ok
test vfs::proc::tests::ns_dir_and_links ... ok
test vfs::proc::tests::open_cpuinfo_returns_bytes ... ok
test vfs::proc::tests::open_self_cmdline_uses_executable_path ... ok
test vfs::proc::tests::open_write_is_eacces ... ok
test vfs::proc::tests::proc_config_reports_loop_device_support_and_guest_isa ... ok
test vfs::proc::tests::proc_maps_uses_vfs_owned_context ... ok
test vfs::proc::tests::proc_net_exposes_each_bridge_attachment ... ok
test vfs::proc::tests::proc_net_for_none_mode_does_not_leak_host_uplink ... ok
test vfs::proc::tests::proc_net_resolves_as_directory_with_self_alias ... ok
test vfs::proc::tests::proc_net_route_uses_bridge_gateway ... ok
test vfs::proc::tests::proc_pid_dir_enumerates_and_lists_files ... ok
test vfs::proc::tests::proc_sys_hostname_uses_open_context_hostname ... ok
test vfs::proc::tests::proc_top_level_readdir_breadth ... ok
test vfs::proc::tests::published_run_state_does_not_mask_an_unreaped_zombie_child ... ok
test vfs::proc::tests::recognizes_proc_self_mem_paths ... ok
test vfs::proc::tests::self_auxv_serves_captured_image_else_at_null ... ok
test vfs::proc::tests::self_environ_is_nul_separated_and_byte_exact ... ok
test vfs::proc::tests::self_fd_dir_lists_open_fds_as_symlinks ... ok
test vfs::proc::tests::self_fdinfo_dir_lists_open_fds_as_files ... ok
test vfs::proc::tests::self_io_has_seven_labeled_lines ... ok
test vfs::proc::tests::self_is_traversable_dir_that_readlinks_to_pid ... ok
test vfs::proc::tests::self_stat_has_exactly_52_fields ... ok
test vfs::proc::tests::self_stat_state_uses_tracked_leader_state ... ok
test vfs::proc::tests::self_status_has_new_labels_and_sane_vmsize ... ok
test vfs::proc::tests::self_status_reflects_live_credentials_and_groups ... ok
test vfs::proc::tests::sigq_denominator_matches_limits_max_pending_signals ... ok
test vfs::proc::tests::smaps_pairs_maps_lines_with_fields ... ok
test vfs::proc::tests::stat_btime_is_nonzero_recent ... ok
test vfs::proc::tests::synthetic_file_cpuinfo_keys_off_context_arch ... ok
test vfs::proc::tests::sysctl_boot_id_is_stable_and_nonzero ... ok
test vfs::proc::tests::sysctl_dirs_resolve_as_directories ... ok
test vfs::proc::tests::sysctl_io_uring_disabled_is_readonly_like_docker ... ok
test vfs::proc::tests::sysctl_leaf_values_match_oracle ... ok
test vfs::proc::tests::sysctl_readdir_lists_children ... ok
test vfs::proc::tests::sysctl_uuid_is_fresh_v4_each_read ... ok
test vfs::proc::tests::thread_self_readlinks_to_task_tid ... ok
test vfs::proc::tests::top_level_readdir_has_self_threadself_net_sys ... ok
test vfs::proc::tests::uptime_is_seconds_since_boot_not_epoch ... ok
test vfs::proc::tests::writable_tunables_open_for_write_others_eacces ... ok
test vfs::resolvconf::tests::content_is_valid_resolv_conf ... ok
test vfs::resolvconf::tests::directive_match_is_token_aligned ... ok
test vfs::resolvconf::tests::lookup_is_a_regular_file ... ok
test vfs::resolvconf::tests::lookup_other_path_is_enoent ... ok
test vfs::resolvconf::tests::open_read_returns_bytes_open_write_is_eacces ... ok
test vfs::resolvconf::tests::resolv_conf_is_overridable ... ok
test vfs::rootfs::tests::fast_readonly_open_does_not_infer_a_miss_through_a_lower_symlink ... ok
test vfs::rootfs::tests::fast_readonly_open_proves_a_missing_leaf_below_a_contained_lower_directory ... ok
test vfs::rootfs::tests::fast_readonly_open_refuses_an_upper_shadow ... ok
test vfs::rootfs::tests::fast_readonly_open_uses_the_immutable_lower_when_the_sparse_upper_is_absent ... ok
test vfs::rootfs::tests::host_lookup_nofollow_fast_path_preserves_symlink_and_fifo_types ... ok
test vfs::rootfs::tests::immutable_host_lower_merges_shadows_and_tombstones_without_mutation ... ok
test vfs::rootfs::tests::is_directory_layered ... ok
test vfs::rootfs::tests::lookup_missing_is_enoent ... ok
test vfs::rootfs::tests::lookup_nofollow_uses_authoritative_sparse_upper_miss_without_reprobing_overlay ... ok
test vfs::rootfs::tests::lookup_overlay_file_uses_metadata_without_loading_contents ... ok
test vfs::rootfs::tests::lookup_rootfs_dir ... ok
test vfs::rootfs::tests::lookup_rootfs_file ... ok
test vfs::rootfs::tests::mkdir_layered_eexist ... ok
test vfs::rootfs::tests::mkdir_no_parent_is_enoent ... ok
test vfs::rootfs::tests::mkdir_then_lookup ... ok
test vfs::rootfs::tests::open_for_dispatch_directory_returns_layered_entries ... ok
test vfs::rootfs::tests::open_for_dispatch_excl_on_existing_is_eexist ... ok
test vfs::rootfs::tests::open_for_dispatch_host_file_uses_raw_fd_without_loading_contents ... ok
test vfs::rootfs::tests::open_for_dispatch_not_found_create_signals_caller ... ok
test vfs::rootfs::tests::open_for_dispatch_overlay_file ... ok
test vfs::rootfs::tests::open_for_dispatch_prefers_combined_host_fd_metadata ... ok
test vfs::rootfs::tests::open_for_dispatch_rootfs_file_with_writable_promotes ... ok
test vfs::rootfs::tests::open_overlay_trunc_clears_bytes ... ok
test vfs::rootfs::tests::open_rootfs_file_returns_bytes ... ok
test vfs::rootfs::tests::open_write_to_rootfs_only_is_erofs ... ok
test vfs::rootfs::tests::overlay_shadows_rootfs ... ok
test vfs::rootfs::tests::readdir_layered ... ok
test vfs::rootfs::tests::readonly_immutable_host_lower_open_keeps_a_real_host_file ... ok
test vfs::rootfs::tests::rename_missing_source_is_enoent ... ok
test vfs::rootfs::tests::rename_overlay_file_to_new_path ... ok
test vfs::rootfs::tests::rename_rootfs_file_promotes_into_overlay ... ok
test vfs::rootfs::tests::rename_with_no_replace_rejects_existing ... ok
test vfs::rootfs::tests::sparse_upper_ancestor_whiteout_hides_the_immutable_lower_subtree ... ok
test vfs::rootfs::tests::tombstone_shadows_rootfs ... ok
test vfs::rootfs::tests::truncate_rejects_unbounded_in_memory_file_growth ... ok
test vfs::rootfs::tests::unlink_dir_returns_eisdir ... ok
test vfs::rootfs::tests::unlink_missing_returns_enoent ... ok
test vfs::rootfs::tests::unlink_tombstones_rootfs_path ... ok
test vfs::rootfs::tests::writable_host_lower_open_copies_up_to_a_fork_coherent_host_file ... ok
test vfs::sys::tests::hugepages_directory_matches_ltp_probe_path ... ok
test vfs::sys::tests::lookup_cpu_online_returns_file ... ok
test vfs::sys::tests::lookup_root_returns_directory ... ok
test vfs::sys::tests::lookup_unknown_sys_is_enoent ... ok
test vfs::sys::tests::open_cgroup_controllers_returns_bytes ... ok
test vfs::sys::tests::open_write_is_eacces ... ok
test vfs::sys::tests::sys_class_net_can_render_from_linux_network_model ... ok
test vfs::sys::tests::sys_class_net_lists_and_renders_loopback ... ok
test vfs::sys::tests::sys_registry_renders_kernel_random_files ... ok

test result: ok. 1564 passed; 0 failed; 5 ignored; 0 measured; 0 filtered out; finished in 9.90s

   Compiling carrick-runtime v0.1.0 (/Volumes/CaseSensitive/carrick/.worktrees/codex-hybrid-kernel/crates/carrick-runtime)
    Finished `test` profile [unoptimized + debuginfo] target(s) in 13.92s
     Running tests/integration/main.rs (target/debug/deps/integration-6eff014e489d95c3)

running 296 tests
test address_space::builds_linux_initial_stack_with_argv_envp_and_auxv ... ok
test address_space::dispatcher_can_write_from_loaded_guest_memory ... ok
test address_space::load_elf_from_host_maps_pt_interp_at_base_and_sets_at_base ... ok
test address_space::load_elf_from_rootfs_maps_pt_interp_at_base_and_sets_at_base ... ok
test address_space::loaded_elf_initial_stack_can_report_16k_pages ... ok
test address_space::loaded_elf_initial_stack_includes_linux_auxv ... ok
test address_space::loads_static_linux_fixture_into_guest_address_space ... ok
test address_space::rejects_overlapping_regions ... ok
test address_space::zero_fills_memory_past_file_backing ... ok
test compat_report::aggregates_unhandled_syscalls_by_name_and_number ... ok
test compat_report::renders_machine_parseable_json ... ok
test compat_report::summary_counts_invocations_and_distinct_categories ... ok
test compat_report::syscall_entry_name_is_borrowed_not_allocated ... ok
test concurrency_contracts::compat_reporter_records_from_shared_threads ... ok
test concurrency_contracts::dispatcher_and_reporter_are_send_sync ... ok
test concurrency_contracts::shared_dispatcher_opens_rootfs_file_without_serialized_fallback ... ok
test concurrency_contracts::shared_dispatcher_reports_unknown_syscalls_without_serialized_fallback ... ok
test concurrency_contracts::shared_dispatcher_routes_sibling_thread_signals ... ok
test concurrency_contracts::shared_dispatcher_services_credential_state ... ok
test concurrency_contracts::shared_dispatcher_services_execve_request_without_serialized_fallback ... ok
test concurrency_contracts::shared_dispatcher_services_fd_table_open_read_close ... ok
test concurrency_contracts::shared_dispatcher_services_memory_state ... ok
test concurrency_contracts::shared_dispatcher_services_nested_pipe_redirect_syscalls ... ok
test concurrency_contracts::shared_dispatcher_services_process_state ... ok
test concurrency_contracts::shared_dispatcher_services_readonly_fs_state ... ok
test concurrency_contracts::shared_dispatcher_services_stdio_write_buffers ... ok
test concurrency_contracts::shared_dispatcher_services_syscalls_from_multiple_host_threads ... ok
test concurrency_contracts::shared_dispatcher_services_thread_lifecycle_syscalls ... ok
test concurrency_contracts::shared_dispatcher_services_thread_registry_and_futex_syscalls ... ok
test elf_inspector::creates_load_plan_for_pt_load_segments ... ok
test elf_inspector::inspects_minimal_aarch64_linux_elf ... ok
test elf_inspector::load_plan_derives_linux_auxv_program_header_metadata ... ok
test elf_inspector::rejects_non_elf_input ... ok
test io_blocking_guard::no_unguarded_blocking_host_io_in_dispatch ... ok
test io_wait::kqueue_wait_still_observes_readable_socket_with_listener_write_interest ... ok
test io_wait::kqueue_wait_wakes_when_peer_writes_after_registration ... ok
test oci_layout::computes_content_addressed_storage_paths ... ok
test oci_layout::loads_pull_summary_from_image_store ... ok
test oci_layout::normalizes_short_docker_hub_references ... ok
test oci_layout::rejects_unsafe_digests_for_blob_paths ... ok
test rootfs_overlay::applies_oci_whiteout_files ... ok
test rootfs_overlay::applies_opaque_directory_whiteout ... ok
test rootfs_overlay::follows_relative_symlinks_within_rootfs ... ok
test rootfs_overlay::read_link_preserves_symlink_target_text ... ok
test rootfs_overlay::reads_file_from_uppermost_layer ... ok
test rootfs_overlay::rejects_paths_that_escape_root ... ok
test rootfs_overlay::symlink_with_parent_dir_in_target_resolves_across_layers ... ok
test rootfs_streaming::extracts_file_dir_symlink_with_mode ... ok
test rootfs_streaming::later_layer_overrides_and_whiteout_deletes ... ok
test rootfs_streaming::opaque_whiteout_clears_dir ... ok
test rootfs_streaming::rejects_path_escape ... ok
test rootfs_streaming::skips_special_file ... ok
test syscall_creds::capget_writes_docker_default_capability_sets ... ok
test syscall_creds::capset_accepts_empty_sets_and_rejects_nonempty_sets ... ok
test syscall_creds::futex_wait_and_wake_cover_bootstrap_private_operations ... ok
test syscall_creds::getcpu_writes_bootstrap_cpu_and_numa_node ... ok
test syscall_creds::getrusage_bootstrap_zeros_rusage_for_self_and_validates_who ... ok
test syscall_creds::membarrier_query_reports_supported_commands ... ok
test syscall_creds::personality_query_and_set_round_trip_bootstrap_flags ... ok
test syscall_creds::prctl_handles_bootstrap_process_controls ... ok
test syscall_creds::prctl_no_new_privs_keepcaps_subreaper_timerslack_round_trip ... ok
test syscall_creds::prlimit64_and_getrlimit_round_trip_per_resource ... ok
test syscall_creds::prlimit64_writes_packed_rlimit ... ok
test syscall_creds::process_identity_syscalls_return_bootstrap_ids ... ok
test syscall_creds::rseq_reports_clean_bootstrap_fallback ... ok
test syscall_creds::scheduler_bootstrap_yields_and_writes_current_affinity ... ok
test syscall_creds::set_tid_address_and_robust_list_are_bootstrap_successes ... ok
test syscall_creds::umask_setpriority_getpriority_sysinfo_bootstrap_stubs ... ok
test syscall_creds::uname_writes_packed_linux_utsname ... ok
test syscall_fs_dir::bind_mount_create_stamps_guest_owner_on_files_and_directories ... ok
test syscall_fs_dir::bind_mount_cwd_relative_stat_open_mkdir_and_inotify_use_host_tree ... ok
test syscall_fs_dir::bind_mount_directory_inotify_reports_child_file_write_name ... ok
test syscall_fs_dir::bind_mount_directory_inotify_reports_created_child_name ... ok
test syscall_fs_dir::bind_mount_repeated_relative_stat_after_guest_mkdir_uses_host_tree ... ok
test syscall_fs_dir::getdents64_lists_rootfs_directory_entries ... ok
test syscall_fs_dir::host_overlay_directory_inotify_reports_created_child_name ... ok
test syscall_fs_dir::inotify_add_watch_under_bind_mount_uses_host_vnode ... ok
test syscall_fs_dir::inotify_init_add_watch_read_dispatch_plumbing ... ok
test syscall_fs_dir::linkat_and_unlinkat_under_bind_mount_use_host_tree ... ok
test syscall_fs_dir::linkat_reports_eexist_enoent_and_links_into_writable_overlay ... ok
test syscall_fs_dir::mkdirat_returns_eexist_for_known_paths_and_creates_in_overlay_otherwise ... ok
test syscall_fs_dir::mkdirat_under_bind_mount_creates_host_directory_for_openat_children ... ok
test syscall_fs_dir::mknodat_returns_eexist_for_known_paths_and_creates_in_overlay_otherwise ... ok
test syscall_fs_dir::renameat2_exchange_swaps_content_and_rejects_invalid_flag_combos ... ok
test syscall_fs_dir::renameat_renames_known_sources_into_overlay_and_enoent_otherwise ... ok
test syscall_fs_dir::renameat_under_bind_mount_moves_host_entries ... ok
test syscall_fs_dir::symlinkat_and_readlinkat_under_bind_mount_use_host_tree ... ok
test syscall_fs_dir::symlinkat_bootstrap_reports_eexist_for_known_links_and_erofs_for_new_paths ... ok
test syscall_fs_dir::unlinkat_removes_files_on_overlay_and_validates_directory_kind ... ok
test syscall_fs_meta::chmod_and_fchmod_under_bind_mount_update_host_mode ... ok
test syscall_fs_meta::dev_fd_opens_descriptor_like_proc_self_fd ... ok
test syscall_fs_meta::fallocate_grows_open_files_on_writable_overlay_and_validates_arguments ... ok
test syscall_fs_meta::fchmod_and_fchmodat_succeed_on_writable_overlay_and_validate_args ... ok
test syscall_fs_meta::fchown_and_fchownat_succeed_on_writable_overlay_and_validate_args ... ok
test syscall_fs_meta::fchownat_at_empty_path_records_owner_like_fchown ... ok
test syscall_fs_meta::ftruncate_bootstrap_rejects_streams_and_read_only_rootfs_fds ... ok
test syscall_fs_meta::ftruncate_rejects_unbounded_in_memory_file_growth ... ok
test syscall_fs_meta::guest_can_override_synthetic_etc_services_via_unlink_then_recreate ... ok
test syscall_fs_meta::missing_proc_file_records_compat_report_entry ... ok
test syscall_fs_meta::missing_sys_file_records_compat_report_entry ... ok
test syscall_fs_meta::non_root_chown_under_bind_mount_to_root_returns_eperm ... ok
test syscall_fs_meta::openat_reads_synthetic_proc_maps_and_cpuinfo ... ok
test syscall_fs_meta::proc_self_auxv_refreshes_when_image_state_is_updated ... ok
test syscall_fs_meta::proc_self_fd_directory_lists_open_fds ... ok
test syscall_fs_meta::proc_self_fd_readlink_synthesizes_anon_inode_target ... ok
test syscall_fs_meta::proc_self_fdinfo_renders_pos_flags_ino ... ok
test syscall_fs_meta::proc_self_magic_links_readlink_and_lstat ... ok
test syscall_fs_meta::proc_self_oom_score_adj_is_writable ... ok
test syscall_fs_meta::readlinkat_reads_rootfs_symlink_target_without_nul ... ok
test syscall_fs_meta::readlinkat_reports_synthetic_proc_self_exe ... ok
test syscall_fs_meta::root_chown_under_bind_mount_records_guest_owner_without_host_chown ... ok
test syscall_fs_meta::synthetic_proc_files_write_regular_packed_stat_records ... ok
test syscall_fs_meta::synthetic_proc_surface_serves_common_process_and_system_files ... ok
test syscall_fs_meta::synthetic_sys_surface_serves_common_cpu_and_mm_files ... ok
test syscall_fs_meta::truncate_bootstrap_returns_erofs_for_known_paths_and_enoent_for_missing ... ok
test syscall_fs_meta::utimensat_sets_times_on_writable_overlay_and_validates_timestamps ... ok
test syscall_fs_meta::utimensat_under_bind_mount_updates_host_times ... ok
test syscall_fs_meta::xattr_family_dispatches_per_target_on_in_memory_backend ... ok
test syscall_fs_open::close_range_frees_pty_master_entry ... ok
test syscall_fs_open::dup3_installs_requested_fd_and_cloexec_is_per_descriptor ... ok
test syscall_fs_open::dup_shares_rootfs_file_offset_with_original_fd ... ok
test syscall_fs_open::fcntl_async_io_setup_retains_o_async_and_round_trips_owner_and_sig ... ok
test syscall_fs_open::fcntl_gets_and_sets_descriptor_and_status_flags ... ok
test syscall_fs_open::fcntl_on_bare_stdio_succeeds_not_ebadf ... ok
test syscall_fs_open::fcntl_setlease_wrlck_conflicts_with_a_second_opener ... ok
test syscall_fs_open::flock_accepts_bootstrap_advisory_locks_on_open_files ... ok
test syscall_fs_open::ioctl_tcgets2_is_recognized_and_mirrors_tcgets ... ok
test syscall_fs_open::ioctl_tcgets_writes_default_termios_for_stdio_and_enotty_for_files ... ok
test syscall_fs_open::ioctl_writes_packed_winsize_and_reports_unknown_requests ... ok
test syscall_fs_open::memory_overlay_open_uses_single_backend_snapshot_for_shared_file ... ok
test syscall_fs_open::memory_overlay_regular_open_skips_fifo_probe_when_backend_cannot_have_fifos ... ok
test syscall_fs_open::memory_overlay_regular_open_skips_legacy_kind_lookups ... ok
test syscall_fs_open::open_o_tmpfile_creates_anonymous_writable_file ... ok
test syscall_fs_open::open_o_tmpfile_materialize_preserves_setuid_setgid_host_backend ... ok
test syscall_fs_open::open_o_tmpfile_materializes_via_proc_self_fd_linkat ... ok
test syscall_fs_open::openat2_reads_open_how_and_opens_readonly_rootfs_paths ... ok
test syscall_fs_open::openat_missing_rootfs_file_returns_enoent ... ok
test syscall_fs_open::openat_read_close_round_trip_through_rootfs_fd ... ok
test syscall_fs_open::small_write_to_large_overlay_file_does_not_rewrite_whole_file ... ok
test syscall_fs_open::small_write_to_large_rootfs_file_does_not_copy_up_whole_file ... ok
test syscall_fs_open::tiocgpgrp_on_real_tty_uses_host_value_not_bootstrap ... ok
test syscall_fs_open::tiocgsid_on_real_tty_uses_host_value_not_bootstrap ... ok
test syscall_fs_open::tiocspgrp_on_real_tty_calls_host_not_fake ... ok
test syscall_fs_open::tty_ioctls_handle_pgrp_sid_and_controlling_terminal_calls ... ok
test syscall_fs_open::x86_private_dup2_installs_requested_fd_and_allows_same_fd_noop ... ok
test syscall_fs_pty::closing_ptmx_master_removes_pts_entry ... ok
test syscall_fs_pty::ptmx_tiocgptn_returns_index_and_tcgets_succeeds ... ok
test syscall_fs_pty::pty_master_slave_data_roundtrip ... ok
test syscall_fs_pty::tiocswinsz_on_pty_master_succeeds_via_slave ... ok
test syscall_fs_rw::copy_file_range_uses_darwin_fast_path_for_whole_host_files ... ok
test syscall_fs_rw::f_getfl_strips_creation_only_open_flags ... ok
test syscall_fs_rw::fsync_family_flushes_host_backed_files ... ok
test syscall_fs_rw::lseek_repositions_rootfs_file_reads ... ok
test syscall_fs_rw::pread64_reads_from_offset_without_changing_file_offset ... ok
test syscall_fs_rw::preadv_host_file_preserves_offset_with_borrowed_iovecs ... ok
test syscall_fs_rw::preadv_reads_from_offset_across_iovecs_without_changing_file_offset ... ok
test syscall_fs_rw::pwrite64_bootstrap_returns_espipe_for_streams_and_ebadf_for_rootfs_fds ... ok
test syscall_fs_rw::pwritev_bootstrap_validates_iovecs_and_reports_stream_errors ... ok
test syscall_fs_rw::pwritev_host_file_falls_back_to_staging_when_any_iovec_lacks_host_ptr ... ok
test syscall_fs_rw::pwritev_host_file_reads_each_guest_iovec_once ... ok
test syscall_fs_rw::pwritev_host_file_reports_efault_when_fallback_payload_is_unreadable ... ok
test syscall_fs_rw::pwritev_host_file_uses_guest_host_ptrs_without_payload_reads ... ok
test syscall_fs_rw::readv_host_file_falls_back_to_staging_when_any_iovec_lacks_host_ptr ... ok
test syscall_fs_rw::readv_host_file_uses_guest_host_ptrs_for_writable_iovecs ... ok
test syscall_fs_rw::readv_reads_file_across_packed_iovecs ... ok
test syscall_fs_rw::readv_reads_host_pipe_across_packed_iovecs ... ok
test syscall_fs_rw::sendfile_copies_rootfs_file_to_stdout_and_updates_offset_pointer ... ok
test syscall_fs_rw::sendfile_null_offset_advances_host_backed_file_across_calls ... ok
test syscall_fs_rw::sendfile_without_offset_pointer_advances_file_offset_and_writes_pipe ... ok
test syscall_fs_rw::splice_moves_bytes_between_rootfs_files_pipes_and_stdout ... ok
test syscall_fs_rw::splice_moves_bytes_between_sockets_and_pipes ... ok
test syscall_fs_rw::sync_and_fsync_family_return_zero_for_valid_fds_and_ebadf_otherwise ... ok
test syscall_fs_rw::write_syscall_reads_guest_memory_and_writes_stdout ... ok
test syscall_fs_rw::write_syscall_rejects_bad_guest_pointer_with_efault ... ok
test syscall_fs_rw::writev_writes_host_pipe_from_packed_iovecs ... ok
test syscall_fs_rw::writev_writes_stdout_from_packed_iovecs ... ok
test syscall_fs_stat::cwd_and_access_syscalls_use_rootfs_state ... ok
test syscall_fs_stat::faccessat2_dotdot_after_missing_intermediate_returns_enoent ... ok
test syscall_fs_stat::faccessat2_supports_bootstrap_access_flags_and_fd_checks ... ok
test syscall_fs_stat::fstat_and_statx_empty_path_agree_for_anonymous_fd_kinds ... ok
test syscall_fs_stat::fstat_pty_reports_char_device ... ok
test syscall_fs_stat::fstatfs_writes_packed_linux_statfs_for_open_fd ... ok
test syscall_fs_stat::host_stat_following_symlink_reports_target_inode ... ok
test syscall_fs_stat::newfstatat_and_fstat_write_typed_linux_stat ... ok
test syscall_fs_stat::statfs_writes_packed_linux_statfs_for_rootfs_path ... ok
test syscall_fs_stat::statx_writes_basic_rootfs_fd_and_symlink_metadata ... ok
test syscall_fs_stat::x86_stat_writes_x8664_stat_layout ... ok
test syscall_mem::brk_tracks_heap_within_runtime_arena ... ok
test syscall_mem::dispatcher_mmap_uses_configured_16k_linux_page_size ... ok
test syscall_mem::linear_memory_bounds_reads ... ok
test syscall_mem::madvise_accepts_common_advice_for_mapped_ranges ... ok
test syscall_mem::mm_lock_msync_mincore_stubs_validate_args_and_succeed ... ok
test syscall_mem::mmap_anonymous_fixed_mapping_zeroes_guest_memory_and_mprotect_munmap_are_noops ... ok
test syscall_mem::mmap_anonymous_reservations_fit_in_runtime_arena ... ok
test syscall_mem::mmap_maps_file_bytes_into_guest_memory_arena ... ok
test syscall_mem::mmap_non_fixed_hint_does_not_overlap_existing_bump_allocation ... ok
test syscall_mem::mmap_out_of_bounds_hint_relocated_advisory ... ok
test syscall_mem::mmap_rejects_unknown_map_flag_bits ... ok
test syscall_mem::mmap_without_hint_uses_next_page_granular_address ... ok
test syscall_mem::mprotect_rounds_length_to_configured_16k_linux_page_size ... ok
test syscall_mem::mremap_bootstrap_accepts_shrinking_and_rejects_growth_with_enomem ... ok
test syscall_mem::mremap_rounds_old_size_to_configured_16k_linux_page_size_when_moving ... ok
test syscall_net_epoll::blocking_eventfd_read_waits_until_writer_updates_counter ... ok
test syscall_net_epoll::blocking_timerfd_read_waits_until_timer_is_armed ... ok
test syscall_net_epoll::close_of_added_fd_auto_removes_it_from_epoll_interest ... ok
test syscall_net_epoll::epoll_edge_triggered_eventfd_reports_only_new_readiness ... ok
test syscall_net_epoll::epoll_edge_triggered_ready_overflow_is_returned_on_next_wait ... ok
test syscall_net_epoll::epoll_et_read_growth_does_not_rearm_latched_read_level ... ok
test syscall_net_epoll::epoll_event_matches_aarch64_c_abi_layout ... ok
test syscall_net_epoll::epoll_latched_host_edge_parks_on_kqueue_edge_not_timeout_backstop ... ok
test syscall_net_epoll::epoll_reports_eventfd_readiness_with_packed_events ... ok
test syscall_net_epoll::epoll_reports_timerfd_readiness_with_packed_event ... ok
test syscall_net_epoll::epoll_timed_wait_blocks_after_edge_event_was_already_reported ... ok
test syscall_net_epoll::epoll_waits_on_host_backed_edge_interests_when_no_event_is_ready ... ok
test syscall_net_epoll::epoll_wakes_accepted_socket_after_peer_write ... ok
test syscall_net_epoll::eventfd2_read_write_round_trip_uses_packed_counter ... ok
test syscall_net_epoll::fcntl_getpipe_size_reports_bootstrap_pipe_capacity ... ok
test syscall_net_epoll::fionbio_updates_pipe_status_flags_and_host_nonblocking_mode ... ok
test syscall_net_epoll::fionread_and_fionbio_bootstrap_succeed_for_valid_fds ... ok
test syscall_net_epoll::pipe2_duplicate_writer_keeps_pipe_open_until_all_writers_close ... ok
test syscall_net_epoll::pipe2_fd_fill_fails_fast_with_emfile ... ok
test syscall_net_epoll::pipe2_writes_packed_fd_pair_and_round_trips_bytes ... ok
test syscall_net_epoll::ppoll_reports_epoll_fd_readiness_when_registered_fd_is_ready ... ok
test syscall_net_epoll::ppoll_reports_eventfd_pipe_and_invalid_fd_readiness ... ok
test syscall_net_epoll::pselect6_empty_zero_timeout_returns_without_wait_handoff ... ok
test syscall_net_epoll::pselect6_invalid_fd_returns_ebadf ... ok
test syscall_net_epoll::pselect6_reports_eventfd_pipe_and_write_readiness ... ok
test syscall_net_epoll::siocgifname_on_socket_maps_interface_index_to_name ... ok
test syscall_net_epoll::threaded_epoll_wait_wakes_when_peer_thread_writes_to_accepted_socket ... ok
test syscall_net_epoll::timerfd_gettime_writes_packed_itimerspec_for_armed_timer ... ok
test syscall_net_epoll::timerfd_rearm_wakes_blocked_reader_without_waiting_for_old_deadline ... ok
test syscall_net_epoll::timerfd_settime_read_round_trip_uses_packed_records ... ok
test syscall_net_epoll::x86_64_epoll_uses_packed_event_layout ... ok
test syscall_net_tcp::netlink_getsockopt_so_type_reports_guest_type_not_hardcoded_raw ... ok
test syscall_net_tcp::signalfd4_and_tee_return_einval_not_enosys_stub ... ok
test syscall_net_tcp::so_reuseport_and_bufsize_report_guest_values_not_host_widening ... ok
test syscall_net_tcp::socket_syscalls_dispatch_to_real_host_handlers ... ok
test syscall_net_unix::epoll_del_of_one_dup_keeps_readiness_for_the_shared_host_socket ... ok
test syscall_net_unix::getsockname_returns_the_guest_unix_path_not_the_host_translation ... ok
test syscall_net_unix::getsockopt_so_peercred_returns_linux_ucred_from_local_peercred ... ok
test syscall_net_unix::so_passcred_set_get_round_trips ... ok
test syscall_net_unix::unix_bind_existing_guest_socket_path_returns_eaddrinuse ... ok
test syscall_net_unix::unix_connect_checks_guest_path_before_host_hash_path ... ok
test syscall_net_unix::unix_pathname_stream_listener_accepts_local_client ... ok
test syscall_net_unix::unix_relative_socket_getsockname_can_be_chmodded ... ok
test syscall_net_unix::unix_relative_socket_under_bind_mount_can_be_chmodded ... ok
test syscall_signal::fasync_self_owner_delivers_io_signal_to_sigtimedwait ... ok
test syscall_signal::kill_tkill_tgkill_bootstrap_validates_targets_and_signals ... ok
test syscall_signal::rt_sig_family_bootstrap_validates_args_and_returns_sensible_errnos ... ok
test syscall_signal::rt_sigaction_sig_dfl_resets_host_disposition_for_job_control ... ok
test syscall_signal::rt_signal_stubs_zero_old_state ... ok
test syscall_signal::rt_sigsuspend_applies_mask_then_returns_eintr_on_pending_signal ... ok
test syscall_signal::rt_sigsuspend_restores_nondefault_mask_when_no_handler_runs ... ok
test syscall_signal::rt_sigtimedwait_writes_full_siginfo_from_queued_payload ... ok
test syscall_signal::sigaltstack_bootstrap_zeroes_old_stack_and_validates_new ... ok
test syscall_signal::signalfd_read_drains_pending_masked_signals ... ok
test syscall_table::aarch64_syscall_table_is_sorted_for_binary_search ... ok
test syscall_table::bringup_manifest_entries_have_a_handler_owner ... ok
test syscall_table::dispatch_declares_no_abi_constants ... ok
test syscall_table::manifest_records_group_handler_and_compatibility_notes ... ok
test syscall_table::names_linux_aarch64_bringup_syscalls ... ok
test syscall_table::unknown_syscalls_are_explicit ... ok
test syscall_thread::clone_fork_flags_still_fork ... ok
test syscall_thread::clone_thread_variant_exists ... ok
test syscall_thread::clone_with_pthread_flags_emits_clone_thread ... ok
test syscall_thread::futex_cmp_requeue_matching_val3_no_waiters_returns_zero ... ok
test syscall_thread::futex_lock_pi_private_uncontended_records_owner_tid ... ok
test syscall_thread::futex_requeue_private_no_waiters_returns_zero ... ok
test syscall_thread::futex_trylock_pi_private_owned_by_self_is_deadlock ... ok
test syscall_thread::futex_unlock_pi_private_owned_by_self_clears_word ... ok
test syscall_thread::futex_wait_matching_value_blocks_via_outcome ... ok
test syscall_thread::futex_wait_value_mismatch_returns_eagain ... ok
test syscall_thread::futex_wake_returns_count_and_advances_table ... ok
test syscall_thread::gettid_returns_per_thread_tid_not_pid ... ok
test syscall_thread::sched_getparam_accepts_live_sibling_tid ... ok
test syscall_thread::sched_getscheduler_accepts_live_sibling_tid ... ok
test syscall_thread::sched_getscheduler_unknown_sibling_tid_is_esrch ... ok
test syscall_thread::set_tid_address_records_clear_child_tid_and_returns_tid ... ok
test syscall_thread::tgkill_to_masked_sibling_queues_without_signalthread ... ok
test syscall_thread::tgkill_to_self_raises_locally ... ok
test syscall_thread::tgkill_to_sibling_emits_signalthread ... ok
test syscall_thread::tgkill_to_sibling_queues_si_tkill_siginfo ... ok
test syscall_thread::thread_exit_variant_exists ... ok
test syscall_thread::tkill_to_unknown_tid_is_esrch ... ok
test syscall_time::adjtimex_and_clock_adjtime_return_eperm ... ok
test syscall_time::clock_getres_writes_packed_linux_timespec ... ok
test syscall_time::clock_gettime_writes_packed_linux_timespec ... ok
test syscall_time::clock_nanosleep_accepts_relative_and_absolute_timespecs ... ok
test syscall_time::clock_settime_bootstrap_returns_eperm_for_realtime_and_einval_for_unknown ... ok
test syscall_time::getitimer_setitimer_bootstrap_validate_args_and_zero_output ... ok
test syscall_time::gettimeofday_writes_packed_linux_timeval_and_timezone ... ok
test syscall_time::nanosleep_accepts_packed_timespec_and_rejects_invalid_inputs ... ok
test syscall_time::relative_sleeps_carry_remaining_time_pointer_for_eintr ... ok
test syscall_time::sysinfo_reports_uptime_not_epoch_time ... ok
test syscall_time::timer_create_rejects_thread_cpu_sigev_thread_id ... ok
test syscall_time::times_bootstrap_writes_tms_and_returns_monotonic_clock ... ok

test result: ok. 296 passed; 0 failed; 0 ignored; 0 measured; 0 filtered out; finished in 8.73s

   Compiling carrick-runtime v0.1.0 (/Volumes/CaseSensitive/carrick/.worktrees/codex-hybrid-kernel/crates/carrick-runtime)
    Finished `test` profile [unoptimized + debuginfo] target(s) in 0.56s
     Running tests/syscall_process.rs (target/debug/deps/syscall_process-3a185afcf77f4161)

running 17 tests
test blocking_wait4_for_specific_child_parks_on_proc_exit ... ok
test exit_group_syscall_requests_process_exit ... ok
test exit_syscall_requests_process_exit ... ok
test getrandom_fills_guest_buffer ... ok
test job_control_queries_match_host_process_group_state ... ok
test native_broad_waitid_skips_unrequested_stop_for_exited_sibling ... ok
test native_process_group_waits_park_without_blocking_in_host_wait ... ok
test native_ptrace_wait_without_wuntraced_uses_state_readiness ... ok
test native_untraced_wait_uses_child_state_readiness ... ok
test native_waitid_translates_and_controls_virtual_ptrace_stop ... ok
test privileged_op_stubs_return_eperm_or_enosys ... ok
test seccomp_filter_blocks_the_targeted_syscall_with_errno ... ok
test syscall_request_can_be_built_from_a_raw_syscall ... ok
test unhandled_named_syscall_surfaces_by_name_in_compat_report ... ok
test unknown_syscall_returns_enosys_and_records_report_entry ... ok
test wait_family_bootstrap_returns_echild ... ok
test waitid_wexited_ignores_stopped_child ... ok

test result: ok. 17 passed; 0 failed; 0 ignored; 0 measured; 0 filtered out; finished in 0.07s

    Finished `test` profile [unoptimized + debuginfo] target(s) in 0.13s
     Running tests/trace_profile.rs (target/debug/deps/trace_profile-c9af10bf9afeffe1)

running 41 tests
test amp1_accepts_a_complete_amplification_capture ... ok
test amp1_accepts_the_inherited_service_ends_every_threaded_guest_produces ... ok
test amp1_rejects_a_declared_join_that_never_armed ... ok
test amp1_rejects_a_missing_drop_section ... ok
test amp1_rejects_a_program_digest_mismatch ... ok
test amp1_rejects_a_truncated_capture ... ok
test amp1_rejects_a_wrong_backend_capture ... ok
test amp1_rejects_corrupt_amplification_records ... ok
test amp1_rejects_nonzero_drop_counters_from_either_source ... ok
test amp1_requires_a_qualified_terminal_roster_in_both_scopes ... ok
test amplification_compare_refuses_every_capture_determinant_drift ... ok
test amplification_compare_reports_exact_zeros_for_identical_censuses ... ok
test amplification_ledger_publishes_a_canonical_ledger_from_an_authenticated_capture ... ok
test amplification_ledger_publishes_deterministically_and_never_clobbers ... ok
test amplification_ledger_refuses_a_capture_that_is_not_evidence ... ok
test amplification_ledger_requires_the_in_band_consumer_drop_record ... ok
test broad_profile_pairs_phases_and_emits_exact_metric_shapes ... ok
test bundled_profile_scripts_emit_one_versioned_completion ... ok
test dsrprof2_accepts_birth_keyed_lifecycle_fixture ... ok
test dsrprof2_accepts_committed_shared_range_after_initial_ready ... ok
test dsrprof2_accepts_duplicate_exec_observation_for_same_image ... ok
test dsrprof2_accepts_summary_mode_without_transition_events ... ok
test dsrprof2_fork_inherits_dynamic_shared_frontier_after_initial_ready ... ok
test dsrprof2_names_dynamic_drop_subcategories ... ok
test dsrprof2_preserves_exact_stack_blocks ... ok
test dsrprof2_rejects_corrupt_lifecycle_fixtures ... ok
test dsrprof2_reports_completion_violation_category ... ok
test dsrprof2_retires_unresolved_exec_observation_at_process_exit ... ok
test fork_profile_pairs_repair_reset_and_first_prepare_latency ... ok
test hvpatch_alias_sharing_saved_capture_validator_fails_closed ... HVPATCHALIAS validation: ok
HVPATCHALIAS validation: incomplete companion capture
HVPATCHALIAS validation: missing or duplicate completion
HVPATCHALIAS validation: provider error
HVPATCHALIAS validation: timeout
ok
test hvpatch_alias_sharing_trace_fails_closed ... ok
test indirect_profile_aggregates_sources_pairs_and_exact_total_once ... ok
test indirect_profile_is_self_bounded_and_defines_its_completion_flag ... ok
test native_amplification_program_scopes_bounds_and_sections_are_pinned ... ok
test native_profile_qualification_fixtures_are_hidden_and_deterministic ... ok
test native_profile_qualification_scripts_bind_observed_identity_and_scope ... ok
test native_wall_capture_bound_is_a_substitutable_declared_parameter ... ok
test native_wall_profile_emits_categorized_completion_contract ... ok
test native_wall_profile_uses_single_sample_and_offcpu_stack_authorities ... ok
test trace_profile_argument_relationships_are_enforced ... ok
test trace_profile_keeps_raw_and_summary_outputs_distinct ... ok

test result: ok. 41 passed; 0 failed; 0 ignored; 0 measured; 0 filtered out; finished in 11.82s

   Compiling carrick-vmm-hvf v0.1.0 (/Volumes/CaseSensitive/carrick/.worktrees/codex-hybrid-kernel/crates/carrick-vmm-hvf)
   Compiling carrick-runtime v0.1.0 (/Volumes/CaseSensitive/carrick/.worktrees/codex-hybrid-kernel/crates/carrick-runtime)
   Compiling carrick-engine v0.1.0 (/Volumes/CaseSensitive/carrick/.worktrees/codex-hybrid-kernel/crates/carrick-engine)
    Finished `test` profile [unoptimized + debuginfo] target(s) in 12.17s
     Running unittests src/lib.rs (target/debug/deps/carrick_engine-642ca141a43524bd)

running 25 tests
test tests::a_pinned_ipv4_in_the_bridge_placeholder_range_is_rejected ... ok
test tests::amd64_guest_on_arm_host_tracks_rosetta_presence ... ok
test tests::bare_env_key_imports_host_value ... ok
test tests::bridge_network_resolves_into_run_spec ... ok
test tests::cleared_entrypoint_runs_cmd_only ... ok
test tests::dns_overrides_resolve_into_run_spec ... ok
test tests::execution_backend_and_page_profile_flow_into_run_spec ... ok
test tests::extra_hosts_resolve_into_run_spec ... ok
test tests::hostname_resolves_into_run_spec ... ok
test tests::native_platform_is_always_runnable ... ok
test tests::portable_vmm_backend_flows_into_run_spec ... ok
test tests::relative_workdir_resolves_against_image_workingdir ... ok
test tests::request_platform_defaults_to_host_native ... ok
test tests::resolve_seccomp_policy_is_last_wins_and_rejects_unknown_options ... ok
test tests::run_spec_seccomp_policy_defaults_to_container_default ... ok
test tests::security_opt_seccomp_unconfined_opts_out ... ok
test tests::static_bridge_ipv4_resolves_into_run_spec ... ok
test tests::test_merge_argv_cmd_override ... ok
test tests::test_merge_argv_entrypoint_override ... ok
test tests::test_merge_argv_no_override ... ok
test tests::test_merge_env_variables ... ok
test tests::test_merge_workdir ... ok
test tests::user_absent_defaults_root ... ok
test tests::user_numeric_uid_and_gid ... ok
test tests::user_numeric_uid_defaults_gid_zero ... ok

test result: ok. 25 passed; 0 failed; 0 ignored; 0 measured; 0 filtered out; finished in 0.01s

   Doc-tests carrick_engine

running 0 tests

test result: ok. 0 passed; 0 failed; 0 ignored; 0 measured; 0 filtered out; finished in 0.00s

    Finished `test` profile [unoptimized + debuginfo] target(s) in 0.10s
     Running unittests src/lib.rs (target/debug/deps/carrick_image-b1fc6482f080cb1a)

running 33 tests
test auth::tests::auth_for_decodes_inline_base64_splitting_on_first_colon ... ok
test auth::tests::auth_for_uses_username_password_fields ... ok
test auth::tests::canonical_key_collapses_hub_spellings ... ok
test auth::tests::creds_store_only_entry_is_none_not_a_panic ... ok
test auth::tests::write_login_preserves_other_registries ... ok
test auth::tests::write_then_resolve_round_trips_with_0600 ... ok
test tests::accepts_arm64_v8_variant ... ok
test tests::default_target_is_host_native ... ok
test tests::layer_summaries_are_reordered_to_manifest_order ... ok
test tests::layers_are_reordered_to_manifest_order ... ok
test tests::list_images_reports_repo_tag_id_and_size ... ok
test tests::load_docker_archive_can_target_non_default_platform ... ok
test tests::load_docker_archive_ingests_blobs_and_summary ... ok
test tests::load_docker_archive_missing_manifest_is_an_error ... ok
test tests::load_docker_archive_plain_tar_layer_gets_tar_media_type ... ok
test tests::load_docker_archive_tags_every_repo_tag ... ok
test tests::load_real_kaniko_archive_if_present ... ok
test tests::oci_config_without_stop_signal_is_none ... ok
test tests::override_arm64_v8_matches_unspecified_entry ... ok
test tests::override_selects_amd64_when_only_amd64_present ... ok
test tests::parse_platform_target_rejects_garbage ... ok
test tests::parse_platform_target_with_variant ... ok
test tests::parse_platform_target_without_variant ... ok
test tests::picks_linux_arm64_from_multi_arch_index ... ok
test tests::pull_policy_follows_docker_semantics ... ok
test tests::rejects_arm64_v7_variant ... ok
test tests::remove_image_by_spec_accepts_ref_or_id ... ok
test tests::remove_image_then_gc_reclaims_unreferenced_blobs ... ok
test tests::returns_none_when_no_linux_arm64_present ... ok
test tests::skips_entry_with_no_platform_block ... ok
test tests::tag_image_creates_a_new_ref_sharing_blobs ... ok
test tests::tag_moved_only_when_registry_digest_differs ... ok
test tests::test_parse_oci_config_json ... ok

test result: ok. 33 passed; 0 failed; 0 ignored; 0 measured; 0 filtered out; finished in 0.16s

   Doc-tests carrick_image

running 0 tests

test result: ok. 0 passed; 0 failed; 0 ignored; 0 measured; 0 filtered out; finished in 0.00s

