frame pointers: enforced
cargo fmt --all -- --check
    Checking carrick-vmm-hvf v0.1.0 (/Volumes/CaseSensitive/carrick/.worktrees/codex-hybrid-kernel/crates/carrick-vmm-hvf)
   Compiling carrick-runtime v0.1.0 (/Volumes/CaseSensitive/carrick/.worktrees/codex-hybrid-kernel/crates/carrick-runtime)
    Checking carrick-engine v0.1.0 (/Volumes/CaseSensitive/carrick/.worktrees/codex-hybrid-kernel/crates/carrick-engine)
    Checking carrick-cli v0.1.0 (/Volumes/CaseSensitive/carrick/.worktrees/codex-hybrid-kernel/crates/carrick-cli)
    Finished `dev` profile [unoptimized + debuginfo] target(s) in 12.12s
cargo deny check licenses bans sources
warning[duplicate]: found 2 duplicate entries for crate 'base64'
   ┌─ /Volumes/CaseSensitive/carrick/.worktrees/codex-hybrid-kernel/Cargo.lock:19:1
   │  
19 │ ╭ base64 0.13.1 registry+https://github.com/rust-lang/crates.io-index
20 │ │ base64 0.22.1 registry+https://github.com/rust-lang/crates.io-index
   │ ╰───────────────────────────────────────────────────────────────────┘ lock entries
   │  
   ├ base64 v0.13.1
     └── jwt v0.16.0
         └── oci-client v0.15.0
             ├── carrick-image v0.1.0
             │   ├── carrick-cli v0.1.0
             │   ├── carrick-engine v0.1.0
             │   │   └── carrick-cli v0.1.0 (*)
             │   └── (dev) carrick-runtime v0.1.0
             │       ├── carrick-cli v0.1.0 (*)
             │       └── carrick-engine v0.1.0 (*)
             ├── carrick-runtime v0.1.0 (*)
             └── carrick-spec v0.1.0
                 ├── carrick-cli v0.1.0 (*)
                 ├── carrick-engine v0.1.0 (*)
                 ├── carrick-image v0.1.0 (*)
                 └── carrick-runtime v0.1.0 (*)
   ├ base64 v0.22.1
     ├── bollard v0.18.1
     │   └── (dev) carrick-cli v0.1.0
     ├── carrick-cli v0.1.0 (*)
     ├── carrick-image v0.1.0
     │   ├── carrick-cli v0.1.0 (*)
     │   ├── carrick-engine v0.1.0
     │   │   └── carrick-cli v0.1.0 (*)
     │   └── (dev) carrick-runtime v0.1.0
     │       ├── carrick-cli v0.1.0 (*)
     │       └── carrick-engine v0.1.0 (*)
     ├── hyper-util v0.1.20
     │   ├── bollard v0.18.1 (*)
     │   ├── carrick-cli v0.1.0 (*)
     │   ├── hyper-named-pipe v0.1.0
     │   │   └── bollard v0.18.1 (*)
     │   ├── hyper-rustls v0.27.9
     │   │   └── reqwest v0.12.28
     │   │       └── oci-client v0.15.0
     │   │           ├── carrick-image v0.1.0 (*)
     │   │           ├── carrick-runtime v0.1.0 (*)
     │   │           └── carrick-spec v0.1.0
     │   │               ├── carrick-cli v0.1.0 (*)
     │   │               ├── carrick-engine v0.1.0 (*)
     │   │               ├── carrick-image v0.1.0 (*)
     │   │               └── carrick-runtime v0.1.0 (*)
     │   ├── hyperlocal v0.9.1
     │   │   └── bollard v0.18.1 (*)
     │   └── reqwest v0.12.28 (*)
     └── reqwest v0.12.28 (*)

warning[duplicate]: found 2 duplicate entries for crate 'bitflags'
   ┌─ /Volumes/CaseSensitive/carrick/.worktrees/codex-hybrid-kernel/Cargo.lock:26:1
   │  
26 │ ╭ bitflags 1.3.2 registry+https://github.com/rust-lang/crates.io-index
27 │ │ bitflags 2.11.1 registry+https://github.com/rust-lang/crates.io-index
   │ ╰─────────────────────────────────────────────────────────────────────┘ lock entries
   │  
   ├ bitflags v1.3.2
     ├── vmm-sys-util v0.14.0
     │   ├── kvm-bindings v0.12.1
     │   │   ├── carrick-vmm-kvm v0.1.0
     │   │   └── kvm-ioctls v0.22.1
     │   │       └── carrick-vmm-kvm v0.1.0 (*)
     │   └── kvm-ioctls v0.22.1 (*)
     └── vmm-sys-util v0.15.0
         └── carrick-vmm-kvm v0.1.0 (*)
   ├ bitflags v2.11.1
     ├── bindgen v0.72.1
     │   └── (build) bad64-sys v0.10.0
     │       └── bad64 v0.12.0
     │           ├── carrick-dsr-aarch64 v0.1.0
     │           │   ├── carrick-native-darwin v0.1.0
     │           │   │   └── carrick-runtime v0.1.0
     │           │   │       ├── carrick-cli v0.1.0
     │           │   │       └── carrick-engine v0.1.0
     │           │   │           └── carrick-cli v0.1.0 (*)
     │           │   └── (dev) carrick-runtime v0.1.0 (*)
     │           ├── carrick-native-darwin v0.1.0 (*)
     │           └── (dev) carrick-runtime v0.1.0 (*)
     ├── carrick-aarch64 v0.1.0
     │   ├── carrick-vmm-hvf v0.1.0
     │   │   ├── carrick-cli v0.1.0 (*)
     │   │   └── carrick-runtime v0.1.0 (*)
     │   └── carrick-vmm-kvm v0.1.0
     ├── carrick-abi v0.1.0
     │   ├── carrick-aarch64 v0.1.0 (*)
     │   ├── carrick-dsr v0.1.0
     │   │   ├── carrick-dsr-aarch64 v0.1.0 (*)
     │   │   ├── (dev) carrick-dsr-x86 v0.1.0
     │   │   │   └── carrick-runtime v0.1.0 (*)
     │   │   ├── carrick-native-darwin v0.1.0 (*)
     │   │   ├── carrick-native-freebsd v0.1.0
     │   │   │   ├── (dev) carrick-dsr-x86 v0.1.0 (*)
     │   │   │   └── carrick-runtime v0.1.0 (*)
     │   │   ├── carrick-native-netbsd v0.1.0
     │   │   │   └── carrick-runtime v0.1.0 (*)
     │   │   └── (dev) carrick-runtime v0.1.0 (*)
     │   ├── carrick-dsr-aarch64 v0.1.0 (*)
     │   ├── carrick-dsr-x86 v0.1.0 (*)
     │   ├── carrick-hal v0.1.0
     │   │   ├── carrick-aarch64 v0.1.0 (*)
     │   │   ├── carrick-host-bsd v0.1.0
     │   │   │   ├── carrick-cli v0.1.0 (*)
     │   │   │   ├── carrick-runtime v0.1.0 (*)
     │   │   │   ├── carrick-vmm-bhyve v0.1.0
     │   │   │   ├── carrick-vmm-hvf v0.1.0 (*)
     │   │   │   └── carrick-vmm-nvmm v0.1.0
     │   │   ├── carrick-host-linux v0.1.0
     │   │   ├── carrick-native-freebsd v0.1.0 (*)
     │   │   ├── carrick-native-netbsd v0.1.0 (*)
     │   │   ├── carrick-runtime v0.1.0 (*)
     │   │   ├── carrick-thread v0.1.0
     │   │   │   ├── carrick-native-freebsd v0.1.0 (*)
     │   │   │   ├── carrick-native-netbsd v0.1.0 (*)
     │   │   │   ├── carrick-runtime v0.1.0 (*)
     │   │   │   ├── carrick-vmm-bhyve v0.1.0 (*)
     │   │   │   ├── carrick-vmm-hvf v0.1.0 (*)
     │   │   │   ├── carrick-vmm-kvm v0.1.0 (*)
     │   │   │   └── carrick-vmm-nvmm v0.1.0 (*)
     │   │   ├── carrick-vmm-bhyve v0.1.0 (*)
     │   │   ├── carrick-vmm-hvf v0.1.0 (*)
     │   │   ├── carrick-vmm-kvm v0.1.0 (*)
     │   │   ├── carrick-vmm-nvmm v0.1.0 (*)
     │   │   └── carrick-x86 v0.1.0
     │   │       ├── carrick-vmm-bhyve v0.1.0 (*)
     │   │       ├── carrick-vmm-kvm v0.1.0 (*)
     │   │       └── carrick-vmm-nvmm v0.1.0 (*)
     │   ├── carrick-host-bsd v0.1.0 (*)
     │   ├── carrick-host-linux v0.1.0 (*)
     │   ├── carrick-mem v0.1.0
     │   │   ├── carrick-aarch64 v0.1.0 (*)
     │   │   ├── carrick-dsr v0.1.0 (*)
     │   │   ├── carrick-dsr-aarch64 v0.1.0 (*)
     │   │   ├── carrick-hal v0.1.0 (*)
     │   │   ├── carrick-runtime v0.1.0 (*)
     │   │   ├── carrick-vmm-bhyve v0.1.0 (*)
     │   │   ├── carrick-vmm-hvf v0.1.0 (*)
     │   │   ├── carrick-vmm-kvm v0.1.0 (*)
     │   │   ├── carrick-vmm-nvmm v0.1.0 (*)
     │   │   └── carrick-x86 v0.1.0 (*)
     │   ├── carrick-native-freebsd v0.1.0 (*)
     │   ├── carrick-native-netbsd v0.1.0 (*)
     │   ├── carrick-observability v0.1.0
     │   │   ├── carrick-aarch64 v0.1.0 (*)
     │   │   ├── carrick-native-darwin v0.1.0 (*)
     │   │   ├── carrick-runtime v0.1.0 (*)
     │   │   ├── carrick-thread v0.1.0 (*)
     │   │   └── carrick-vmm-hvf v0.1.0 (*)
     │   ├── carrick-runtime v0.1.0 (*)
     │   ├── carrick-signal-core v0.1.0
     │   │   ├── carrick-hal v0.1.0 (*)
     │   │   ├── carrick-host-bsd v0.1.0 (*)
     │   │   ├── carrick-runtime v0.1.0 (*)
     │   │   ├── carrick-vmm-bhyve v0.1.0 (*)
     │   │   ├── carrick-vmm-hvf v0.1.0 (*)
     │   │   ├── carrick-vmm-kvm v0.1.0 (*)
     │   │   └── carrick-vmm-nvmm v0.1.0 (*)
     │   ├── carrick-thread v0.1.0 (*)
     │   ├── carrick-timer-core v0.1.0
     │   │   ├── carrick-hal v0.1.0 (*)
     │   │   ├── carrick-runtime v0.1.0 (*)
     │   │   ├── carrick-vmm-bhyve v0.1.0 (*)
     │   │   ├── carrick-vmm-hvf v0.1.0 (*)
     │   │   ├── carrick-vmm-kvm v0.1.0 (*)
     │   │   └── carrick-vmm-nvmm v0.1.0 (*)
     │   ├── carrick-vmm-bhyve v0.1.0 (*)
     │   ├── carrick-vmm-hvf v0.1.0 (*)
     │   ├── carrick-vmm-kvm v0.1.0 (*)
     │   ├── carrick-vmm-nvmm v0.1.0 (*)
     │   └── carrick-x86 v0.1.0 (*)
     ├── carrick-runtime v0.1.0 (*)
     ├── carrick-vmm-bhyve v0.1.0 (*)
     ├── carrick-x86 v0.1.0 (*)
     ├── dynasm v5.0.0
     │   └── dynasmrt v5.0.0
     │       ├── carrick-dsr-aarch64 v0.1.0 (*)
     │       └── (dev) carrick-runtime v0.1.0 (*)
     ├── kvm-ioctls v0.22.1
     │   └── carrick-vmm-kvm v0.1.0 (*)
     ├── proptest v1.11.0
     │   ├── (dev) carrick-dsr v0.1.0 (*)
     │   └── (dev) carrick-runtime v0.1.0 (*)
     ├── redox_syscall v0.5.18
     │   └── parking_lot_core v0.9.12
     │       ├── carrick-runtime v0.1.0 (*)
     │       ├── carrick-thread v0.1.0 (*)
     │       ├── carrick-vmm-hvf v0.1.0 (*)
     │       └── parking_lot v0.12.5
     │           ├── carrick-dsr v0.1.0 (*)
     │           ├── carrick-dsr-aarch64 v0.1.0 (*)
     │           ├── carrick-guest-mem v0.1.0
     │           │   ├── carrick-aarch64 v0.1.0 (*)
     │           │   ├── carrick-dsr v0.1.0 (*)
     │           │   ├── carrick-dsr-aarch64 v0.1.0 (*)
     │           │   ├── carrick-dsr-x86 v0.1.0 (*)
     │           │   ├── carrick-hal v0.1.0 (*)
     │           │   ├── carrick-mem v0.1.0 (*)
     │           │   ├── carrick-native-darwin v0.1.0 (*)
     │           │   ├── carrick-observability v0.1.0 (*)
     │           │   ├── carrick-runtime v0.1.0 (*)
     │           │   ├── carrick-spec v0.1.0
     │           │   │   ├── carrick-cli v0.1.0 (*)
     │           │   │   ├── carrick-engine v0.1.0 (*)
     │           │   │   ├── carrick-image v0.1.0
     │           │   │   │   ├── carrick-cli v0.1.0 (*)
     │           │   │   │   ├── carrick-engine v0.1.0 (*)
     │           │   │   │   └── (dev) carrick-runtime v0.1.0 (*)
     │           │   │   └── carrick-runtime v0.1.0 (*)
     │           │   ├── carrick-vmm-bhyve v0.1.0 (*)
     │           │   ├── carrick-vmm-hvf v0.1.0 (*)
     │           │   ├── carrick-vmm-kvm v0.1.0 (*)
     │           │   ├── carrick-vmm-nvmm v0.1.0 (*)
     │           │   └── carrick-x86 v0.1.0 (*)
     │           ├── carrick-mem v0.1.0 (*)
     │           ├── carrick-observability v0.1.0 (*)
     │           ├── carrick-runtime v0.1.0 (*)
     │           ├── carrick-thread v0.1.0 (*)
     │           └── carrick-vmm-hvf v0.1.0 (*)
     ├── rustix v1.1.4
     │   ├── cap-primitives v4.0.2
     │   │   └── cap-std v4.0.2
     │   │       └── carrick-runtime v0.1.0 (*)
     │   ├── cap-std v4.0.2 (*)
     │   ├── fd-lock v4.0.4
     │   │   └── carrick-runtime v0.1.0 (*)
     │   ├── fs-set-times v0.20.3
     │   │   └── cap-primitives v4.0.2 (*)
     │   ├── rustix-linux-procfs v0.1.1
     │   │   └── cap-primitives v4.0.2 (*)
     │   └── tempfile v3.27.0
     │       ├── (dev) carrick-cli v0.1.0 (*)
     │       ├── carrick-dsr v0.1.0 (*)
     │       ├── carrick-dsr-aarch64 v0.1.0 (*)
     │       ├── (dev) carrick-dsr-x86 v0.1.0 (*)
     │       ├── (dev) carrick-host v0.1.0
     │       │   ├── carrick-aarch64 v0.1.0 (*)
     │       │   ├── carrick-dsr v0.1.0 (*)
     │       │   ├── carrick-dsr-aarch64 v0.1.0 (*)
     │       │   ├── carrick-host-bsd v0.1.0 (*)
     │       │   ├── carrick-runtime v0.1.0 (*)
     │       │   ├── carrick-timer-core v0.1.0 (*)
     │       │   ├── carrick-vmm-bhyve v0.1.0 (*)
     │       │   ├── carrick-vmm-hvf v0.1.0 (*)
     │       │   ├── carrick-vmm-kvm v0.1.0 (*)
     │       │   ├── carrick-vmm-nvmm v0.1.0 (*)
     │       │   └── carrick-x86 v0.1.0 (*)
     │       ├── (dev) carrick-image v0.1.0 (*)
     │       ├── carrick-native-darwin v0.1.0 (*)
     │       ├── (dev) carrick-native-freebsd v0.1.0 (*)
     │       ├── carrick-observability v0.1.0 (*)
     │       ├── (dev) carrick-portable v0.1.0
     │       │   ├── carrick-dsr v0.1.0 (*)
     │       │   ├── carrick-runtime v0.1.0 (*)
     │       │   └── carrick-timer-core v0.1.0 (*)
     │       ├── (dev) carrick-runtime v0.1.0 (*)
     │       ├── carrick-signal-core v0.1.0 (*)
     │       ├── proptest v1.11.0 (*)
     │       └── rusty-fork v0.3.1
     │           └── proptest v1.11.0 (*)
     ├── tower-http v0.6.10
     │   └── reqwest v0.12.28
     │       └── oci-client v0.15.0
     │           ├── carrick-image v0.1.0 (*)
     │           ├── carrick-runtime v0.1.0 (*)
     │           └── carrick-spec v0.1.0 (*)
     └── winx v0.36.4
         └── cap-primitives v4.0.2 (*)

warning[duplicate]: found 2 duplicate entries for crate 'cpufeatures'
   ┌─ /Volumes/CaseSensitive/carrick/.worktrees/codex-hybrid-kernel/Cargo.lock:85:1
   │  
85 │ ╭ cpufeatures 0.2.17 registry+https://github.com/rust-lang/crates.io-index
86 │ │ cpufeatures 0.3.0 registry+https://github.com/rust-lang/crates.io-index
   │ ╰───────────────────────────────────────────────────────────────────────┘ lock entries
   │  
   ├ cpufeatures v0.2.17
     └── sha2 v0.10.9
         ├── carrick-cli v0.1.0
         ├── carrick-dsr v0.1.0
         │   ├── carrick-dsr-aarch64 v0.1.0
         │   │   ├── carrick-native-darwin v0.1.0
         │   │   │   └── carrick-runtime v0.1.0
         │   │   │       ├── carrick-cli v0.1.0 (*)
         │   │   │       └── carrick-engine v0.1.0
         │   │   │           └── carrick-cli v0.1.0 (*)
         │   │   └── (dev) carrick-runtime v0.1.0 (*)
         │   ├── (dev) carrick-dsr-x86 v0.1.0
         │   │   └── carrick-runtime v0.1.0 (*)
         │   ├── carrick-native-darwin v0.1.0 (*)
         │   ├── carrick-native-freebsd v0.1.0
         │   │   ├── (dev) carrick-dsr-x86 v0.1.0 (*)
         │   │   └── carrick-runtime v0.1.0 (*)
         │   ├── carrick-native-netbsd v0.1.0
         │   │   └── carrick-runtime v0.1.0 (*)
         │   └── (dev) carrick-runtime v0.1.0 (*)
         ├── carrick-dsr-aarch64 v0.1.0 (*)
         ├── carrick-image v0.1.0
         │   ├── carrick-cli v0.1.0 (*)
         │   ├── carrick-engine v0.1.0 (*)
         │   └── (dev) carrick-runtime v0.1.0 (*)
         ├── carrick-native-darwin v0.1.0 (*)
         ├── carrick-observability v0.1.0
         │   ├── carrick-aarch64 v0.1.0
         │   │   ├── carrick-vmm-hvf v0.1.0
         │   │   │   ├── carrick-cli v0.1.0 (*)
         │   │   │   └── carrick-runtime v0.1.0 (*)
         │   │   └── carrick-vmm-kvm v0.1.0
         │   ├── carrick-native-darwin v0.1.0 (*)
         │   ├── carrick-runtime v0.1.0 (*)
         │   ├── carrick-thread v0.1.0
         │   │   ├── carrick-native-freebsd v0.1.0 (*)
         │   │   ├── carrick-native-netbsd v0.1.0 (*)
         │   │   ├── carrick-runtime v0.1.0 (*)
         │   │   ├── carrick-vmm-bhyve v0.1.0
         │   │   ├── carrick-vmm-hvf v0.1.0 (*)
         │   │   ├── carrick-vmm-kvm v0.1.0 (*)
         │   │   └── carrick-vmm-nvmm v0.1.0
         │   └── carrick-vmm-hvf v0.1.0 (*)
         ├── carrick-runtime v0.1.0 (*)
         ├── jwt v0.16.0
         │   └── oci-client v0.15.0
         │       ├── carrick-image v0.1.0 (*)
         │       ├── carrick-runtime v0.1.0 (*)
         │       └── carrick-spec v0.1.0
         │           ├── carrick-cli v0.1.0 (*)
         │           ├── carrick-engine v0.1.0 (*)
         │           ├── carrick-image v0.1.0 (*)
         │           └── carrick-runtime v0.1.0 (*)
         ├── oci-client v0.15.0 (*)
         └── (build) pest_meta v2.8.6
             └── pest_generator v2.8.6
                 └── pest_derive v2.8.6
                     └── dtrace-parser v0.3.0
                         ├── usdt-attr-macro v0.6.0
                         │   └── usdt v0.6.0
                         │       ├── carrick-observability v0.1.0 (*)
                         │       └── carrick-vmm-hvf v0.1.0 (*)
                         ├── usdt-impl v0.6.0
                         │   ├── usdt v0.6.0 (*)
                         │   ├── usdt-attr-macro v0.6.0 (*)
                         │   └── usdt-macro v0.6.0
                         │       └── usdt v0.6.0 (*)
                         └── usdt-macro v0.6.0 (*)
   ├ cpufeatures v0.3.0
     └── chacha20 v0.10.1
         └── rand v0.10.1
             └── hickory-proto v0.26.1
                 └── carrick-runtime v0.1.0
                     ├── carrick-cli v0.1.0
                     └── carrick-engine v0.1.0
                         └── carrick-cli v0.1.0 (*)

warning[duplicate]: found 3 duplicate entries for crate 'getrandom'
    ┌─ /Volumes/CaseSensitive/carrick/.worktrees/codex-hybrid-kernel/Cargo.lock:126:1
    │  
126 │ ╭ getrandom 0.2.17 registry+https://github.com/rust-lang/crates.io-index
127 │ │ getrandom 0.3.4 registry+https://github.com/rust-lang/crates.io-index
128 │ │ getrandom 0.4.2 registry+https://github.com/rust-lang/crates.io-index
    │ ╰─────────────────────────────────────────────────────────────────────┘ lock entries
    │  
    ├ getrandom v0.2.17
      └── ring v0.17.14
          ├── rustls v0.23.40
          │   ├── hyper-rustls v0.27.9
          │   │   └── reqwest v0.12.28
          │   │       └── oci-client v0.15.0
          │   │           ├── carrick-image v0.1.0
          │   │           │   ├── carrick-cli v0.1.0
          │   │           │   ├── carrick-engine v0.1.0
          │   │           │   │   └── carrick-cli v0.1.0 (*)
          │   │           │   └── (dev) carrick-runtime v0.1.0
          │   │           │       ├── carrick-cli v0.1.0 (*)
          │   │           │       └── carrick-engine v0.1.0 (*)
          │   │           ├── carrick-runtime v0.1.0 (*)
          │   │           └── carrick-spec v0.1.0
          │   │               ├── carrick-cli v0.1.0 (*)
          │   │               ├── carrick-engine v0.1.0 (*)
          │   │               ├── carrick-image v0.1.0 (*)
          │   │               └── carrick-runtime v0.1.0 (*)
          │   ├── reqwest v0.12.28 (*)
          │   └── tokio-rustls v0.26.4
          │       ├── hyper-rustls v0.27.9 (*)
          │       └── reqwest v0.12.28 (*)
          └── rustls-webpki v0.103.13
              └── rustls v0.23.40 (*)
    ├ getrandom v0.3.4
      ├── carrick-dsr-aarch64 v0.1.0
      │   ├── carrick-native-darwin v0.1.0
      │   │   └── carrick-runtime v0.1.0
      │   │       ├── carrick-cli v0.1.0
      │   │       └── carrick-engine v0.1.0
      │   │           └── carrick-cli v0.1.0 (*)
      │   └── (dev) carrick-runtime v0.1.0 (*)
      ├── carrick-native-darwin v0.1.0 (*)
      ├── carrick-runtime v0.1.0 (*)
      └── rand_core v0.9.5
          ├── rand v0.9.4
          │   ├── carrick-cli v0.1.0 (*)
          │   └── proptest v1.11.0
          │       ├── (dev) carrick-dsr v0.1.0
          │       │   ├── carrick-dsr-aarch64 v0.1.0 (*)
          │       │   ├── (dev) carrick-dsr-x86 v0.1.0
          │       │   │   └── carrick-runtime v0.1.0 (*)
          │       │   ├── carrick-native-darwin v0.1.0 (*)
          │       │   ├── carrick-native-freebsd v0.1.0
          │       │   │   ├── (dev) carrick-dsr-x86 v0.1.0 (*)
          │       │   │   └── carrick-runtime v0.1.0 (*)
          │       │   ├── carrick-native-netbsd v0.1.0
          │       │   │   └── carrick-runtime v0.1.0 (*)
          │       │   └── (dev) carrick-runtime v0.1.0 (*)
          │       └── (dev) carrick-runtime v0.1.0 (*)
          ├── rand_chacha v0.9.0
          │   ├── proptest v1.11.0 (*)
          │   └── rand v0.9.4 (*)
          └── rand_xorshift v0.4.0
              └── proptest v1.11.0 (*)
    ├ getrandom v0.4.2
      ├── jobserver v0.1.35
      │   └── cc v1.2.62
      │       ├── (build) bad64-sys v0.10.0
      │       │   └── bad64 v0.12.0
      │       │       ├── carrick-dsr-aarch64 v0.1.0
      │       │       │   ├── carrick-native-darwin v0.1.0
      │       │       │   │   └── carrick-runtime v0.1.0
      │       │       │   │       ├── carrick-cli v0.1.0
      │       │       │   │       └── carrick-engine v0.1.0
      │       │       │   │           └── carrick-cli v0.1.0 (*)
      │       │       │   └── (dev) carrick-runtime v0.1.0 (*)
      │       │       ├── carrick-native-darwin v0.1.0 (*)
      │       │       └── (dev) carrick-runtime v0.1.0 (*)
      │       ├── (build) carrick-dsr-aarch64 v0.1.0 (*)
      │       ├── (build) carrick-dsr-x86 v0.1.0
      │       │   └── carrick-runtime v0.1.0 (*)
      │       ├── (build) carrick-native-darwin v0.1.0 (*)
      │       ├── (build) carrick-vmm-hvf v0.1.0
      │       │   ├── carrick-cli v0.1.0 (*)
      │       │   └── carrick-runtime v0.1.0 (*)
      │       ├── (build) iana-time-zone-haiku v0.1.2
      │       │   └── iana-time-zone v0.1.65
      │       │       └── chrono v0.4.44
      │       │           ├── carrick-cli v0.1.0 (*)
      │       │           └── oci-client v0.15.0
      │       │               ├── carrick-image v0.1.0
      │       │               │   ├── carrick-cli v0.1.0 (*)
      │       │               │   ├── carrick-engine v0.1.0 (*)
      │       │               │   └── (dev) carrick-runtime v0.1.0 (*)
      │       │               ├── carrick-runtime v0.1.0 (*)
      │       │               └── carrick-spec v0.1.0
      │       │                   ├── carrick-cli v0.1.0 (*)
      │       │                   ├── carrick-engine v0.1.0 (*)
      │       │                   ├── carrick-image v0.1.0 (*)
      │       │                   └── carrick-runtime v0.1.0 (*)
      │       ├── (build) ring v0.17.14
      │       │   ├── rustls v0.23.40
      │       │   │   ├── hyper-rustls v0.27.9
      │       │   │   │   └── reqwest v0.12.28
      │       │   │   │       └── oci-client v0.15.0 (*)
      │       │   │   ├── reqwest v0.12.28 (*)
      │       │   │   └── tokio-rustls v0.26.4
      │       │   │       ├── hyper-rustls v0.27.9 (*)
      │       │   │       └── reqwest v0.12.28 (*)
      │       │   └── rustls-webpki v0.103.13
      │       │       └── rustls v0.23.40 (*)
      │       └── (build) sha2-asm v0.6.4
      │           └── sha2 v0.10.9
      │               ├── carrick-cli v0.1.0 (*)
      │               ├── carrick-dsr v0.1.0
      │               │   ├── carrick-dsr-aarch64 v0.1.0 (*)
      │               │   ├── (dev) carrick-dsr-x86 v0.1.0 (*)
      │               │   ├── carrick-native-darwin v0.1.0 (*)
      │               │   ├── carrick-native-freebsd v0.1.0
      │               │   │   ├── (dev) carrick-dsr-x86 v0.1.0 (*)
      │               │   │   └── carrick-runtime v0.1.0 (*)
      │               │   ├── carrick-native-netbsd v0.1.0
      │               │   │   └── carrick-runtime v0.1.0 (*)
      │               │   └── (dev) carrick-runtime v0.1.0 (*)
      │               ├── carrick-dsr-aarch64 v0.1.0 (*)
      │               ├── carrick-image v0.1.0 (*)
      │               ├── carrick-native-darwin v0.1.0 (*)
      │               ├── carrick-observability v0.1.0
      │               │   ├── carrick-aarch64 v0.1.0
      │               │   │   ├── carrick-vmm-hvf v0.1.0 (*)
      │               │   │   └── carrick-vmm-kvm v0.1.0
      │               │   ├── carrick-native-darwin v0.1.0 (*)
      │               │   ├── carrick-runtime v0.1.0 (*)
      │               │   ├── carrick-thread v0.1.0
      │               │   │   ├── carrick-native-freebsd v0.1.0 (*)
      │               │   │   ├── carrick-native-netbsd v0.1.0 (*)
      │               │   │   ├── carrick-runtime v0.1.0 (*)
      │               │   │   ├── carrick-vmm-bhyve v0.1.0
      │               │   │   ├── carrick-vmm-hvf v0.1.0 (*)
      │               │   │   ├── carrick-vmm-kvm v0.1.0 (*)
      │               │   │   └── carrick-vmm-nvmm v0.1.0
      │               │   └── carrick-vmm-hvf v0.1.0 (*)
      │               ├── carrick-runtime v0.1.0 (*)
      │               ├── jwt v0.16.0
      │               │   └── oci-client v0.15.0 (*)
      │               ├── oci-client v0.15.0 (*)
      │               └── (build) pest_meta v2.8.6
      │                   └── pest_generator v2.8.6
      │                       └── pest_derive v2.8.6
      │                           └── dtrace-parser v0.3.0
      │                               ├── usdt-attr-macro v0.6.0
      │                               │   └── usdt v0.6.0
      │                               │       ├── carrick-observability v0.1.0 (*)
      │                               │       └── carrick-vmm-hvf v0.1.0 (*)
      │                               ├── usdt-impl v0.6.0
      │                               │   ├── usdt v0.6.0 (*)
      │                               │   ├── usdt-attr-macro v0.6.0 (*)
      │                               │   └── usdt-macro v0.6.0
      │                               │       └── usdt v0.6.0 (*)
      │                               └── usdt-macro v0.6.0 (*)
      ├── rand v0.10.1
      │   └── hickory-proto v0.26.1
      │       └── carrick-runtime v0.1.0 (*)
      └── tempfile v3.27.0
          ├── (dev) carrick-cli v0.1.0 (*)
          ├── carrick-dsr v0.1.0 (*)
          ├── carrick-dsr-aarch64 v0.1.0 (*)
          ├── (dev) carrick-dsr-x86 v0.1.0 (*)
          ├── (dev) carrick-host v0.1.0
          │   ├── carrick-aarch64 v0.1.0 (*)
          │   ├── carrick-dsr v0.1.0 (*)
          │   ├── carrick-dsr-aarch64 v0.1.0 (*)
          │   ├── carrick-host-bsd v0.1.0
          │   │   ├── carrick-cli v0.1.0 (*)
          │   │   ├── carrick-runtime v0.1.0 (*)
          │   │   ├── carrick-vmm-bhyve v0.1.0 (*)
          │   │   ├── carrick-vmm-hvf v0.1.0 (*)
          │   │   └── carrick-vmm-nvmm v0.1.0 (*)
          │   ├── carrick-runtime v0.1.0 (*)
          │   ├── carrick-timer-core v0.1.0
          │   │   ├── carrick-hal v0.1.0
          │   │   │   ├── carrick-aarch64 v0.1.0 (*)
          │   │   │   ├── carrick-host-bsd v0.1.0 (*)
          │   │   │   ├── carrick-host-linux v0.1.0
          │   │   │   ├── carrick-native-freebsd v0.1.0 (*)
          │   │   │   ├── carrick-native-netbsd v0.1.0 (*)
          │   │   │   ├── carrick-runtime v0.1.0 (*)
          │   │   │   ├── carrick-thread v0.1.0 (*)
          │   │   │   ├── carrick-vmm-bhyve v0.1.0 (*)
          │   │   │   ├── carrick-vmm-hvf v0.1.0 (*)
          │   │   │   ├── carrick-vmm-kvm v0.1.0 (*)
          │   │   │   ├── carrick-vmm-nvmm v0.1.0 (*)
          │   │   │   └── carrick-x86 v0.1.0
          │   │   │       ├── carrick-vmm-bhyve v0.1.0 (*)
          │   │   │       ├── carrick-vmm-kvm v0.1.0 (*)
          │   │   │       └── carrick-vmm-nvmm v0.1.0 (*)
          │   │   ├── carrick-runtime v0.1.0 (*)
          │   │   ├── carrick-vmm-bhyve v0.1.0 (*)
          │   │   ├── carrick-vmm-hvf v0.1.0 (*)
          │   │   ├── carrick-vmm-kvm v0.1.0 (*)
          │   │   └── carrick-vmm-nvmm v0.1.0 (*)
          │   ├── carrick-vmm-bhyve v0.1.0 (*)
          │   ├── carrick-vmm-hvf v0.1.0 (*)
          │   ├── carrick-vmm-kvm v0.1.0 (*)
          │   ├── carrick-vmm-nvmm v0.1.0 (*)
          │   └── carrick-x86 v0.1.0 (*)
          ├── (dev) carrick-image v0.1.0 (*)
          ├── carrick-native-darwin v0.1.0 (*)
          ├── (dev) carrick-native-freebsd v0.1.0 (*)
          ├── carrick-observability v0.1.0 (*)
          ├── (dev) carrick-portable v0.1.0
          │   ├── carrick-dsr v0.1.0 (*)
          │   ├── carrick-runtime v0.1.0 (*)
          │   └── carrick-timer-core v0.1.0 (*)
          ├── (dev) carrick-runtime v0.1.0 (*)
          ├── carrick-signal-core v0.1.0
          │   ├── carrick-hal v0.1.0 (*)
          │   ├── carrick-host-bsd v0.1.0 (*)
          │   ├── carrick-runtime v0.1.0 (*)
          │   ├── carrick-vmm-bhyve v0.1.0 (*)
          │   ├── carrick-vmm-hvf v0.1.0 (*)
          │   ├── carrick-vmm-kvm v0.1.0 (*)
          │   └── carrick-vmm-nvmm v0.1.0 (*)
          ├── proptest v1.11.0
          │   ├── (dev) carrick-dsr v0.1.0 (*)
          │   └── (dev) carrick-runtime v0.1.0 (*)
          └── rusty-fork v0.3.1
              └── proptest v1.11.0 (*)

warning[duplicate]: found 2 duplicate entries for crate 'io-lifetimes'
    ┌─ /Volumes/CaseSensitive/carrick/.worktrees/codex-hybrid-kernel/Cargo.lock:163:1
    │  
163 │ ╭ io-lifetimes 2.0.4 registry+https://github.com/rust-lang/crates.io-index
164 │ │ io-lifetimes 3.0.1 registry+https://github.com/rust-lang/crates.io-index
    │ ╰────────────────────────────────────────────────────────────────────────┘ lock entries
    │  
    ├ io-lifetimes v2.0.4
      └── fs-set-times v0.20.3
          └── cap-primitives v4.0.2
              └── cap-std v4.0.2
                  └── carrick-runtime v0.1.0
                      ├── carrick-cli v0.1.0
                      └── carrick-engine v0.1.0
                          └── carrick-cli v0.1.0 (*)
    ├ io-lifetimes v3.0.1
      ├── cap-primitives v4.0.2
      │   └── cap-std v4.0.2
      │       └── carrick-runtime v0.1.0
      │           ├── carrick-cli v0.1.0
      │           └── carrick-engine v0.1.0
      │               └── carrick-cli v0.1.0 (*)
      ├── cap-std v4.0.2 (*)
      └── io-extras v0.19.0
          ├── cap-primitives v4.0.2 (*)
          └── cap-std v4.0.2 (*)

warning[duplicate]: found 2 duplicate entries for crate 'r-efi'
    ┌─ /Volumes/CaseSensitive/carrick/.worktrees/codex-hybrid-kernel/Cargo.lock:228:1
    │  
228 │ ╭ r-efi 5.3.0 registry+https://github.com/rust-lang/crates.io-index
229 │ │ r-efi 6.0.0 registry+https://github.com/rust-lang/crates.io-index
    │ ╰─────────────────────────────────────────────────────────────────┘ lock entries
    │  
    ├ r-efi v5.3.0
      └── getrandom v0.3.4
          ├── carrick-dsr-aarch64 v0.1.0
          │   ├── carrick-native-darwin v0.1.0
          │   │   └── carrick-runtime v0.1.0
          │   │       ├── carrick-cli v0.1.0
          │   │       └── carrick-engine v0.1.0
          │   │           └── carrick-cli v0.1.0 (*)
          │   └── (dev) carrick-runtime v0.1.0 (*)
          ├── carrick-native-darwin v0.1.0 (*)
          ├── carrick-runtime v0.1.0 (*)
          └── rand_core v0.9.5
              ├── rand v0.9.4
              │   ├── carrick-cli v0.1.0 (*)
              │   └── proptest v1.11.0
              │       ├── (dev) carrick-dsr v0.1.0
              │       │   ├── carrick-dsr-aarch64 v0.1.0 (*)
              │       │   ├── (dev) carrick-dsr-x86 v0.1.0
              │       │   │   └── carrick-runtime v0.1.0 (*)
              │       │   ├── carrick-native-darwin v0.1.0 (*)
              │       │   ├── carrick-native-freebsd v0.1.0
              │       │   │   ├── (dev) carrick-dsr-x86 v0.1.0 (*)
              │       │   │   └── carrick-runtime v0.1.0 (*)
              │       │   ├── carrick-native-netbsd v0.1.0
              │       │   │   └── carrick-runtime v0.1.0 (*)
              │       │   └── (dev) carrick-runtime v0.1.0 (*)
              │       └── (dev) carrick-runtime v0.1.0 (*)
              ├── rand_chacha v0.9.0
              │   ├── proptest v1.11.0 (*)
              │   └── rand v0.9.4 (*)
              └── rand_xorshift v0.4.0
                  └── proptest v1.11.0 (*)
    ├ r-efi v6.0.0
      └── getrandom v0.4.2
          ├── jobserver v0.1.35
          │   └── cc v1.2.62
          │       ├── (build) bad64-sys v0.10.0
          │       │   └── bad64 v0.12.0
          │       │       ├── carrick-dsr-aarch64 v0.1.0
          │       │       │   ├── carrick-native-darwin v0.1.0
          │       │       │   │   └── carrick-runtime v0.1.0
          │       │       │   │       ├── carrick-cli v0.1.0
          │       │       │   │       └── carrick-engine v0.1.0
          │       │       │   │           └── carrick-cli v0.1.0 (*)
          │       │       │   └── (dev) carrick-runtime v0.1.0 (*)
          │       │       ├── carrick-native-darwin v0.1.0 (*)
          │       │       └── (dev) carrick-runtime v0.1.0 (*)
          │       ├── (build) carrick-dsr-aarch64 v0.1.0 (*)
          │       ├── (build) carrick-dsr-x86 v0.1.0
          │       │   └── carrick-runtime v0.1.0 (*)
          │       ├── (build) carrick-native-darwin v0.1.0 (*)
          │       ├── (build) carrick-vmm-hvf v0.1.0
          │       │   ├── carrick-cli v0.1.0 (*)
          │       │   └── carrick-runtime v0.1.0 (*)
          │       ├── (build) iana-time-zone-haiku v0.1.2
          │       │   └── iana-time-zone v0.1.65
          │       │       └── chrono v0.4.44
          │       │           ├── carrick-cli v0.1.0 (*)
          │       │           └── oci-client v0.15.0
          │       │               ├── carrick-image v0.1.0
          │       │               │   ├── carrick-cli v0.1.0 (*)
          │       │               │   ├── carrick-engine v0.1.0 (*)
          │       │               │   └── (dev) carrick-runtime v0.1.0 (*)
          │       │               ├── carrick-runtime v0.1.0 (*)
          │       │               └── carrick-spec v0.1.0
          │       │                   ├── carrick-cli v0.1.0 (*)
          │       │                   ├── carrick-engine v0.1.0 (*)
          │       │                   ├── carrick-image v0.1.0 (*)
          │       │                   └── carrick-runtime v0.1.0 (*)
          │       ├── (build) ring v0.17.14
          │       │   ├── rustls v0.23.40
          │       │   │   ├── hyper-rustls v0.27.9
          │       │   │   │   └── reqwest v0.12.28
          │       │   │   │       └── oci-client v0.15.0 (*)
          │       │   │   ├── reqwest v0.12.28 (*)
          │       │   │   └── tokio-rustls v0.26.4
          │       │   │       ├── hyper-rustls v0.27.9 (*)
          │       │   │       └── reqwest v0.12.28 (*)
          │       │   └── rustls-webpki v0.103.13
          │       │       └── rustls v0.23.40 (*)
          │       └── (build) sha2-asm v0.6.4
          │           └── sha2 v0.10.9
          │               ├── carrick-cli v0.1.0 (*)
          │               ├── carrick-dsr v0.1.0
          │               │   ├── carrick-dsr-aarch64 v0.1.0 (*)
          │               │   ├── (dev) carrick-dsr-x86 v0.1.0 (*)
          │               │   ├── carrick-native-darwin v0.1.0 (*)
          │               │   ├── carrick-native-freebsd v0.1.0
          │               │   │   ├── (dev) carrick-dsr-x86 v0.1.0 (*)
          │               │   │   └── carrick-runtime v0.1.0 (*)
          │               │   ├── carrick-native-netbsd v0.1.0
          │               │   │   └── carrick-runtime v0.1.0 (*)
          │               │   └── (dev) carrick-runtime v0.1.0 (*)
          │               ├── carrick-dsr-aarch64 v0.1.0 (*)
          │               ├── carrick-image v0.1.0 (*)
          │               ├── carrick-native-darwin v0.1.0 (*)
          │               ├── carrick-observability v0.1.0
          │               │   ├── carrick-aarch64 v0.1.0
          │               │   │   ├── carrick-vmm-hvf v0.1.0 (*)
          │               │   │   └── carrick-vmm-kvm v0.1.0
          │               │   ├── carrick-native-darwin v0.1.0 (*)
          │               │   ├── carrick-runtime v0.1.0 (*)
          │               │   ├── carrick-thread v0.1.0
          │               │   │   ├── carrick-native-freebsd v0.1.0 (*)
          │               │   │   ├── carrick-native-netbsd v0.1.0 (*)
          │               │   │   ├── carrick-runtime v0.1.0 (*)
          │               │   │   ├── carrick-vmm-bhyve v0.1.0
          │               │   │   ├── carrick-vmm-hvf v0.1.0 (*)
          │               │   │   ├── carrick-vmm-kvm v0.1.0 (*)
          │               │   │   └── carrick-vmm-nvmm v0.1.0
          │               │   └── carrick-vmm-hvf v0.1.0 (*)
          │               ├── carrick-runtime v0.1.0 (*)
          │               ├── jwt v0.16.0
          │               │   └── oci-client v0.15.0 (*)
          │               ├── oci-client v0.15.0 (*)
          │               └── (build) pest_meta v2.8.6
          │                   └── pest_generator v2.8.6
          │                       └── pest_derive v2.8.6
          │                           └── dtrace-parser v0.3.0
          │                               ├── usdt-attr-macro v0.6.0
          │                               │   └── usdt v0.6.0
          │                               │       ├── carrick-observability v0.1.0 (*)
          │                               │       └── carrick-vmm-hvf v0.1.0 (*)
          │                               ├── usdt-impl v0.6.0
          │                               │   ├── usdt v0.6.0 (*)
          │                               │   ├── usdt-attr-macro v0.6.0 (*)
          │                               │   └── usdt-macro v0.6.0
          │                               │       └── usdt v0.6.0 (*)
          │                               └── usdt-macro v0.6.0 (*)
          ├── rand v0.10.1
          │   └── hickory-proto v0.26.1
          │       └── carrick-runtime v0.1.0 (*)
          └── tempfile v3.27.0
              ├── (dev) carrick-cli v0.1.0 (*)
              ├── carrick-dsr v0.1.0 (*)
              ├── carrick-dsr-aarch64 v0.1.0 (*)
              ├── (dev) carrick-dsr-x86 v0.1.0 (*)
              ├── (dev) carrick-host v0.1.0
              │   ├── carrick-aarch64 v0.1.0 (*)
              │   ├── carrick-dsr v0.1.0 (*)
              │   ├── carrick-dsr-aarch64 v0.1.0 (*)
              │   ├── carrick-host-bsd v0.1.0
              │   │   ├── carrick-cli v0.1.0 (*)
              │   │   ├── carrick-runtime v0.1.0 (*)
              │   │   ├── carrick-vmm-bhyve v0.1.0 (*)
              │   │   ├── carrick-vmm-hvf v0.1.0 (*)
              │   │   └── carrick-vmm-nvmm v0.1.0 (*)
              │   ├── carrick-runtime v0.1.0 (*)
              │   ├── carrick-timer-core v0.1.0
              │   │   ├── carrick-hal v0.1.0
              │   │   │   ├── carrick-aarch64 v0.1.0 (*)
              │   │   │   ├── carrick-host-bsd v0.1.0 (*)
              │   │   │   ├── carrick-host-linux v0.1.0
              │   │   │   ├── carrick-native-freebsd v0.1.0 (*)
              │   │   │   ├── carrick-native-netbsd v0.1.0 (*)
              │   │   │   ├── carrick-runtime v0.1.0 (*)
              │   │   │   ├── carrick-thread v0.1.0 (*)
              │   │   │   ├── carrick-vmm-bhyve v0.1.0 (*)
              │   │   │   ├── carrick-vmm-hvf v0.1.0 (*)
              │   │   │   ├── carrick-vmm-kvm v0.1.0 (*)
              │   │   │   ├── carrick-vmm-nvmm v0.1.0 (*)
              │   │   │   └── carrick-x86 v0.1.0
              │   │   │       ├── carrick-vmm-bhyve v0.1.0 (*)
              │   │   │       ├── carrick-vmm-kvm v0.1.0 (*)
              │   │   │       └── carrick-vmm-nvmm v0.1.0 (*)
              │   │   ├── carrick-runtime v0.1.0 (*)
              │   │   ├── carrick-vmm-bhyve v0.1.0 (*)
              │   │   ├── carrick-vmm-hvf v0.1.0 (*)
              │   │   ├── carrick-vmm-kvm v0.1.0 (*)
              │   │   └── carrick-vmm-nvmm v0.1.0 (*)
              │   ├── carrick-vmm-bhyve v0.1.0 (*)
              │   ├── carrick-vmm-hvf v0.1.0 (*)
              │   ├── carrick-vmm-kvm v0.1.0 (*)
              │   ├── carrick-vmm-nvmm v0.1.0 (*)
              │   └── carrick-x86 v0.1.0 (*)
              ├── (dev) carrick-image v0.1.0 (*)
              ├── carrick-native-darwin v0.1.0 (*)
              ├── (dev) carrick-native-freebsd v0.1.0 (*)
              ├── carrick-observability v0.1.0 (*)
              ├── (dev) carrick-portable v0.1.0
              │   ├── carrick-dsr v0.1.0 (*)
              │   ├── carrick-runtime v0.1.0 (*)
              │   └── carrick-timer-core v0.1.0 (*)
              ├── (dev) carrick-runtime v0.1.0 (*)
              ├── carrick-signal-core v0.1.0
              │   ├── carrick-hal v0.1.0 (*)
              │   ├── carrick-host-bsd v0.1.0 (*)
              │   ├── carrick-runtime v0.1.0 (*)
              │   ├── carrick-vmm-bhyve v0.1.0 (*)
              │   ├── carrick-vmm-hvf v0.1.0 (*)
              │   ├── carrick-vmm-kvm v0.1.0 (*)
              │   └── carrick-vmm-nvmm v0.1.0 (*)
              ├── proptest v1.11.0
              │   ├── (dev) carrick-dsr v0.1.0 (*)
              │   └── (dev) carrick-runtime v0.1.0 (*)
              └── rusty-fork v0.3.1
                  └── proptest v1.11.0 (*)

warning[duplicate]: found 2 duplicate entries for crate 'rand'
    ┌─ /Volumes/CaseSensitive/carrick/.worktrees/codex-hybrid-kernel/Cargo.lock:230:1
    │  
230 │ ╭ rand 0.9.4 registry+https://github.com/rust-lang/crates.io-index
231 │ │ rand 0.10.1 registry+https://github.com/rust-lang/crates.io-index
    │ ╰─────────────────────────────────────────────────────────────────┘ lock entries
    │  
    ├ rand v0.9.4
      ├── carrick-cli v0.1.0
      └── proptest v1.11.0
          ├── (dev) carrick-dsr v0.1.0
          │   ├── carrick-dsr-aarch64 v0.1.0
          │   │   ├── carrick-native-darwin v0.1.0
          │   │   │   └── carrick-runtime v0.1.0
          │   │   │       ├── carrick-cli v0.1.0 (*)
          │   │   │       └── carrick-engine v0.1.0
          │   │   │           └── carrick-cli v0.1.0 (*)
          │   │   └── (dev) carrick-runtime v0.1.0 (*)
          │   ├── (dev) carrick-dsr-x86 v0.1.0
          │   │   └── carrick-runtime v0.1.0 (*)
          │   ├── carrick-native-darwin v0.1.0 (*)
          │   ├── carrick-native-freebsd v0.1.0
          │   │   ├── (dev) carrick-dsr-x86 v0.1.0 (*)
          │   │   └── carrick-runtime v0.1.0 (*)
          │   ├── carrick-native-netbsd v0.1.0
          │   │   └── carrick-runtime v0.1.0 (*)
          │   └── (dev) carrick-runtime v0.1.0 (*)
          └── (dev) carrick-runtime v0.1.0 (*)
    ├ rand v0.10.1
      └── hickory-proto v0.26.1
          └── carrick-runtime v0.1.0
              ├── carrick-cli v0.1.0
              └── carrick-engine v0.1.0
                  └── carrick-cli v0.1.0 (*)

warning[duplicate]: found 2 duplicate entries for crate 'rand_core'
    ┌─ /Volumes/CaseSensitive/carrick/.worktrees/codex-hybrid-kernel/Cargo.lock:233:1
    │  
233 │ ╭ rand_core 0.9.5 registry+https://github.com/rust-lang/crates.io-index
234 │ │ rand_core 0.10.1 registry+https://github.com/rust-lang/crates.io-index
    │ ╰──────────────────────────────────────────────────────────────────────┘ lock entries
    │  
    ├ rand_core v0.9.5
      ├── rand v0.9.4
      │   ├── carrick-cli v0.1.0
      │   └── proptest v1.11.0
      │       ├── (dev) carrick-dsr v0.1.0
      │       │   ├── carrick-dsr-aarch64 v0.1.0
      │       │   │   ├── carrick-native-darwin v0.1.0
      │       │   │   │   └── carrick-runtime v0.1.0
      │       │   │   │       ├── carrick-cli v0.1.0 (*)
      │       │   │   │       └── carrick-engine v0.1.0
      │       │   │   │           └── carrick-cli v0.1.0 (*)
      │       │   │   └── (dev) carrick-runtime v0.1.0 (*)
      │       │   ├── (dev) carrick-dsr-x86 v0.1.0
      │       │   │   └── carrick-runtime v0.1.0 (*)
      │       │   ├── carrick-native-darwin v0.1.0 (*)
      │       │   ├── carrick-native-freebsd v0.1.0
      │       │   │   ├── (dev) carrick-dsr-x86 v0.1.0 (*)
      │       │   │   └── carrick-runtime v0.1.0 (*)
      │       │   ├── carrick-native-netbsd v0.1.0
      │       │   │   └── carrick-runtime v0.1.0 (*)
      │       │   └── (dev) carrick-runtime v0.1.0 (*)
      │       └── (dev) carrick-runtime v0.1.0 (*)
      ├── rand_chacha v0.9.0
      │   ├── proptest v1.11.0 (*)
      │   └── rand v0.9.4 (*)
      └── rand_xorshift v0.4.0
          └── proptest v1.11.0 (*)
    ├ rand_core v0.10.1
      ├── chacha20 v0.10.1
      │   └── rand v0.10.1
      │       └── hickory-proto v0.26.1
      │           └── carrick-runtime v0.1.0
      │               ├── carrick-cli v0.1.0
      │               └── carrick-engine v0.1.0
      │                   └── carrick-cli v0.1.0 (*)
      ├── getrandom v0.4.2
      │   ├── jobserver v0.1.35
      │   │   └── cc v1.2.62
      │   │       ├── (build) bad64-sys v0.10.0
      │   │       │   └── bad64 v0.12.0
      │   │       │       ├── carrick-dsr-aarch64 v0.1.0
      │   │       │       │   ├── carrick-native-darwin v0.1.0
      │   │       │       │   │   └── carrick-runtime v0.1.0 (*)
      │   │       │       │   └── (dev) carrick-runtime v0.1.0 (*)
      │   │       │       ├── carrick-native-darwin v0.1.0 (*)
      │   │       │       └── (dev) carrick-runtime v0.1.0 (*)
      │   │       ├── (build) carrick-dsr-aarch64 v0.1.0 (*)
      │   │       ├── (build) carrick-dsr-x86 v0.1.0
      │   │       │   └── carrick-runtime v0.1.0 (*)
      │   │       ├── (build) carrick-native-darwin v0.1.0 (*)
      │   │       ├── (build) carrick-vmm-hvf v0.1.0
      │   │       │   ├── carrick-cli v0.1.0 (*)
      │   │       │   └── carrick-runtime v0.1.0 (*)
      │   │       ├── (build) iana-time-zone-haiku v0.1.2
      │   │       │   └── iana-time-zone v0.1.65
      │   │       │       └── chrono v0.4.44
      │   │       │           ├── carrick-cli v0.1.0 (*)
      │   │       │           └── oci-client v0.15.0
      │   │       │               ├── carrick-image v0.1.0
      │   │       │               │   ├── carrick-cli v0.1.0 (*)
      │   │       │               │   ├── carrick-engine v0.1.0 (*)
      │   │       │               │   └── (dev) carrick-runtime v0.1.0 (*)
      │   │       │               ├── carrick-runtime v0.1.0 (*)
      │   │       │               └── carrick-spec v0.1.0
      │   │       │                   ├── carrick-cli v0.1.0 (*)
      │   │       │                   ├── carrick-engine v0.1.0 (*)
      │   │       │                   ├── carrick-image v0.1.0 (*)
      │   │       │                   └── carrick-runtime v0.1.0 (*)
      │   │       ├── (build) ring v0.17.14
      │   │       │   ├── rustls v0.23.40
      │   │       │   │   ├── hyper-rustls v0.27.9
      │   │       │   │   │   └── reqwest v0.12.28
      │   │       │   │   │       └── oci-client v0.15.0 (*)
      │   │       │   │   ├── reqwest v0.12.28 (*)
      │   │       │   │   └── tokio-rustls v0.26.4
      │   │       │   │       ├── hyper-rustls v0.27.9 (*)
      │   │       │   │       └── reqwest v0.12.28 (*)
      │   │       │   └── rustls-webpki v0.103.13
      │   │       │       └── rustls v0.23.40 (*)
      │   │       └── (build) sha2-asm v0.6.4
      │   │           └── sha2 v0.10.9
      │   │               ├── carrick-cli v0.1.0 (*)
      │   │               ├── carrick-dsr v0.1.0
      │   │               │   ├── carrick-dsr-aarch64 v0.1.0 (*)
      │   │               │   ├── (dev) carrick-dsr-x86 v0.1.0 (*)
      │   │               │   ├── carrick-native-darwin v0.1.0 (*)
      │   │               │   ├── carrick-native-freebsd v0.1.0
      │   │               │   │   ├── (dev) carrick-dsr-x86 v0.1.0 (*)
      │   │               │   │   └── carrick-runtime v0.1.0 (*)
      │   │               │   ├── carrick-native-netbsd v0.1.0
      │   │               │   │   └── carrick-runtime v0.1.0 (*)
      │   │               │   └── (dev) carrick-runtime v0.1.0 (*)
      │   │               ├── carrick-dsr-aarch64 v0.1.0 (*)
      │   │               ├── carrick-image v0.1.0 (*)
      │   │               ├── carrick-native-darwin v0.1.0 (*)
      │   │               ├── carrick-observability v0.1.0
      │   │               │   ├── carrick-aarch64 v0.1.0
      │   │               │   │   ├── carrick-vmm-hvf v0.1.0 (*)
      │   │               │   │   └── carrick-vmm-kvm v0.1.0
      │   │               │   ├── carrick-native-darwin v0.1.0 (*)
      │   │               │   ├── carrick-runtime v0.1.0 (*)
      │   │               │   ├── carrick-thread v0.1.0
      │   │               │   │   ├── carrick-native-freebsd v0.1.0 (*)
      │   │               │   │   ├── carrick-native-netbsd v0.1.0 (*)
      │   │               │   │   ├── carrick-runtime v0.1.0 (*)
      │   │               │   │   ├── carrick-vmm-bhyve v0.1.0
      │   │               │   │   ├── carrick-vmm-hvf v0.1.0 (*)
      │   │               │   │   ├── carrick-vmm-kvm v0.1.0 (*)
      │   │               │   │   └── carrick-vmm-nvmm v0.1.0
      │   │               │   └── carrick-vmm-hvf v0.1.0 (*)
      │   │               ├── carrick-runtime v0.1.0 (*)
      │   │               ├── jwt v0.16.0
      │   │               │   └── oci-client v0.15.0 (*)
      │   │               ├── oci-client v0.15.0 (*)
      │   │               └── (build) pest_meta v2.8.6
      │   │                   └── pest_generator v2.8.6
      │   │                       └── pest_derive v2.8.6
      │   │                           └── dtrace-parser v0.3.0
      │   │                               ├── usdt-attr-macro v0.6.0
      │   │                               │   └── usdt v0.6.0
      │   │                               │       ├── carrick-observability v0.1.0 (*)
      │   │                               │       └── carrick-vmm-hvf v0.1.0 (*)
      │   │                               ├── usdt-impl v0.6.0
      │   │                               │   ├── usdt v0.6.0 (*)
      │   │                               │   ├── usdt-attr-macro v0.6.0 (*)
      │   │                               │   └── usdt-macro v0.6.0
      │   │                               │       └── usdt v0.6.0 (*)
      │   │                               └── usdt-macro v0.6.0 (*)
      │   ├── rand v0.10.1 (*)
      │   └── tempfile v3.27.0
      │       ├── (dev) carrick-cli v0.1.0 (*)
      │       ├── carrick-dsr v0.1.0 (*)
      │       ├── carrick-dsr-aarch64 v0.1.0 (*)
      │       ├── (dev) carrick-dsr-x86 v0.1.0 (*)
      │       ├── (dev) carrick-host v0.1.0
      │       │   ├── carrick-aarch64 v0.1.0 (*)
      │       │   ├── carrick-dsr v0.1.0 (*)
      │       │   ├── carrick-dsr-aarch64 v0.1.0 (*)
      │       │   ├── carrick-host-bsd v0.1.0
      │       │   │   ├── carrick-cli v0.1.0 (*)
      │       │   │   ├── carrick-runtime v0.1.0 (*)
      │       │   │   ├── carrick-vmm-bhyve v0.1.0 (*)
      │       │   │   ├── carrick-vmm-hvf v0.1.0 (*)
      │       │   │   └── carrick-vmm-nvmm v0.1.0 (*)
      │       │   ├── carrick-runtime v0.1.0 (*)
      │       │   ├── carrick-timer-core v0.1.0
      │       │   │   ├── carrick-hal v0.1.0
      │       │   │   │   ├── carrick-aarch64 v0.1.0 (*)
      │       │   │   │   ├── carrick-host-bsd v0.1.0 (*)
      │       │   │   │   ├── carrick-host-linux v0.1.0
      │       │   │   │   ├── carrick-native-freebsd v0.1.0 (*)
      │       │   │   │   ├── carrick-native-netbsd v0.1.0 (*)
      │       │   │   │   ├── carrick-runtime v0.1.0 (*)
      │       │   │   │   ├── carrick-thread v0.1.0 (*)
      │       │   │   │   ├── carrick-vmm-bhyve v0.1.0 (*)
      │       │   │   │   ├── carrick-vmm-hvf v0.1.0 (*)
      │       │   │   │   ├── carrick-vmm-kvm v0.1.0 (*)
      │       │   │   │   ├── carrick-vmm-nvmm v0.1.0 (*)
      │       │   │   │   └── carrick-x86 v0.1.0
      │       │   │   │       ├── carrick-vmm-bhyve v0.1.0 (*)
      │       │   │   │       ├── carrick-vmm-kvm v0.1.0 (*)
      │       │   │   │       └── carrick-vmm-nvmm v0.1.0 (*)
      │       │   │   ├── carrick-runtime v0.1.0 (*)
      │       │   │   ├── carrick-vmm-bhyve v0.1.0 (*)
      │       │   │   ├── carrick-vmm-hvf v0.1.0 (*)
      │       │   │   ├── carrick-vmm-kvm v0.1.0 (*)
      │       │   │   └── carrick-vmm-nvmm v0.1.0 (*)
      │       │   ├── carrick-vmm-bhyve v0.1.0 (*)
      │       │   ├── carrick-vmm-hvf v0.1.0 (*)
      │       │   ├── carrick-vmm-kvm v0.1.0 (*)
      │       │   ├── carrick-vmm-nvmm v0.1.0 (*)
      │       │   └── carrick-x86 v0.1.0 (*)
      │       ├── (dev) carrick-image v0.1.0 (*)
      │       ├── carrick-native-darwin v0.1.0 (*)
      │       ├── (dev) carrick-native-freebsd v0.1.0 (*)
      │       ├── carrick-observability v0.1.0 (*)
      │       ├── (dev) carrick-portable v0.1.0
      │       │   ├── carrick-dsr v0.1.0 (*)
      │       │   ├── carrick-runtime v0.1.0 (*)
      │       │   └── carrick-timer-core v0.1.0 (*)
      │       ├── (dev) carrick-runtime v0.1.0 (*)
      │       ├── carrick-signal-core v0.1.0
      │       │   ├── carrick-hal v0.1.0 (*)
      │       │   ├── carrick-host-bsd v0.1.0 (*)
      │       │   ├── carrick-runtime v0.1.0 (*)
      │       │   ├── carrick-vmm-bhyve v0.1.0 (*)
      │       │   ├── carrick-vmm-hvf v0.1.0 (*)
      │       │   ├── carrick-vmm-kvm v0.1.0 (*)
      │       │   └── carrick-vmm-nvmm v0.1.0 (*)
      │       ├── proptest v1.11.0
      │       │   ├── (dev) carrick-dsr v0.1.0 (*)
      │       │   └── (dev) carrick-runtime v0.1.0 (*)
      │       └── rusty-fork v0.3.1
      │           └── proptest v1.11.0 (*)
      └── rand v0.10.1 (*)

warning[duplicate]: found 2 duplicate entries for crate 'vmm-sys-util'
    ┌─ /Volumes/CaseSensitive/carrick/.worktrees/codex-hybrid-kernel/Cargo.lock:333:1
    │  
333 │ ╭ vmm-sys-util 0.14.0 registry+https://github.com/rust-lang/crates.io-index
334 │ │ vmm-sys-util 0.15.0 registry+https://github.com/rust-lang/crates.io-index
    │ ╰─────────────────────────────────────────────────────────────────────────┘ lock entries
    │  
    ├ vmm-sys-util v0.14.0
      ├── kvm-bindings v0.12.1
      │   ├── carrick-vmm-kvm v0.1.0
      │   └── kvm-ioctls v0.22.1
      │       └── carrick-vmm-kvm v0.1.0 (*)
      └── kvm-ioctls v0.22.1 (*)
    ├ vmm-sys-util v0.15.0
      └── carrick-vmm-kvm v0.1.0

warning[duplicate]: found 3 duplicate entries for crate 'windows-sys'
    ┌─ /Volumes/CaseSensitive/carrick/.worktrees/codex-hybrid-kernel/Cargo.lock:359:1
    │  
359 │ ╭ windows-sys 0.52.0 registry+https://github.com/rust-lang/crates.io-index
360 │ │ windows-sys 0.60.2 registry+https://github.com/rust-lang/crates.io-index
361 │ │ windows-sys 0.61.2 registry+https://github.com/rust-lang/crates.io-index
    │ ╰────────────────────────────────────────────────────────────────────────┘ lock entries
    │  
    ├ windows-sys v0.52.0
      ├── fd-lock v4.0.4
      │   └── carrick-runtime v0.1.0
      │       ├── carrick-cli v0.1.0
      │       └── carrick-engine v0.1.0
      │           └── carrick-cli v0.1.0 (*)
      ├── fs-set-times v0.20.3
      │   └── cap-primitives v4.0.2
      │       └── cap-std v4.0.2
      │           └── carrick-runtime v0.1.0 (*)
      ├── ring v0.17.14
      │   ├── rustls v0.23.40
      │   │   ├── hyper-rustls v0.27.9
      │   │   │   └── reqwest v0.12.28
      │   │   │       └── oci-client v0.15.0
      │   │   │           ├── carrick-image v0.1.0
      │   │   │           │   ├── carrick-cli v0.1.0 (*)
      │   │   │           │   ├── carrick-engine v0.1.0 (*)
      │   │   │           │   └── (dev) carrick-runtime v0.1.0 (*)
      │   │   │           ├── carrick-runtime v0.1.0 (*)
      │   │   │           └── carrick-spec v0.1.0
      │   │   │               ├── carrick-cli v0.1.0 (*)
      │   │   │               ├── carrick-engine v0.1.0 (*)
      │   │   │               ├── carrick-image v0.1.0 (*)
      │   │   │               └── carrick-runtime v0.1.0 (*)
      │   │   ├── reqwest v0.12.28 (*)
      │   │   └── tokio-rustls v0.26.4
      │   │       ├── hyper-rustls v0.27.9 (*)
      │   │       └── reqwest v0.12.28 (*)
      │   └── rustls-webpki v0.103.13
      │       └── rustls v0.23.40 (*)
      └── winx v0.36.4
          └── cap-primitives v4.0.2 (*)
    ├ windows-sys v0.60.2
      └── io-extras v0.19.0
          ├── cap-primitives v4.0.2
          │   └── cap-std v4.0.2
          │       └── carrick-runtime v0.1.0
          │           ├── carrick-cli v0.1.0
          │           └── carrick-engine v0.1.0
          │               └── carrick-cli v0.1.0 (*)
          └── cap-std v4.0.2 (*)
    ├ windows-sys v0.61.2
      ├── anstyle-query v1.1.5
      │   └── anstream v1.0.0
      │       └── clap_builder v4.6.0
      │           └── clap v4.6.1
      │               ├── carrick-cli v0.1.0
      │               ├── carrick-conformance v0.1.0
      │               ├── carrick-runtime v0.1.0
      │               │   ├── carrick-cli v0.1.0 (*)
      │               │   └── carrick-engine v0.1.0
      │               │       └── carrick-cli v0.1.0 (*)
      │               ├── carrick-spec v0.1.0
      │               │   ├── carrick-cli v0.1.0 (*)
      │               │   ├── carrick-engine v0.1.0 (*)
      │               │   ├── carrick-image v0.1.0
      │               │   │   ├── carrick-cli v0.1.0 (*)
      │               │   │   ├── carrick-engine v0.1.0 (*)
      │               │   │   └── (dev) carrick-runtime v0.1.0 (*)
      │               │   └── carrick-runtime v0.1.0 (*)
      │               └── carrick-vmm-hvf v0.1.0
      │                   ├── carrick-cli v0.1.0 (*)
      │                   └── carrick-runtime v0.1.0 (*)
      ├── anstyle-wincon v3.0.11
      │   └── anstream v1.0.0 (*)
      ├── cap-primitives v4.0.2
      │   └── cap-std v4.0.2
      │       └── carrick-runtime v0.1.0 (*)
      ├── errno v0.3.14
      │   ├── rustix v1.1.4
      │   │   ├── cap-primitives v4.0.2 (*)
      │   │   ├── cap-std v4.0.2 (*)
      │   │   ├── fd-lock v4.0.4
      │   │   │   └── carrick-runtime v0.1.0 (*)
      │   │   ├── fs-set-times v0.20.3
      │   │   │   └── cap-primitives v4.0.2 (*)
      │   │   ├── rustix-linux-procfs v0.1.1
      │   │   │   └── cap-primitives v4.0.2 (*)
      │   │   └── tempfile v3.27.0
      │   │       ├── (dev) carrick-cli v0.1.0 (*)
      │   │       ├── carrick-dsr v0.1.0
      │   │       │   ├── carrick-dsr-aarch64 v0.1.0
      │   │       │   │   ├── carrick-native-darwin v0.1.0
      │   │       │   │   │   └── carrick-runtime v0.1.0 (*)
      │   │       │   │   └── (dev) carrick-runtime v0.1.0 (*)
      │   │       │   ├── (dev) carrick-dsr-x86 v0.1.0
      │   │       │   │   └── carrick-runtime v0.1.0 (*)
      │   │       │   ├── carrick-native-darwin v0.1.0 (*)
      │   │       │   ├── carrick-native-freebsd v0.1.0
      │   │       │   │   ├── (dev) carrick-dsr-x86 v0.1.0 (*)
      │   │       │   │   └── carrick-runtime v0.1.0 (*)
      │   │       │   ├── carrick-native-netbsd v0.1.0
      │   │       │   │   └── carrick-runtime v0.1.0 (*)
      │   │       │   └── (dev) carrick-runtime v0.1.0 (*)
      │   │       ├── carrick-dsr-aarch64 v0.1.0 (*)
      │   │       ├── (dev) carrick-dsr-x86 v0.1.0 (*)
      │   │       ├── (dev) carrick-host v0.1.0
      │   │       │   ├── carrick-aarch64 v0.1.0
      │   │       │   │   ├── carrick-vmm-hvf v0.1.0 (*)
      │   │       │   │   └── carrick-vmm-kvm v0.1.0
      │   │       │   ├── carrick-dsr v0.1.0 (*)
      │   │       │   ├── carrick-dsr-aarch64 v0.1.0 (*)
      │   │       │   ├── carrick-host-bsd v0.1.0
      │   │       │   │   ├── carrick-cli v0.1.0 (*)
      │   │       │   │   ├── carrick-runtime v0.1.0 (*)
      │   │       │   │   ├── carrick-vmm-bhyve v0.1.0
      │   │       │   │   ├── carrick-vmm-hvf v0.1.0 (*)
      │   │       │   │   └── carrick-vmm-nvmm v0.1.0
      │   │       │   ├── carrick-runtime v0.1.0 (*)
      │   │       │   ├── carrick-timer-core v0.1.0
      │   │       │   │   ├── carrick-hal v0.1.0
      │   │       │   │   │   ├── carrick-aarch64 v0.1.0 (*)
      │   │       │   │   │   ├── carrick-host-bsd v0.1.0 (*)
      │   │       │   │   │   ├── carrick-host-linux v0.1.0
      │   │       │   │   │   ├── carrick-native-freebsd v0.1.0 (*)
      │   │       │   │   │   ├── carrick-native-netbsd v0.1.0 (*)
      │   │       │   │   │   ├── carrick-runtime v0.1.0 (*)
      │   │       │   │   │   ├── carrick-thread v0.1.0
      │   │       │   │   │   │   ├── carrick-native-freebsd v0.1.0 (*)
      │   │       │   │   │   │   ├── carrick-native-netbsd v0.1.0 (*)
      │   │       │   │   │   │   ├── carrick-runtime v0.1.0 (*)
      │   │       │   │   │   │   ├── carrick-vmm-bhyve v0.1.0 (*)
      │   │       │   │   │   │   ├── carrick-vmm-hvf v0.1.0 (*)
      │   │       │   │   │   │   ├── carrick-vmm-kvm v0.1.0 (*)
      │   │       │   │   │   │   └── carrick-vmm-nvmm v0.1.0 (*)
      │   │       │   │   │   ├── carrick-vmm-bhyve v0.1.0 (*)
      │   │       │   │   │   ├── carrick-vmm-hvf v0.1.0 (*)
      │   │       │   │   │   ├── carrick-vmm-kvm v0.1.0 (*)
      │   │       │   │   │   ├── carrick-vmm-nvmm v0.1.0 (*)
      │   │       │   │   │   └── carrick-x86 v0.1.0
      │   │       │   │   │       ├── carrick-vmm-bhyve v0.1.0 (*)
      │   │       │   │   │       ├── carrick-vmm-kvm v0.1.0 (*)
      │   │       │   │   │       └── carrick-vmm-nvmm v0.1.0 (*)
      │   │       │   │   ├── carrick-runtime v0.1.0 (*)
      │   │       │   │   ├── carrick-vmm-bhyve v0.1.0 (*)
      │   │       │   │   ├── carrick-vmm-hvf v0.1.0 (*)
      │   │       │   │   ├── carrick-vmm-kvm v0.1.0 (*)
      │   │       │   │   └── carrick-vmm-nvmm v0.1.0 (*)
      │   │       │   ├── carrick-vmm-bhyve v0.1.0 (*)
      │   │       │   ├── carrick-vmm-hvf v0.1.0 (*)
      │   │       │   ├── carrick-vmm-kvm v0.1.0 (*)
      │   │       │   ├── carrick-vmm-nvmm v0.1.0 (*)
      │   │       │   └── carrick-x86 v0.1.0 (*)
      │   │       ├── (dev) carrick-image v0.1.0 (*)
      │   │       ├── carrick-native-darwin v0.1.0 (*)
      │   │       ├── (dev) carrick-native-freebsd v0.1.0 (*)
      │   │       ├── carrick-observability v0.1.0
      │   │       │   ├── carrick-aarch64 v0.1.0 (*)
      │   │       │   ├── carrick-native-darwin v0.1.0 (*)
      │   │       │   ├── carrick-runtime v0.1.0 (*)
      │   │       │   ├── carrick-thread v0.1.0 (*)
      │   │       │   └── carrick-vmm-hvf v0.1.0 (*)
      │   │       ├── (dev) carrick-portable v0.1.0
      │   │       │   ├── carrick-dsr v0.1.0 (*)
      │   │       │   ├── carrick-runtime v0.1.0 (*)
      │   │       │   └── carrick-timer-core v0.1.0 (*)
      │   │       ├── (dev) carrick-runtime v0.1.0 (*)
      │   │       ├── carrick-signal-core v0.1.0
      │   │       │   ├── carrick-hal v0.1.0 (*)
      │   │       │   ├── carrick-host-bsd v0.1.0 (*)
      │   │       │   ├── carrick-runtime v0.1.0 (*)
      │   │       │   ├── carrick-vmm-bhyve v0.1.0 (*)
      │   │       │   ├── carrick-vmm-hvf v0.1.0 (*)
      │   │       │   ├── carrick-vmm-kvm v0.1.0 (*)
      │   │       │   └── carrick-vmm-nvmm v0.1.0 (*)
      │   │       ├── proptest v1.11.0
      │   │       │   ├── (dev) carrick-dsr v0.1.0 (*)
      │   │       │   └── (dev) carrick-runtime v0.1.0 (*)
      │   │       └── rusty-fork v0.3.1
      │   │           └── proptest v1.11.0 (*)
      │   └── signal-hook-registry v1.4.8
      │       ├── signal-hook v0.4.4
      │       │   └── carrick-runtime v0.1.0 (*)
      │       └── tokio v1.52.3
      │           ├── bollard v0.18.1
      │           │   └── (dev) carrick-cli v0.1.0 (*)
      │           ├── (dev) carrick-cli v0.1.0 (*)
      │           ├── carrick-engine v0.1.0 (*)
      │           ├── carrick-image v0.1.0 (*)
      │           ├── carrick-runtime v0.1.0 (*)
      │           ├── hyper v1.9.0
      │           │   ├── bollard v0.18.1 (*)
      │           │   ├── carrick-cli v0.1.0 (*)
      │           │   ├── hyper-named-pipe v0.1.0
      │           │   │   └── bollard v0.18.1 (*)
      │           │   ├── hyper-rustls v0.27.9
      │           │   │   └── reqwest v0.12.28
      │           │   │       └── oci-client v0.15.0
      │           │   │           ├── carrick-image v0.1.0 (*)
      │           │   │           ├── carrick-runtime v0.1.0 (*)
      │           │   │           └── carrick-spec v0.1.0 (*)
      │           │   ├── hyper-util v0.1.20
      │           │   │   ├── bollard v0.18.1 (*)
      │           │   │   ├── carrick-cli v0.1.0 (*)
      │           │   │   ├── hyper-named-pipe v0.1.0 (*)
      │           │   │   ├── hyper-rustls v0.27.9 (*)
      │           │   │   ├── hyperlocal v0.9.1
      │           │   │   │   └── bollard v0.18.1 (*)
      │           │   │   └── reqwest v0.12.28 (*)
      │           │   ├── hyperlocal v0.9.1 (*)
      │           │   └── reqwest v0.12.28 (*)
      │           ├── hyper-named-pipe v0.1.0 (*)
      │           ├── hyper-rustls v0.27.9 (*)
      │           ├── hyper-util v0.1.20 (*)
      │           ├── hyperlocal v0.9.1 (*)
      │           ├── oci-client v0.15.0 (*)
      │           ├── reqwest v0.12.28 (*)
      │           ├── tokio-rustls v0.26.4
      │           │   ├── hyper-rustls v0.27.9 (*)
      │           │   └── reqwest v0.12.28 (*)
      │           ├── tokio-util v0.7.18
      │           │   ├── bollard v0.18.1 (*)
      │           │   └── reqwest v0.12.28 (*)
      │           └── tower v0.5.3
      │               ├── reqwest v0.12.28 (*)
      │               └── tower-http v0.6.10
      │                   └── reqwest v0.12.28 (*)
      ├── mio v1.2.0
      │   └── tokio v1.52.3 (*)
      ├── nu-ansi-term v0.50.3
      │   └── tracing-subscriber v0.3.23
      │       ├── carrick-cli v0.1.0 (*)
      │       └── carrick-runtime v0.1.0 (*)
      ├── rustix v1.1.4 (*)
      ├── socket2 v0.6.3
      │   ├── carrick-runtime v0.1.0 (*)
      │   ├── hyper-util v0.1.20 (*)
      │   └── tokio v1.52.3 (*)
      ├── tempfile v3.27.0 (*)
      ├── thread-id v5.1.0
      │   └── usdt-impl v0.6.0
      │       ├── usdt v0.6.0
      │       │   ├── carrick-observability v0.1.0 (*)
      │       │   └── carrick-vmm-hvf v0.1.0 (*)
      │       ├── usdt-attr-macro v0.6.0
      │       │   └── usdt v0.6.0 (*)
      │       └── usdt-macro v0.6.0
      │           └── usdt v0.6.0 (*)
      ├── tokio v1.52.3 (*)
      └── winapi-util v0.1.11
          ├── same-file v1.0.6
          │   └── walkdir v2.5.0
          │       └── (build) jni v0.22.4
          │           └── hickory-proto v0.26.1
          │               └── carrick-runtime v0.1.0 (*)
          └── walkdir v2.5.0 (*)

warning[duplicate]: found 2 duplicate entries for crate 'windows-targets'
    ┌─ /Volumes/CaseSensitive/carrick/.worktrees/codex-hybrid-kernel/Cargo.lock:362:1
    │  
362 │ ╭ windows-targets 0.52.6 registry+https://github.com/rust-lang/crates.io-index
363 │ │ windows-targets 0.53.5 registry+https://github.com/rust-lang/crates.io-index
    │ ╰────────────────────────────────────────────────────────────────────────────┘ lock entries
    │  
    ├ windows-targets v0.52.6
      └── windows-sys v0.52.0
          ├── fd-lock v4.0.4
          │   └── carrick-runtime v0.1.0
          │       ├── carrick-cli v0.1.0
          │       └── carrick-engine v0.1.0
          │           └── carrick-cli v0.1.0 (*)
          ├── fs-set-times v0.20.3
          │   └── cap-primitives v4.0.2
          │       └── cap-std v4.0.2
          │           └── carrick-runtime v0.1.0 (*)
          ├── ring v0.17.14
          │   ├── rustls v0.23.40
          │   │   ├── hyper-rustls v0.27.9
          │   │   │   └── reqwest v0.12.28
          │   │   │       └── oci-client v0.15.0
          │   │   │           ├── carrick-image v0.1.0
          │   │   │           │   ├── carrick-cli v0.1.0 (*)
          │   │   │           │   ├── carrick-engine v0.1.0 (*)
          │   │   │           │   └── (dev) carrick-runtime v0.1.0 (*)
          │   │   │           ├── carrick-runtime v0.1.0 (*)
          │   │   │           └── carrick-spec v0.1.0
          │   │   │               ├── carrick-cli v0.1.0 (*)
          │   │   │               ├── carrick-engine v0.1.0 (*)
          │   │   │               ├── carrick-image v0.1.0 (*)
          │   │   │               └── carrick-runtime v0.1.0 (*)
          │   │   ├── reqwest v0.12.28 (*)
          │   │   └── tokio-rustls v0.26.4
          │   │       ├── hyper-rustls v0.27.9 (*)
          │   │       └── reqwest v0.12.28 (*)
          │   └── rustls-webpki v0.103.13
          │       └── rustls v0.23.40 (*)
          └── winx v0.36.4
              └── cap-primitives v4.0.2 (*)
    ├ windows-targets v0.53.5
      └── windows-sys v0.60.2
          └── io-extras v0.19.0
              ├── cap-primitives v4.0.2
              │   └── cap-std v4.0.2
              │       └── carrick-runtime v0.1.0
              │           ├── carrick-cli v0.1.0
              │           └── carrick-engine v0.1.0
              │               └── carrick-cli v0.1.0 (*)
              └── cap-std v4.0.2 (*)

warning[duplicate]: found 2 duplicate entries for crate 'windows_aarch64_gnullvm'
    ┌─ /Volumes/CaseSensitive/carrick/.worktrees/codex-hybrid-kernel/Cargo.lock:364:1
    │  
364 │ ╭ windows_aarch64_gnullvm 0.52.6 registry+https://github.com/rust-lang/crates.io-index
365 │ │ windows_aarch64_gnullvm 0.53.1 registry+https://github.com/rust-lang/crates.io-index
    │ ╰────────────────────────────────────────────────────────────────────────────────────┘ lock entries
    │  
    ├ windows_aarch64_gnullvm v0.52.6
      └── windows-targets v0.52.6
          └── windows-sys v0.52.0
              ├── fd-lock v4.0.4
              │   └── carrick-runtime v0.1.0
              │       ├── carrick-cli v0.1.0
              │       └── carrick-engine v0.1.0
              │           └── carrick-cli v0.1.0 (*)
              ├── fs-set-times v0.20.3
              │   └── cap-primitives v4.0.2
              │       └── cap-std v4.0.2
              │           └── carrick-runtime v0.1.0 (*)
              ├── ring v0.17.14
              │   ├── rustls v0.23.40
              │   │   ├── hyper-rustls v0.27.9
              │   │   │   └── reqwest v0.12.28
              │   │   │       └── oci-client v0.15.0
              │   │   │           ├── carrick-image v0.1.0
              │   │   │           │   ├── carrick-cli v0.1.0 (*)
              │   │   │           │   ├── carrick-engine v0.1.0 (*)
              │   │   │           │   └── (dev) carrick-runtime v0.1.0 (*)
              │   │   │           ├── carrick-runtime v0.1.0 (*)
              │   │   │           └── carrick-spec v0.1.0
              │   │   │               ├── carrick-cli v0.1.0 (*)
              │   │   │               ├── carrick-engine v0.1.0 (*)
              │   │   │               ├── carrick-image v0.1.0 (*)
              │   │   │               └── carrick-runtime v0.1.0 (*)
              │   │   ├── reqwest v0.12.28 (*)
              │   │   └── tokio-rustls v0.26.4
              │   │       ├── hyper-rustls v0.27.9 (*)
              │   │       └── reqwest v0.12.28 (*)
              │   └── rustls-webpki v0.103.13
              │       └── rustls v0.23.40 (*)
              └── winx v0.36.4
                  └── cap-primitives v4.0.2 (*)
    ├ windows_aarch64_gnullvm v0.53.1
      └── windows-targets v0.53.5
          └── windows-sys v0.60.2
              └── io-extras v0.19.0
                  ├── cap-primitives v4.0.2
                  │   └── cap-std v4.0.2
                  │       └── carrick-runtime v0.1.0
                  │           ├── carrick-cli v0.1.0
                  │           └── carrick-engine v0.1.0
                  │               └── carrick-cli v0.1.0 (*)
                  └── cap-std v4.0.2 (*)

warning[duplicate]: found 2 duplicate entries for crate 'windows_aarch64_msvc'
    ┌─ /Volumes/CaseSensitive/carrick/.worktrees/codex-hybrid-kernel/Cargo.lock:366:1
    │  
366 │ ╭ windows_aarch64_msvc 0.52.6 registry+https://github.com/rust-lang/crates.io-index
367 │ │ windows_aarch64_msvc 0.53.1 registry+https://github.com/rust-lang/crates.io-index
    │ ╰─────────────────────────────────────────────────────────────────────────────────┘ lock entries
    │  
    ├ windows_aarch64_msvc v0.52.6
      └── windows-targets v0.52.6
          └── windows-sys v0.52.0
              ├── fd-lock v4.0.4
              │   └── carrick-runtime v0.1.0
              │       ├── carrick-cli v0.1.0
              │       └── carrick-engine v0.1.0
              │           └── carrick-cli v0.1.0 (*)
              ├── fs-set-times v0.20.3
              │   └── cap-primitives v4.0.2
              │       └── cap-std v4.0.2
              │           └── carrick-runtime v0.1.0 (*)
              ├── ring v0.17.14
              │   ├── rustls v0.23.40
              │   │   ├── hyper-rustls v0.27.9
              │   │   │   └── reqwest v0.12.28
              │   │   │       └── oci-client v0.15.0
              │   │   │           ├── carrick-image v0.1.0
              │   │   │           │   ├── carrick-cli v0.1.0 (*)
              │   │   │           │   ├── carrick-engine v0.1.0 (*)
              │   │   │           │   └── (dev) carrick-runtime v0.1.0 (*)
              │   │   │           ├── carrick-runtime v0.1.0 (*)
              │   │   │           └── carrick-spec v0.1.0
              │   │   │               ├── carrick-cli v0.1.0 (*)
              │   │   │               ├── carrick-engine v0.1.0 (*)
              │   │   │               ├── carrick-image v0.1.0 (*)
              │   │   │               └── carrick-runtime v0.1.0 (*)
              │   │   ├── reqwest v0.12.28 (*)
              │   │   └── tokio-rustls v0.26.4
              │   │       ├── hyper-rustls v0.27.9 (*)
              │   │       └── reqwest v0.12.28 (*)
              │   └── rustls-webpki v0.103.13
              │       └── rustls v0.23.40 (*)
              └── winx v0.36.4
                  └── cap-primitives v4.0.2 (*)
    ├ windows_aarch64_msvc v0.53.1
      └── windows-targets v0.53.5
          └── windows-sys v0.60.2
              └── io-extras v0.19.0
                  ├── cap-primitives v4.0.2
                  │   └── cap-std v4.0.2
                  │       └── carrick-runtime v0.1.0
                  │           ├── carrick-cli v0.1.0
                  │           └── carrick-engine v0.1.0
                  │               └── carrick-cli v0.1.0 (*)
                  └── cap-std v4.0.2 (*)

warning[duplicate]: found 2 duplicate entries for crate 'windows_i686_gnu'
    ┌─ /Volumes/CaseSensitive/carrick/.worktrees/codex-hybrid-kernel/Cargo.lock:368:1
    │  
368 │ ╭ windows_i686_gnu 0.52.6 registry+https://github.com/rust-lang/crates.io-index
369 │ │ windows_i686_gnu 0.53.1 registry+https://github.com/rust-lang/crates.io-index
    │ ╰─────────────────────────────────────────────────────────────────────────────┘ lock entries
    │  
    ├ windows_i686_gnu v0.52.6
      └── windows-targets v0.52.6
          └── windows-sys v0.52.0
              ├── fd-lock v4.0.4
              │   └── carrick-runtime v0.1.0
              │       ├── carrick-cli v0.1.0
              │       └── carrick-engine v0.1.0
              │           └── carrick-cli v0.1.0 (*)
              ├── fs-set-times v0.20.3
              │   └── cap-primitives v4.0.2
              │       └── cap-std v4.0.2
              │           └── carrick-runtime v0.1.0 (*)
              ├── ring v0.17.14
              │   ├── rustls v0.23.40
              │   │   ├── hyper-rustls v0.27.9
              │   │   │   └── reqwest v0.12.28
              │   │   │       └── oci-client v0.15.0
              │   │   │           ├── carrick-image v0.1.0
              │   │   │           │   ├── carrick-cli v0.1.0 (*)
              │   │   │           │   ├── carrick-engine v0.1.0 (*)
              │   │   │           │   └── (dev) carrick-runtime v0.1.0 (*)
              │   │   │           ├── carrick-runtime v0.1.0 (*)
              │   │   │           └── carrick-spec v0.1.0
              │   │   │               ├── carrick-cli v0.1.0 (*)
              │   │   │               ├── carrick-engine v0.1.0 (*)
              │   │   │               ├── carrick-image v0.1.0 (*)
              │   │   │               └── carrick-runtime v0.1.0 (*)
              │   │   ├── reqwest v0.12.28 (*)
              │   │   └── tokio-rustls v0.26.4
              │   │       ├── hyper-rustls v0.27.9 (*)
              │   │       └── reqwest v0.12.28 (*)
              │   └── rustls-webpki v0.103.13
              │       └── rustls v0.23.40 (*)
              └── winx v0.36.4
                  └── cap-primitives v4.0.2 (*)
    ├ windows_i686_gnu v0.53.1
      └── windows-targets v0.53.5
          └── windows-sys v0.60.2
              └── io-extras v0.19.0
                  ├── cap-primitives v4.0.2
                  │   └── cap-std v4.0.2
                  │       └── carrick-runtime v0.1.0
                  │           ├── carrick-cli v0.1.0
                  │           └── carrick-engine v0.1.0
                  │               └── carrick-cli v0.1.0 (*)
                  └── cap-std v4.0.2 (*)

warning[duplicate]: found 2 duplicate entries for crate 'windows_i686_gnullvm'
    ┌─ /Volumes/CaseSensitive/carrick/.worktrees/codex-hybrid-kernel/Cargo.lock:370:1
    │  
370 │ ╭ windows_i686_gnullvm 0.52.6 registry+https://github.com/rust-lang/crates.io-index
371 │ │ windows_i686_gnullvm 0.53.1 registry+https://github.com/rust-lang/crates.io-index
    │ ╰─────────────────────────────────────────────────────────────────────────────────┘ lock entries
    │  
    ├ windows_i686_gnullvm v0.52.6
      └── windows-targets v0.52.6
          └── windows-sys v0.52.0
              ├── fd-lock v4.0.4
              │   └── carrick-runtime v0.1.0
              │       ├── carrick-cli v0.1.0
              │       └── carrick-engine v0.1.0
              │           └── carrick-cli v0.1.0 (*)
              ├── fs-set-times v0.20.3
              │   └── cap-primitives v4.0.2
              │       └── cap-std v4.0.2
              │           └── carrick-runtime v0.1.0 (*)
              ├── ring v0.17.14
              │   ├── rustls v0.23.40
              │   │   ├── hyper-rustls v0.27.9
              │   │   │   └── reqwest v0.12.28
              │   │   │       └── oci-client v0.15.0
              │   │   │           ├── carrick-image v0.1.0
              │   │   │           │   ├── carrick-cli v0.1.0 (*)
              │   │   │           │   ├── carrick-engine v0.1.0 (*)
              │   │   │           │   └── (dev) carrick-runtime v0.1.0 (*)
              │   │   │           ├── carrick-runtime v0.1.0 (*)
              │   │   │           └── carrick-spec v0.1.0
              │   │   │               ├── carrick-cli v0.1.0 (*)
              │   │   │               ├── carrick-engine v0.1.0 (*)
              │   │   │               ├── carrick-image v0.1.0 (*)
              │   │   │               └── carrick-runtime v0.1.0 (*)
              │   │   ├── reqwest v0.12.28 (*)
              │   │   └── tokio-rustls v0.26.4
              │   │       ├── hyper-rustls v0.27.9 (*)
              │   │       └── reqwest v0.12.28 (*)
              │   └── rustls-webpki v0.103.13
              │       └── rustls v0.23.40 (*)
              └── winx v0.36.4
                  └── cap-primitives v4.0.2 (*)
    ├ windows_i686_gnullvm v0.53.1
      └── windows-targets v0.53.5
          └── windows-sys v0.60.2
              └── io-extras v0.19.0
                  ├── cap-primitives v4.0.2
                  │   └── cap-std v4.0.2
                  │       └── carrick-runtime v0.1.0
                  │           ├── carrick-cli v0.1.0
                  │           └── carrick-engine v0.1.0
                  │               └── carrick-cli v0.1.0 (*)
                  └── cap-std v4.0.2 (*)

warning[duplicate]: found 2 duplicate entries for crate 'windows_i686_msvc'
    ┌─ /Volumes/CaseSensitive/carrick/.worktrees/codex-hybrid-kernel/Cargo.lock:372:1
    │  
372 │ ╭ windows_i686_msvc 0.52.6 registry+https://github.com/rust-lang/crates.io-index
373 │ │ windows_i686_msvc 0.53.1 registry+https://github.com/rust-lang/crates.io-index
    │ ╰──────────────────────────────────────────────────────────────────────────────┘ lock entries
    │  
    ├ windows_i686_msvc v0.52.6
      └── windows-targets v0.52.6
          └── windows-sys v0.52.0
              ├── fd-lock v4.0.4
              │   └── carrick-runtime v0.1.0
              │       ├── carrick-cli v0.1.0
              │       └── carrick-engine v0.1.0
              │           └── carrick-cli v0.1.0 (*)
              ├── fs-set-times v0.20.3
              │   └── cap-primitives v4.0.2
              │       └── cap-std v4.0.2
              │           └── carrick-runtime v0.1.0 (*)
              ├── ring v0.17.14
              │   ├── rustls v0.23.40
              │   │   ├── hyper-rustls v0.27.9
              │   │   │   └── reqwest v0.12.28
              │   │   │       └── oci-client v0.15.0
              │   │   │           ├── carrick-image v0.1.0
              │   │   │           │   ├── carrick-cli v0.1.0 (*)
              │   │   │           │   ├── carrick-engine v0.1.0 (*)
              │   │   │           │   └── (dev) carrick-runtime v0.1.0 (*)
              │   │   │           ├── carrick-runtime v0.1.0 (*)
              │   │   │           └── carrick-spec v0.1.0
              │   │   │               ├── carrick-cli v0.1.0 (*)
              │   │   │               ├── carrick-engine v0.1.0 (*)
              │   │   │               ├── carrick-image v0.1.0 (*)
              │   │   │               └── carrick-runtime v0.1.0 (*)
              │   │   ├── reqwest v0.12.28 (*)
              │   │   └── tokio-rustls v0.26.4
              │   │       ├── hyper-rustls v0.27.9 (*)
              │   │       └── reqwest v0.12.28 (*)
              │   └── rustls-webpki v0.103.13
              │       └── rustls v0.23.40 (*)
              └── winx v0.36.4
                  └── cap-primitives v4.0.2 (*)
    ├ windows_i686_msvc v0.53.1
      └── windows-targets v0.53.5
          └── windows-sys v0.60.2
              └── io-extras v0.19.0
                  ├── cap-primitives v4.0.2
                  │   └── cap-std v4.0.2
                  │       └── carrick-runtime v0.1.0
                  │           ├── carrick-cli v0.1.0
                  │           └── carrick-engine v0.1.0
                  │               └── carrick-cli v0.1.0 (*)
                  └── cap-std v4.0.2 (*)

warning[duplicate]: found 2 duplicate entries for crate 'windows_x86_64_gnu'
    ┌─ /Volumes/CaseSensitive/carrick/.worktrees/codex-hybrid-kernel/Cargo.lock:374:1
    │  
374 │ ╭ windows_x86_64_gnu 0.52.6 registry+https://github.com/rust-lang/crates.io-index
375 │ │ windows_x86_64_gnu 0.53.1 registry+https://github.com/rust-lang/crates.io-index
    │ ╰───────────────────────────────────────────────────────────────────────────────┘ lock entries
    │  
    ├ windows_x86_64_gnu v0.52.6
      └── windows-targets v0.52.6
          └── windows-sys v0.52.0
              ├── fd-lock v4.0.4
              │   └── carrick-runtime v0.1.0
              │       ├── carrick-cli v0.1.0
              │       └── carrick-engine v0.1.0
              │           └── carrick-cli v0.1.0 (*)
              ├── fs-set-times v0.20.3
              │   └── cap-primitives v4.0.2
              │       └── cap-std v4.0.2
              │           └── carrick-runtime v0.1.0 (*)
              ├── ring v0.17.14
              │   ├── rustls v0.23.40
              │   │   ├── hyper-rustls v0.27.9
              │   │   │   └── reqwest v0.12.28
              │   │   │       └── oci-client v0.15.0
              │   │   │           ├── carrick-image v0.1.0
              │   │   │           │   ├── carrick-cli v0.1.0 (*)
              │   │   │           │   ├── carrick-engine v0.1.0 (*)
              │   │   │           │   └── (dev) carrick-runtime v0.1.0 (*)
              │   │   │           ├── carrick-runtime v0.1.0 (*)
              │   │   │           └── carrick-spec v0.1.0
              │   │   │               ├── carrick-cli v0.1.0 (*)
              │   │   │               ├── carrick-engine v0.1.0 (*)
              │   │   │               ├── carrick-image v0.1.0 (*)
              │   │   │               └── carrick-runtime v0.1.0 (*)
              │   │   ├── reqwest v0.12.28 (*)
              │   │   └── tokio-rustls v0.26.4
              │   │       ├── hyper-rustls v0.27.9 (*)
              │   │       └── reqwest v0.12.28 (*)
              │   └── rustls-webpki v0.103.13
              │       └── rustls v0.23.40 (*)
              └── winx v0.36.4
                  └── cap-primitives v4.0.2 (*)
    ├ windows_x86_64_gnu v0.53.1
      └── windows-targets v0.53.5
          └── windows-sys v0.60.2
              └── io-extras v0.19.0
                  ├── cap-primitives v4.0.2
                  │   └── cap-std v4.0.2
                  │       └── carrick-runtime v0.1.0
                  │           ├── carrick-cli v0.1.0
                  │           └── carrick-engine v0.1.0
                  │               └── carrick-cli v0.1.0 (*)
                  └── cap-std v4.0.2 (*)

warning[duplicate]: found 2 duplicate entries for crate 'windows_x86_64_gnullvm'
    ┌─ /Volumes/CaseSensitive/carrick/.worktrees/codex-hybrid-kernel/Cargo.lock:376:1
    │  
376 │ ╭ windows_x86_64_gnullvm 0.52.6 registry+https://github.com/rust-lang/crates.io-index
377 │ │ windows_x86_64_gnullvm 0.53.1 registry+https://github.com/rust-lang/crates.io-index
    │ ╰───────────────────────────────────────────────────────────────────────────────────┘ lock entries
    │  
    ├ windows_x86_64_gnullvm v0.52.6
      └── windows-targets v0.52.6
          └── windows-sys v0.52.0
              ├── fd-lock v4.0.4
              │   └── carrick-runtime v0.1.0
              │       ├── carrick-cli v0.1.0
              │       └── carrick-engine v0.1.0
              │           └── carrick-cli v0.1.0 (*)
              ├── fs-set-times v0.20.3
              │   └── cap-primitives v4.0.2
              │       └── cap-std v4.0.2
              │           └── carrick-runtime v0.1.0 (*)
              ├── ring v0.17.14
              │   ├── rustls v0.23.40
              │   │   ├── hyper-rustls v0.27.9
              │   │   │   └── reqwest v0.12.28
              │   │   │       └── oci-client v0.15.0
              │   │   │           ├── carrick-image v0.1.0
              │   │   │           │   ├── carrick-cli v0.1.0 (*)
              │   │   │           │   ├── carrick-engine v0.1.0 (*)
              │   │   │           │   └── (dev) carrick-runtime v0.1.0 (*)
              │   │   │           ├── carrick-runtime v0.1.0 (*)
              │   │   │           └── carrick-spec v0.1.0
              │   │   │               ├── carrick-cli v0.1.0 (*)
              │   │   │               ├── carrick-engine v0.1.0 (*)
              │   │   │               ├── carrick-image v0.1.0 (*)
              │   │   │               └── carrick-runtime v0.1.0 (*)
              │   │   ├── reqwest v0.12.28 (*)
              │   │   └── tokio-rustls v0.26.4
              │   │       ├── hyper-rustls v0.27.9 (*)
              │   │       └── reqwest v0.12.28 (*)
              │   └── rustls-webpki v0.103.13
              │       └── rustls v0.23.40 (*)
              └── winx v0.36.4
                  └── cap-primitives v4.0.2 (*)
    ├ windows_x86_64_gnullvm v0.53.1
      └── windows-targets v0.53.5
          └── windows-sys v0.60.2
              └── io-extras v0.19.0
                  ├── cap-primitives v4.0.2
                  │   └── cap-std v4.0.2
                  │       └── carrick-runtime v0.1.0
                  │           ├── carrick-cli v0.1.0
                  │           └── carrick-engine v0.1.0
                  │               └── carrick-cli v0.1.0 (*)
                  └── cap-std v4.0.2 (*)

warning[duplicate]: found 2 duplicate entries for crate 'windows_x86_64_msvc'
    ┌─ /Volumes/CaseSensitive/carrick/.worktrees/codex-hybrid-kernel/Cargo.lock:378:1
    │  
378 │ ╭ windows_x86_64_msvc 0.52.6 registry+https://github.com/rust-lang/crates.io-index
379 │ │ windows_x86_64_msvc 0.53.1 registry+https://github.com/rust-lang/crates.io-index
    │ ╰────────────────────────────────────────────────────────────────────────────────┘ lock entries
    │  
    ├ windows_x86_64_msvc v0.52.6
      └── windows-targets v0.52.6
          └── windows-sys v0.52.0
              ├── fd-lock v4.0.4
              │   └── carrick-runtime v0.1.0
              │       ├── carrick-cli v0.1.0
              │       └── carrick-engine v0.1.0
              │           └── carrick-cli v0.1.0 (*)
              ├── fs-set-times v0.20.3
              │   └── cap-primitives v4.0.2
              │       └── cap-std v4.0.2
              │           └── carrick-runtime v0.1.0 (*)
              ├── ring v0.17.14
              │   ├── rustls v0.23.40
              │   │   ├── hyper-rustls v0.27.9
              │   │   │   └── reqwest v0.12.28
              │   │   │       └── oci-client v0.15.0
              │   │   │           ├── carrick-image v0.1.0
              │   │   │           │   ├── carrick-cli v0.1.0 (*)
              │   │   │           │   ├── carrick-engine v0.1.0 (*)
              │   │   │           │   └── (dev) carrick-runtime v0.1.0 (*)
              │   │   │           ├── carrick-runtime v0.1.0 (*)
              │   │   │           └── carrick-spec v0.1.0
              │   │   │               ├── carrick-cli v0.1.0 (*)
              │   │   │               ├── carrick-engine v0.1.0 (*)
              │   │   │               ├── carrick-image v0.1.0 (*)
              │   │   │               └── carrick-runtime v0.1.0 (*)
              │   │   ├── reqwest v0.12.28 (*)
              │   │   └── tokio-rustls v0.26.4
              │   │       ├── hyper-rustls v0.27.9 (*)
              │   │       └── reqwest v0.12.28 (*)
              │   └── rustls-webpki v0.103.13
              │       └── rustls v0.23.40 (*)
              └── winx v0.36.4
                  └── cap-primitives v4.0.2 (*)
    ├ windows_x86_64_msvc v0.53.1
      └── windows-targets v0.53.5
          └── windows-sys v0.60.2
              └── io-extras v0.19.0
                  ├── cap-primitives v4.0.2
                  │   └── cap-std v4.0.2
                  │       └── carrick-runtime v0.1.0
                  │           ├── carrick-cli v0.1.0
                  │           └── carrick-engine v0.1.0
                  │               └── carrick-cli v0.1.0 (*)
                  └── cap-std v4.0.2 (*)

warning[duplicate]: found 2 duplicate entries for crate 'wit-bindgen'
    ┌─ /Volumes/CaseSensitive/carrick/.worktrees/codex-hybrid-kernel/Cargo.lock:382:1
    │  
382 │ ╭ wit-bindgen 0.51.0 registry+https://github.com/rust-lang/crates.io-index
383 │ │ wit-bindgen 0.57.1 registry+https://github.com/rust-lang/crates.io-index
    │ ╰────────────────────────────────────────────────────────────────────────┘ lock entries
    │  
    ├ wit-bindgen v0.51.0
      └── wasip3 v0.4.0+wasi-0.3.0-rc-2026-01-06
          └── getrandom v0.4.2
              ├── jobserver v0.1.35
              │   └── cc v1.2.62
              │       ├── (build) bad64-sys v0.10.0
              │       │   └── bad64 v0.12.0
              │       │       ├── carrick-dsr-aarch64 v0.1.0
              │       │       │   ├── carrick-native-darwin v0.1.0
              │       │       │   │   └── carrick-runtime v0.1.0
              │       │       │   │       ├── carrick-cli v0.1.0
              │       │       │   │       └── carrick-engine v0.1.0
              │       │       │   │           └── carrick-cli v0.1.0 (*)
              │       │       │   └── (dev) carrick-runtime v0.1.0 (*)
              │       │       ├── carrick-native-darwin v0.1.0 (*)
              │       │       └── (dev) carrick-runtime v0.1.0 (*)
              │       ├── (build) carrick-dsr-aarch64 v0.1.0 (*)
              │       ├── (build) carrick-dsr-x86 v0.1.0
              │       │   └── carrick-runtime v0.1.0 (*)
              │       ├── (build) carrick-native-darwin v0.1.0 (*)
              │       ├── (build) carrick-vmm-hvf v0.1.0
              │       │   ├── carrick-cli v0.1.0 (*)
              │       │   └── carrick-runtime v0.1.0 (*)
              │       ├── (build) iana-time-zone-haiku v0.1.2
              │       │   └── iana-time-zone v0.1.65
              │       │       └── chrono v0.4.44
              │       │           ├── carrick-cli v0.1.0 (*)
              │       │           └── oci-client v0.15.0
              │       │               ├── carrick-image v0.1.0
              │       │               │   ├── carrick-cli v0.1.0 (*)
              │       │               │   ├── carrick-engine v0.1.0 (*)
              │       │               │   └── (dev) carrick-runtime v0.1.0 (*)
              │       │               ├── carrick-runtime v0.1.0 (*)
              │       │               └── carrick-spec v0.1.0
              │       │                   ├── carrick-cli v0.1.0 (*)
              │       │                   ├── carrick-engine v0.1.0 (*)
              │       │                   ├── carrick-image v0.1.0 (*)
              │       │                   └── carrick-runtime v0.1.0 (*)
              │       ├── (build) ring v0.17.14
              │       │   ├── rustls v0.23.40
              │       │   │   ├── hyper-rustls v0.27.9
              │       │   │   │   └── reqwest v0.12.28
              │       │   │   │       └── oci-client v0.15.0 (*)
              │       │   │   ├── reqwest v0.12.28 (*)
              │       │   │   └── tokio-rustls v0.26.4
              │       │   │       ├── hyper-rustls v0.27.9 (*)
              │       │   │       └── reqwest v0.12.28 (*)
              │       │   └── rustls-webpki v0.103.13
              │       │       └── rustls v0.23.40 (*)
              │       └── (build) sha2-asm v0.6.4
              │           └── sha2 v0.10.9
              │               ├── carrick-cli v0.1.0 (*)
              │               ├── carrick-dsr v0.1.0
              │               │   ├── carrick-dsr-aarch64 v0.1.0 (*)
              │               │   ├── (dev) carrick-dsr-x86 v0.1.0 (*)
              │               │   ├── carrick-native-darwin v0.1.0 (*)
              │               │   ├── carrick-native-freebsd v0.1.0
              │               │   │   ├── (dev) carrick-dsr-x86 v0.1.0 (*)
              │               │   │   └── carrick-runtime v0.1.0 (*)
              │               │   ├── carrick-native-netbsd v0.1.0
              │               │   │   └── carrick-runtime v0.1.0 (*)
              │               │   └── (dev) carrick-runtime v0.1.0 (*)
              │               ├── carrick-dsr-aarch64 v0.1.0 (*)
              │               ├── carrick-image v0.1.0 (*)
              │               ├── carrick-native-darwin v0.1.0 (*)
              │               ├── carrick-observability v0.1.0
              │               │   ├── carrick-aarch64 v0.1.0
              │               │   │   ├── carrick-vmm-hvf v0.1.0 (*)
              │               │   │   └── carrick-vmm-kvm v0.1.0
              │               │   ├── carrick-native-darwin v0.1.0 (*)
              │               │   ├── carrick-runtime v0.1.0 (*)
              │               │   ├── carrick-thread v0.1.0
              │               │   │   ├── carrick-native-freebsd v0.1.0 (*)
              │               │   │   ├── carrick-native-netbsd v0.1.0 (*)
              │               │   │   ├── carrick-runtime v0.1.0 (*)
              │               │   │   ├── carrick-vmm-bhyve v0.1.0
              │               │   │   ├── carrick-vmm-hvf v0.1.0 (*)
              │               │   │   ├── carrick-vmm-kvm v0.1.0 (*)
              │               │   │   └── carrick-vmm-nvmm v0.1.0
              │               │   └── carrick-vmm-hvf v0.1.0 (*)
              │               ├── carrick-runtime v0.1.0 (*)
              │               ├── jwt v0.16.0
              │               │   └── oci-client v0.15.0 (*)
              │               ├── oci-client v0.15.0 (*)
              │               └── (build) pest_meta v2.8.6
              │                   └── pest_generator v2.8.6
              │                       └── pest_derive v2.8.6
              │                           └── dtrace-parser v0.3.0
              │                               ├── usdt-attr-macro v0.6.0
              │                               │   └── usdt v0.6.0
              │                               │       ├── carrick-observability v0.1.0 (*)
              │                               │       └── carrick-vmm-hvf v0.1.0 (*)
              │                               ├── usdt-impl v0.6.0
              │                               │   ├── usdt v0.6.0 (*)
              │                               │   ├── usdt-attr-macro v0.6.0 (*)
              │                               │   └── usdt-macro v0.6.0
              │                               │       └── usdt v0.6.0 (*)
              │                               └── usdt-macro v0.6.0 (*)
              ├── rand v0.10.1
              │   └── hickory-proto v0.26.1
              │       └── carrick-runtime v0.1.0 (*)
              └── tempfile v3.27.0
                  ├── (dev) carrick-cli v0.1.0 (*)
                  ├── carrick-dsr v0.1.0 (*)
                  ├── carrick-dsr-aarch64 v0.1.0 (*)
                  ├── (dev) carrick-dsr-x86 v0.1.0 (*)
                  ├── (dev) carrick-host v0.1.0
                  │   ├── carrick-aarch64 v0.1.0 (*)
                  │   ├── carrick-dsr v0.1.0 (*)
                  │   ├── carrick-dsr-aarch64 v0.1.0 (*)
                  │   ├── carrick-host-bsd v0.1.0
                  │   │   ├── carrick-cli v0.1.0 (*)
                  │   │   ├── carrick-runtime v0.1.0 (*)
                  │   │   ├── carrick-vmm-bhyve v0.1.0 (*)
                  │   │   ├── carrick-vmm-hvf v0.1.0 (*)
                  │   │   └── carrick-vmm-nvmm v0.1.0 (*)
                  │   ├── carrick-runtime v0.1.0 (*)
                  │   ├── carrick-timer-core v0.1.0
                  │   │   ├── carrick-hal v0.1.0
                  │   │   │   ├── carrick-aarch64 v0.1.0 (*)
                  │   │   │   ├── carrick-host-bsd v0.1.0 (*)
                  │   │   │   ├── carrick-host-linux v0.1.0
                  │   │   │   ├── carrick-native-freebsd v0.1.0 (*)
                  │   │   │   ├── carrick-native-netbsd v0.1.0 (*)
                  │   │   │   ├── carrick-runtime v0.1.0 (*)
                  │   │   │   ├── carrick-thread v0.1.0 (*)
                  │   │   │   ├── carrick-vmm-bhyve v0.1.0 (*)
                  │   │   │   ├── carrick-vmm-hvf v0.1.0 (*)
                  │   │   │   ├── carrick-vmm-kvm v0.1.0 (*)
                  │   │   │   ├── carrick-vmm-nvmm v0.1.0 (*)
                  │   │   │   └── carrick-x86 v0.1.0
                  │   │   │       ├── carrick-vmm-bhyve v0.1.0 (*)
                  │   │   │       ├── carrick-vmm-kvm v0.1.0 (*)
                  │   │   │       └── carrick-vmm-nvmm v0.1.0 (*)
                  │   │   ├── carrick-runtime v0.1.0 (*)
                  │   │   ├── carrick-vmm-bhyve v0.1.0 (*)
                  │   │   ├── carrick-vmm-hvf v0.1.0 (*)
                  │   │   ├── carrick-vmm-kvm v0.1.0 (*)
                  │   │   └── carrick-vmm-nvmm v0.1.0 (*)
                  │   ├── carrick-vmm-bhyve v0.1.0 (*)
                  │   ├── carrick-vmm-hvf v0.1.0 (*)
                  │   ├── carrick-vmm-kvm v0.1.0 (*)
                  │   ├── carrick-vmm-nvmm v0.1.0 (*)
                  │   └── carrick-x86 v0.1.0 (*)
                  ├── (dev) carrick-image v0.1.0 (*)
                  ├── carrick-native-darwin v0.1.0 (*)
                  ├── (dev) carrick-native-freebsd v0.1.0 (*)
                  ├── carrick-observability v0.1.0 (*)
                  ├── (dev) carrick-portable v0.1.0
                  │   ├── carrick-dsr v0.1.0 (*)
                  │   ├── carrick-runtime v0.1.0 (*)
                  │   └── carrick-timer-core v0.1.0 (*)
                  ├── (dev) carrick-runtime v0.1.0 (*)
                  ├── carrick-signal-core v0.1.0
                  │   ├── carrick-hal v0.1.0 (*)
                  │   ├── carrick-host-bsd v0.1.0 (*)
                  │   ├── carrick-runtime v0.1.0 (*)
                  │   ├── carrick-vmm-bhyve v0.1.0 (*)
                  │   ├── carrick-vmm-hvf v0.1.0 (*)
                  │   ├── carrick-vmm-kvm v0.1.0 (*)
                  │   └── carrick-vmm-nvmm v0.1.0 (*)
                  ├── proptest v1.11.0
                  │   ├── (dev) carrick-dsr v0.1.0 (*)
                  │   └── (dev) carrick-runtime v0.1.0 (*)
                  └── rusty-fork v0.3.1
                      └── proptest v1.11.0 (*)
    ├ wit-bindgen v0.57.1
      └── wasip2 v1.0.3+wasi-0.2.9
          ├── getrandom v0.3.4
          │   ├── carrick-dsr-aarch64 v0.1.0
          │   │   ├── carrick-native-darwin v0.1.0
          │   │   │   └── carrick-runtime v0.1.0
          │   │   │       ├── carrick-cli v0.1.0
          │   │   │       └── carrick-engine v0.1.0
          │   │   │           └── carrick-cli v0.1.0 (*)
          │   │   └── (dev) carrick-runtime v0.1.0 (*)
          │   ├── carrick-native-darwin v0.1.0 (*)
          │   ├── carrick-runtime v0.1.0 (*)
          │   └── rand_core v0.9.5
          │       ├── rand v0.9.4
          │       │   ├── carrick-cli v0.1.0 (*)
          │       │   └── proptest v1.11.0
          │       │       ├── (dev) carrick-dsr v0.1.0
          │       │       │   ├── carrick-dsr-aarch64 v0.1.0 (*)
          │       │       │   ├── (dev) carrick-dsr-x86 v0.1.0
          │       │       │   │   └── carrick-runtime v0.1.0 (*)
          │       │       │   ├── carrick-native-darwin v0.1.0 (*)
          │       │       │   ├── carrick-native-freebsd v0.1.0
          │       │       │   │   ├── (dev) carrick-dsr-x86 v0.1.0 (*)
          │       │       │   │   └── carrick-runtime v0.1.0 (*)
          │       │       │   ├── carrick-native-netbsd v0.1.0
          │       │       │   │   └── carrick-runtime v0.1.0 (*)
          │       │       │   └── (dev) carrick-runtime v0.1.0 (*)
          │       │       └── (dev) carrick-runtime v0.1.0 (*)
          │       ├── rand_chacha v0.9.0
          │       │   ├── proptest v1.11.0 (*)
          │       │   └── rand v0.9.4 (*)
          │       └── rand_xorshift v0.4.0
          │           └── proptest v1.11.0 (*)
          └── getrandom v0.4.2
              ├── jobserver v0.1.35
              │   └── cc v1.2.62
              │       ├── (build) bad64-sys v0.10.0
              │       │   └── bad64 v0.12.0
              │       │       ├── carrick-dsr-aarch64 v0.1.0 (*)
              │       │       ├── carrick-native-darwin v0.1.0 (*)
              │       │       └── (dev) carrick-runtime v0.1.0 (*)
              │       ├── (build) carrick-dsr-aarch64 v0.1.0 (*)
              │       ├── (build) carrick-dsr-x86 v0.1.0 (*)
              │       ├── (build) carrick-native-darwin v0.1.0 (*)
              │       ├── (build) carrick-vmm-hvf v0.1.0
              │       │   ├── carrick-cli v0.1.0 (*)
              │       │   └── carrick-runtime v0.1.0 (*)
              │       ├── (build) iana-time-zone-haiku v0.1.2
              │       │   └── iana-time-zone v0.1.65
              │       │       └── chrono v0.4.44
              │       │           ├── carrick-cli v0.1.0 (*)
              │       │           └── oci-client v0.15.0
              │       │               ├── carrick-image v0.1.0
              │       │               │   ├── carrick-cli v0.1.0 (*)
              │       │               │   ├── carrick-engine v0.1.0 (*)
              │       │               │   └── (dev) carrick-runtime v0.1.0 (*)
              │       │               ├── carrick-runtime v0.1.0 (*)
              │       │               └── carrick-spec v0.1.0
              │       │                   ├── carrick-cli v0.1.0 (*)
              │       │                   ├── carrick-engine v0.1.0 (*)
              │       │                   ├── carrick-image v0.1.0 (*)
              │       │                   └── carrick-runtime v0.1.0 (*)
              │       ├── (build) ring v0.17.14
              │       │   ├── rustls v0.23.40
              │       │   │   ├── hyper-rustls v0.27.9
              │       │   │   │   └── reqwest v0.12.28
              │       │   │   │       └── oci-client v0.15.0 (*)
              │       │   │   ├── reqwest v0.12.28 (*)
              │       │   │   └── tokio-rustls v0.26.4
              │       │   │       ├── hyper-rustls v0.27.9 (*)
              │       │   │       └── reqwest v0.12.28 (*)
              │       │   └── rustls-webpki v0.103.13
              │       │       └── rustls v0.23.40 (*)
              │       └── (build) sha2-asm v0.6.4
              │           └── sha2 v0.10.9
              │               ├── carrick-cli v0.1.0 (*)
              │               ├── carrick-dsr v0.1.0 (*)
              │               ├── carrick-dsr-aarch64 v0.1.0 (*)
              │               ├── carrick-image v0.1.0 (*)
              │               ├── carrick-native-darwin v0.1.0 (*)
              │               ├── carrick-observability v0.1.0
              │               │   ├── carrick-aarch64 v0.1.0
              │               │   │   ├── carrick-vmm-hvf v0.1.0 (*)
              │               │   │   └── carrick-vmm-kvm v0.1.0
              │               │   ├── carrick-native-darwin v0.1.0 (*)
              │               │   ├── carrick-runtime v0.1.0 (*)
              │               │   ├── carrick-thread v0.1.0
              │               │   │   ├── carrick-native-freebsd v0.1.0 (*)
              │               │   │   ├── carrick-native-netbsd v0.1.0 (*)
              │               │   │   ├── carrick-runtime v0.1.0 (*)
              │               │   │   ├── carrick-vmm-bhyve v0.1.0
              │               │   │   ├── carrick-vmm-hvf v0.1.0 (*)
              │               │   │   ├── carrick-vmm-kvm v0.1.0 (*)
              │               │   │   └── carrick-vmm-nvmm v0.1.0
              │               │   └── carrick-vmm-hvf v0.1.0 (*)
              │               ├── carrick-runtime v0.1.0 (*)
              │               ├── jwt v0.16.0
              │               │   └── oci-client v0.15.0 (*)
              │               ├── oci-client v0.15.0 (*)
              │               └── (build) pest_meta v2.8.6
              │                   └── pest_generator v2.8.6
              │                       └── pest_derive v2.8.6
              │                           └── dtrace-parser v0.3.0
              │                               ├── usdt-attr-macro v0.6.0
              │                               │   └── usdt v0.6.0
              │                               │       ├── carrick-observability v0.1.0 (*)
              │                               │       └── carrick-vmm-hvf v0.1.0 (*)
              │                               ├── usdt-impl v0.6.0
              │                               │   ├── usdt v0.6.0 (*)
              │                               │   ├── usdt-attr-macro v0.6.0 (*)
              │                               │   └── usdt-macro v0.6.0
              │                               │       └── usdt v0.6.0 (*)
              │                               └── usdt-macro v0.6.0 (*)
              ├── rand v0.10.1
              │   └── hickory-proto v0.26.1
              │       └── carrick-runtime v0.1.0 (*)
              └── tempfile v3.27.0
                  ├── (dev) carrick-cli v0.1.0 (*)
                  ├── carrick-dsr v0.1.0 (*)
                  ├── carrick-dsr-aarch64 v0.1.0 (*)
                  ├── (dev) carrick-dsr-x86 v0.1.0 (*)
                  ├── (dev) carrick-host v0.1.0
                  │   ├── carrick-aarch64 v0.1.0 (*)
                  │   ├── carrick-dsr v0.1.0 (*)
                  │   ├── carrick-dsr-aarch64 v0.1.0 (*)
                  │   ├── carrick-host-bsd v0.1.0
                  │   │   ├── carrick-cli v0.1.0 (*)
                  │   │   ├── carrick-runtime v0.1.0 (*)
                  │   │   ├── carrick-vmm-bhyve v0.1.0 (*)
                  │   │   ├── carrick-vmm-hvf v0.1.0 (*)
                  │   │   └── carrick-vmm-nvmm v0.1.0 (*)
                  │   ├── carrick-runtime v0.1.0 (*)
                  │   ├── carrick-timer-core v0.1.0
                  │   │   ├── carrick-hal v0.1.0
                  │   │   │   ├── carrick-aarch64 v0.1.0 (*)
                  │   │   │   ├── carrick-host-bsd v0.1.0 (*)
                  │   │   │   ├── carrick-host-linux v0.1.0
                  │   │   │   ├── carrick-native-freebsd v0.1.0 (*)
                  │   │   │   ├── carrick-native-netbsd v0.1.0 (*)
                  │   │   │   ├── carrick-runtime v0.1.0 (*)
                  │   │   │   ├── carrick-thread v0.1.0 (*)
                  │   │   │   ├── carrick-vmm-bhyve v0.1.0 (*)
                  │   │   │   ├── carrick-vmm-hvf v0.1.0 (*)
                  │   │   │   ├── carrick-vmm-kvm v0.1.0 (*)
                  │   │   │   ├── carrick-vmm-nvmm v0.1.0 (*)
                  │   │   │   └── carrick-x86 v0.1.0
                  │   │   │       ├── carrick-vmm-bhyve v0.1.0 (*)
                  │   │   │       ├── carrick-vmm-kvm v0.1.0 (*)
                  │   │   │       └── carrick-vmm-nvmm v0.1.0 (*)
                  │   │   ├── carrick-runtime v0.1.0 (*)
                  │   │   ├── carrick-vmm-bhyve v0.1.0 (*)
                  │   │   ├── carrick-vmm-hvf v0.1.0 (*)
                  │   │   ├── carrick-vmm-kvm v0.1.0 (*)
                  │   │   └── carrick-vmm-nvmm v0.1.0 (*)
                  │   ├── carrick-vmm-bhyve v0.1.0 (*)
                  │   ├── carrick-vmm-hvf v0.1.0 (*)
                  │   ├── carrick-vmm-kvm v0.1.0 (*)
                  │   ├── carrick-vmm-nvmm v0.1.0 (*)
                  │   └── carrick-x86 v0.1.0 (*)
                  ├── (dev) carrick-image v0.1.0 (*)
                  ├── carrick-native-darwin v0.1.0 (*)
                  ├── (dev) carrick-native-freebsd v0.1.0 (*)
                  ├── carrick-observability v0.1.0 (*)
                  ├── (dev) carrick-portable v0.1.0
                  │   ├── carrick-dsr v0.1.0 (*)
                  │   ├── carrick-runtime v0.1.0 (*)
                  │   └── carrick-timer-core v0.1.0 (*)
                  ├── (dev) carrick-runtime v0.1.0 (*)
                  ├── carrick-signal-core v0.1.0
                  │   ├── carrick-hal v0.1.0 (*)
                  │   ├── carrick-host-bsd v0.1.0 (*)
                  │   ├── carrick-runtime v0.1.0 (*)
                  │   ├── carrick-vmm-bhyve v0.1.0 (*)
                  │   ├── carrick-vmm-hvf v0.1.0 (*)
                  │   ├── carrick-vmm-kvm v0.1.0 (*)
                  │   └── carrick-vmm-nvmm v0.1.0 (*)
                  ├── proptest v1.11.0 (*)
                  └── rusty-fork v0.3.1
                      └── proptest v1.11.0 (*)

bans ok, licenses ok, sources ok
cargo run -p carrick-conformance -- --check-matrix
    Finished `dev` profile [unoptimized + debuginfo] target(s) in 0.05s
     Running `target/debug/carrick-conformance --check-matrix`
docs/support-matrix.md is in sync with scripts/conformance/baseline.jsonl
cargo build -p carrick-cli  --workspace
   Compiling carrick-runtime v0.1.0 (/Volumes/CaseSensitive/carrick/.worktrees/codex-hybrid-kernel/crates/carrick-runtime)
   Compiling carrick-vmm-hvf v0.1.0 (/Volumes/CaseSensitive/carrick/.worktrees/codex-hybrid-kernel/crates/carrick-vmm-hvf)
   Compiling carrick-engine v0.1.0 (/Volumes/CaseSensitive/carrick/.worktrees/codex-hybrid-kernel/crates/carrick-engine)
   Compiling carrick-cli v0.1.0 (/Volumes/CaseSensitive/carrick/.worktrees/codex-hybrid-kernel/crates/carrick-cli)
    Finished `dev` profile [unoptimized + debuginfo] target(s) in 18.41s
    Checking carrick-vmm-hvf v0.1.0 (/Volumes/CaseSensitive/carrick/.worktrees/codex-hybrid-kernel/crates/carrick-vmm-hvf)
 Documenting carrick-vmm-hvf v0.1.0 (/Volumes/CaseSensitive/carrick/.worktrees/codex-hybrid-kernel/crates/carrick-vmm-hvf)
    Checking carrick-runtime v0.1.0 (/Volumes/CaseSensitive/carrick/.worktrees/codex-hybrid-kernel/crates/carrick-runtime)
 Documenting carrick-runtime v0.1.0 (/Volumes/CaseSensitive/carrick/.worktrees/codex-hybrid-kernel/crates/carrick-runtime)
    Checking carrick-engine v0.1.0 (/Volumes/CaseSensitive/carrick/.worktrees/codex-hybrid-kernel/crates/carrick-engine)
 Documenting carrick-engine v0.1.0 (/Volumes/CaseSensitive/carrick/.worktrees/codex-hybrid-kernel/crates/carrick-engine)
 Documenting carrick-cli v0.1.0 (/Volumes/CaseSensitive/carrick/.worktrees/codex-hybrid-kernel/crates/carrick-cli)
    Finished `dev` profile [unoptimized + debuginfo] target(s) in 10.41s
   Generated /Volumes/CaseSensitive/carrick/.worktrees/codex-hybrid-kernel/target/doc/carrick_aarch64/index.html and 37 other files
   Compiling carrick-runtime v0.1.0 (/Volumes/CaseSensitive/carrick/.worktrees/codex-hybrid-kernel/crates/carrick-runtime)
   Compiling carrick-vmm-hvf v0.1.0 (/Volumes/CaseSensitive/carrick/.worktrees/codex-hybrid-kernel/crates/carrick-vmm-hvf)
   Compiling carrick-engine v0.1.0 (/Volumes/CaseSensitive/carrick/.worktrees/codex-hybrid-kernel/crates/carrick-engine)
    Finished `test` profile [unoptimized + debuginfo] target(s) in 12.01s
     Running unittests src/lib.rs (target/debug/deps/carrick_aarch64-4c3ab7cc1fad0b08)

running 14 tests
test engine::tests::hvpatch_process_aperture_reservation_removes_both_identity_ranges ... ok
test engine::tests::private_repoint_tlbi_failure_is_indeterminate ... ok
test engine::tests::seed_applies_thread_entry_deltas ... ok
test engine::tests::snapshot_serialization_roundtrips ... ok
test engine::tests::wait_diagnostics_decode_hvpatch_island_back_to_original_svc ... ok
test engine::tests::wait_diagnostics_prefer_post_syscall_guest_resume_pc ... ok
test mailbox::tests::generation_rollover_never_publishes_zero ... ok
test mailbox::tests::mailbox_layout_is_fixed ... ok
test mailbox::tests::mailbox_ownership_transition_is_linear ... ok
test mailbox::tests::mailbox_wire_values_are_unique_and_stable ... ok
test mailbox::tests::request_metadata_rejects_stale_and_duplicate_publications ... ok
test mailbox::tests::response_cannot_publish_before_request_ownership ... ok
test mailbox::tests::unpublished_payload_and_wrong_trap_kind_fail_closed ... ok
test vmm::completion_tests::default_complete_syscall_return_preserves_register_transport ... ok

test result: ok. 14 passed; 0 failed; 0 ignored; 0 measured; 0 filtered out; finished in 0.01s

     Running unittests src/lib.rs (target/debug/deps/carrick_abi-61eb541284b487d2)

running 24 tests
test kernel_abi_tests::abi_size_never_exceeds_struct_size ... ok
test kernel_abi_tests::carrick_x86_64_reports_x86_64_machine ... ok
test kernel_abi_tests::fpsimd_context_empty_record_is_self_describing ... ok
test kernel_abi_tests::linux_flag_groups_pin_supported_and_rejected_masks ... ok
test kernel_abi_tests::stage11_flag_types_match_their_consts ... ok
test kernel_abi_tests::termios_kernel_abi_size_is_36_not_44 ... ok
test syscall_x86_64::tests::arch_prctl_is_native ... ok
test syscall_x86_64::tests::brk_remaps_to_canonical_214 ... ok
test syscall_x86_64::tests::clone_remaps_to_canonical_220 ... ok
test syscall_x86_64::tests::every_direct_canonical_matches_aarch64_by_name ... ok
test syscall_x86_64::tests::exit_group_remaps_to_canonical_94 ... ok
test syscall_x86_64::tests::exit_remaps_to_canonical_93 ... ok
test syscall_x86_64::tests::futex_gettid_set_robust_list_present ... ok
test syscall_x86_64::tests::iopl_is_not_in_table ... ok
test syscall_x86_64::tests::mmap_remaps_to_canonical_222 ... ok
test syscall_x86_64::tests::rt_sigreturn_remaps_to_canonical_139 ... ok
test syscall_x86_64::tests::table_covers_the_whole_abi ... ok
test syscall_x86_64::tests::table_is_strictly_sorted ... ok
test syscall_x86_64::tests::wait4_remaps_to_canonical_260 ... ok
test syscall_x86_64::tests::write_remaps_to_canonical_64 ... ok
test x8664_sigframe_tests::rtsigframe_field_order ... ok
test x8664_sigframe_tests::rtsigframe_offsets_match_linux_amd64_oracle ... ok
test x8664_sigframe_tests::sigcontext_gregset_order_matches_psabi ... ok
test x8664_sigframe_tests::ucontext_mcontext_offset ... ok

test result: ok. 24 passed; 0 failed; 0 ignored; 0 measured; 0 filtered out; finished in 0.00s

     Running unittests src/main.rs (target/debug/deps/carrick_conformance-9c6d36c02f059104)

running 108 tests
test engine::tests::carrick_argv_has_no_per_run_pull ... ok
test engine::tests::carrick_argv_mirrors_docker_seccomp_unconfined ... ok
test engine::tests::carrick_argv_stays_default_confined_without_docker_unconfined ... ok
test engine::tests::carrick_command_removes_inherited_outer_run_id ... ok
test engine::tests::docker_argv_uses_requested_platform ... ok
test engine::tests::only_starvation_is_a_measurement_failure ... ok
test engine::tests::timeout_classification_admits_when_the_host_did_not_answer ... ok
test engine::tests::timeout_classification_separates_spinning_starved_and_blocked ... ok
test generate::tests::committed_suites_carry_oracle_fidelity_flags_and_gaps ... ok
test generate::tests::committed_suites_preserve_manual_docker_flags ... ok
test generate::tests::exact_ltp_command_overrides_survive_regen ... ok
test generate::tests::family_prefix_overrides_apply ... ok
test generate::tests::full_load_slow_suites_have_extended_budgets ... ok
test generate::tests::manual_docker_flag_overrides_survive_regen ... ok
test generate::tests::ordinary_suites_keep_default_budgets ... ok
test images::tests::parses_nested_repo_and_defaults_tag ... ok
test images::tests::parses_registry_tagged_ref ... ok
test images::tests::skips_bare_and_digest_pinned ... ok
test images::tests::staleness_logic ... ok
test lane::tests::bhyve_local_invocation_runs_carrick_directly_as_amd64 ... ok
test lane::tests::dry_run_hvf_changes_only_explicit_backend_policy ... ok
test lane::tests::hvf_invocation_is_the_local_carrick_argv ... ok
test lane::tests::hvpatch_invocation_is_local_and_injects_only_the_kernel_backend ... ok
test lane::tests::kvm_invocation_wraps_in_limactl_with_rewrite_and_registry_env ... ok
test lane::tests::kvm_local_invocation_runs_carrick_directly ... ok
test lane::tests::kvm_timeout_scale_stretches_carrick_deadlines_only ... ok
test lane::tests::lane_from_args_builds_kvm_with_defaults ... ok
test lane::tests::native_dsr_invocation_is_local_and_injects_typed_backend_flags ... ok
test lane::tests::nvmm_local_invocation_runs_carrick_directly_as_amd64 ... ok
test lane::tests::rewrite_localhost_registry_host_in_image_ref ... ok
test lane::tests::shell_quote_handles_barewords_and_metachars ... ok
test manifest::tests::good_manifest_validates ... ok
test manifest::tests::rejects_bare_image_and_dup_and_empty_cmd ... ok
test manifest::tests::rejects_missing_fs_on_coherent_suite ... ok
test oracle::tests::caches_success_with_no_per_id_breakdown ... ok
test oracle::tests::golden_oracle_key_pins_the_determinant_schema ... ok
test oracle::tests::key_differs_when_docker_inputs_differ ... ok
test oracle::tests::key_differs_when_docker_platform_differs ... ok
test oracle::tests::key_is_stable_and_ignores_carrick_only_fields ... ok
test oracle::tests::miss_when_docker_inputs_change ... ok
test oracle::tests::parse_cache_records_counts_schema_mismatches ... ok
test oracle::tests::reconstructs_docker_oracle_from_report ... ok
test oracle::tests::refuses_to_cache_broken_oracle ... ok
test oracle::tests::refuses_to_reconstruct_suppressed_or_broken_report ... ok
test oracle::tests::round_trips_through_jsonl ... ok
test parsers::gotest::tests::all_pass_is_success ... ok
test parsers::gotest::tests::crash_signature_is_none ... ok
test parsers::gotest::tests::no_tests_to_run_is_success ... ok
test parsers::gotest::tests::nonzero_exit_is_crash_not_partial ... ok
test parsers::gotest::tests::parses_pass_fail_skip ... ok
test parsers::gotest::tests::pointer_addresses_normalize_to_stable_ids ... ok
test parsers::gotest::tests::recovered_expected_panic_is_failure_not_crash ... ok
test parsers::ltp::tests::empty_is_empty ... ok
test parsers::ltp::tests::missing_ltp_shell_helper_is_broken ... ok
test parsers::ltp::tests::old_api_clean_exit_is_success ... ok
test parsers::ltp::tests::old_api_failed_word_counts ... ok
test parsers::ltp::tests::old_api_passed_word_counts ... ok
test parsers::ltp::tests::skipped_only_summary_is_conf ... ok
test parsers::ltp::tests::tbrok_is_broken ... ok
test parsers::ltp::tests::tier1_all_pass ... ok
test parsers::ltp::tests::tier1_summary_block ... ok
test parsers::ltp::tests::tier2_old_api_tokens ... ok
test parsers::ltp::tests::tinfo_with_nonzero_exit_stays_empty ... ok
test parsers::regrtest::tests::empty_output_is_empty ... ok
test parsers::regrtest::tests::first_occurrence_wins ... ok
test parsers::regrtest::tests::missing_result_with_tests_is_crash ... ok
test parsers::regrtest::tests::parses_pass_fail_skip_and_result ... ok
test parsers::shell::tests::exit_code_drives_outcome ... ok
test parsers::tap::tests::bail_out_is_fail_even_on_exit_zero ... ok
test parsers::tap::tests::exit_zero_is_pass ... ok
test parsers::tap::tests::nonzero_exit_is_fail ... ok
test tests::allow_hang_carries_named_hangs_and_still_blocks_the_rest ... ok
test tests::allow_hang_reports_stale_entries_and_leaves_starved_unblocking ... ok
test tests::amd64_bringup_key_guards_on_guest_arch ... ok
test tests::applies_to_lane_scopes_ecosystems_per_bringup_lane ... ok
test tests::args_accept_explicit_worker_controls ... ok
test tests::baseline_writer_strips_non_deterministic_perf_observations ... ok
test tests::bhyve_preflight_accepts_control_node_or_vm_directory ... ok
test tests::bless_blocks_scopes_oracle_fail_to_shared_baseline ... ok
test tests::bless_target_guards_per_lane ... ok
test tests::blocked_generic_heavy_suites_do_not_starve_cpython_lane ... ok
test tests::cpython_heavy_suites_use_bounded_parallel_lanes ... ok
test tests::cpython_workers_default_to_bounded_worker_subset ... ok
test tests::explicit_worker_count_is_not_auto_clamped ... ok
test tests::fail_fast_trips_only_after_limit_unless_forced ... ok
test tests::flake_retries_are_opt_in_by_default ... ok
test tests::flake_retry_adopts_first_nongating_attempt ... ok
test tests::flake_retry_zero_retries_is_a_noop ... ok
test tests::lane_overlay_path_is_lane_derived ... ok
test tests::lane_overlay_path_tracks_baseline_directory ... ok
test tests::load_sensitive_suites_run_without_overlap ... ok
test tests::non_cpython_heavy_suites_remain_serialized ... ok
test tests::perf_summary_rounds_and_omits_zero_oracle_ratios ... ok
test tests::results_path_sanitizes_lane_into_a_filename ... ok
test tests::results_paths_do_not_collide_across_runs ... ok
test tests::scheduled_fanout_stops_claiming_new_jobs_after_stop ... ok
test tests::select_dispatches_ltp_first_cpython_last ... ok
test tests::select_drops_nonapplicable_ecosystems_on_bringup_lanes ... ok
test verdict::tests::carrick_crash_storm_is_single_verdict ... ok
test verdict::tests::clean_match ... ok
test verdict::tests::current_carrick_crash_against_empty_baseline_entry_gates ... ok
test verdict::tests::empty_overlay_is_a_noop ... ok
test verdict::tests::first_obs_diff_is_new_not_regression ... ok
test verdict::tests::known_gap_excuses_diff ... ok
test verdict::tests::oracle_fail_never_blames_carrick ... ok
test verdict::tests::overlay_baseline_suppresses_kvm_only_divergence ... ok
test verdict::tests::unchanged_baseline_diff_is_green ... ok
test verdict::tests::unexcused_diff_against_baseline_is_regression ... ok

test result: ok. 108 passed; 0 failed; 0 ignored; 0 measured; 0 filtered out; finished in 1.87s

     Running unittests src/lib.rs (target/debug/deps/carrick_dsr-34af58a65010e8b5)

running 108 tests
test address::tests::adjacent_linux_subpages_share_one_host_page_reservation_and_roll_back ... ok
test address::tests::aperture_disjoint_orr_immediates_are_recognized ... ok
test address::tests::bias_rejects_zero_misalignment_and_overflow ... ok
test address::tests::biased_aperture_guards_null_and_unmodeled_gaps_without_replacing_sentinels ... ok
test address::tests::biased_fixed_mapping_accepts_owned_gaps_and_rejects_outside_aperture ... ok
test address::tests::biased_literal_max_width_access_is_collision_probed_past_the_old_guard ... ok
test address::tests::biased_mode_round_trips_guest_addresses ... ok
test address::tests::direct_layout_selection_requires_pagezero_clearance_and_no_forced_bias ... ok
test address::tests::direct_mode_is_identity ... ok
test address::tests::direct_replacement_records_the_same_typed_owned_ranges ... ok
test address::tests::exact_mapping_never_replaces_an_existing_page ... ok
test address::tests::failed_candidate_unmaps_every_acquired_range ... ok
test address::tests::failed_post_mapping_setup_releases_candidate_ranges ... ok
test address::tests::force_biased_layout_accepts_only_the_exact_opt_in_spelling ... ok
test address::tests::low_image_skips_a_colliding_bias_candidate ... ok
test address::tests::no_production_bias_candidate_activates_the_compact_lowering ... ok
test address::tests::range_translation_checks_both_ends ... ok
test address::tests::vacant_host_reserves_the_underflow_window_below_the_selected_bias ... ok
test cache::from_region_tests::from_region_drop_never_unmaps_the_borrowed_region ... ok
test cache::from_region_tests::from_region_reports_the_slice_capacity_not_the_parent_region ... ok
test cache::from_region_tests::from_region_writes_land_at_the_slices_own_offset ... ok
test cache::from_region_tests::sub_region_rejects_a_range_that_does_not_fit ... ok
test cache::generation_tests::dsr_concurrency_duplicate_publication_has_one_winner ... ok
test cache::generation_tests::dsr_concurrency_exec_reset_discards_published_index ... ok
test cache::generation_tests::dsr_concurrency_fork_child_discards_in_progress_publication ... ok
test cache::generation_tests::dsr_concurrency_waiter_cannot_observe_partial_publication ... ok
test cache::generation_tests::dsr_generation_never_executes_stale_published_bytes ... ok
test cache::generation_tests::dsr_generation_observation_tracks_page_mutations_at_stable_address ... ok
test cache::generation_tests::dsr_generation_reverse_dependencies_retire_only_stale_page_blocks ... ok
test cache::generation_tests::dsr_observed_publication_preserves_the_winner ... ok
test cache::generation_tests::page_block_dependencies_prepare_is_logically_inert_and_commit_is_complete ... ok
test cache::generation_tests::page_block_dependencies_reserve_failure_preserves_records ... ok
test cache::generation_tests::translation_cache_exhaustion_is_typed ... ok
test cache::generation_tests::translation_cache_publishes_instruction_bytes_without_word_staging ... ok
test cache::generation_tests::translation_cache_test_patch_replaces_a_published_word ... ok
test host::sub_region_tests::sub_region_accepts_a_range_that_exactly_fills_the_remainder ... ok
test host::sub_region_tests::sub_region_rejects_ranges_that_overrun_the_parent ... ok
test host::sub_region_tests::sub_region_shifts_both_aliases_by_the_same_offset ... ok
test identity_memory::tests::accepts_low_canonical_guest_ranges ... ok
test identity_memory::tests::direct_host_pointer_validation_does_not_make_pages_resident ... ok
test identity_memory::tests::exact_checked_reader_uses_direct_materialized_copy_and_validates_before_mutation ... ok
test identity_memory::tests::exact_checked_writer_uses_direct_materialized_copy_and_validates_before_mutation ... ok
test identity_memory::tests::rejects_null_wrapping_and_noncanonical_ranges ... ok
test identity_memory::tests::zero_length_access_never_forms_a_pointer ... ok
test lane::tests::lane_traits_compose ... ok
test native_error::tests::align_up_rejects_non_power_of_two_and_rounds_up ... ok
test native_error::tests::checked_add_reports_overflow_operands ... ok
test native_error::tests::io_error_display_matches_legacy_last_io_error_format ... ok
test page_geometry::tests::classifies_non_executable_mixed_permissions_as_guarded ... ok
test page_geometry::tests::classifies_uniform_16k_page_as_fast_path ... ok
test page_geometry::tests::linux4k_policy_allows_composed_private_data_pages ... ok
test page_geometry::tests::linux4k_policy_allows_guarded_data_permissions ... ok
test page_geometry::tests::linux4k_policy_rejects_composed_shared_file_pages_with_diagnostic ... ok
test page_geometry::tests::linux4k_policy_rejects_mixed_executable_pages_with_diagnostic ... ok
test page_geometry::tests::linux4k_policy_rejects_unsupported_geometry_with_diagnostic ... ok
test page_geometry::tests::rejects_executable_mixed_page_without_instruction_instrumentation ... ok
test prepared_image::tests::artifact_digest_coverage_hatch_is_exactly_zero ... ok
test prepared_image::tests::constructor_rejects_auxv_before_artifact_creation ... ok
test prepared_image::tests::constructor_rejects_projected_payload_before_growing_run_buffer ... ok
test prepared_image::tests::constructor_rejects_projected_span_before_buffering_it ... ok
test prepared_image::tests::constructor_rejects_sparse_extent_before_artifact_creation ... ok
test prepared_image::tests::executable_window_records_reject_tampering_on_resume ... ok
test prepared_image::tests::executable_window_regions_consume_no_artifact_space_and_round_trip ... ok
test prepared_image::tests::executable_windows_reject_unaligned_offsets_and_eof_overruns ... ok
test prepared_image::tests::native_region_copy_window_starts_at_exact_stack_pointer ... ok
test prepared_image::tests::prepared_image_hatch_restores_payload_coverage ... ok
test prepared_image::tests::prepared_image_keeps_logical_4k_vvar_inside_a_16k_artifact_extent ... ok
test prepared_image::tests::prepared_image_limits_are_ineligible_at_construction_and_invalid_on_import ... ok
test prepared_image::tests::prepared_image_metadata_changes_still_fail_the_default_digest ... ok
test prepared_image::tests::prepared_image_payload_bytes_are_not_covered_by_default ... ok
test prepared_image::tests::prepared_image_rejects_bad_version_and_host_page_geometry ... ok
test prepared_image::tests::prepared_image_rejects_fd_identity_size_and_flag_mismatches ... ok
test prepared_image::tests::prepared_image_rejects_initialized_stack_bytes_before_sp ... ok
test prepared_image::tests::prepared_image_rejects_invalid_region_extents ... ok
test prepared_image::tests::prepared_image_rejects_non_regular_artifact_fds ... ok
test prepared_image::tests::prepared_image_rejects_sp_in_noncanonical_writable_region ... ok
test prepared_image::tests::prepared_image_rejects_spans_outside_region_or_artifact ... ok
test prepared_image::tests::prepared_image_rejects_stack_ro_permission_and_relocation_corruption ... ok
test prepared_image::tests::prepared_image_rejects_truncated_and_extended_artifacts ... ok
test prepared_image::tests::prepared_image_round_trips_sparse_bytes_and_metadata ... ok
test prepared_image::tests::prepared_stack_is_sparse_and_preserves_zero_prefix_and_suffix ... ok
test prepared_image::tests::relative_relocation_keeps_target_and_value_in_guest_va_domain ... ok
test prepared_image::tests::typed_wire_domains_reject_out_of_range_construction ... ok
test prepared_image::tests::wire_records_are_serde_round_trippable ... ok
test probes::tests::mirrored_ordinals_are_dense_and_start_at_one ... ok
test probes::tests::translated_range_domain_has_typed_constructor_and_fire_shapes ... ok
test probes::tests::translated_range_domain_rejects_zero_identity_and_malformed_extents ... ok
test probes::tests::translated_range_kind_ordinals_are_stable_and_unique ... ok
test probes::tests::uninstalled_is_noop_then_first_install_wins ... ok
test profile::tests::atomic_frames_survive_twenty_four_concurrent_writers ... ok
test profile::tests::blocked_cpu_exceeding_blocked_wall_invalidates_the_record ... ok
test profile::tests::blocked_cpu_within_blocked_wall_reaches_the_phases_frame ... ok
test profile::tests::complete_records_use_pipe_atomic_bounded_frames ... ok
test profile::tests::exclusive_fusion_frames_reconcile_and_fit_pipe_buf ... ok
test profile::tests::exec_epoch_exhaustion_invalidates_profile_without_wrapping_identity ... ok
test profile::tests::process_frame_repeats_startup_and_process_gauges ... ok
test profile::tests::sensitive_classes_have_stable_protocol_names ... ok
test profile::tests::startup_gauge_claims_exactly_once_and_repeats_identically ... ok
test profile::tests::startup_gauge_concurrent_claims_agree ... ok
test profile::tests::startup_gauge_seed_republishes_the_producer_claim ... ok
test profile::tests::startup_gauge_unarmed_claim_is_zero_and_fork_rearm_restarts_the_window ... ok
test profile::tests::thread_budget_reconciles_every_gateway_exit ... ok
test profile::tests::thread_budget_rejects_missing_exit_and_overflow ... ok
test profile::tests::thread_budget_with_installed_baseline_reports_the_era_delta_and_saturates_at_zero ... ok
test profile::tests::timer_rejects_timebase_failure_and_regressing_ticks ... ok
test test_hooks::tests::prepared_mapping_failpoint_fires_once_at_matching_site_only ... ok
test test_hooks::tests::reexec_lifecycle_capture_records_and_drains ... ok
test test_hooks::tests::vvar_words_and_supplemental_rollbacks_round_trip ... ok

test result: ok. 108 passed; 0 failed; 0 ignored; 0 measured; 0 filtered out; finished in 0.88s

     Running unittests src/lib.rs (target/debug/deps/carrick_dsr_aarch64-cb465e9a9896b0b6)

running 232 tests
test alloc_owner_wire::tests::flush_reason_tokens_are_closed_and_stable ... ok
test alloc_owner_wire::tests::owner_tokens_are_closed_and_stable ... ok
test alloc_owner_wire::tests::parser_rejects_every_ambiguous_or_invalid_record_shape ... ok
test alloc_owner_wire::tests::record_round_trip_is_deterministic_and_checked ... ok
test alloc_owner_wire::tests::v3_parser_rejects_a_checksum_valid_v2_record ... ok
test artifact_spike::tests::artifact_key_separates_address_modes_but_not_process_biases ... ok
test artifact_spike::tests::artifact_store_wire_format_is_compact_and_round_trips ... ok
test artifact_spike::tests::artifact_template_round_trips_through_manifest_serde ... ok
test artifact_spike::tests::authority_rejects_substituted_fd ... ok
test artifact_spike::tests::authority_snapshot_preserves_identity_and_nonce ... ok
test artifact_spike::tests::binding_mismatch_reports_process_value ... ok
test artifact_spike::tests::committed_guest_filter_is_visible_across_mappings ... ok
test artifact_spike::tests::committed_index_offset_is_visible_across_mappings ... ok
test artifact_spike::tests::concurrent_writers_publish_distinct_artifacts_without_a_global_lock ... ok
test artifact_spike::tests::image_key_separates_executables_guest_addresses_and_address_modes ... ok
test artifact_spike::tests::immutable_materialization_rejects_generation_pointer_relocations ... ok
test artifact_spike::tests::metadata_counts_distinguish_contiguous_recovery_runs ... ok
test artifact_spike::tests::normalization_removes_every_process_value ... ok
test artifact_spike::tests::portable_recovery_runs_preserve_sparse_lookup_semantics ... ok
test artifact_spike::tests::portable_recovery_wire_rejects_zero_length_run ... ok
test artifact_spike::tests::portable_runtime_recovery_binds_one_entry_without_eager_materialization ... ok
test artifact_spike::tests::prefix_collision_requires_complete_source_match ... ok
test artifact_spike::tests::sealing_store_is_shared_and_disables_recording ... ok
test artifact_spike::tests::second_mapping_reads_committed_artifact ... ok
test artifact_spike::tests::source_mismatched_record_never_replays ... ok
test artifact_spike::tests::template_mismatch_reports_first_differing_word ... ok
test block::tests::counter_fallback_terminates_at_sensitive_exit ... ok
test block::tests::dsr_block_does_not_decode_constant_pool_after_branch ... ok
test block::tests::dsr_block_retains_memory_actions_in_the_instruction_stream ... ok
test block::tests::dsr_block_retains_unsupported_virtualized_memory_actions ... ok
test block::tests::dsr_block_stops_at_configured_instruction_limit ... ok
test block::tests::dsr_block_stops_at_page_boundary ... ok
test block::tests::dsr_block_stops_before_early_syscall ... ok
test block::tests::dsr_virtual_counter_mode_one_plan_has_no_sensitive_exit ... ok
test block::tests::exclusive_region_fusion::authenticated_branch_call_and_return_families_are_control_flow ... ok
test block::tests::exclusive_region_fusion::biased_address_mode_selects_the_enabled_fusion_policy ... ok
test block::tests::exclusive_region_fusion::biased_analysis_returns_the_structural_candidate ... ok
test block::tests::exclusive_region_fusion::biased_analysis_types_reader_errors_as_unavailable ... ok
test block::tests::exclusive_region_fusion::biased_planner_rejects_a_register_saturated_candidate ... ok
test block::tests::exclusive_region_fusion::biased_planner_reports_canonical_region_as_eligible_but_disabled ... ok
test block::tests::exclusive_region_fusion::biased_scratch_accounts_for_explicitly_modeled_chkfeat_x16 ... ok
test block::tests::exclusive_region_fusion::biased_scratch_fails_closed_for_autia1716_implicit_pair ... ok
test block::tests::exclusive_region_fusion::biased_scratch_fails_closed_for_implicit_lr_copies ... ok
test block::tests::exclusive_region_fusion::blraa_is_rejected_as_unsupported_control_flow ... ok
test block::tests::exclusive_region_fusion::direct_analysis_preserves_reader_errors ... ok
test block::tests::exclusive_region_fusion::exclusive_store_is_a_typed_non_entry_site ... ok
test block::tests::exclusive_region_fusion::falls_back_for_a_store_to_a_different_base_register ... ok
test block::tests::exclusive_region_fusion::falls_back_for_an_x18_based_load_address ... ok
test block::tests::exclusive_region_fusion::falls_back_for_an_x28_based_load_address ... ok
test block::tests::exclusive_region_fusion::falls_back_on_a_pair_form_store_inside_the_region ... ok
test block::tests::exclusive_region_fusion::falls_back_on_a_syscall_inside_the_region ... ok
test block::tests::exclusive_region_fusion::falls_back_on_a_width_mismatched_store_inside_the_region ... ok
test block::tests::exclusive_region_fusion::falls_back_on_a_word_load_with_a_doubleword_store ... ok
test block::tests::exclusive_region_fusion::falls_back_on_an_ordinary_memory_access_inside_the_region ... ok
test block::tests::exclusive_region_fusion::falls_back_on_another_exclusive_load_inside_the_region ... ok
test block::tests::exclusive_region_fusion::falls_back_on_another_sensitive_op_inside_the_region ... ok
test block::tests::exclusive_region_fusion::falls_back_on_unsupported_control_flow_inside_the_region ... ok
test block::tests::exclusive_region_fusion::falls_back_when_an_early_conditional_branch_targets_inside_the_region ... ok
test block::tests::exclusive_region_fusion::falls_back_when_no_matching_store_is_found_in_the_scan_window ... ok
test block::tests::exclusive_region_fusion::falls_back_when_the_load_targets_a_reserved_register ... ok
test block::tests::exclusive_region_fusion::falls_back_when_the_region_crosses_a_page_boundary ... ok
test block::tests::exclusive_region_fusion::falls_back_when_the_retry_branch_uses_a_reserved_register ... ok
test block::tests::exclusive_region_fusion::falls_back_when_the_store_uses_a_reserved_register ... ok
test block::tests::exclusive_region_fusion::falls_back_when_the_trailing_branch_is_not_the_retry_edge ... ok
test block::tests::exclusive_region_fusion::fuses_a_cas_retry_loop_into_one_block ... ok
test block::tests::exclusive_region_fusion::production_planner_does_not_split_before_a_non_fusible_mid_block_load ... ok
test block::tests::exclusive_region_fusion::production_planner_fuses_a_leading_exclusive_region_under_biased_enabled ... ok
test block::tests::exclusive_region_fusion::production_planner_fuses_a_leading_exclusive_region_when_allowed ... ok
test block::tests::exclusive_region_fusion::production_planner_keeps_the_trap_path_when_fusion_is_disallowed ... ok
test block::tests::exclusive_region_fusion::production_planner_splits_before_a_mid_block_fusible_load ... ok
test block::tests::exclusive_region_fusion::scratch_register_rejects_sp ... ok
test block::tests::exclusive_region_fusion::superblock_refuses_to_fuse_a_leading_exclusive_region_as_a_segment ... ok
test block::tests::superblock_chain_stays_contiguous_and_respects_the_segment_limit ... ok
test block::tests::superblock_does_not_cross_a_page_boundary ... ok
test block::tests::superblock_does_not_fuse_an_unconditional_branch_or_call ... ok
test block::tests::superblock_fuses_the_fall_through_of_a_conditional_branch ... ok
test block::tests::superblock_is_disabled_at_a_segment_limit_of_one ... ok
test block::tests::superblock_of_bare_conditionals_is_bounded_by_the_segment_cap ... ok
test block::tests::superblock_stops_at_the_instruction_budget ... ok
test counter::tests::fallback_ticks_are_nondecreasing ... ok
test counter::tests::host_counter_plan_is_stable ... ok
test counter::tests::host_scale_converts_mach_ticks_into_cntfrq_domain ... ok
test counter::tests::injected_timebase_scale_is_exact_or_unsupported ... ok
test counter::tests::known_modes_select_inline_sources ... ok
test counter::tests::scale_uses_exact_quotient_remainder_arithmetic ... ok
test counter::tests::source_words_preserve_destination ... ok
test counter::tests::unknown_mode_fallback_uses_host_scale ... ok
test counter::tests::unproved_modes_select_fallback ... ok
test counter::tests::unreadable_mode_selects_scaled_fallback_without_a_raw_counter_provider ... ok
test decode::tests::audited_bad64_memory_operand_shapes_are_stable ... ok
test decode::tests::classifies_audited_dual_virtual_alu_destinations ... ok
test decode::tests::classifies_bic_writing_virtual_x18_from_virtual_x28 ... ok
test decode::tests::classifies_memory_operands_for_biased_lowering ... ok
test decode::tests::classifies_move_from_virtual_x18_to_virtual_x28 ... ok
test decode::tests::copied_gpr_model_fails_closed_for_mixed_implicit_effects ... ok
test decode::tests::exclusive_accesses_are_typed_execution_boundaries ... ok
test decode::tests::instructions_naming_the_reserved_scratch_and_x28_are_dually_virtualized ... ok
test decode::tests::instructions_naming_the_reserved_scratch_are_virtualized ... ok
test decode::tests::memory_base_retains_virtual_register_metadata ... ok
test decode::tests::memory_operand_base_must_match_encoded_rn ... ok
test decode::tests::non_base_virtual_registers_keep_virtualization_precedence ... ok
test decode::tests::sme_memory_is_not_standard_simd_or_scalar ... ok
test decode::tests::sve_memory_is_not_standard_simd_or_scalar ... ok
test decode::tests::unaudited_memory_family_remains_typed_for_direct_passthrough ... ok
test decode::tests::unsupported_memory_retains_non_base_virtualization ... ok
test direct_binding_tests::private_epoch_reports_live_descriptor_leases ... ok
test emit::tests::biased_dc_zva_recovery_restores_every_borrowed_scratch_at_every_boundary ... ok
test emit::tests::biased_lowerings_never_emit_darwin_volatile_physical_x18 ... ok
test emit::tests::commit_reserved_resident_takes_the_interrupted_physical_x19 ... ok
test emit::tests::compact_biased_immediate_store_emits_the_orr_form ... ok
test emit::tests::compact_biased_postindex_writeback_commits_with_full_width_sub ... ok
test emit::tests::compact_multichunk_writeback_recovers_at_each_bias_materialization_boundary ... ok
test emit::tests::direct_instruction_bytes_are_default_on_with_an_exact_opt_out ... ok
test emit::tests::dsr_virtual_counter_mode_one_emits_inline_machine_code ... ok
test emit::tests::fused_block_emits_a_single_generation_guard ... ok
test emit::tests::fused_segment_edge_falls_through_in_two_words_without_saving_guest_x17 ... ok
test emit::tests::fused_segments_after_an_exclusive_region_are_rejected ... ok
test emit::tests::fused_virtual_condition_never_crosses_darwin_x18 ... ok
test emit::tests::generation_guard_spills_no_guest_register ... ok
test emit::tests::indirect_exit_hot_path_is_flag_free_and_branches_through_x19 ... ok
test emit::tests::instruction_map_rejects_non_monotonic_cache_offsets ... ok
test emit::tests::instruction_map_releases_owned_entries_without_cloning ... ok
test emit::tests::negative_immediates_and_sub_aperture_biases_keep_the_general_form ... ok
test emit::tests::pc_relative_address_materializes_through_resident_x19 ... ok
test emit::tests::private_direct_edges_use_compact_gateway_stubs ... ok
test emit::tests::recorded_emission_is_word_identical_to_native_emission ... ok
test emit::tests::reserved_resident_read_only_base_is_two_words_with_no_recovery ... ok
test emit::tests::reserved_resident_rejects_destination_feeding_the_address ... ok
test emit::tests::reserved_resident_rejects_read_modify_write_movk ... ok
test emit::tests::reserved_resident_write_only_definition_commits_without_loading ... ok
test emit::tests::reserved_resident_writeback_base_is_three_words_with_commit ... ok
test emit::tests::reserved_scratch_lowering_emits_no_context_spill ... ok
test emit::tests::terminal_virtual_condition_never_crosses_darwin_x18 ... ok
test emit::tests::trusted_entry_publishes_generation_past_the_guard ... ok
test emit::tests::virtual_indirect_target_never_crosses_darwin_x18 ... ok
test gateway::indirect_cache_tests::direct_binding_fields_append_without_moving_the_existing_gateway_abi ... ok
test gateway::indirect_cache_tests::direct_exit_decodes_source_and_target ... ok
test gateway::indirect_cache_tests::executable_range_catalog_layout_matches_the_signal_bridge_abi ... ok
test gateway::indirect_cache_tests::gateway_executable_range_prepare_keeps_head_unpublished_until_commit ... ok
test gateway::indirect_cache_tests::indirect_cache_uses_compact_two_way_2mib_layout ... ok
test gateway::indirect_cache_tests::mixed_index_separates_old_page_offset_aliases ... ok
test gateway::indirect_cache_tests::new_context_clears_stale_binding_authority_for_every_exit_kind ... ok
test gateway::indirect_cache_tests::two_colliding_guests_remain_reachable_in_cache_ways ... ok
test mapped_memory::tests::anonymous_reuse_replacement_map_failure_leaves_memset_path_state ... ok
test mapped_memory::tests::anonymous_reuse_replacement_post_map_protect_failure_propagates ... ok
test mapped_memory::tests::anonymous_reuse_replacement_refuses_shared_aliased_exec_and_lifted_shapes ... ok
test mapped_memory::tests::anonymous_reuse_replacement_restores_only_non_rw_protection_runs ... ok
test mapped_memory::tests::anonymous_reuse_replacement_rezeroes_and_preserves_recorded_protection ... ok
test mapped_memory::tests::anonymous_reuse_replacement_translates_biased_targets_and_confines_to_owned ... ok
test mapped_memory::tests::exclusive_load_during_host_write_captures_no_reservation ... ok
test mapped_memory::tests::exclusive_store_attempted_between_host_write_begin_and_end_fails ... ok
test mapped_memory::tests::inbound_partial_write_invalidates_only_overlapping_page ... ok
test mapped_memory::tests::inbound_same_value_and_aba_writes_invalidate_exclusive_reservations ... ok
test mapped_memory::tests::linux4k_partial_host_page_repoint_fails_clean_without_detaching_neighbours ... ok
test mapped_memory::tests::protect_range_prot_none_reservation_cost_is_flat_in_span_length ... ok
test prot_ranges::tests::adjacent_equal_prot_coalesces ... ok
test prot_ranges::tests::clear_of_absent_span_is_a_no_op ... ok
test prot_ranges::tests::empty_span_is_a_no_op ... ok
test prot_ranges::tests::overlaps_clips_to_query_span ... ok
test prot_ranges::tests::overwrite_splits_straddling_entries ... ok
test prot_ranges::tests::set_and_point_query ... ok
test prot_ranges::tests::set_replaces_multiple_covered_entries ... ok
test shared_cache::tests::key_json_round_trips_typed_guest_va ... ok
test shared_cache::tests::loaded_unit_clones_share_the_immutable_manifest ... ok
test shared_cache::tests::manifest_allows_adjacent_and_reverse_disjoint_cache_extents ... ok
test shared_cache::tests::manifest_rejects_duplicate_guest_starts ... ok
test shared_cache::tests::manifest_rejects_overlapping_block_cache_extents ... ok
test shared_cache::tests::manifest_rejects_replay_metadata_outside_the_block_extent ... ok
test shared_cache::tests::manifest_rejects_wrong_schema_and_stale_abi ... ok
test shared_cache::tests::miss_reason_table_indices_tokens_and_order_agree ... ok
test shared_cache::tests::pack_concatenates_unbaked_native_tap_words_per_block ... ok
test shared_cache::tests::pack_rejects_duplicate_blocks_and_empty_candidates ... ok
test shared_cache::tests::packed_records_run_encode_recovery_when_enabled ... ok
test shared_cache::tests::same_guest_va_with_different_images_never_aliases ... ok
test shared_cache::tests::same_image_with_different_host_biases_never_aliases ... ok
test shared_cache::tests::same_image_with_different_source_fingerprints_never_aliases ... ok
test shared_cache::tests::shared_manifest_arc_is_default_on_with_an_exact_opt_out ... ok
test shared_cache::tests::shared_recovery_runs_are_default_on_with_an_exact_opt_out ... ok
test shared_cache::tests::shared_segment_key_reuses_its_construction_time_source_fingerprint ... ok
test shared_cache::tests::shared_source_fingerprint_reuse_is_default_on_with_an_exact_opt_out ... ok
test shared_cache::tests::source_fingerprint_mismatch_is_a_typed_miss ... ok
test shared_cache::tests::source_fingerprint_uses_all_words_in_little_endian_order ... ok
test shared_cache::tests::the_wire_cannot_carry_block_words ... ok
test shared_cache::tests::unit_metadata_encode_decode_round_trips_and_refuses_foreign_payloads ... ok
test tests::aarch64_isa_constants ... ok
test translator::tests::cache_host_range_matches_configured_executable_capacity ... ok
test translator::tests::code_snapshot_captures_published_words_and_block_index ... ok
test translator::tests::direct_resolver_memory_read_names_source_and_target_origin ... ok
test translator::tests::dsr_error_probe_outcomes_cover_every_error_category ... ok
test translator::tests::fork_child_replay_failure_preserves_thread_cache_and_suppresses_end_event ... ok
test translator::tests::guest_pc_lowering::lowers_a_pc_in_a_block_published_below_the_private_cache ... ok
test translator::tests::guest_pc_lowering::lowers_a_pc_in_the_first_middle_and_last_published_block ... ok
test translator::tests::guest_pc_lowering::lowers_a_recycled_cache_address_through_the_block_republished_there ... ok
test translator::tests::guest_pc_lowering::reports_publication_order_bounds_for_a_pc_in_no_published_block ... ok
test translator::tests::native_dsr_exit_probe_fields_classify_every_variant ... ok
test translator::tests::native_tap_unit_install::a_corrupt_code_image_fails_closed_to_translation ... ok
test translator::tests::native_tap_unit_install::a_fault_on_a_replayed_block_decodes_unit_cold_metadata ... ok
test translator::tests::native_tap_unit_install::a_lookup_replays_only_the_looked_up_block ... ok
test translator::tests::native_tap_unit_install::a_regenerated_page_skips_installation_without_error ... ok
test translator::tests::native_tap_unit_install::cross_block_direct_links_patch_to_the_target_trusted_entry ... ok
test translator::tests::native_tap_unit_install::install_registers_page_dependencies_for_invalidation ... ok
test translator::tests::native_tap_unit_install::installed_blocks_are_word_identical_with_registered_trusted_entries ... ok
test translator::tests::native_tap_unit_install::replay_outcomes_distinguish_served_uncovered_and_regenerated ... ok
test translator::tests::persistent_store_default_and_hatch_parse ... ok
test translator::tests::prepare_memory_read_names_the_loop_entry_origin ... ok
test translator::tests::prepare_memory_read_reports_when_the_would_be_guest_pc_is_in_the_jit_cache ... ok
test translator::tests::shared_sensitive_merge_drops_missing_or_conflicting_fusion ... ok
test translator::tests::shared_sensitive_merge_preserves_matching_fusion ... ok
test translator::tests::shared_sensitive_merge_rejects_conflicting_exit ... ok
test translator::tests::source_words_are_captured_only_for_enabled_reuse_consumers ... ok
test translator::tests::translated_range_catalog_abandoned_exec_preparation_leaves_active_state ... ok
test translator::tests::translated_range_catalog_emits_initial_private_replay_once_across_siblings ... ok
test translator::tests::translated_range_catalog_exec_epoch_overflow_is_eventless_and_atomic ... ok
test translator::tests::translated_range_catalog_exec_reset_prepares_then_commits_dormant ... ok
test translator::tests::translated_range_catalog_fork_epoch_overflow_is_failure_atomic ... ok
test translator::tests::translated_range_catalog_post_exec_activation_replays_private_once ... ok
test translator::tests::translated_range_catalog_rejects_invalid_inherited_ready_frontier ... ok
test translator::tests::translated_range_catalog_rejects_invalid_private_state_before_publication ... ok
test translator::tests::translated_range_catalog_rejects_replay_while_dormant ... ok
test translator::tests::translated_range_catalog_replays_private_range_under_checked_fork_epoch ... ok
test translator::tests::translated_range_catalog_second_exec_reset_rejects_dormant_unchanged ... ok
test translator::tests::translated_range_catalog_stays_dormant_until_one_process_activation ... ok
test translator::tests::warm_process_lookup_does_not_take_the_translation_state_lock ... ok
test translator::xlat_census::tests::a_process_with_no_translations_but_store_activity_is_not_empty ... ok
test translator::xlat_census::tests::classify_separates_lookup_containment_from_producer_containment ... ok
test translator::xlat_census::tests::coverage_and_flush_tokens_round_trip ... ok
test translator::xlat_census::tests::lookup_counters_accumulate_drain_and_survive_the_wire ... ok
test translator::xlat_census::tests::parse_fails_closed_on_a_truncated_or_mislabelled_file ... ok
test translator::xlat_census::tests::publication_transaction_accumulates_memory_and_only_fresh_blocks ... ok
test translator::xlat_census::tests::renders_a_process_that_never_configured_an_image ... ok
test translator::xlat_census::tests::renders_the_record_shape ... ok
test translator::xlat_census::tests::skip_counts_before_the_store_line_are_not_discarded_by_it ... ok

test result: ok. 232 passed; 0 failed; 0 ignored; 0 measured; 0 filtered out; finished in 0.05s

     Running unittests src/lib.rs (target/debug/deps/carrick_dsr_x86-58d6ae117c8dfb65)

running 122 tests
test block::tests::all_xsave_forms_end_as_typed_sensitive_blocks_with_authoritative_state ... ok
test block::tests::control_flow_terminates_block ... ok
test block::tests::exact_rsp_xrstor_and_xrstor64_end_as_typed_sensitive_blocks ... ok
test block::tests::first_instruction_spanning_a_page_is_included_not_dropped ... ok
test block::tests::instruction_limit_yields_continue ... ok
test block::tests::instruction_straddling_page_boundary_stops_before_it ... ok
test block::tests::int80_is_a_syscall_exit ... ok
test block::tests::sensitive_nonsyscall_terminates ... ok
test block::tests::straight_line_ends_at_syscall ... ok
test block::tests::typed_reader_executes_prefix_before_replanning_fault_boundary ... ok
test block::tests::typed_reader_retains_first_instruction_fetch_fault ... ok
test block::tests::unsupported_instruction_fails_closed_as_exit ... ok
test cflow::tests::call_pushes_return_address_and_ret_pops_it ... ok
test cflow::tests::callback_memory_failure_leaves_stack_state_unchanged ... ok
test cflow::tests::callback_services_indirect_call_read_then_stack_write_once ... ok
test cflow::tests::cflow_only_exposes_guest_access_failures_as_retryable_faults ... ok
test cflow::tests::conditional_branch_evaluates_guest_flags ... ok
test cflow::tests::counter_branches_use_and_update_rcx_without_changing_flags ... ok
test cflow::tests::failed_indirect_call_reads_target_once_without_pushing ... ok
test cflow::tests::indirect_call_pushes_the_return_address_after_reading_the_target ... ok
test cflow::tests::indirect_memory_branch_loads_the_target ... ok
test cflow::tests::indirect_register_branch_reads_the_snapshot ... ok
test cflow::tests::ret_imm16_releases_callee_popped_bytes ... ok
test cflow::tests::segment_prefixed_indirect_branches_stay_unsupported ... ok
test cflow::tests::signed_and_unsigned_conditions_differ ... ok
test cflow::tests::unconditional_jmp_targets_the_rel ... ok
test decode::tests::all_fxsave_and_legacy_x87_state_forms_are_typed_sensitive ... ok
test decode::tests::all_user_xsave_forms_are_typed_sensitive_and_xsaves_fails_closed ... ok
test decode::tests::control_flow_ends_blocks ... ok
test decode::tests::every_iced_x87_and_mmx_feature_code_requires_xstate ... ok
test decode::tests::exact_rsp_xrstor_encodings_are_typed_sensitive_exits ... ok
test decode::tests::fpu_use_is_detected_for_the_gateway_save_skip ... ok
test decode::tests::fs_prefixed_tls_access_copies_through_but_gs_stays_sensitive ... ok
test decode::tests::fsgsbase_instructions_are_sensitive ... ok
test decode::tests::legacy_int80_gate_is_sensitive_and_other_ints_are_not_syscalls ... ok
test decode::tests::plain_and_lock_prefixed_instructions_copy_through ... ok
test decode::tests::privileged_and_trap_instructions_fail_closed ... ok
test decode::tests::protection_key_register_access_is_sensitive_and_supervisor_xrstor_fails_closed ... ok
test decode::tests::rdssp_is_sensitive_but_cet_mutators_remain_unsupported ... ok
test decode::tests::syscall_gate_is_sensitive ... ok
test decode::tests::time_and_identity_reads_are_sensitive ... ok
test decode::tests::truncation_and_garbage_are_distinct_typed_errors ... ok
test emit::tests::all_xsave_forms_are_never_physically_emitted ... ok
test emit::tests::continue_exit_emits_body_and_indirect_exit ... ok
test emit::tests::control_flow_lowers_to_the_indirect_exit ... ok
test emit::tests::exact_xrstor_forms_are_never_physically_emitted ... ok
test emit::tests::fs_prefixed_access_copies_through_verbatim ... ok
test emit::tests::linked_conditional_jcc_has_two_slots_and_cold_stubs ... ok
test emit::tests::linked_fault_map_marks_only_copied_x87_instructions_for_fip_recovery ... ok
test emit::tests::linked_fault_map_restores_rip_relative_scratch ... ok
test emit::tests::linked_fault_map_tracks_exact_verbatim_instruction ... ok
test emit::tests::linked_return_emits_a_cold_monomorphic_cache_site ... ok
test emit::tests::linked_return_immediate_records_the_exact_stack_advance ... ok
test emit::tests::linked_unconditional_jmp_slot_targets_cold_stub_then_edge_patchable ... ok
test emit::tests::only_static_identity_syscalls_gain_a_chain_edge ... ok
test emit::tests::r15_and_rip_relative_in_one_instruction_use_two_scratches ... ok
test emit::tests::r15_as_memory_base_renames_too ... ok
test emit::tests::r15_read_renames_to_a_scratch_loaded_from_the_snapshot ... ok
test emit::tests::r15_subregister_widths_rename_to_matching_scratch_forms ... ok
test emit::tests::r15_write_stores_back_to_the_snapshot ... ok
test emit::tests::rip_relative_lea32_becomes_absolute_mov32 ... ok
test emit::tests::rip_relative_lea_becomes_absolute_mov ... ok
test emit::tests::rip_relative_load_rewrites_through_a_scratch_register ... ok
test emit::tests::rip_relative_store_and_rmw_rewrite_too ... ok
test emit::tests::scratch_selection_avoids_registers_the_instruction_uses ... ok
test emit::tests::syscall_block_copies_body_then_branches ... ok
test fxstate_tests::all_four_forms_decode_and_require_sixteen_byte_alignment ... ok
test fxstate_tests::ordered_save_fault_retains_only_earlier_writes ... ok
test fxstate_tests::restore_uses_defined_ranges_validates_mxcsr_and_commits_atomically ... ok
test fxstate_tests::saves_distinguish_virtual_selectors_from_rex_pointers_and_preserve_reserved_bytes ... ok
test gateway::tests::initial_snapshot_seeds_linux_fpu_control_words ... ok
test gateway::tests::prepare_entry_reuses_context_and_clears_transient_state ... ok
test gateway::tests::profiler_layout_tracks_the_gateway_context ... ok
test gateway::tests::virtual_selectors_keep_x87_noninitial_after_hardware_save_elision ... ok
test gateway::tests::xstate_summary_reports_controls_and_distinguishes_component_changes ... ok
test isa_tests::x8664_isa_constants ... ok
test legacy_x87::tests::environment_layouts_use_virtual_selectors_full_tags_and_exact_reserved_words ... ok
test legacy_x87::tests::exact_forms_decode_to_14_28_94_and_108_byte_plans ... ok
test legacy_x87::tests::fldenv_top_change_rotates_logical_slots_to_preserve_physical_registers ... ok
test legacy_x87::tests::fnstenv_masks_only_after_the_complete_environment_write ... ok
test legacy_x87::tests::fourteen_byte_restore_preserves_fop_missing_from_the_wire_format ... ok
test legacy_x87::tests::restores_are_atomic_convert_full_tags_and_zero_extend_pointers ... ok
test legacy_x87::tests::save_side_effects_commit_only_after_complete_ordered_writes ... ok
test legacy_x87::tests::wait_state_is_virtual_and_no_wait_forms_complete ... ok
test translator::tests::patch_slot_rejects_a_patch_address_outside_the_region ... ok
test translator::tests::patch_slot_writes_the_rel32_displacement_relative_to_next_abs ... ok
test translator::tests::publish_guarded_chain_edge_is_target_first ... ok
test translator::tests::publish_guarded_chain_edge_never_touches_entry_when_guard_target_patch_fails ... ok
test translator::tests::va_build_hasher_is_deterministic_and_usable_in_a_hashmap ... ok
test xstate_restore::tests::addr32_wraps_before_zero_extension_and_segment_base_addition ... ok
test xstate_restore::tests::advertised_compacted_extent_round_trips_with_cpuid_alignment ... ok
test xstate_restore::tests::compacted_avx_only_feature_map_is_valid ... ok
test xstate_restore::tests::compacted_offset_counts_xcomp_component_omitted_from_xstate ... ok
test xstate_restore::tests::effective_address_faults_on_noncanonical_misaligned_and_unsupported_forms ... ok
test xstate_restore::tests::effective_address_uses_exact_rsp_rex_index_rip_and_fs_state ... ok
test xstate_restore::tests::effective_segments_accept_zero_base_overrides_and_record_ss ... ok
test xstate_restore::tests::exact_read_census_is_one_read_per_required_range_per_service_attempt ... ok
test xstate_restore::tests::full_width_mxcsr_mask_accepts_and_preserves_supported_upper_bit ... ok
test xstate_restore::tests::invalid_capability_geometry_faults_before_any_source_read ... ok
test xstate_restore::tests::late_memory_error_is_atomic ... ok
test xstate_restore::tests::malformed_header_mxcsr_and_unsafe_components_are_atomic ... ok
test xstate_restore::tests::non_rex_requested_absent_initializes_and_unrequested_preserves_selectors ... ok
test xstate_restore::tests::noncanonical_ss_source_range_and_reader_fault_remain_typed_and_atomic ... ok
test xstate_restore::tests::plain_xrstor_imports_selectors_zero_extends_pointers_and_ignores_reserved_halves ... ok
test xstate_restore::tests::request_bit9_is_ignored_and_virtual_pkru_is_unchanged ... ok
test xstate_restore::tests::requested_present_copies_absent_initializes_and_unrequested_preserves ... ok
test xstate_restore::tests::standard_image_restores_x87_sse_ymm_opmask_and_zmm_without_reserved_bytes ... ok
test xstate_restore::tests::xrstor64_keeps_full_64bit_legacy_pointers ... ok
test xstate_save::tests::all_user_save_forms_decode_and_xsaves_is_rejected ... ok
test xstate_save::tests::compacted_destination_counts_requested_components_absent_from_xstate_bv ... ok
test xstate_save::tests::compacted_offsets_follow_sparse_feature_map_and_alignment ... ok
test xstate_save::tests::exact_standard_ranges_preserve_every_reserved_sentinel ... ok
test xstate_save::tests::hostile_pkru_request_is_ignored_but_xsavec_feature_map_is_retained ... ok
test xstate_save::tests::invalid_layout_or_snapshot_is_rejected_before_first_write ... ok
test xstate_save::tests::late_writer_fault_keeps_partial_memory_and_never_mutates_snapshot ... ok
test xstate_save::tests::later_noncanonical_destination_is_rejected_before_first_write ... ok
test xstate_save::tests::non_rex_x87_writes_virtual_selectors_and_rex_writes_only_full_pointers ... ok
test xstate_save::tests::plain_save_writes_initial_requested_payload_and_preserves_unrequested_bv ... ok
test xstate_save::tests::standard_avx_only_saves_mxcsr_and_mask_without_xmm ... ok
test xstate_save::tests::standard_header_read_is_mandatory_faultable_and_zero_request_is_noop ... ok
test xstate_save::tests::xsavec_sse_mxcsr_exception_and_avx_only_match_host_semantics ... ok
test xstate_save::tests::xsaveopt_omits_init_payload_but_updates_mxcsr_and_standard_bv ... ok

test result: ok. 122 passed; 0 failed; 0 ignored; 0 measured; 0 filtered out; finished in 0.01s

     Running unittests src/lib.rs (target/debug/deps/carrick_engine-b3294cf87cfc5d14)

running 25 tests
test tests::a_pinned_ipv4_in_the_bridge_placeholder_range_is_rejected ... ok
test tests::amd64_guest_on_arm_host_tracks_rosetta_presence ... ok
test tests::bare_env_key_imports_host_value ... ok
test tests::bridge_network_resolves_into_run_spec ... ok
test tests::cleared_entrypoint_runs_cmd_only ... ok
test tests::dns_overrides_resolve_into_run_spec ... ok
test tests::execution_backend_and_page_profile_flow_into_run_spec ... ok
test tests::extra_hosts_resolve_into_run_spec ... ok
test tests::hostname_resolves_into_run_spec ... ok
test tests::native_platform_is_always_runnable ... ok
test tests::portable_vmm_backend_flows_into_run_spec ... ok
test tests::relative_workdir_resolves_against_image_workingdir ... ok
test tests::request_platform_defaults_to_host_native ... ok
test tests::resolve_seccomp_policy_is_last_wins_and_rejects_unknown_options ... ok
test tests::run_spec_seccomp_policy_defaults_to_container_default ... ok
test tests::security_opt_seccomp_unconfined_opts_out ... ok
test tests::static_bridge_ipv4_resolves_into_run_spec ... ok
test tests::test_merge_argv_cmd_override ... ok
test tests::test_merge_argv_entrypoint_override ... ok
test tests::test_merge_argv_no_override ... ok
test tests::test_merge_env_variables ... ok
test tests::test_merge_workdir ... ok
test tests::user_absent_defaults_root ... ok
test tests::user_numeric_uid_and_gid ... ok
test tests::user_numeric_uid_defaults_gid_zero ... ok

test result: ok. 25 passed; 0 failed; 0 ignored; 0 measured; 0 filtered out; finished in 0.01s

     Running unittests src/lib.rs (target/debug/deps/carrick_guest_mem-c51110512828f86a)

running 37 tests
test protections::tests::bus_fault_classification_is_exact_forked_and_cleared_by_replacement ... ok
test protections::tests::exclusive_fork_guard_blocks_protection_updates ... ok
test protections::tests::executable_ranges_require_full_live_coverage ... ok
test protections::tests::first_access_fault_is_directional_and_byte_exact ... ok
test protections::tests::fork_snapshot_preserves_mutable_shared_backing ... ok
test protections::tests::full_snapshot_preserves_no_write ... ok
test protections::tests::mapped_prot_none_is_distinct_from_unmapped_and_reuse_clears_hole ... ok
test protections::tests::mapping_range_restore_is_exact_and_preserves_disjoint_sibling_changes ... ok
test protections::tests::mixed_private_and_shared_rx_span_is_ephemeral ... ok
test protections::tests::no_write_set_is_independent_of_no_access ... ok
test protections::tests::possible_writable_executable_query_catches_mixed_span ... ok
test protections::tests::reset_to_unmapped_replaces_prior_state_and_allows_live_subranges ... ok
test protections::tests::set_merge_split_and_query ... ok
test protections::tests::shared_rx_is_ephemeral_while_private_rx_is_cacheable ... ok
test protections::tests::unmap_and_private_replacement_clear_shared_backing ... ok
test protections::tests::unmapped_intersections_are_clipped_and_preserve_live_gaps ... ok
test protections::tests::zero_length_and_overflow_are_noops ... ok
test region::tests::below_base_is_miss ... ok
test region::tests::cross_region_span_is_out_of_bounds ... ok
test region::tests::error_maps_to_out_of_bounds_memory_error ... ok
test region::tests::exact_full_span_fits ... ok
test region::tests::in_range_hit_returns_region_and_offset ... ok
test region::tests::iterator_form_matches_slice_form ... ok
test region::tests::multi_region_picks_the_containing_one ... ok
test region::tests::safe_access_out_of_bounds_when_no_region ... ok
test region::tests::safe_access_prot_none_rejects_before_lookup ... ok
test region::tests::safe_access_returns_correct_host_ptr ... ok
test region::tests::safe_access_zero_length_in_region_ok_prot_none_passes ... ok
test region::tests::translated_access_gates_va_but_looks_up_ipa ... ok
test region::tests::zero_length_requires_region_membership ... ok
test zero_tests::zero_backing_bypasses_the_prot_none_gate ... ok
test zero_tests::zero_backing_scrubs_across_multiple_chunks ... ok
test zero_tests::zero_guest_range_faults_on_prot_none_and_scrubs_nothing ... ok
test zero_tests::zero_guest_range_zeros_a_writable_range_across_chunks ... ok
test zero_tests::zero_range_chunked_propagates_writer_error ... ok
test zero_tests::zero_range_chunked_streams_contiguous_chunks_without_full_alloc ... ok
test zero_tests::zero_range_chunked_zero_len_never_calls_writer ... ok

test result: ok. 37 passed; 0 failed; 0 ignored; 0 measured; 0 filtered out; finished in 0.03s

     Running unittests src/lib.rs (target/debug/deps/carrick_hal-a1a498cf15adc442)

running 97 tests
test aarch64::tests::decodes_svc_hvc_and_maintenance ... ok
test aarch64::tests::exec_level_from_pstate ... ok
test aarch64_arch::tests::aarch64_sigframe_rejects_non_el0_pstate ... ok
test aarch64_arch::tests::aarch64_sigframe_round_trips_gprs_pstate_pc ... ok
test aarch64_arch::tests::arch_tags_are_aarch64 ... ok
test aarch64_arch::tests::bootstrap_sysregs_match_the_carrick_mem_constants ... ok
test aarch64_arch::tests::decode_maps_x8_and_x0_through_x5 ... ok
test aarch64_arch::tests::mmu_codec_builds_manager_and_walks_descriptors ... ok
test aarch64_arch::tests::mmu_granule_is_4kib_4_level ... ok
test aarch64_arch::tests::syscall_table_knows_a_real_number ... ok
test aarch64_arch::tests::vdso_and_trampoline_bytes_are_nonempty ... ok
test futex::tests::timeout_and_eintr_retry ... ok
test futex::tests::unexpected_host_errno_becomes_spurious_wake_not_error ... ok
test futex::tests::wake_and_mismatch_are_woken ... ok
test guest_arch::tests::a_second_isa_impl_compiles_against_the_seam ... ok
test kernel::tests::batch_fails_closed_at_preallocated_capacity ... ok
test kernel::tests::batch_preserves_typed_mapping_identity ... ok
test kernel::tests::batch_rejects_cross_transaction_events ... ok
test kernel::tests::capacity_rejects_zero_and_unbounded_requests ... ok
test kernel::tests::reservation_consumes_candidates_and_carries_backend_outcome ... ok
test pump_fork_coord::tests::lazy_pump_state_machine ... ok
test sigframe::tests::nested_altstack_frame_continues_down_from_current_sp ... ok
test sigframe::tests::signal_frame_stack_pointer_uses_checked_altstack_bounds ... ok
test threaded::generic_registry_tests::in_guest_flag_handshake ... ok
test threaded::generic_registry_tests::kick_all_except_skips_caller ... ok
test threaded::generic_registry_tests::register_unregister_count ... ok
test timer_delivery::tests::fallback_posix_timer_publishes_process_signal_and_kicks_all ... ok
test vcpu_sched::tests::acquire_grants_distinct_ids_up_to_budget ... ok
test vcpu_sched::tests::acquire_timeout_returns_none_on_exhausted_pool_and_prefers_own_slot ... ok
test vcpu_sched::tests::double_release_is_rejected_by_generation_guard ... ok
test vcpu_sched::tests::noop_scheduler_never_blocks_and_budget_is_max ... ok
test vcpu_sched::tests::over_budget_acquire_blocks_until_release ... ok
test vcpu_sched::tests::released_id_is_recycled_not_grown ... ok
test vcpu_sched::tests::reset_for_fork_yields_a_fresh_full_pool ... ok
test x8664_arch::normalize_tests::access_normalizes_to_faccessat_at_fdcwd ... ok
test x8664_arch::normalize_tests::alarm_normalizes_to_private_legacy_dispatch_number ... ok
test x8664_arch::normalize_tests::arch_prctl_returns_archprctl ... ok
test x8664_arch::normalize_tests::chmod_chown_lchown_normalize_to_fchmodat_fchownat ... ok
test x8664_arch::normalize_tests::clone3_is_not_swapped ... ok
test x8664_arch::normalize_tests::clone_swaps_tls_and_child_tid ... ok
test x8664_arch::normalize_tests::dup2_normalizes_to_private_legacy_dispatch_number ... ok
test x8664_arch::normalize_tests::epoll_wait_normalizes_to_epoll_pwait_null_sigmask ... ok
test x8664_arch::normalize_tests::every_x86_number_up_to_max_is_mapped_or_deferred ... ok
test x8664_arch::normalize_tests::fork_desugars_to_clone_sigchld ... ok
test x8664_arch::normalize_tests::fstat_normalizes_to_private_x86_stat_writer ... ok
test x8664_arch::normalize_tests::getpgrp_normalizes_to_getpgid_zero ... ok
test x8664_arch::normalize_tests::legacy_fd_creators_desugar_to_at_variants ... ok
test x8664_arch::normalize_tests::lstat_normalizes_to_private_x86_stat_writer ... ok
test x8664_arch::normalize_tests::mkdir_normalizes_to_mkdirat_at_fdcwd ... ok
test x8664_arch::normalize_tests::newfstatat_normalizes_to_private_x86_stat_writer ... ok
test x8664_arch::normalize_tests::open_creat_mknod_normalize_correctly ... ok
test x8664_arch::normalize_tests::ordinary_syscall_is_plain_canonical ... ok
test x8664_arch::normalize_tests::pause_normalizes_to_blocking_ppoll ... ok
test x8664_arch::normalize_tests::pipe_normalizes_to_pipe2_with_zero_flags ... ok
test x8664_arch::normalize_tests::poll_normalizes_to_private_number_not_ppoll ... ok
test x8664_arch::normalize_tests::readlink_normalizes_to_readlinkat_at_fdcwd ... ok
test x8664_arch::normalize_tests::rename_and_link_normalize_to_two_dirfd_at_variants ... ok
test x8664_arch::normalize_tests::rmdir_normalizes_to_unlinkat_with_removedir_flag ... ok
test x8664_arch::normalize_tests::select_normalizes_to_private_number_not_pselect6 ... ok
test x8664_arch::normalize_tests::stat_normalizes_to_private_x86_stat_writer ... ok
test x8664_arch::normalize_tests::symlink_normalizes_with_dirfd_in_the_second_slot ... ok
test x8664_arch::normalize_tests::time_normalizes_to_private_legacy_dispatch_number ... ok
test x8664_arch::normalize_tests::unknown_x86_syscall_normalizes_to_private_unsupported ... ok
test x8664_arch::normalize_tests::unlink_normalizes_to_unlinkat_at_fdcwd_no_flags ... ok
test x8664_arch::normalize_tests::vfork_desugars_to_clone_vm_vfork_sigchld ... ok
test x8664_arch::normalize_tests::x86_open_flags_translate_to_asm_generic ... ok
test x8664_arch::tests::altstack_membership_matches_downward_linux_endpoints ... ok
test x8664_arch::tests::build_sigframe_runs_codec_and_faults_only_at_guest_memory ... ok
test x8664_arch::tests::copying_exact_advertised_xstate_extent_retains_virtual_state ... ok
test x8664_arch::tests::cr0_has_required_bits ... ok
test x8664_arch::tests::cr4_has_required_bits ... ok
test x8664_arch::tests::decode_maps_rax_to_number_and_rdi_through_r9_to_args ... ok
test x8664_arch::tests::decode_with_all_distinct_values ... ok
test x8664_arch::tests::efer_has_required_bits ... ok
test x8664_arch::tests::elf_machine_is_em_x86_64 ... ok
test x8664_arch::tests::gdt_kernel_cs64_encoding ... ok
test x8664_arch::tests::gdt_kernel_ss_encoding ... ok
test x8664_arch::tests::gdt_null_entry_is_zero ... ok
test x8664_arch::tests::gdt_user_cs64_encoding ... ok
test x8664_arch::tests::gdt_user_ss_encoding ... ok
test x8664_arch::tests::lstar_points_to_el0_trampoline_base ... ok
test x8664_arch::tests::lstar_stub_bytes_are_exact ... ok
test x8664_arch::tests::lstar_stub_port_byte_matches_const ... ok
test x8664_arch::tests::malformed_extended_sigframe_is_rejected_before_state_mutation ... ok
test x8664_arch::tests::malformed_private_xstate_trailer_is_rejected_before_state_mutation ... ok
test x8664_arch::tests::mmu_codec_builds_manager_and_walks_descriptors ... ok
test x8664_arch::tests::mmu_granule_matches_pml4_and_aarch64_shape ... ok
test x8664_arch::tests::restore_sigframe_runs_codec_and_faults_only_at_guest_memory ... ok
test x8664_arch::tests::sigframe_preserves_avx_ymm_hi_across_build_and_restore ... ok
test x8664_arch::tests::sigframe_preserves_virtual_pkru_and_x87_selectors ... ok
test x8664_arch::tests::star_selector_arithmetic_is_correct ... ok
test x8664_arch::tests::syscall_table_arch_prctl_is_native ... ok
test x8664_arch::tests::syscall_table_knows_exit_group ... ok
test x8664_arch::tests::syscall_table_knows_write ... ok
test x8664_arch::tests::syscall_table_unknown_number_is_unknown ... ok
test x8664_arch::tests::vdso_bytes_exports_x86_clock_symbols ... ok
test x8664_arch::tests::x8664_guest_arch_satisfies_the_seam ... ok

test result: ok. 97 passed; 0 failed; 0 ignored; 0 measured; 0 filtered out; finished in 0.13s

     Running unittests src/lib.rs (target/debug/deps/carrick_host-808feb08b9724578)

running 71 tests
test clock::tests::tick_scale_is_available_and_ticks_advance ... ok
test clock::tests::uptime_clock_reads_and_advances_monotonically ... ok
test futex_key::tests::keys_are_never_zero ... ok
test futex_key::tests::same_file_same_offset_same_key_regardless_of_fd ... ok
test futex_key::tests::unstatable_fd_reports_fallback_base ... ok
test guest_cpu::tests::active_run_is_visible_before_commit ... ok
test guest_cpu::tests::add_then_sum_accumulates ... ok
test guest_cpu::tests::adopted_child_wait_single_scan_classifies_pending_then_reaps ... ok
test guest_cpu::tests::adopted_reap_keeps_namespace_member_record_for_pid_translation ... ok
test guest_cpu::tests::adopted_record_exit_is_waitable_even_when_caller_did_not_preclassify_it ... ok
test guest_cpu::tests::child_ptrace_stop_marker_lives_until_report_or_reap ... ok
test guest_cpu::tests::clone_parent_registration_is_adopted_immediately ... ok
test guest_cpu::tests::direct_child_ptrace_stop_pending_excludes_adopted_children ... ok
test guest_cpu::tests::direct_children_for_wait_excludes_adopted_children ... ok
test guest_cpu::tests::fork_time_claim_exhaustion_is_an_error_not_an_abort ... ok
test guest_cpu::tests::guest_cpu_drain_keeps_namespace_member_record_published ... ok
test guest_cpu::tests::native_provider_reports_darwin_cpu_monotonically ... ok
test guest_cpu::tests::parent_publish_by_ref_survives_a_second_prepare ... ok
test guest_cpu::tests::prefork_child_marks_adopted_when_recorded_parent_differs_from_host_parent ... ok
test guest_cpu::tests::prefork_record_is_complete_when_child_publishes_host_pid ... ok
test guest_cpu::tests::ptrace_stop_marker_persists_on_prefork_record ... ok
test guest_cpu::tests::reaped_child_cpu_parts_adds_disjoint_sources_on_vmm_backends ... ok
test guest_cpu::tests::reaped_child_cpu_parts_prefers_host_rusage_under_native_provider ... ok
test guest_cpu::tests::virtual_ptrace_detach_clears_ownership_before_resume ... ok
test guest_cpu::tests::virtual_ptrace_kill_is_terminal ... ok
test guest_cpu::tests::virtual_ptrace_rollback_cannot_resurrect_terminal_or_reused_record ... ok
test guest_cpu::tests::virtual_ptrace_stop_is_reported_once_then_resumed ... ok
test guest_cpu::tests::virtual_ptrace_stop_request_distinguishes_busy_and_detached ... ok
test guest_cpu::tests::virtual_ptrace_stop_token_expires_after_resume ... ok
test guest_cpu::tests::virtual_ptrace_token_cannot_control_reused_pid ... ok
test guest_cpu::tests::wait_any_park_target_is_any_child_never_the_first ... ok
test host_facts::hostname_tests::caps_at_the_63_char_label_limit ... ok
test host_facts::hostname_tests::drops_spaces_and_punctuation_a_computername_may_carry ... ok
test host_facts::hostname_tests::empty_or_all_invalid_yields_none_so_caller_falls_back ... ok
test host_facts::hostname_tests::takes_short_label_and_keeps_valid_chars ... ok
test host_facts::tests::exposed_cpu_selection_falls_back_without_performance_level ... ok
test host_facts::tests::exposed_cpu_selection_prefers_performance_level_when_present ... ok
test host_facts::tests::logical_cpu_count_is_cached_stable ... ok
test host_facts::tests::logical_cpu_count_is_sane ... ok
test host_facts::tests::physical_cpu_count_is_sane ... ok
test host_facts::tests::physical_cpu_selection_prefers_total_physical_then_cluster_sum ... ok
test host_mapping::tests::cow_snapshot_isolates_source_and_clone_writes ... ok
test host_mapping::tests::map_private_file_is_cow_and_outlives_the_source_fd ... ok
test host_mapping::tests::map_shared_file_does_not_leak_host_fds_across_cycles ... ok
test host_mapping::tests::owned_host_mapping_unmaps_on_drop ... ok
test host_proc::accounting_smoke::resident_bytes_in_ranges_measures_touched_pages ... ok
test host_proc::accounting_smoke::self_cpu_matches_getrusage_units ... ok
test host_proc::accounting_smoke::self_resource_usage_does_not_crash ... ok
test host_proc::accounting_smoke::self_thread_cpu_does_not_crash ... ok
test host_proc::imp::direct_vm_reservation_tests::canonical_direct_gap_sentinel_is_rejected_and_preserved ... ok
test host_proc::imp::direct_vm_reservation_tests::canonical_dyld_delegated_empty_tuple_is_accepted ... ok
test host_proc::imp::direct_vm_reservation_tests::exact_allocatable_reservation_rolls_back_replacement ... ok
test host_proc::imp::direct_vm_reservation_tests::fork_child_canonical_unnested_dyld_gap_is_accepted ... ok
test host_proc::imp::direct_vm_reservation_tests::fork_child_split_canonical_range_is_accepted_segmentwise ... ok
test host_proc::imp::direct_vm_reservation_tests::generic_shared_readonly_mapping_is_rejected ... ok
test host_proc::imp::direct_vm_reservation_tests::guard_region_is_rejected ... ok
test host_proc::imp::proctitle_tests::declines_titles_with_no_guest_name ... ok
test host_proc::imp::proctitle_tests::extracts_guest_name_after_last_colon_space ... ok
test host_proc::imp::proctitle_tests::reduces_a_full_command_line_label_to_a_single_token_comm ... ok
test host_proc::imp::proctitle_tests::truncates_to_linux_comm_length ... ok
test internal_fd::tests::duplicate_returns_new_high_fd_leaving_original_open ... ok
test internal_fd::tests::relocate_moves_above_floor_and_closes_original ... ok
test ulock::imp::reexec_tests::failed_waiter_adoption_closes_the_transport_fd ... ok
test ulock::imp::reexec_tests::inherited_waiter_authority_maps_same_slots_and_rejects_identity_change ... ok
test ulock::tests::eintr_exit_does_not_absorb_woken_peer_credit ... ok
test ulock::tests::wait_returns_nonneg_on_value_mismatch ... ok
test ulock::tests::wait_times_out_with_etimedout ... ok
test ulock::tests::waiter_counts_are_visible_across_threads ... ok
test ulock::tests::wake_counted_excludes_woken_but_unexited_waiters ... ok
test ulock::tests::wake_counts_self_woken_waiters_exactly_once ... ok
test ulock::tests::wake_with_no_waiters_is_nonfatal ... ok

test result: ok. 71 passed; 0 failed; 0 ignored; 0 measured; 0 filtered out; finished in 2.54s

     Running unittests src/lib.rs (target/debug/deps/carrick_host_bsd-c2d1162c5619235d)

running 14 tests
test errno::tests::edeadlk_does_not_collapse_to_eagain ... ok
test errno::tests::errno_translation_covers_every_divergent_code ... ok
test errno::tests::errno_translation_maps_unknown_extensions_to_eio ... ok
test kqueue::tests::kqueue_closes_fd_on_drop ... ok
test kqueue::tests::oneshot_timer_fires_and_reports_ident ... ok
test kqueue::tests::user_trigger_wakes_registered_kqueue ... ok
test multiplexer::tests::read_lowat_one_still_reports_socket_eof ... ok
test multiplexer::tests::read_lowat_rearm_after_edge_suppresses_until_growth ... ok
test multiplexer::tests::read_lowat_suppresses_socket_until_threshold_growth ... ok
test signum::tests::divergent_signals_roundtrip ... ok
test signum::tests::host_siginfo_is_internal_not_guest_sigio ... ok
test signum::tests::linux_only_signals_do_not_identity_map_to_bsd_collisions ... ok
test signum::tests::shared_numbering_stays_identity ... ok
test signum::tests::usr1_usr2_chld_match_bsd_header ... ok

test result: ok. 14 passed; 0 failed; 0 ignored; 0 measured; 0 filtered out; finished in 0.00s

     Running unittests src/lib.rs (target/debug/deps/carrick_host_linux-c932bcc8270b5c1f)

running 0 tests

test result: ok. 0 passed; 0 failed; 0 ignored; 0 measured; 0 filtered out; finished in 0.00s

     Running unittests src/lib.rs (target/debug/deps/carrick_image-1145b48fdf69fc44)

running 33 tests
test auth::tests::auth_for_decodes_inline_base64_splitting_on_first_colon ... ok
test auth::tests::auth_for_uses_username_password_fields ... ok
test auth::tests::canonical_key_collapses_hub_spellings ... ok
test auth::tests::creds_store_only_entry_is_none_not_a_panic ... ok
test auth::tests::write_login_preserves_other_registries ... ok
test auth::tests::write_then_resolve_round_trips_with_0600 ... ok
test tests::accepts_arm64_v8_variant ... ok
test tests::default_target_is_host_native ... ok
test tests::layer_summaries_are_reordered_to_manifest_order ... ok
test tests::layers_are_reordered_to_manifest_order ... ok
test tests::list_images_reports_repo_tag_id_and_size ... ok
test tests::load_docker_archive_can_target_non_default_platform ... ok
test tests::load_docker_archive_ingests_blobs_and_summary ... ok
test tests::load_docker_archive_missing_manifest_is_an_error ... ok
test tests::load_docker_archive_plain_tar_layer_gets_tar_media_type ... ok
test tests::load_docker_archive_tags_every_repo_tag ... ok
test tests::load_real_kaniko_archive_if_present ... ok
test tests::oci_config_without_stop_signal_is_none ... ok
test tests::override_arm64_v8_matches_unspecified_entry ... ok
test tests::override_selects_amd64_when_only_amd64_present ... ok
test tests::parse_platform_target_rejects_garbage ... ok
test tests::parse_platform_target_with_variant ... ok
test tests::parse_platform_target_without_variant ... ok
test tests::picks_linux_arm64_from_multi_arch_index ... ok
test tests::pull_policy_follows_docker_semantics ... ok
test tests::rejects_arm64_v7_variant ... ok
test tests::remove_image_by_spec_accepts_ref_or_id ... ok
test tests::remove_image_then_gc_reclaims_unreferenced_blobs ... ok
test tests::returns_none_when_no_linux_arm64_present ... ok
test tests::skips_entry_with_no_platform_block ... ok
test tests::tag_image_creates_a_new_ref_sharing_blobs ... ok
test tests::tag_moved_only_when_registry_digest_differs ... ok
test tests::test_parse_oci_config_json ... ok

test result: ok. 33 passed; 0 failed; 0 ignored; 0 measured; 0 filtered out; finished in 0.16s

     Running unittests src/lib.rs (target/debug/deps/carrick_kernel-3357ad38e473b7d0)

running 20 tests
test arena::tests::arena_is_visible_across_fork ... ok
test arena::tests::attach_joins_an_existing_arena ... ok
test arena::tests::attach_rejects_wrong_magic ... ok
test arena::tests::create_publishes_versioned_header ... ok
test arena::tests::generations_are_monotonic_and_skip_zero ... ok
test arena::tests::permit_section_exhaustion_is_loud ... ok
test arena::tests::reexec_authority_reattaches_exact_unlinked_arena_and_rejects_identity_change ... ok
test arena::tests::vm_slots_section_is_published_and_independent ... ok
test domains::tests::domains_round_trip_and_do_not_mix ... ok
test lock::tests::contended_lock_times_out_and_names_holder ... ok
test lock::tests::force_break_frees_only_the_named_dead_owner ... ok
test lock::tests::lock_pair_orders_by_address_and_survives_reversed_call ... ok
test lock::tests::lock_unlock_round_trip ... ok
test process::tests::claim_fill_publish_find_release_round_trip ... ok
test process::tests::exhaustion_is_loud ... ok
test process::tests::ns_pids_are_monotonic_from_2 ... ok
test process::tests::registering_records_are_invisible_to_find ... ok
test process::tests::virtual_ptrace_control_round_trips_owner_and_state ... ok
test wait::tests::spin_yield_returns_value_changed_when_word_moves ... ok
test wait::tests::spin_yield_times_out_when_word_holds ... ok

test result: ok. 20 passed; 0 failed; 0 ignored; 0 measured; 0 filtered out; finished in 0.15s

     Running unittests src/lib.rs (target/debug/deps/carrick_mem-178a76fde38bf1a6)

running 140 tests
test arch_sysregs::tests::cpacr_fpen_no_trap_literal ... ok
test arch_sysregs::tests::mair_is_normal_wb_cacheable ... ok
test arch_sysregs::tests::sctlr_shared_base_literal ... ok
test arch_sysregs::tests::tcr_bootstrap_literal ... ok
test elf::tests::et_dyn_plan_rebases_to_default_pie_base ... ok
test elf::tests::et_exec_plan_uses_zero_load_bias ... ok
test elf::tests::load_plan_rejects_non_aarch64_machine ... ok
test elf::tests::plan_elf_load_bytes_for_accepts_x86_64 ... ok
test elf::tests::plan_elf_load_bytes_for_rejects_machine_mismatch ... ok
test elf::tests::ro_page_spans_cover_readonly_segments_pagewise ... ok
test elf::tests::ro_page_spans_drop_pages_shared_with_a_writable_segment ... ok
test elf::tests::ro_page_spans_exec_wins_on_a_page_shared_by_rx_and_r_segments ... ok
test elf::tests::ro_page_spans_ignore_unreadable_and_empty_segments ... ok
test elf::tests::with_load_bias_reshifts_a_dyn_plan ... ok
test memory::alias_ipa_tests::alloc_is_monotonic_block_aligned_never_reused ... ok
test memory::arena_size_tests::arena_size_defaults_and_clamps ... ok
test memory::el1_shim_tests::boot_builders_preserve_linux_auxv_image ... ok
test memory::el1_shim_tests::current_el_sync_slots_fail_loud_via_hvc3 ... ok
test memory::el1_shim_tests::legacy_vectors_have_no_dispatcher ... ok
test memory::el1_shim_tests::linux_initial_stack_can_set_execfn_distinct_from_argv0 ... ok
test memory::el1_shim_tests::shim_dispatcher_fits_in_its_vector_slot ... ok
test memory::el1_shim_tests::shim_dispatches_identity_and_gettid ... ok
test memory::el1_shim_tests::with_el1_vectors_shim_installs_dispatcher_region ... ok
test memory::el1_shim_tests::with_identity_page_installs_kernel_hole_region ... ok
test memory::loader_tests::el1_vector_va_predicate_brackets_carrick_kernel_space ... ok
test memory::loader_tests::fill_random_bytes_produces_nonzero_entropy ... ok
test memory::loader_tests::linux_auxv_can_omit_sysinfo_ehdr_for_vdso_debug_control ... ok
test memory::loader_tests::linux_auxv_can_withhold_backend_unsafe_hwcap_features ... ok
test memory::loader_tests::linux_runtime_regions_include_fixed_user_sigreturn_trampoline ... ok
test memory::loader_tests::load_elf_bytes_with_reader_at_pie_base_rebases_dyn_main ... ok
test memory::loader_tests::load_elf_bytes_with_reader_for_applies_machine_to_interpreter ... ok
test memory::loader_tests::load_elf_bytes_without_runtime_regions_omits_hvf_boot_windows ... ok
test memory::loader_tests::load_elf_records_ro_spans_and_stage1_tables_bake_them_readonly ... ok
test memory::loader_tests::merges_segments_that_overlap_after_hvf_page_rounding ... ok
test memory::loader_tests::page_aligned_load_regions_preserve_segment_permissions ... ok
test memory::loader_tests::rejects_load_segment_end_overflow_before_region_merge ... ok
test memory::loader_tests::with_vdso_bytes_at_relocates_regions_and_auxv ... ok
test memory::stage1_tests::el1_maintenance_bytes_emit_tlbi_then_hvc1 ... ok
test memory::stage1_tests::needs_stage1_translation_only_for_shared_aperture ... ok
test memory::stage1_tests::page_tables_reserve_spare_pool_within_kernel_block ... ok
test memory::stage1_tests::runtime_regions_include_shared_aperture ... ok
test memory::stage1_tests::stage1_identity_tables_layout ... ok
test memory::syscall_mailbox_tests::mailbox_arena_builder_installs_private_zeroed_rw_nx_region ... ok
test memory::syscall_mailbox_tests::mailbox_arena_tiles_the_remaining_kernel_hole ... ok
test memory::syscall_mailbox_tests::mailbox_continuation_preserves_scratch_and_validates_response ... ok
test memory::syscall_mailbox_tests::mailbox_vector_publishes_complete_syscall_frame_before_hvc2 ... ok
test memory::syscall_mailbox_tests::mailbox_vector_retains_identity_fast_paths_when_enabled ... ok
test memory::tests::address_space_clone_shares_payload_until_first_write ... ok
test memory::tests::address_space_metadata_accepts_ro_span_in_readable_writable_merged_region ... ok
test memory::tests::address_space_metadata_reconstructs_transport_neutral_view ... ok
test memory::tests::address_space_metadata_rejects_empty_or_inverted_regions ... ok
test memory::tests::address_space_metadata_rejects_empty_or_overflowing_ro_span ... ok
test memory::tests::address_space_metadata_rejects_overlapping_regions ... ok
test memory::tests::address_space_metadata_rejects_ro_span_outside_readable_regions ... ok
test memory::tests::address_space_metadata_rejects_stack_pointer_outside_writable_region ... ok
test memory::tests::address_space_metadata_rejects_unaligned_ro_span ... ok
test memory::tests::address_space_metadata_sorts_regions_canonically ... ok
test page_table::tests::clone_preserves_bump_cursor_so_fork_child_does_not_realloc_live_tables ... ok
test page_table::tests::exhausting_spare_tables_errors ... ok
test page_table::tests::full_1gib_prot_none_edits_block_with_no_split ... ok
test page_table::tests::full_block_restore_coalesces_and_reclaims_table ... ok
test page_table::tests::indices_decompose_va ... ok
test page_table::tests::into_bytes_preserves_edits ... ok
test page_table::tests::large_aligned_prot_none_is_coarse_not_dense ... ok
test page_table::tests::map_aliased_large_unaligned_len_does_not_exhaust_table_pool ... ok
test page_table::tests::multi_vcpu_does_not_coalesce ... ok
test page_table::tests::new_rediscovers_bump_cursor_over_boot_edited_tables ... ok
test page_table::tests::partial_protection_does_not_coalesce ... ok
test page_table::tests::private_overlay_protection_preserves_backing_and_identity_restore_repoints ... ok
test page_table::tests::prot_none_then_rw_remaps ... ok
test page_table::tests::rebase_moves_every_table_pointer_without_changing_leaf_translations ... ok
test page_table::tests::rosetta_alias_vas_avoid_boot_identity_l0_slots ... ok
test page_table::tests::rw_commit_into_prot_none_block_keeps_neighbors_invalid ... ok
test page_table::tests::set_prot_none_splits_block_and_invalidates_only_target ... ok
test page_table::tests::set_readonly_then_rw_round_trips ... ok
test page_table::tests::set_rw_on_default_rw_block_does_not_split ... ok
test page_table::tests::sub_16k_high_va_alias_does_not_perturb_neighbor_l3_entry ... ok
test page_table::tests::translate_picks_the_live_region_for_adjacent_aliases ... ok
test page_table::tests::translate_resolves_aliased_va_to_ipa_with_page_offset ... ok
test page_table::tests::unmap_aliased_reclaims_only_the_freed_l3_table ... ok
test page_table::tests::user_block_flags_match_boot_image ... ok
test pml4::tests::aligned_bulk_map_uses_2m_leaf ... ok
test pml4::tests::editing_large_leaf_splits_to_4k_and_restores ... ok
test pml4::tests::exhausting_table_capacity_errors ... ok
test pml4::tests::full_mmap_arena_sized_region_fits_with_large_leaves ... ok
test pml4::tests::granule_matches_aarch64_shape ... ok
test pml4::tests::identity_map_encodes_and_walks_round_trip ... ok
test pml4::tests::indices_decompose_va ... ok
test pml4::tests::intermediates_get_us_when_any_user_mapping_passes_through ... ok
test pml4::tests::into_bytes_preserves_edits ... ok
test pml4::tests::map_aliased_allocates_missing_high_va_tables ... ok
test pml4::tests::map_aliased_exec_flag_gates_leaf_nx ... ok
test pml4::tests::map_aliased_large_2m_alias_uses_block_leaves_not_per_2m_tables ... ok
test pml4::tests::map_aliased_repoints_a_page_inside_a_2m_block_leaf ... ok
test pml4::tests::misaligned_spec_rejected ... ok
test pml4::tests::non_canonical_va_rejected ... ok
test pml4::tests::non_identity_map_translates ... ok
test pml4::tests::nx_bit_is_bit_63 ... ok
test pml4::tests::phys_mask_is_bits_51_12 ... ok
test pml4::tests::private_overlay_protection_preserves_gpa_and_identity_restore_repoints ... ok
test pml4::tests::set_ops_on_unmapped_subtree_error ... ok
test pml4::tests::set_prot_none_clears_p_and_set_rw_restores ... ok
test pml4::tests::set_readonly_clears_rw_and_preserves_present_mapping ... ok
test pml4::tests::set_rw_exec_toggles_nx ... ok
test pml4::tests::set_rw_on_never_mapped_leaf_errors ... ok
test pml4::tests::supervisor_map_keeps_us_clear_at_every_level ... ok
test pml4::tests::unmap_alias_range_tears_down_all_pages_of_a_split_2m_block ... ok
test pml4::tests::unmap_alias_reclaims_empty_high_va_tables_for_reuse ... ok
test pml4::tests::unmap_alias_reclaims_prot_none_large_alias_tables ... ok
test pml4::tests::whole_large_leaf_edits_preserve_2m_entries ... ok
test shared_aperture::tests::bump_allocates_aligned_within_window ... ok
test shared_aperture::tests::free_then_realloc_reuses_space ... ok
test shared_aperture::tests::free_unknown_address_returns_none ... ok
test shared_aperture::tests::guest_carve_middle_preserves_prefix_suffix_and_reuses_only_middle ... ok
test shared_aperture::tests::invalid_shrink_preserves_live_and_free_accounting ... ok
test shared_aperture::tests::lookup_returns_backing_for_live_alloc ... ok
test shared_aperture::tests::partial_granule_guest_carve_never_reuses_live_suffix_bytes ... ok
test shared_aperture::tests::partial_granule_source_carve_splits_exactly_but_quarantines_storage ... ok
test shared_aperture::tests::private_reservation_blocks_reuse_until_exact_release ... ok
test shared_aperture::tests::rejects_allocation_past_window_end ... ok
test shared_aperture::tests::shared_file_fragments_adjust_offsets_and_close_once_after_last_owner ... ok
test shared_aperture::tests::shrink_preserves_shared_file_fd_and_offset_metadata ... ok
test shared_aperture::tests::shrink_releases_whole_granule_tail_and_coalesces_on_free ... ok
test shared_aperture::tests::source_carve_middle_preserves_both_translations_and_reuses_only_middle ... ok
test shared_aperture::tests::source_carve_prefix_preserves_suffix_translation_and_reuses_only_prefix ... ok
test shared_aperture::tests::source_carve_suffix_preserves_prefix_and_trailing_padding_accounting ... ok
test vdso::rosetta_vdso_size_test::vdso_image_fits_in_one_page_and_has_dynsym ... ok
test vdso::tests::vdso_elf_parses_and_exports_clock_gettime ... ok
test vdso::tests::vdso_exports_all_canonical_symbols ... ok
test vdso::tests::vdso_getrandom_blob_is_embedded ... ok
test vdso::tests::vdso_image_can_omit_fastpath_exports_for_rosetta_debugging ... ok
test vdso::tests::vdso_image_can_omit_getrandom_export_for_rosetta_debugging ... ok
test vdso::tests::vdso_image_can_route_clock_exports_to_syscalls_for_rosetta_debugging ... ok
test vdso::tests::vdso_rt_sigreturn_is_the_canonical_trampoline_sequence ... ok
test vdso::tests::x8664_vdso_elf_parses_and_exports_clock_symbols ... ok
test vdso_getrandom_chacha::tests::distinct_counters_distinct_blocks ... ok
test vdso_getrandom_chacha::tests::forked_child_does_not_reuse_parent_keystream ... ok
test vdso_getrandom_chacha::tests::reseeds_only_on_generation_change ... ok
test vdso_getrandom_chacha::tests::rfc8439_block_function ... ok
test vdso_getrandom_chacha::tests::successive_calls_never_repeat ... ok

test result: ok. 140 passed; 0 failed; 0 ignored; 0 measured; 0 filtered out; finished in 0.04s

     Running unittests src/lib.rs (target/debug/deps/carrick_native_darwin-bf9f78cd0e0e6117)

running 126 tests
test aot_cache::tests::adoption_takes_ownership_of_the_inherited_fd ... ok
test aot_cache::tests::authority_is_private_and_survives_validated_reexec_adoption ... ok
test aot_cache::tests::authority_rejects_substituted_directory_fd ... ok
test aot_cache::tests::authority_rejects_substituted_directory_path ... ok
test aot_cache::tests::code_digest_rejects_another_units_substituted_code_file ... ok
test aot_cache::tests::concurrent_publishers_converge_on_one_published_unit ... ok
test aot_cache::tests::corrupt_metadata_fails_closed_and_republish_repairs ... ok
test aot_cache::tests::corrupt_v3_metadata_is_typed_before_the_code_half ... ok
test aot_cache::tests::creator_session_keeps_the_persistent_store_after_container_exit ... ok
test aot_cache::tests::ephemeral_fallback_is_removed_by_its_creator ... ok
test aot_cache::tests::first_file_miss_claims_recording_immediately ... ok
test aot_cache::tests::inherited_process_cannot_remove_creator_cache ... ok
test aot_cache::tests::load_rejects_a_code_file_with_the_wrong_extent ... ok
test aot_cache::tests::load_rejects_a_flipped_code_byte ... ok
test aot_cache::tests::loaded_code_uses_a_private_read_only_vm_region ... ok
test aot_cache::tests::mapped_metadata_and_code_pair_rejects_either_lone_half ... ok
test aot_cache::tests::one_live_recorder_excludes_the_herd ... ok
test aot_cache::tests::only_the_creator_pid_owns_cleanup ... ok
test aot_cache::tests::partial_publish_pair_is_never_loadable ... ok
test aot_cache::tests::prune_evicts_oldest_pairs_down_to_the_cap ... ok
test aot_cache::tests::prune_removes_retired_and_aged_auxiliary_files ... ok
test aot_cache::tests::published_pair_is_raw_code_beside_mapped_metadata ... ok
test aot_cache::tests::published_unit_maps_serialized_metadata_with_mapped_evidence ... ok
test aot_cache::tests::published_units_survive_into_a_new_authority_over_the_same_root ... ok
test aot_cache::tests::reopened_store_reads_the_same_authority_nonce ... ok
test aot_cache::tests::stale_builder_claims_are_taken_over_by_age ... ok
test aot_cache::tests::store_load_separates_no_authority_from_a_file_miss ... ok
test aot_cache::tests::unit_metadata_maps_the_bounded_open_extent ... ok
test direct::tests::add_sub_shifted_32_unallocated_shift_proof_is_mask_exact ... ok
test direct::tests::advanced_simd_parent_unallocated_partition_proof_is_mask_exact ... ok
test direct::tests::advanced_simd_shift_unallocated_opcode_proof_is_mask_exact ... ok
test direct::tests::after_fork_without_exception_registration_is_a_noop ... ok
test direct::tests::allocated_sme2_x18_free_proof_is_mask_exact ... ok
test direct::tests::defined_clear_cache_keeps_bti_and_redirects_its_direct_branch ... ok
test direct::tests::dynamic_arena_budget_tracks_patch_sites_not_publication_bytes ... ok
test direct::tests::dynamic_execute_fault_does_not_scan_unrelated_same_page_bytes ... ok
test direct::tests::dynamic_far_route_uses_the_newest_publication_for_a_reused_site ... ok
test direct::tests::dynamic_far_x18_veneer_round_trips_through_mach_exceptions ... ok
test direct::tests::dynamic_function_symbol_resolves_defined_clear_cache_entry ... ok
test direct::tests::dynamic_publication_does_not_survive_same_address_remap ... ok
test direct::tests::dynamic_publication_rechecks_modified_bytes_without_republication ... ok
test direct::tests::dynamic_publication_survives_an_unrelated_write_transition ... ok
test direct::tests::dynamic_scan_accepts_source_proven_unallocated_embedded_data ... ok
test direct::tests::dynamic_scan_reports_the_exact_allocated_x18_word ... ok
test direct::tests::dynamic_scan_reports_the_exact_tpidr_word ... ok
test direct::tests::dynamic_x18_is_patched_synchronously_at_publication ... ok
test direct::tests::dynamic_x18_publication_is_veneered_and_executes_against_the_thread_slot ... FAILED
test direct::tests::enter_on_stack_switches_to_the_provided_stack_and_zeroes_x0 ... ok
test direct::tests::exec_window_accepts_proven_top_level_unallocated_op1_word_with_x18_bits ... ok
test direct::tests::exec_window_accepts_proven_unallocated_advanced_simd_shift_word_with_x18_bits ... ok
test direct::tests::exec_window_accepts_proven_unallocated_load_store_word_with_x18_bits ... ok
test direct::tests::exec_window_accepts_proven_unallocated_simd_unprivileged_word_with_x18_bits ... ok
test direct::tests::exec_window_accepts_proven_x18_free_allocated_sme2_formatter_gap ... ok
test direct::tests::exec_window_accepts_reserved_major_word_with_x18_bits ... ok
test direct::tests::exec_window_of_real_libc_keeps_non_code_bytes_verbatim ... ok
test direct::tests::exec_window_patches_syscall_sites_and_executes ... ok
test direct::tests::exec_window_scan_fails_closed_on_a_word_that_could_name_x18 ... ok
test direct::tests::existing_map_jit_transitions_to_byte_preserving_shadow ... ok
test direct::tests::guest_mapping_moves_future_exec_hints_past_its_owned_span ... ok
test direct::tests::guest_runs_on_a_thread_that_did_not_load_it ... ok
test direct::tests::guest_writes_to_its_own_data_segment ... ok
test direct::tests::handler_requested_leave_parks_the_guest_and_returns_to_rust ... ok
test direct::tests::image_mapping_honors_strict_pt_load_alignment_after_hint_relocation ... ok
test direct::tests::island_preserves_guest_registers_across_a_syscall ... ok
test direct::tests::island_survives_a_handler_with_a_real_frame ... ok
test direct::tests::ldapur_fpsimd_formatter_gap_only_names_rn_as_a_gpr ... ok
test direct::tests::linux_sysreg_patch_writes_virtual_x18_not_darwin_x18 ... ok
test direct::tests::linux_sysreg_site_is_patched_without_mach_transport ... ok
test direct::tests::load_group_images_share_one_tls_and_x18_slot ... ok
test direct::tests::load_store_root_unallocated_proof_is_mask_exact ... ok
test direct::tests::load_store_x100_unallocated_proof_is_mask_exact ... ok
test direct::tests::load_time_image_releases_unused_worst_case_island_budget ... ok
test direct::tests::logical_shifted_32_unallocated_shift_proof_is_mask_exact ... ok
test direct::tests::mach_exception_server_covers_generated_mig_message_contract ... ok
test direct::tests::mach_exception_server_round_trips_a_dynamic_write_fault ... ok
test direct::tests::mach_recovery_accepts_only_carricks_private_breakpoint ... ok
test direct::tests::nearby_arena_reach_counts_large_image_once ... ok
test direct::tests::patches_every_svc_site_and_leaves_other_words_verbatim ... ok
test direct::tests::plain_replacement_voids_patched_executable_coverage ... ok
test direct::tests::plain_tier_d_entry_does_not_install_mach_exception_transport ... ok
test direct::tests::pristine_dynamic_exec_discard_skips_zero_and_icache_publication ... ok
test direct::tests::reserved_major_proof_rejects_an_allocated_x18_neighbor ... ok
test direct::tests::runs_guest_code_natively_and_services_its_syscalls ... ok
test direct::tests::runtime_stub_arena_recycles_only_released_slots ... ok
test direct::tests::scan_accepts_proven_top_level_unallocated_op1_word_with_x18_bits ... ok
test direct::tests::scan_accepts_proven_unallocated_advanced_simd_shift_word_with_x18_bits ... ok
test direct::tests::scan_accepts_proven_unallocated_load_store_word_with_x18_bits ... ok
test direct::tests::scan_accepts_proven_unallocated_simd_unprivileged_word_with_x18_bits ... ok
test direct::tests::scan_accepts_proven_x18_free_allocated_sme2_formatter_gap ... ok
test direct::tests::scan_accepts_reserved_major_word_with_x18_bits ... ok
test direct::tests::scan_accepts_tpidr_because_it_is_veneered ... ok
test direct::tests::scan_accepts_veneerable_x18_and_still_refuses_the_rest ... ok
test direct::tests::scan_counts_syscall_sites_on_a_clean_image ... ok
test direct::tests::scan_refuses_a_dynamic_image_and_names_its_interpreter ... ok
test direct::tests::scan_refuses_an_x18_instruction_that_changes_sp ... ok
test direct::tests::scan_refuses_undecodable_text_only_when_it_could_name_x18 ... ok
test direct::tests::scan_refuses_unhandled_pc_relative_x18_shapes ... ok
test direct::tests::simd_unprivileged_unallocated_proof_is_mask_exact ... ok
test direct::tests::spec_unallocated_dynamic_words_cannot_name_x18 ... ok
test direct::tests::sve_partition_break_unallocated_proof_is_mask_exact ... ok
test direct::tests::sve_pred_minmaxdiff_unallocated_proof_is_mask_exact ... ok
test direct::tests::sve_unpred_wide_shift_unallocated_opcode_proof_is_mask_exact ... ok
test direct::tests::sve_uxth_small_destination_proof_is_mask_exact ... ok
test direct::tests::sve_vector_shift_unallocated_lu_proof_is_mask_exact ... ok
test direct::tests::sve_wide_immediate_unallocated_selector_proof_is_mask_exact ... ok
test direct::tests::synchronous_publication_revalidation_ignores_unrelated_write_epoch ... ok
test direct::tests::top_level_unallocated_op1_proof_is_mask_exact ... ok
test direct::tests::tpidr_read_into_x18_moves_slot_to_slot ... ok
test direct::tests::tpidr_veneers_round_trip_guest_tls ... ok
test direct::tests::tpidr_write_preserves_its_source_when_the_source_is_x0 ... ok
test direct::tests::unallocated_load_store_register_offset_proof_is_mask_exact ... ok
test direct::tests::veneers_address_per_thread_slots ... ok
test direct::tests::whole_image_scan_does_not_allocate_for_non_x18_words ... ok
test direct::tests::whole_image_scan_does_not_decode_words_without_virtual_state_fields ... ok
test direct::tests::x18_adrp_veneer_materializes_the_site_page ... ok
test direct::tests::x18_conditional_branch_veneers_route_both_edges ... ok
test direct::tests::x18_sp_pair_veneers_preserve_stack_semantics ... ok
test direct::tests::x18_substitution_preserves_extend_and_shift_attributes ... ok
test direct::tests::x18_substitution_survives_a_non_register_field_reading_18 ... ok
test direct::tests::x18_substitution_verifies_and_rejects_corrupted_rewrites ... ok
test direct::tests::x18_test_bit_branch_veneers_route_both_edges ... ok
test direct::tests::x18_veneer_preserves_sp_for_the_rewritten_instruction ... ok
test direct::tests::x18_veneer_runs_the_instruction_against_the_slot ... ok
test jit::tests::map_code_cache_round_trips_on_apple_silicon ... ok
test jit::tests::supported_reports_a_typed_result ... ok
test tests::darwin_host_name_and_jit_are_wired ... ok

failures:

---- direct::tests::dynamic_x18_publication_is_veneered_and_executes_against_the_thread_slot stdout ----

thread 'direct::tests::dynamic_x18_publication_is_veneered_and_executes_against_the_thread_slot' (15279414) panicked at crates/carrick-native-darwin/src/direct.rs:6543:9:
assertion `left == right` failed: site branches to veneer
  left: 0
 right: 335544320
note: run with `RUST_BACKTRACE=1` environment variable to display a backtrace


failures:
    direct::tests::dynamic_x18_publication_is_veneered_and_executes_against_the_thread_slot

test result: FAILED. 125 passed; 1 failed; 0 ignored; 0 measured; 0 filtered out; finished in 0.48s

error: test failed, to rerun pass `-p carrick-native-darwin --lib`
error: recipe `test` failed with exit code 101
error: recipe `ci` failed with exit code 101
